[{"stream_name":"stdout","time":6.742106928,"data":"==============================================================================\n"}
,{"stream_name":"stdout","time":6.742178608,"data":"[preflight] arm=C4  seed=42  utc=2026-08-23T19:51:31.700283+00:00\n"}
,{"stream_name":"stdout","time":7.002968619,"data":"[preflight] torch=2.10.0+cu128  cuda_available=True\n"}
,{"stream_name":"stdout","time":7.04592982,"data":"[preflight] device=Tesla T4  count=2  capability=(7, 5)\n"}
,{"stream_name":"stdout","time":7.045950762,"data":"[preflight] torch arch list=['sm_70', 'sm_75', 'sm_80', 'sm_86', 'sm_90', 'sm_100', 'sm_120']\n"}
,{"stream_name":"stdout","time":7.045954443,"data":"[preflight] arch OK: sm_75 is in the torch arch list\n"}
,{"stream_name":"stdout","time":7.04605757,"data":"[preflight] dataset resolved to: /kaggle/input/datasets/vedatyildirim/gencp-tr\n"}
,{"stream_name":"stdout","time":7.11359477,"data":"[preflight] mount OK: /kaggle/input/datasets/vedatyildirim/gencp-tr -\u003e ['eu_pairs', 'latest_net_G.pth', 'pairs']\n"}
,{"stream_name":"stdout","time":7.113618134,"data":"[preflight] training pairs: 5577\n"}
,{"stream_name":"stdout","time":7.113622879,"data":"==============================================================================\n"}
,{"stream_name":"stderr","time":7.138966235,"data":"Cloning into '/kaggle/working/GenCP'...\n"}
,{"stream_name":"stdout","time":14.05035506,"data":"     ━━━━━━━━━━━━━━━━━━━━━━━━━━━━━━━━━━━━━━━━ 1.4/1.4 MB 20.7 MB/s eta 0:00:00\n"}
,{"stream_name":"stdout","time":48.619685438,"data":"[deps] torchmetrics 1.9.0 already in the image\n"}
,{"stream_name":"stdout","time":53.184895201,"data":"initialize network with normal\n"}
,{"stream_name":"stdout","time":53.314818081,"data":"initialize network with normal\n"}
,{"stream_name":"stdout","time":53.354555611,"data":"==============================================================================\n"}
,{"stream_name":"stdout","time":53.354619732,"data":"COLD-START DISCRIMINATOR - PROVENANCE\n"}
,{"stream_name":"stdout","time":53.354627371,"data":"==============================================================================\n"}
,{"stream_name":"stdout","time":53.3546318,"data":"latest_net_D.pth in this directory was NOT released with the GenCP weights.\n"}
,{"stream_name":"stdout","time":53.35463534,"data":"No discriminator has ever been published for the GenCP HR model.\n"}
,{"stream_name":"stdout","time":53.354638778,"data":"\n"}
,{"stream_name":"stdout","time":53.354642172,"data":"It was randomly initialised by tubitak/kaggle/train_c1_c2.py at the start of the run\n"}
,{"stream_name":"stdout","time":53.354645622,"data":"recorded below, through the repository's own networks.define_D -\u003e init_net -\u003e init_weights\n"}
,{"stream_name":"stdout","time":53.354649501,"data":"path, so that it starts in the distribution the training loop expects.\n"}
,{"stream_name":"stdout","time":53.354652847,"data":"\n"}
,{"stream_name":"stdout","time":53.354675842,"data":"  created (UTC) : 2026-08-23T19:52:18.312487+00:00\n"}
,{"stream_name":"stdout","time":53.354679418,"data":"  arm           : C4\n"}
,{"stream_name":"stdout","time":53.35468279,"data":"  seed          : 42  (torch.manual_seed + torch.cuda.manual_seed_all, immediately before define_D)\n"}
,{"stream_name":"stdout","time":53.354689804,"data":"  init scheme   : normal, gain 0.02  (init_type='normal', init_gain=0.02 - framework default)\n"}
,{"stream_name":"stdout","time":53.354693308,"data":"  architecture  : define_D(input_nc=6, ndf=64, netD='basic', n_layers_D=3, norm='batch')\n"}
,{"stream_name":"stdout","time":53.35469677,"data":"  parameters    : 2770500\n"}
,{"stream_name":"stdout","time":53.354715112,"data":"  sha256        : 06317d0b5fd9efe491ccb53c899e33b67b5ed381cfaca1c522298ede7ea22321\n"}
,{"stream_name":"stdout","time":53.354718411,"data":"  paired with   : latest_net_G.pth, the released GenCP HR RGB generator (genuinely pretrained)\n"}
,{"stream_name":"stdout","time":53.354721178,"data":"\n"}
,{"stream_name":"stdout","time":53.354723754,"data":"Do not cite, publish, redistribute or reuse this file as a pretrained discriminator.\n"}
,{"stream_name":"stdout","time":53.354726421,"data":"Any result produced from it starts from a cold, random D by design; see\n"}
,{"stream_name":"stdout","time":53.354729081,"data":"tubitak/docs/phase-c-config.md, \"Discriminator cold-start\".\n"}
,{"stream_name":"stdout","time":53.354731834,"data":"\n"}
,{"stream_name":"stdout","time":53.354734437,"data":"==============================================================================\n"}
,{"stream_name":"stdout","time":53.35504901,"data":"==============================================================================\n"}
,{"stream_name":"stdout","time":53.355058655,"data":"COLD-START DISCRIMINATOR - PROVENANCE\n"}
,{"stream_name":"stdout","time":53.355063752,"data":"==============================================================================\n"}
,{"stream_name":"stdout","time":53.35506835,"data":"latest_net_D.pth in this directory was NOT released with the GenCP weights.\n"}
,{"stream_name":"stdout","time":53.355072777,"data":"No discriminator has ever been published for the GenCP HR model.\n"}
,{"stream_name":"stdout","time":53.355077205,"data":"\n"}
,{"stream_name":"stdout","time":53.35508146,"data":"It was randomly initialised by tubitak/kaggle/train_c1_c2.py at the start of the run\n"}
,{"stream_name":"stdout","time":53.355085565,"data":"recorded below, through the repository's own networks.define_D -\u003e init_net -\u003e init_weights\n"}
,{"stream_name":"stdout","time":53.355089812,"data":"path, so that it starts in the distribution the training loop expects.\n"}
,{"stream_name":"stdout","time":53.355093758,"data":"\n"}
,{"stream_name":"stdout","time":53.355098053,"data":"  created (UTC) : 2026-08-23T19:52:18.312487+00:00\n"}
,{"stream_name":"stdout","time":53.355102916,"data":"  arm           : C4\n"}
,{"stream_name":"stdout","time":53.355107303,"data":"  seed          : 42  (torch.manual_seed + torch.cuda.manual_seed_all, immediately before define_D)\n"}
,{"stream_name":"stdout","time":53.355112092,"data":"  init scheme   : normal, gain 0.02  (init_type='normal', init_gain=0.02 - framework default)\n"}
,{"stream_name":"stdout","time":53.355116163,"data":"  architecture  : define_D(input_nc=6, ndf=64, netD='basic', n_layers_D=3, norm='batch')\n"}
,{"stream_name":"stdout","time":53.355120124,"data":"  parameters    : 2770500\n"}
,{"stream_name":"stdout","time":53.355123838,"data":"  sha256        : 06317d0b5fd9efe491ccb53c899e33b67b5ed381cfaca1c522298ede7ea22321\n"}
,{"stream_name":"stdout","time":53.355129809,"data":"  paired with   : latest_net_G.pth, the released GenCP HR RGB generator (genuinely pretrained)\n"}
,{"stream_name":"stdout","time":53.355138282,"data":"\n"}
,{"stream_name":"stdout","time":53.355140808,"data":"Do not cite, publish, redistribute or reuse this file as a pretrained discriminator.\n"}
,{"stream_name":"stdout","time":53.355143444,"data":"Any result produced from it starts from a cold, random D by design; see\n"}
,{"stream_name":"stdout","time":53.35514599,"data":"tubitak/docs/phase-c-config.md, \"Discriminator cold-start\".\n"}
,{"stream_name":"stdout","time":53.35514862,"data":"\n"}
,{"stream_name":"stdout","time":53.355151073,"data":"==============================================================================\n"}
,{"stream_name":"stdout","time":55.040328629,"data":"[seed-hook] random/numpy/torch seeded with 42\n"}
,{"stream_name":"stdout","time":74.540923099,"data":"----------------- Options ---------------\n"}
,{"stream_name":"stdout","time":74.540971144,"data":"                    LPIPS: True                          \t[default: False]\n"}
,{"stream_name":"stdout","time":74.540978071,"data":"               batch_size: 4                             \t[default: 1]\n"}
,{"stream_name":"stdout","time":74.540983459,"data":"                    beta1: 0.5                           \n"}
,{"stream_name":"stdout","time":74.54098833,"data":"          checkpoints_dir: /kaggle/working/checkpoints   \t[default: ./checkpoints]\n"}
,{"stream_name":"stdout","time":74.540993985,"data":"           continue_train: True                          \t[default: False]\n"}
,{"stream_name":"stdout","time":74.540999026,"data":"                crop_size: 256                           \n"}
,{"stream_name":"stdout","time":74.541004475,"data":"                 dataroot: /kaggle/working/GenCP/datasets/tr\t[default: None]\n"}
,{"stream_name":"stdout","time":74.541009503,"data":"             dataset_mode: aligned                       \n"}
,{"stream_name":"stdout","time":74.541014225,"data":"                direction: BtoA                          \t[default: AtoB]\n"}
,{"stream_name":"stdout","time":74.541019505,"data":"              display_env: main                          \n"}
,{"stream_name":"stdout","time":74.541024103,"data":"             display_freq: 400                           \n"}
,{"stream_name":"stdout","time":74.541028784,"data":"               display_id: -1                            \t[default: 1]\n"}
,{"stream_name":"stdout","time":74.541033565,"data":"            display_ncols: 4                             \n"}
,{"stream_name":"stdout","time":74.541039093,"data":"             display_port: 8097                          \n"}
,{"stream_name":"stdout","time":74.541043786,"data":"           display_server: http://localhost              \n"}
,{"stream_name":"stdout","time":74.541048805,"data":"          display_winsize: 256                           \n"}
,{"stream_name":"stdout","time":74.541053488,"data":"                    epoch: latest                        \n"}
,{"stream_name":"stdout","time":74.541058376,"data":"              epoch_count: 1                             \n"}
,{"stream_name":"stdout","time":74.541063432,"data":"                 gan_mode: vanilla                       \n"}
,{"stream_name":"stdout","time":74.541068278,"data":"                  gpu_ids: 0                             \n"}
,{"stream_name":"stdout","time":74.541073214,"data":"                init_gain: 0.02                          \n"}
,{"stream_name":"stdout","time":74.541077667,"data":"                init_type: normal                        \n"}
,{"stream_name":"stdout","time":74.541082064,"data":"                 input_nc: 3                             \n"}
,{"stream_name":"stdout","time":74.541086526,"data":"                  isTrain: True                          \t[default: None]\n"}
,{"stream_name":"stdout","time":74.541091782,"data":"                lambda_L1: 100.0                         \n"}
,{"stream_name":"stdout","time":74.541096846,"data":"                load_iter: 0                             \t[default: 0]\n"}
,{"stream_name":"stdout","time":74.541101903,"data":"                load_size: 286                           \n"}
,{"stream_name":"stdout","time":74.541106844,"data":"                       lr: 2e-05                         \t[default: 0.0002]\n"}
,{"stream_name":"stdout","time":74.541122765,"data":"           lr_decay_iters: 50                            \n"}
,{"stream_name":"stdout","time":74.541126244,"data":"                lr_policy: step                          \t[default: linear]\n"}
,{"stream_name":"stdout","time":74.541129845,"data":"         max_dataset_size: inf                           \n"}
,{"stream_name":"stdout","time":74.541138612,"data":"                    model: pix2pix                       \t[default: cycle_gan]\n"}
,{"stream_name":"stdout","time":74.541141687,"data":"                 n_epochs: 2                             \t[default: 100]\n"}
,{"stream_name":"stdout","time":74.541144032,"data":"           n_epochs_decay: 0                             \t[default: 100]\n"}
,{"stream_name":"stdout","time":74.541146284,"data":"               n_layers_D: 3                             \n"}
,{"stream_name":"stdout","time":74.54114851,"data":"                     name: C4                            \t[default: experiment_name]\n"}
,{"stream_name":"stdout","time":74.541150912,"data":"                      ndf: 64                            \n"}
,{"stream_name":"stdout","time":74.541153097,"data":"                     netD: basic                         \n"}
,{"stream_name":"stdout","time":74.541155292,"data":"                     netG: unet_256                      \n"}
,{"stream_name":"stdout","time":74.541157481,"data":"                      ngf: 64                            \n"}
,{"stream_name":"stdout","time":74.541159757,"data":"               no_dropout: False                         \n"}
,{"stream_name":"stdout","time":74.541161943,"data":"                  no_flip: False                         \n"}
,{"stream_name":"stdout","time":74.541164131,"data":"                  no_html: False                         \n"}
,{"stream_name":"stdout","time":74.541166315,"data":"                     norm: batch                         \n"}
,{"stream_name":"stdout","time":74.541168605,"data":"              num_threads: 4                             \n"}
,{"stream_name":"stdout","time":74.541171564,"data":"                output_nc: 3                             \n"}
,{"stream_name":"stdout","time":74.541185344,"data":"                    phase: train                         \n"}
,{"stream_name":"stdout","time":74.5411893,"data":"                pool_size: 0                             \n"}
,{"stream_name":"stdout","time":74.541193193,"data":"               preprocess: resize_and_crop               \n"}
,{"stream_name":"stdout","time":74.541196775,"data":"               print_freq: 10                            \t[default: 100]\n"}
,{"stream_name":"stdout","time":74.541200935,"data":"             save_by_iter: False                         \n"}
,{"stream_name":"stdout","time":74.541204915,"data":"          save_epoch_freq: 1                             \t[default: 5]\n"}
,{"stream_name":"stdout","time":74.541208425,"data":"         save_latest_freq: 5000                          \n"}
,{"stream_name":"stdout","time":74.541211744,"data":"           serial_batches: False                         \n"}
,{"stream_name":"stdout","time":74.541215039,"data":"                   suffix:                               \n"}
,{"stream_name":"stdout","time":74.541218347,"data":"         update_html_freq: 1000                          \n"}
,{"stream_name":"stdout","time":74.541221627,"data":"                use_wandb: False                         \n"}
,{"stream_name":"stdout","time":74.541224886,"data":"                  verbose: False                         \n"}
,{"stream_name":"stdout","time":74.541228186,"data":"       wandb_project_name: CycleGAN-and-pix2pix          \n"}
,{"stream_name":"stdout","time":74.54123529,"data":"----------------- End -------------------\n"}
,{"stream_name":"stdout","time":74.541238704,"data":"dataset [AlignedDataset] was created\n"}
,{"stream_name":"stdout","time":74.541241979,"data":"The number of training images = 5577\n"}
,{"stream_name":"stdout","time":74.541245315,"data":"initialize network with normal\n"}
,{"stream_name":"stdout","time":74.541248641,"data":"initialize network with normal\n"}
,{"stream_name":"stdout","time":74.541254746,"data":"Downloading: \"https://download.pytorch.org/models/vgg16-397923af.pth\" to /root/.cache/torch/hub/checkpoints/vgg16-397923af.pth\n"}
,{"stream_name":"stderr","time":76.886398946,"data":"\r  0%|          | 0.00/528M [00:00\u003c?, ?B/s]\r  2%|▏         | 10.5M/528M [00:00\u003c00:04, 110MB/s]\r  6%|▋         | 33.8M/528M [00:00\u003c00:02, 188MB/s]\r 11%|█         | 57.2M/528M [00:00\u003c00:02, 215MB/s]\r 15%|█▌        | 81.1M/528M [00:00\u003c00:02, 228MB/s]\r 20%|█▉        | 104M/528M [00:00\u003c00:01, 234MB/s] \r 24%|██▍       | 129M/528M [00:00\u003c00:01, 241MB/s]\r 29%|██▉       | 152M/528M [00:00\u003c00:01, 242MB/s]\r 33%|███▎      | 176M/528M [00:00\u003c00:01, 244MB/s]\r 38%|███▊      | 200M/528M [00:00\u003c00:01, 245MB/s]\r 42%|████▏     | 223M/528M [00:01\u003c00:01, 244MB/s]\r 47%|████▋     | 246M/528M [00:01\u003c00:01, 243MB/s]\r 51%|█████     | 270M/528M [00:01\u003c00:01, 240MB/s]\r 55%|█████▌    | 292M/528M [00:01\u003c00:01, 239MB/s]\r 60%|█████▉    | 315M/528M [00:01\u003c00:00, 228MB/s]\r 64%|██████▍   | 338M/528M [00:01\u003c00:00, 231MB/s]\r 68%|██████▊   | 362M/528M [00:01\u003c00:00, 235MB/s]\r 73%|███████▎  | 384M/528M [00:01\u003c00:00, 234MB/s]\r 77%|███████▋  | 408M/528M [00:01\u003c00:00, 237MB/s]\r 82%|████████▏ | 431M/528M [00:01\u003c00:00, 240MB/s]\r 86%|████████▌ | 454M/528M [00:02\u003c00:00, 242MB/s]\r 91%|█████████ | 478M/528M [00:02\u003c00:00, 244MB/s]\r 95%|█████████▌| 502M/528M [00:02\u003c00:00, 244MB/s]\r 99%|█████████▉| 525M/528M [00:02\u003c00:00, 244MB/s]\r100%|██████████| 528M/528M [00:02\u003c00:00, 236MB/s]\n"}
,{"stream_name":"stderr","time":77.511895561,"data":"/kaggle/working/GenCP/models/base_model.py:123: UserWarning: Detected call of `lr_scheduler.step()` before `optimizer.step()`. In PyTorch 1.1.0 and later, you should call them in the opposite order: `optimizer.step()` before `lr_scheduler.step()`.  Failure to do this will result in PyTorch skipping the first value of the learning rate schedule. See more details at https://pytorch.org/docs/stable/optim.html#how-to-adjust-learning-rate\n"}
,{"stream_name":"stderr","time":77.511926393,"data":"  scheduler.step()\n"}
,{"stream_name":"stdout","time":77.517285714,"data":"model [Pix2PixModel] was created\n"}
,{"stream_name":"stdout","time":77.5173234,"data":"loading the model from /kaggle/working/checkpoints/C4/latest_net_G.pth\n"}
,{"stream_name":"stdout","time":77.517329374,"data":"loading the model from /kaggle/working/checkpoints/C4/latest_net_D.pth\n"}
,{"stream_name":"stdout","time":77.51733383,"data":"---------- Networks initialized -------------\n"}
,{"stream_name":"stdout","time":77.517337943,"data":"[Network G] Total number of parameters : 54.414 M\n"}
,{"stream_name":"stdout","time":77.517342173,"data":"[Network D] Total number of parameters : 2.769 M\n"}
,{"stream_name":"stdout","time":77.517345852,"data":"-----------------------------------------------\n"}
,{"stream_name":"stdout","time":77.517349445,"data":"create web directory /kaggle/working/checkpoints/C4/web...\n"}
,{"stream_name":"stdout","time":77.517369344,"data":"learning rate 0.0000200 -\u003e 0.0000200\n"}
,{"stream_name":"stderr","time":92.87075161,"data":"/kaggle/working/GenCP/models/base_model.py:141: UserWarning: Converting a tensor with requires_grad=True to a scalar may lead to unexpected behavior.\n"}
,{"stream_name":"stderr","time":92.870810778,"data":"Consider using tensor.detach() first. (Triggered internally at /pytorch/torch/csrc/autograd/generated/python_variable_methods.cpp:836.)\n"}
,{"stream_name":"stderr","time":92.870815908,"data":"  errors_ret[name] = float(getattr(self, 'loss_' + name))  # float(...) works for both scalar tensor and float number\n"}
,{"stream_name":"stdout","time":195.234990948,"data":"(epoch: 1, iters: 20, time: 0.101, data: 0.573) G_GAN: 0.625 G_LPIPS: 57.016 D_real: 0.612 D_fake: 1.005 \n"}
,{"stream_name":"stdout","time":195.235036475,"data":"(epoch: 1, iters: 40, time: 0.101, data: 0.003) G_GAN: 0.719 G_LPIPS: 68.102 D_real: 0.678 D_fake: 0.853 \n"}
,{"stream_name":"stdout","time":195.235042829,"data":"(epoch: 1, iters: 60, time: 0.101, data: 0.003) G_GAN: 0.731 G_LPIPS: 61.603 D_real: 0.692 D_fake: 0.830 \n"}
,{"stream_name":"stdout","time":195.235053367,"data":"(epoch: 1, iters: 80, time: 0.101, data: 0.003) G_GAN: 0.758 G_LPIPS: 61.014 D_real: 0.727 D_fake: 0.776 \n"}
,{"stream_name":"stdout","time":195.235057012,"data":"(epoch: 1, iters: 100, time: 0.101, data: 0.003) G_GAN: 0.761 G_LPIPS: 60.139 D_real: 0.753 D_fake: 0.759 \n"}
,{"stream_name":"stdout","time":195.235060144,"data":"(epoch: 1, iters: 120, time: 0.102, data: 0.003) G_GAN: 0.734 G_LPIPS: 57.133 D_real: 0.733 D_fake: 0.791 \n"}
,{"stream_name":"stdout","time":195.235063221,"data":"(epoch: 1, iters: 140, time: 0.102, data: 0.003) G_GAN: 0.742 G_LPIPS: 56.102 D_real: 0.704 D_fake: 0.770 \n"}
,{"stream_name":"stdout","time":195.235066274,"data":"(epoch: 1, iters: 160, time: 0.102, data: 0.003) G_GAN: 0.713 G_LPIPS: 56.167 D_real: 0.692 D_fake: 0.787 \n"}
,{"stream_name":"stdout","time":195.23506969,"data":"(epoch: 1, iters: 180, time: 0.102, data: 0.003) G_GAN: 0.760 G_LPIPS: 58.051 D_real: 0.699 D_fake: 0.748 \n"}
,{"stream_name":"stdout","time":195.235072646,"data":"(epoch: 1, iters: 200, time: 0.103, data: 0.003) G_GAN: 0.788 G_LPIPS: 58.551 D_real: 0.697 D_fake: 0.703 \n"}
,{"stream_name":"stdout","time":195.235075643,"data":"(epoch: 1, iters: 220, time: 0.103, data: 0.003) G_GAN: 0.745 G_LPIPS: 57.542 D_real: 0.690 D_fake: 0.740 \n"}
,{"stream_name":"stdout","time":195.235079064,"data":"(epoch: 1, iters: 240, time: 0.102, data: 0.003) G_GAN: 0.720 G_LPIPS: 58.921 D_real: 0.667 D_fake: 0.781 \n"}
,{"stream_name":"stdout","time":195.235100821,"data":"(epoch: 1, iters: 260, time: 0.103, data: 0.003) G_GAN: 0.771 G_LPIPS: 60.095 D_real: 0.668 D_fake: 0.741 \n"}
,{"stream_name":"stdout","time":195.235106439,"data":"(epoch: 1, iters: 280, time: 0.103, data: 0.003) G_GAN: 0.839 G_LPIPS: 58.543 D_real: 0.668 D_fake: 0.639 \n"}
,{"stream_name":"stdout","time":195.235111267,"data":"(epoch: 1, iters: 300, time: 0.104, data: 0.003) G_GAN: 0.744 G_LPIPS: 59.956 D_real: 0.653 D_fake: 0.746 \n"}
,{"stream_name":"stdout","time":195.235116669,"data":"(epoch: 1, iters: 320, time: 0.104, data: 0.003) G_GAN: 0.866 G_LPIPS: 60.071 D_real: 0.667 D_fake: 0.623 \n"}
,{"stream_name":"stdout","time":195.235121893,"data":"(epoch: 1, iters: 340, time: 0.104, data: 0.003) G_GAN: 0.889 G_LPIPS: 58.829 D_real: 0.689 D_fake: 0.579 \n"}
,{"stream_name":"stdout","time":195.23512647,"data":"(epoch: 1, iters: 360, time: 0.103, data: 0.003) G_GAN: 0.764 G_LPIPS: 61.727 D_real: 0.710 D_fake: 0.708 \n"}
,{"stream_name":"stdout","time":195.235131017,"data":"(epoch: 1, iters: 380, time: 0.104, data: 0.003) G_GAN: 0.827 G_LPIPS: 56.811 D_real: 0.644 D_fake: 0.648 \n"}
,{"stream_name":"stdout","time":195.235151294,"data":"(epoch: 1, iters: 400, time: 0.120, data: 0.003) G_GAN: 0.852 G_LPIPS: 60.832 D_real: 0.631 D_fake: 0.623 \n"}
,{"stream_name":"stdout","time":195.235154947,"data":"(epoch: 1, iters: 420, time: 0.104, data: 0.003) G_GAN: 0.666 G_LPIPS: 56.254 D_real: 0.613 D_fake: 0.827 \n"}
,{"stream_name":"stdout","time":195.23515844,"data":"(epoch: 1, iters: 440, time: 0.105, data: 0.003) G_GAN: 0.789 G_LPIPS: 57.591 D_real: 0.716 D_fake: 0.672 \n"}
,{"stream_name":"stdout","time":195.235161971,"data":"(epoch: 1, iters: 460, time: 0.105, data: 0.003) G_GAN: 0.796 G_LPIPS: 57.509 D_real: 0.635 D_fake: 0.668 \n"}
,{"stream_name":"stdout","time":195.235165565,"data":"(epoch: 1, iters: 480, time: 0.105, data: 0.003) G_GAN: 1.025 G_LPIPS: 63.355 D_real: 0.608 D_fake: 0.491 \n"}
,{"stream_name":"stdout","time":195.235173612,"data":"(epoch: 1, iters: 500, time: 0.106, data: 0.003) G_GAN: 0.809 G_LPIPS: 55.951 D_real: 0.664 D_fake: 0.667 \n"}
,{"stream_name":"stdout","time":195.235176507,"data":"(epoch: 1, iters: 520, time: 0.106, data: 0.003) G_GAN: 0.920 G_LPIPS: 57.265 D_real: 0.544 D_fake: 0.582 \n"}
,{"stream_name":"stdout","time":195.235178806,"data":"(epoch: 1, iters: 540, time: 0.107, data: 0.003) G_GAN: 0.838 G_LPIPS: 57.184 D_real: 0.583 D_fake: 0.650 \n"}
,{"stream_name":"stdout","time":195.235181186,"data":"(epoch: 1, iters: 560, time: 0.106, data: 0.003) G_GAN: 0.884 G_LPIPS: 61.492 D_real: 0.622 D_fake: 0.630 \n"}
,{"stream_name":"stdout","time":195.235201222,"data":"(epoch: 1, iters: 580, time: 0.107, data: 0.003) G_GAN: 0.805 G_LPIPS: 59.604 D_real: 0.603 D_fake: 0.640 \n"}
,{"stream_name":"stdout","time":195.235205295,"data":"(epoch: 1, iters: 600, time: 0.106, data: 0.003) G_GAN: 0.969 G_LPIPS: 68.232 D_real: 0.579 D_fake: 0.575 \n"}
,{"stream_name":"stdout","time":195.235209539,"data":"(epoch: 1, iters: 620, time: 0.107, data: 0.003) G_GAN: 0.872 G_LPIPS: 55.242 D_real: 0.607 D_fake: 0.605 \n"}
,{"stream_name":"stdout","time":195.235213245,"data":"(epoch: 1, iters: 640, time: 0.107, data: 0.003) G_GAN: 1.004 G_LPIPS: 58.115 D_real: 0.686 D_fake: 0.554 \n"}
,{"stream_name":"stdout","time":195.235217525,"data":"(epoch: 1, iters: 660, time: 0.108, data: 0.003) G_GAN: 0.897 G_LPIPS: 61.003 D_real: 0.551 D_fake: 0.589 \n"}
,{"stream_name":"stdout","time":195.23522128,"data":"(epoch: 1, iters: 680, time: 0.108, data: 0.003) G_GAN: 0.923 G_LPIPS: 58.462 D_real: 0.506 D_fake: 0.582 \n"}
,{"stream_name":"stdout","time":195.235224805,"data":"(epoch: 1, iters: 700, time: 0.108, data: 0.003) G_GAN: 1.263 G_LPIPS: 62.151 D_real: 0.654 D_fake: 0.365 \n"}
,{"stream_name":"stdout","time":195.235228287,"data":"(epoch: 1, iters: 720, time: 0.108, data: 0.003) G_GAN: 0.918 G_LPIPS: 54.718 D_real: 0.610 D_fake: 0.561 \n"}
,{"stream_name":"stdout","time":195.235231809,"data":"(epoch: 1, iters: 740, time: 0.108, data: 0.003) G_GAN: 1.163 G_LPIPS: 59.472 D_real: 0.507 D_fake: 0.429 \n"}
,{"stream_name":"stdout","time":195.235235279,"data":"(epoch: 1, iters: 760, time: 0.109, data: 0.002) G_GAN: 0.937 G_LPIPS: 55.499 D_real: 0.559 D_fake: 0.581 \n"}
,{"stream_name":"stdout","time":195.235239135,"data":"(epoch: 1, iters: 780, time: 0.109, data: 0.004) G_GAN: 0.716 G_LPIPS: 55.768 D_real: 0.572 D_fake: 0.764 \n"}
,{"stream_name":"stdout","time":195.235242883,"data":"(epoch: 1, iters: 800, time: 0.109, data: 0.003) G_GAN: 0.936 G_LPIPS: 51.958 D_real: 0.682 D_fake: 0.619 \n"}
,{"stream_name":"stdout","time":195.235246562,"data":"(epoch: 1, iters: 820, time: 0.110, data: 0.003) G_GAN: 1.049 G_LPIPS: 58.138 D_real: 0.526 D_fake: 0.511 \n"}
,{"stream_name":"stdout","time":195.235250083,"data":"(epoch: 1, iters: 840, time: 0.111, data: 0.003) G_GAN: 0.907 G_LPIPS: 56.776 D_real: 0.525 D_fake: 0.589 \n"}
,{"stream_name":"stdout","time":195.235257512,"data":"(epoch: 1, iters: 860, time: 0.110, data: 0.002) G_GAN: 1.024 G_LPIPS: 60.110 D_real: 0.476 D_fake: 0.515 \n"}
,{"stream_name":"stdout","time":195.235261062,"data":"(epoch: 1, iters: 880, time: 0.111, data: 0.003) G_GAN: 0.918 G_LPIPS: 57.679 D_real: 0.510 D_fake: 0.578 \n"}
,{"stream_name":"stdout","time":195.235264546,"data":"(epoch: 1, iters: 900, time: 0.111, data: 0.003) G_GAN: 0.947 G_LPIPS: 54.241 D_real: 0.556 D_fake: 0.566 \n"}
,{"stream_name":"stdout","time":195.235268073,"data":"(epoch: 1, iters: 920, time: 0.111, data: 0.003) G_GAN: 0.956 G_LPIPS: 56.634 D_real: 0.572 D_fake: 0.558 \n"}
,{"stream_name":"stdout","time":195.235271658,"data":"(epoch: 1, iters: 940, time: 0.111, data: 0.003) G_GAN: 0.685 G_LPIPS: 58.764 D_real: 0.493 D_fake: 0.826 \n"}
,{"stream_name":"stdout","time":195.235275259,"data":"(epoch: 1, iters: 960, time: 0.111, data: 0.003) G_GAN: 1.026 G_LPIPS: 58.319 D_real: 0.575 D_fake: 0.493 \n"}
,{"stream_name":"stdout","time":195.235284332,"data":"(epoch: 1, iters: 980, time: 0.111, data: 0.003) G_GAN: 0.856 G_LPIPS: 56.933 D_real: 0.500 D_fake: 0.658 \n"}
,{"stream_name":"stdout","time":195.23530337,"data":"(epoch: 1, iters: 1000, time: 0.112, data: 0.003) G_GAN: 1.085 G_LPIPS: 56.888 D_real: 0.524 D_fake: 0.481 \n"}
,{"stream_name":"stdout","time":195.23530751,"data":"(epoch: 1, iters: 1020, time: 0.112, data: 0.002) G_GAN: 1.614 G_LPIPS: 60.108 D_real: 0.499 D_fake: 0.249 \n"}
,{"stream_name":"stdout","time":195.235311662,"data":"(epoch: 1, iters: 1040, time: 0.112, data: 0.003) G_GAN: 1.257 G_LPIPS: 54.167 D_real: 0.721 D_fake: 0.388 \n"}
,{"stream_name":"stdout","time":195.235315858,"data":"(epoch: 1, iters: 1060, time: 0.113, data: 0.003) G_GAN: 0.741 G_LPIPS: 52.362 D_real: 0.662 D_fake: 0.762 \n"}
,{"stream_name":"stdout","time":195.235319968,"data":"(epoch: 1, iters: 1080, time: 0.113, data: 0.003) G_GAN: 0.955 G_LPIPS: 55.502 D_real: 0.582 D_fake: 0.542 \n"}
,{"stream_name":"stdout","time":195.235323591,"data":"(epoch: 1, iters: 1100, time: 0.113, data: 0.002) G_GAN: 0.989 G_LPIPS: 54.236 D_real: 0.728 D_fake: 0.518 \n"}
,{"stream_name":"stdout","time":195.235327071,"data":"(epoch: 1, iters: 1120, time: 0.113, data: 0.003) G_GAN: 1.144 G_LPIPS: 51.935 D_real: 0.743 D_fake: 0.392 \n"}
,{"stream_name":"stdout","time":195.235330668,"data":"(epoch: 1, iters: 1140, time: 0.115, data: 0.003) G_GAN: 0.965 G_LPIPS: 49.466 D_real: 0.594 D_fake: 0.548 \n"}
,{"stream_name":"stdout","time":195.235334688,"data":"(epoch: 1, iters: 1160, time: 0.115, data: 0.003) G_GAN: 0.968 G_LPIPS: 53.468 D_real: 0.804 D_fake: 0.509 \n"}
,{"stream_name":"stdout","time":195.235338222,"data":"(epoch: 1, iters: 1180, time: 0.115, data: 0.003) G_GAN: 0.585 G_LPIPS: 55.284 D_real: 0.511 D_fake: 0.939 \n"}
,{"stream_name":"stdout","time":195.2353418,"data":"(epoch: 1, iters: 1200, time: 0.115, data: 0.003) G_GAN: 1.490 G_LPIPS: 61.057 D_real: 0.470 D_fake: 0.355 \n"}
,{"stream_name":"stdout","time":195.235345287,"data":"(epoch: 1, iters: 1220, time: 0.116, data: 0.002) G_GAN: 1.505 G_LPIPS: 55.539 D_real: 0.407 D_fake: 0.288 \n"}
,{"stream_name":"stdout","time":195.235348809,"data":"(epoch: 1, iters: 1240, time: 0.116, data: 0.003) G_GAN: 0.974 G_LPIPS: 54.510 D_real: 0.363 D_fake: 0.573 \n"}
,{"stream_name":"stdout","time":195.235352318,"data":"(epoch: 1, iters: 1260, time: 0.116, data: 0.003) G_GAN: 1.042 G_LPIPS: 56.938 D_real: 0.417 D_fake: 0.517 \n"}
,{"stream_name":"stdout","time":195.23535582,"data":"(epoch: 1, iters: 1280, time: 0.116, data: 0.003) G_GAN: 1.567 G_LPIPS: 59.803 D_real: 0.411 D_fake: 0.256 \n"}
,{"stream_name":"stdout","time":195.235359344,"data":"(epoch: 1, iters: 1300, time: 0.117, data: 0.003) G_GAN: 0.814 G_LPIPS: 53.603 D_real: 0.479 D_fake: 0.694 \n"}
,{"stream_name":"stdout","time":195.235362782,"data":"(epoch: 1, iters: 1320, time: 0.117, data: 0.003) G_GAN: 1.240 G_LPIPS: 55.989 D_real: 0.338 D_fake: 0.379 \n"}
,{"stream_name":"stdout","time":195.235369695,"data":"(epoch: 1, iters: 1340, time: 0.117, data: 0.003) G_GAN: 0.942 G_LPIPS: 57.664 D_real: 0.272 D_fake: 0.580 \n"}
,{"stream_name":"stdout","time":195.235373355,"data":"(epoch: 1, iters: 1360, time: 0.119, data: 0.003) G_GAN: 1.388 G_LPIPS: 56.750 D_real: 0.367 D_fake: 0.329 \n"}
,{"stream_name":"stdout","time":195.23537854,"data":"(epoch: 1, iters: 1380, time: 0.119, data: 0.003) G_GAN: 1.294 G_LPIPS: 55.083 D_real: 0.488 D_fake: 0.356 \n"}
,{"stream_name":"stdout","time":195.235385672,"data":"(epoch: 1, iters: 1400, time: 0.119, data: 0.003) G_GAN: 0.776 G_LPIPS: 54.583 D_real: 0.355 D_fake: 0.781 \n"}
,{"stream_name":"stdout","time":195.235404388,"data":"(epoch: 1, iters: 1420, time: 0.120, data: 0.003) G_GAN: 1.137 G_LPIPS: 58.473 D_real: 0.381 D_fake: 0.481 \n"}
,{"stream_name":"stdout","time":195.235408795,"data":"(epoch: 1, iters: 1440, time: 0.120, data: 0.003) G_GAN: 1.364 G_LPIPS: 58.649 D_real: 0.281 D_fake: 0.389 \n"}
,{"stream_name":"stdout","time":195.235412967,"data":"(epoch: 1, iters: 1460, time: 0.120, data: 0.003) G_GAN: 1.157 G_LPIPS: 58.407 D_real: 0.325 D_fake: 0.474 \n"}
,{"stream_name":"stdout","time":195.235417139,"data":"(epoch: 1, iters: 1480, time: 0.122, data: 0.003) G_GAN: 1.207 G_LPIPS: 54.342 D_real: 0.315 D_fake: 0.458 \n"}
,{"stream_name":"stdout","time":195.235421017,"data":"(epoch: 1, iters: 1500, time: 0.122, data: 0.004) G_GAN: 1.604 G_LPIPS: 58.348 D_real: 0.259 D_fake: 0.264 \n"}
,{"stream_name":"stdout","time":195.235424507,"data":"(epoch: 1, iters: 1520, time: 0.123, data: 0.003) G_GAN: 1.225 G_LPIPS: 54.181 D_real: 0.379 D_fake: 0.379 \n"}
,{"stream_name":"stdout","time":304.529972791,"data":"(epoch: 1, iters: 1540, time: 0.123, data: 0.003) G_GAN: 1.663 G_LPIPS: 56.960 D_real: 0.298 D_fake: 0.278 \n"}
,{"stream_name":"stdout","time":304.530014605,"data":"(epoch: 1, iters: 1560, time: 0.123, data: 0.004) G_GAN: 1.735 G_LPIPS: 59.381 D_real: 0.252 D_fake: 0.230 \n"}
,{"stream_name":"stdout","time":304.530019081,"data":"(epoch: 1, iters: 1580, time: 0.123, data: 0.003) G_GAN: 1.614 G_LPIPS: 58.039 D_real: 0.252 D_fake: 0.265 \n"}
,{"stream_name":"stdout","time":304.530022578,"data":"(epoch: 1, iters: 1600, time: 0.122, data: 0.003) G_GAN: 1.793 G_LPIPS: 58.636 D_real: 0.326 D_fake: 0.211 \n"}
,{"stream_name":"stdout","time":304.530025896,"data":"(epoch: 1, iters: 1620, time: 0.122, data: 0.003) G_GAN: 1.656 G_LPIPS: 57.927 D_real: 0.255 D_fake: 0.237 \n"}
,{"stream_name":"stdout","time":304.530029144,"data":"(epoch: 1, iters: 1640, time: 0.122, data: 0.003) G_GAN: 1.913 G_LPIPS: 57.125 D_real: 0.225 D_fake: 0.206 \n"}
,{"stream_name":"stdout","time":304.530032158,"data":"(epoch: 1, iters: 1660, time: 0.122, data: 0.002) G_GAN: 1.478 G_LPIPS: 56.650 D_real: 0.273 D_fake: 0.302 \n"}
,{"stream_name":"stdout","time":304.530035579,"data":"(epoch: 1, iters: 1680, time: 0.119, data: 0.003) G_GAN: 1.161 G_LPIPS: 58.601 D_real: 0.254 D_fake: 0.536 \n"}
,{"stream_name":"stdout","time":304.530038619,"data":"(epoch: 1, iters: 1700, time: 0.120, data: 0.003) G_GAN: 2.283 G_LPIPS: 61.803 D_real: 0.235 D_fake: 0.115 \n"}
,{"stream_name":"stdout","time":304.530041558,"data":"(epoch: 1, iters: 1720, time: 0.119, data: 0.003) G_GAN: 1.757 G_LPIPS: 55.343 D_real: 0.234 D_fake: 0.222 \n"}
,{"stream_name":"stdout","time":304.530044508,"data":"(epoch: 1, iters: 1740, time: 0.119, data: 0.003) G_GAN: 1.341 G_LPIPS: 56.049 D_real: 0.213 D_fake: 0.397 \n"}
,{"stream_name":"stdout","time":304.530047573,"data":"(epoch: 1, iters: 1760, time: 0.119, data: 0.003) G_GAN: 1.782 G_LPIPS: 55.500 D_real: 0.531 D_fake: 0.232 \n"}
,{"stream_name":"stdout","time":304.530050523,"data":"(epoch: 1, iters: 1780, time: 0.118, data: 0.003) G_GAN: 2.387 G_LPIPS: 56.876 D_real: 0.207 D_fake: 0.107 \n"}
,{"stream_name":"stdout","time":304.530064398,"data":"(epoch: 1, iters: 1800, time: 0.118, data: 0.003) G_GAN: 1.637 G_LPIPS: 51.074 D_real: 0.234 D_fake: 0.274 \n"}
,{"stream_name":"stdout","time":304.53006694,"data":"(epoch: 1, iters: 1820, time: 0.116, data: 0.002) G_GAN: 2.159 G_LPIPS: 55.742 D_real: 0.475 D_fake: 0.133 \n"}
,{"stream_name":"stdout","time":304.530069334,"data":"(epoch: 1, iters: 1840, time: 0.116, data: 0.003) G_GAN: 1.947 G_LPIPS: 55.671 D_real: 0.179 D_fake: 0.189 \n"}
,{"stream_name":"stdout","time":304.530071605,"data":"(epoch: 1, iters: 1860, time: 0.116, data: 0.003) G_GAN: 1.465 G_LPIPS: 59.099 D_real: 0.128 D_fake: 0.345 \n"}
,{"stream_name":"stdout","time":304.530073884,"data":"(epoch: 1, iters: 1880, time: 0.116, data: 0.003) G_GAN: 2.071 G_LPIPS: 55.087 D_real: 0.295 D_fake: 0.174 \n"}
,{"stream_name":"stdout","time":304.530076252,"data":"(epoch: 1, iters: 1900, time: 0.117, data: 0.003) G_GAN: 1.568 G_LPIPS: 57.654 D_real: 0.161 D_fake: 0.341 \n"}
,{"stream_name":"stdout","time":304.530079732,"data":"(epoch: 1, iters: 1920, time: 0.116, data: 0.003) G_GAN: 1.474 G_LPIPS: 57.597 D_real: 0.182 D_fake: 0.303 \n"}
,{"stream_name":"stdout","time":304.530082086,"data":"(epoch: 1, iters: 1940, time: 0.116, data: 0.003) G_GAN: 2.138 G_LPIPS: 54.460 D_real: 0.279 D_fake: 0.165 \n"}
,{"stream_name":"stdout","time":304.530084351,"data":"(epoch: 1, iters: 1960, time: 0.116, data: 0.003) G_GAN: 1.416 G_LPIPS: 54.542 D_real: 0.239 D_fake: 0.375 \n"}
,{"stream_name":"stdout","time":304.530086617,"data":"(epoch: 1, iters: 1980, time: 0.116, data: 0.003) G_GAN: 1.259 G_LPIPS: 54.659 D_real: 0.158 D_fake: 0.469 \n"}
,{"stream_name":"stdout","time":304.530088966,"data":"(epoch: 1, iters: 2000, time: 0.128, data: 0.003) G_GAN: 2.363 G_LPIPS: 59.954 D_real: 0.174 D_fake: 0.114 \n"}
,{"stream_name":"stdout","time":304.530091234,"data":"(epoch: 1, iters: 2020, time: 0.116, data: 0.003) G_GAN: 1.053 G_LPIPS: 54.841 D_real: 0.174 D_fake: 0.606 \n"}
,{"stream_name":"stdout","time":304.530093499,"data":"(epoch: 1, iters: 2040, time: 0.116, data: 0.003) G_GAN: 1.073 G_LPIPS: 49.262 D_real: 0.516 D_fake: 0.582 \n"}
,{"stream_name":"stdout","time":304.530095774,"data":"(epoch: 1, iters: 2060, time: 0.115, data: 0.002) G_GAN: 1.948 G_LPIPS: 57.106 D_real: 0.140 D_fake: 0.191 \n"}
,{"stream_name":"stdout","time":304.530098151,"data":"(epoch: 1, iters: 2080, time: 0.116, data: 0.003) G_GAN: 1.663 G_LPIPS: 55.954 D_real: 0.357 D_fake: 0.315 \n"}
,{"stream_name":"stdout","time":304.530100418,"data":"(epoch: 1, iters: 2100, time: 0.116, data: 0.003) G_GAN: 1.492 G_LPIPS: 55.998 D_real: 0.195 D_fake: 0.310 \n"}
,{"stream_name":"stdout","time":304.530102784,"data":"(epoch: 1, iters: 2120, time: 0.116, data: 0.003) G_GAN: 2.794 G_LPIPS: 56.262 D_real: 0.158 D_fake: 0.073 \n"}
,{"stream_name":"stdout","time":304.530105043,"data":"(epoch: 1, iters: 2140, time: 0.116, data: 0.003) G_GAN: 2.233 G_LPIPS: 56.576 D_real: 0.188 D_fake: 0.115 \n"}
,{"stream_name":"stdout","time":304.530107392,"data":"(epoch: 1, iters: 2160, time: 0.116, data: 0.003) G_GAN: 1.740 G_LPIPS: 54.196 D_real: 0.620 D_fake: 0.232 \n"}
,{"stream_name":"stdout","time":304.530109666,"data":"(epoch: 1, iters: 2180, time: 0.115, data: 0.003) G_GAN: 1.218 G_LPIPS: 57.800 D_real: 0.092 D_fake: 0.643 \n"}
,{"stream_name":"stdout","time":304.530111951,"data":"(epoch: 1, iters: 2200, time: 0.116, data: 0.003) G_GAN: 1.414 G_LPIPS: 52.223 D_real: 0.252 D_fake: 0.328 \n"}
,{"stream_name":"stdout","time":304.530114219,"data":"(epoch: 1, iters: 2220, time: 0.115, data: 0.003) G_GAN: 2.344 G_LPIPS: 51.896 D_real: 0.396 D_fake: 0.114 \n"}
,{"stream_name":"stdout","time":304.5301166,"data":"(epoch: 1, iters: 2240, time: 0.116, data: 0.003) G_GAN: 2.685 G_LPIPS: 62.410 D_real: 0.116 D_fake: 0.091 \n"}
,{"stream_name":"stdout","time":304.530121543,"data":"(epoch: 1, iters: 2260, time: 0.115, data: 0.003) G_GAN: 2.541 G_LPIPS: 54.199 D_real: 0.142 D_fake: 0.099 \n"}
,{"stream_name":"stdout","time":304.530123966,"data":"(epoch: 1, iters: 2280, time: 0.116, data: 0.003) G_GAN: 2.158 G_LPIPS: 51.154 D_real: 0.390 D_fake: 0.128 \n"}
,{"stream_name":"stdout","time":304.530126714,"data":"(epoch: 1, iters: 2300, time: 0.115, data: 0.003) G_GAN: 1.616 G_LPIPS: 54.371 D_real: 0.240 D_fake: 0.254 \n"}
,{"stream_name":"stdout","time":304.530129071,"data":"(epoch: 1, iters: 2320, time: 0.116, data: 0.003) G_GAN: 3.274 G_LPIPS: 57.900 D_real: 0.128 D_fake: 0.045 \n"}
,{"stream_name":"stdout","time":304.530131344,"data":"(epoch: 1, iters: 2340, time: 0.116, data: 0.003) G_GAN: 1.374 G_LPIPS: 57.762 D_real: 0.160 D_fake: 0.509 \n"}
,{"stream_name":"stdout","time":304.530133628,"data":"(epoch: 1, iters: 2360, time: 0.116, data: 0.003) G_GAN: 1.414 G_LPIPS: 53.847 D_real: 0.298 D_fake: 0.323 \n"}
,{"stream_name":"stdout","time":304.530135922,"data":"(epoch: 1, iters: 2380, time: 0.115, data: 0.003) G_GAN: 1.453 G_LPIPS: 56.533 D_real: 0.289 D_fake: 0.388 \n"}
,{"stream_name":"stdout","time":304.530138209,"data":"(epoch: 1, iters: 2400, time: 0.116, data: 0.003) G_GAN: 1.868 G_LPIPS: 54.366 D_real: 0.097 D_fake: 0.203 \n"}
,{"stream_name":"stdout","time":304.530140474,"data":"(epoch: 1, iters: 2420, time: 0.116, data: 0.003) G_GAN: 1.220 G_LPIPS: 53.455 D_real: 0.383 D_fake: 0.424 \n"}
,{"stream_name":"stdout","time":304.530142736,"data":"(epoch: 1, iters: 2440, time: 0.116, data: 0.003) G_GAN: 2.047 G_LPIPS: 55.437 D_real: 0.246 D_fake: 0.171 \n"}
,{"stream_name":"stdout","time":304.530144988,"data":"(epoch: 1, iters: 2460, time: 0.116, data: 0.003) G_GAN: 1.241 G_LPIPS: 54.819 D_real: 0.295 D_fake: 0.456 \n"}
,{"stream_name":"stdout","time":304.530147265,"data":"(epoch: 1, iters: 2480, time: 0.116, data: 0.003) G_GAN: 1.628 G_LPIPS: 52.347 D_real: 0.236 D_fake: 0.276 \n"}
,{"stream_name":"stdout","time":304.530149533,"data":"(epoch: 1, iters: 2500, time: 0.116, data: 0.003) G_GAN: 1.983 G_LPIPS: 57.090 D_real: 0.231 D_fake: 0.184 \n"}
,{"stream_name":"stdout","time":304.530151798,"data":"(epoch: 1, iters: 2520, time: 0.116, data: 0.003) G_GAN: 1.692 G_LPIPS: 55.102 D_real: 0.290 D_fake: 0.310 \n"}
,{"stream_name":"stdout","time":304.530154078,"data":"(epoch: 1, iters: 2540, time: 0.116, data: 0.003) G_GAN: 2.348 G_LPIPS: 56.938 D_real: 0.154 D_fake: 0.111 \n"}
,{"stream_name":"stdout","time":304.530156371,"data":"(epoch: 1, iters: 2560, time: 0.116, data: 0.003) G_GAN: 1.543 G_LPIPS: 55.452 D_real: 0.248 D_fake: 0.331 \n"}
,{"stream_name":"stdout","time":304.530158656,"data":"(epoch: 1, iters: 2580, time: 0.117, data: 0.003) G_GAN: 2.421 G_LPIPS: 53.607 D_real: 0.278 D_fake: 0.097 \n"}
,{"stream_name":"stdout","time":304.53016092,"data":"(epoch: 1, iters: 2600, time: 0.117, data: 0.003) G_GAN: 1.652 G_LPIPS: 52.665 D_real: 0.276 D_fake: 0.250 \n"}
,{"stream_name":"stdout","time":304.530163195,"data":"(epoch: 1, iters: 2620, time: 0.119, data: 0.003) G_GAN: 1.209 G_LPIPS: 50.692 D_real: 0.747 D_fake: 0.404 \n"}
,{"stream_name":"stdout","time":304.530165461,"data":"(epoch: 1, iters: 2640, time: 0.119, data: 0.003) G_GAN: 2.626 G_LPIPS: 56.496 D_real: 0.156 D_fake: 0.091 \n"}
,{"stream_name":"stdout","time":304.530167733,"data":"(epoch: 1, iters: 2660, time: 0.119, data: 0.003) G_GAN: 1.765 G_LPIPS: 53.714 D_real: 0.224 D_fake: 0.232 \n"}
,{"stream_name":"stdout","time":304.530170254,"data":"(epoch: 1, iters: 2680, time: 0.119, data: 0.003) G_GAN: 2.087 G_LPIPS: 58.200 D_real: 0.059 D_fake: 0.170 \n"}
,{"stream_name":"stdout","time":304.53017254,"data":"(epoch: 1, iters: 2700, time: 0.118, data: 0.003) G_GAN: 1.741 G_LPIPS: 56.060 D_real: 0.068 D_fake: 0.275 \n"}
,{"stream_name":"stdout","time":304.530176789,"data":"(epoch: 1, iters: 2720, time: 0.118, data: 0.003) G_GAN: 1.716 G_LPIPS: 55.186 D_real: 0.163 D_fake: 0.245 \n"}
,{"stream_name":"stdout","time":304.530179226,"data":"(epoch: 1, iters: 2740, time: 0.119, data: 0.003) G_GAN: 1.245 G_LPIPS: 54.912 D_real: 0.265 D_fake: 0.707 \n"}
,{"stream_name":"stdout","time":304.530181504,"data":"(epoch: 1, iters: 2760, time: 0.117, data: 0.003) G_GAN: 1.432 G_LPIPS: 54.418 D_real: 0.491 D_fake: 0.208 \n"}
,{"stream_name":"stdout","time":304.530183778,"data":"(epoch: 1, iters: 2780, time: 0.119, data: 0.003) G_GAN: 2.656 G_LPIPS: 57.806 D_real: 0.095 D_fake: 0.096 \n"}
,{"stream_name":"stdout","time":304.530186063,"data":"(epoch: 1, iters: 2800, time: 0.118, data: 0.003) G_GAN: 2.462 G_LPIPS: 54.774 D_real: 0.248 D_fake: 0.093 \n"}
,{"stream_name":"stdout","time":304.530188323,"data":"(epoch: 1, iters: 2820, time: 0.119, data: 0.003) G_GAN: 1.818 G_LPIPS: 57.630 D_real: 0.205 D_fake: 0.243 \n"}
,{"stream_name":"stdout","time":304.530190592,"data":"(epoch: 1, iters: 2840, time: 0.117, data: 0.003) G_GAN: 3.344 G_LPIPS: 56.492 D_real: 0.129 D_fake: 0.040 \n"}
,{"stream_name":"stdout","time":304.530192868,"data":"(epoch: 1, iters: 2860, time: 0.118, data: 0.003) G_GAN: 2.411 G_LPIPS: 56.758 D_real: 0.066 D_fake: 0.112 \n"}
,{"stream_name":"stdout","time":304.530195181,"data":"(epoch: 1, iters: 2880, time: 0.117, data: 0.003) G_GAN: 1.687 G_LPIPS: 54.688 D_real: 0.193 D_fake: 0.339 \n"}
,{"stream_name":"stdout","time":304.530197561,"data":"(epoch: 1, iters: 2900, time: 0.117, data: 0.003) G_GAN: 1.332 G_LPIPS: 54.575 D_real: 0.516 D_fake: 0.360 \n"}
,{"stream_name":"stdout","time":304.530199838,"data":"(epoch: 1, iters: 2920, time: 0.116, data: 0.003) G_GAN: 1.401 G_LPIPS: 57.757 D_real: 0.198 D_fake: 0.413 \n"}
,{"stream_name":"stdout","time":304.530202128,"data":"(epoch: 1, iters: 2940, time: 0.119, data: 0.003) G_GAN: 1.283 G_LPIPS: 52.872 D_real: 0.392 D_fake: 0.417 \n"}
,{"stream_name":"stdout","time":304.530204414,"data":"(epoch: 1, iters: 2960, time: 0.118, data: 0.003) G_GAN: 1.359 G_LPIPS: 57.816 D_real: 0.358 D_fake: 0.450 \n"}
,{"stream_name":"stdout","time":304.530206698,"data":"(epoch: 1, iters: 2980, time: 0.116, data: 0.003) G_GAN: 1.888 G_LPIPS: 56.805 D_real: 0.170 D_fake: 0.189 \n"}
,{"stream_name":"stdout","time":304.530208991,"data":"(epoch: 1, iters: 3000, time: 0.117, data: 0.003) G_GAN: 1.516 G_LPIPS: 59.385 D_real: 0.209 D_fake: 0.371 \n"}
,{"stream_name":"stdout","time":304.53021127,"data":"(epoch: 1, iters: 3020, time: 0.116, data: 0.003) G_GAN: 1.117 G_LPIPS: 55.928 D_real: 0.259 D_fake: 0.423 \n"}
,{"stream_name":"stdout","time":304.530213665,"data":"(epoch: 1, iters: 3040, time: 0.116, data: 0.003) G_GAN: 1.057 G_LPIPS: 53.653 D_real: 0.171 D_fake: 0.709 \n"}
,{"stream_name":"stdout","time":413.127431893,"data":"(epoch: 1, iters: 3060, time: 0.116, data: 0.003) G_GAN: 1.599 G_LPIPS: 53.043 D_real: 0.405 D_fake: 0.291 \n"}
,{"stream_name":"stdout","time":413.12748321,"data":"(epoch: 1, iters: 3080, time: 0.117, data: 0.003) G_GAN: 2.183 G_LPIPS: 51.553 D_real: 0.564 D_fake: 0.102 \n"}
,{"stream_name":"stdout","time":413.127489148,"data":"(epoch: 1, iters: 3100, time: 0.118, data: 0.003) G_GAN: 1.714 G_LPIPS: 58.105 D_real: 0.100 D_fake: 0.301 \n"}
,{"stream_name":"stdout","time":413.127493974,"data":"(epoch: 1, iters: 3120, time: 0.116, data: 0.003) G_GAN: 3.965 G_LPIPS: 58.616 D_real: 0.084 D_fake: 0.022 \n"}
,{"stream_name":"stdout","time":413.127498481,"data":"(epoch: 1, iters: 3140, time: 0.117, data: 0.003) G_GAN: 2.202 G_LPIPS: 52.237 D_real: 0.478 D_fake: 0.125 \n"}
,{"stream_name":"stdout","time":413.12750314,"data":"(epoch: 1, iters: 3160, time: 0.116, data: 0.003) G_GAN: 1.873 G_LPIPS: 54.719 D_real: 0.267 D_fake: 0.203 \n"}
,{"stream_name":"stdout","time":413.127535433,"data":"(epoch: 1, iters: 3180, time: 0.179, data: 0.003) G_GAN: 2.220 G_LPIPS: 53.013 D_real: 0.306 D_fake: 0.136 \n"}
,{"stream_name":"stdout","time":413.127540254,"data":"(epoch: 1, iters: 3200, time: 0.116, data: 0.003) G_GAN: 1.092 G_LPIPS: 55.430 D_real: 0.313 D_fake: 0.592 \n"}
,{"stream_name":"stdout","time":413.12754387,"data":"(epoch: 1, iters: 3220, time: 0.116, data: 0.003) G_GAN: 2.225 G_LPIPS: 55.307 D_real: 0.813 D_fake: 0.131 \n"}
,{"stream_name":"stdout","time":413.12754751,"data":"(epoch: 1, iters: 3240, time: 0.117, data: 0.003) G_GAN: 3.278 G_LPIPS: 57.089 D_real: 0.164 D_fake: 0.036 \n"}
,{"stream_name":"stdout","time":413.127551381,"data":"(epoch: 1, iters: 3260, time: 0.117, data: 0.003) G_GAN: 2.146 G_LPIPS: 58.919 D_real: 0.170 D_fake: 0.190 \n"}
,{"stream_name":"stdout","time":413.127555553,"data":"(epoch: 1, iters: 3280, time: 0.116, data: 0.002) G_GAN: 1.495 G_LPIPS: 53.211 D_real: 0.184 D_fake: 0.287 \n"}
,{"stream_name":"stdout","time":413.127582505,"data":"(epoch: 1, iters: 3300, time: 0.116, data: 0.003) G_GAN: 2.221 G_LPIPS: 57.330 D_real: 0.161 D_fake: 0.164 \n"}
,{"stream_name":"stdout","time":413.127588648,"data":"(epoch: 1, iters: 3320, time: 0.117, data: 0.002) G_GAN: 2.534 G_LPIPS: 54.821 D_real: 0.171 D_fake: 0.091 \n"}
,{"stream_name":"stdout","time":413.127592407,"data":"(epoch: 1, iters: 3340, time: 0.116, data: 0.003) G_GAN: 1.331 G_LPIPS: 51.819 D_real: 1.308 D_fake: 0.184 \n"}
,{"stream_name":"stdout","time":413.127596232,"data":"(epoch: 1, iters: 3360, time: 0.116, data: 0.003) G_GAN: 0.516 G_LPIPS: 57.606 D_real: 0.609 D_fake: 1.307 \n"}
,{"stream_name":"stdout","time":413.127600423,"data":"(epoch: 1, iters: 3380, time: 0.115, data: 0.003) G_GAN: 1.136 G_LPIPS: 57.807 D_real: 0.209 D_fake: 0.510 \n"}
,{"stream_name":"stdout","time":413.127604373,"data":"(epoch: 1, iters: 3400, time: 0.116, data: 0.003) G_GAN: 1.440 G_LPIPS: 52.500 D_real: 0.530 D_fake: 0.320 \n"}
,{"stream_name":"stdout","time":413.127618076,"data":"(epoch: 1, iters: 3420, time: 0.116, data: 0.003) G_GAN: 1.105 G_LPIPS: 54.569 D_real: 0.283 D_fake: 0.603 \n"}
,{"stream_name":"stdout","time":413.127625391,"data":"(epoch: 1, iters: 3440, time: 0.117, data: 0.003) G_GAN: 1.199 G_LPIPS: 52.363 D_real: 0.274 D_fake: 0.491 \n"}
,{"stream_name":"stdout","time":413.127628757,"data":"(epoch: 1, iters: 3460, time: 0.116, data: 0.003) G_GAN: 1.692 G_LPIPS: 58.502 D_real: 0.100 D_fake: 0.279 \n"}
,{"stream_name":"stdout","time":413.127635894,"data":"(epoch: 1, iters: 3480, time: 0.116, data: 0.003) G_GAN: 1.749 G_LPIPS: 55.279 D_real: 0.240 D_fake: 0.316 \n"}
,{"stream_name":"stdout","time":413.127638355,"data":"(epoch: 1, iters: 3500, time: 0.116, data: 0.003) G_GAN: 2.034 G_LPIPS: 55.930 D_real: 0.207 D_fake: 0.145 \n"}
,{"stream_name":"stdout","time":413.127640601,"data":"(epoch: 1, iters: 3520, time: 0.116, data: 0.003) G_GAN: 2.294 G_LPIPS: 54.324 D_real: 0.541 D_fake: 0.147 \n"}
,{"stream_name":"stdout","time":413.127642878,"data":"(epoch: 1, iters: 3540, time: 0.116, data: 0.003) G_GAN: 3.213 G_LPIPS: 61.172 D_real: 0.099 D_fake: 0.049 \n"}
,{"stream_name":"stdout","time":413.127645148,"data":"(epoch: 1, iters: 3560, time: 0.116, data: 0.003) G_GAN: 1.967 G_LPIPS: 55.555 D_real: 0.285 D_fake: 0.136 \n"}
,{"stream_name":"stdout","time":413.12764749,"data":"(epoch: 1, iters: 3580, time: 0.116, data: 0.003) G_GAN: 1.421 G_LPIPS: 54.354 D_real: 0.668 D_fake: 0.228 \n"}
,{"stream_name":"stdout","time":413.127649758,"data":"(epoch: 1, iters: 3600, time: 0.116, data: 0.003) G_GAN: 1.068 G_LPIPS: 58.972 D_real: 0.164 D_fake: 0.602 \n"}
,{"stream_name":"stdout","time":413.127652045,"data":"(epoch: 1, iters: 3620, time: 0.117, data: 0.003) G_GAN: 1.690 G_LPIPS: 55.789 D_real: 0.157 D_fake: 0.215 \n"}
,{"stream_name":"stdout","time":413.127659378,"data":"(epoch: 1, iters: 3640, time: 0.116, data: 0.003) G_GAN: 1.380 G_LPIPS: 57.540 D_real: 0.436 D_fake: 0.343 \n"}
,{"stream_name":"stdout","time":413.127661848,"data":"(epoch: 1, iters: 3660, time: 0.117, data: 0.003) G_GAN: 1.180 G_LPIPS: 56.240 D_real: 0.129 D_fake: 0.567 \n"}
,{"stream_name":"stdout","time":413.127664136,"data":"(epoch: 1, iters: 3680, time: 0.116, data: 0.003) G_GAN: 1.736 G_LPIPS: 56.061 D_real: 0.182 D_fake: 0.259 \n"}
,{"stream_name":"stdout","time":413.127666377,"data":"(epoch: 1, iters: 3700, time: 0.116, data: 0.003) G_GAN: 2.237 G_LPIPS: 59.340 D_real: 0.103 D_fake: 0.175 \n"}
,{"stream_name":"stdout","time":413.12766872,"data":"(epoch: 1, iters: 3720, time: 0.115, data: 0.003) G_GAN: 1.678 G_LPIPS: 56.297 D_real: 0.107 D_fake: 0.387 \n"}
,{"stream_name":"stdout","time":413.127670963,"data":"(epoch: 1, iters: 3740, time: 0.115, data: 0.004) G_GAN: 0.865 G_LPIPS: 51.092 D_real: 0.271 D_fake: 0.816 \n"}
,{"stream_name":"stdout","time":413.12767321,"data":"(epoch: 1, iters: 3760, time: 0.116, data: 0.003) G_GAN: 1.183 G_LPIPS: 55.199 D_real: 0.387 D_fake: 0.611 \n"}
,{"stream_name":"stdout","time":413.127675455,"data":"(epoch: 1, iters: 3780, time: 0.116, data: 0.003) G_GAN: 1.021 G_LPIPS: 56.010 D_real: 0.578 D_fake: 0.730 \n"}
,{"stream_name":"stdout","time":413.127677773,"data":"(epoch: 1, iters: 3800, time: 0.116, data: 0.003) G_GAN: 1.750 G_LPIPS: 59.496 D_real: 0.031 D_fake: 0.220 \n"}
,{"stream_name":"stdout","time":413.127680595,"data":"(epoch: 1, iters: 3820, time: 0.116, data: 0.003) G_GAN: 1.492 G_LPIPS: 57.907 D_real: 0.218 D_fake: 0.347 \n"}
,{"stream_name":"stdout","time":413.127683128,"data":"(epoch: 1, iters: 3840, time: 0.116, data: 0.003) G_GAN: 1.396 G_LPIPS: 57.232 D_real: 0.343 D_fake: 0.458 \n"}
,{"stream_name":"stdout","time":413.127685717,"data":"(epoch: 1, iters: 3860, time: 0.116, data: 0.003) G_GAN: 1.533 G_LPIPS: 51.432 D_real: 0.448 D_fake: 0.197 \n"}
,{"stream_name":"stdout","time":413.12768802,"data":"(epoch: 1, iters: 3880, time: 0.116, data: 0.003) G_GAN: 1.669 G_LPIPS: 55.831 D_real: 0.271 D_fake: 0.323 \n"}
,{"stream_name":"stdout","time":413.127690276,"data":"(epoch: 1, iters: 3900, time: 0.116, data: 0.003) G_GAN: 1.781 G_LPIPS: 55.113 D_real: 0.546 D_fake: 0.142 \n"}
,{"stream_name":"stdout","time":413.127692526,"data":"(epoch: 1, iters: 3920, time: 0.117, data: 0.003) G_GAN: 2.024 G_LPIPS: 58.308 D_real: 0.123 D_fake: 0.189 \n"}
,{"stream_name":"stdout","time":413.127694866,"data":"(epoch: 1, iters: 3940, time: 0.116, data: 0.003) G_GAN: 1.049 G_LPIPS: 54.893 D_real: 0.164 D_fake: 0.611 \n"}
,{"stream_name":"stdout","time":413.127697128,"data":"(epoch: 1, iters: 3960, time: 0.116, data: 0.003) G_GAN: 1.393 G_LPIPS: 52.455 D_real: 0.399 D_fake: 0.511 \n"}
,{"stream_name":"stdout","time":413.12769951,"data":"(epoch: 1, iters: 3980, time: 0.116, data: 0.003) G_GAN: 1.698 G_LPIPS: 55.341 D_real: 0.773 D_fake: 0.186 \n"}
,{"stream_name":"stdout","time":413.127701776,"data":"(epoch: 1, iters: 4000, time: 0.129, data: 0.003) G_GAN: 1.863 G_LPIPS: 57.751 D_real: 0.288 D_fake: 0.240 \n"}
,{"stream_name":"stdout","time":413.12770438,"data":"(epoch: 1, iters: 4020, time: 0.117, data: 0.003) G_GAN: 0.698 G_LPIPS: 58.285 D_real: 0.103 D_fake: 1.223 \n"}
,{"stream_name":"stdout","time":413.127706639,"data":"(epoch: 1, iters: 4040, time: 0.116, data: 0.003) G_GAN: 1.765 G_LPIPS: 57.788 D_real: 0.072 D_fake: 0.284 \n"}
,{"stream_name":"stdout","time":413.127708886,"data":"(epoch: 1, iters: 4060, time: 0.115, data: 0.003) G_GAN: 1.288 G_LPIPS: 54.760 D_real: 0.592 D_fake: 0.340 \n"}
,{"stream_name":"stdout","time":413.127711139,"data":"(epoch: 1, iters: 4080, time: 0.118, data: 0.003) G_GAN: 2.016 G_LPIPS: 62.022 D_real: 0.088 D_fake: 0.196 \n"}
,{"stream_name":"stdout","time":413.127715489,"data":"(epoch: 1, iters: 4100, time: 0.116, data: 0.003) G_GAN: 1.712 G_LPIPS: 54.813 D_real: 0.685 D_fake: 0.182 \n"}
,{"stream_name":"stdout","time":413.127717885,"data":"(epoch: 1, iters: 4120, time: 0.116, data: 0.003) G_GAN: 1.010 G_LPIPS: 58.901 D_real: 0.492 D_fake: 0.496 \n"}
,{"stream_name":"stdout","time":413.127720642,"data":"(epoch: 1, iters: 4140, time: 0.116, data: 0.003) G_GAN: 1.597 G_LPIPS: 54.387 D_real: 0.340 D_fake: 0.338 \n"}
,{"stream_name":"stdout","time":413.127741094,"data":"(epoch: 1, iters: 4160, time: 0.116, data: 0.003) G_GAN: 1.822 G_LPIPS: 57.159 D_real: 0.408 D_fake: 0.194 \n"}
,{"stream_name":"stdout","time":413.127745157,"data":"(epoch: 1, iters: 4180, time: 0.117, data: 0.003) G_GAN: 1.123 G_LPIPS: 52.525 D_real: 0.602 D_fake: 0.389 \n"}
,{"stream_name":"stdout","time":413.127749617,"data":"(epoch: 1, iters: 4200, time: 0.116, data: 0.003) G_GAN: 1.409 G_LPIPS: 56.203 D_real: 0.110 D_fake: 0.402 \n"}
,{"stream_name":"stdout","time":413.127753088,"data":"(epoch: 1, iters: 4220, time: 0.116, data: 0.003) G_GAN: 1.647 G_LPIPS: 54.869 D_real: 1.158 D_fake: 0.172 \n"}
,{"stream_name":"stdout","time":413.12775607,"data":"(epoch: 1, iters: 4240, time: 0.116, data: 0.003) G_GAN: 1.169 G_LPIPS: 56.255 D_real: 0.049 D_fake: 0.613 \n"}
,{"stream_name":"stdout","time":413.127759769,"data":"(epoch: 1, iters: 4260, time: 0.115, data: 0.003) G_GAN: 1.358 G_LPIPS: 55.789 D_real: 0.829 D_fake: 0.386 \n"}
,{"stream_name":"stdout","time":413.127763837,"data":"(epoch: 1, iters: 4280, time: 0.115, data: 0.003) G_GAN: 0.978 G_LPIPS: 56.695 D_real: 0.208 D_fake: 0.685 \n"}
,{"stream_name":"stdout","time":413.127767668,"data":"(epoch: 1, iters: 4300, time: 0.116, data: 0.003) G_GAN: 0.955 G_LPIPS: 51.300 D_real: 0.330 D_fake: 0.716 \n"}
,{"stream_name":"stdout","time":413.127771393,"data":"(epoch: 1, iters: 4320, time: 0.117, data: 0.003) G_GAN: 0.692 G_LPIPS: 53.647 D_real: 0.276 D_fake: 1.117 \n"}
,{"stream_name":"stdout","time":413.127774677,"data":"(epoch: 1, iters: 4340, time: 0.116, data: 0.003) G_GAN: 1.265 G_LPIPS: 56.811 D_real: 0.416 D_fake: 0.423 \n"}
,{"stream_name":"stdout","time":413.127777885,"data":"(epoch: 1, iters: 4360, time: 0.116, data: 0.003) G_GAN: 1.150 G_LPIPS: 55.256 D_real: 0.584 D_fake: 0.473 \n"}
,{"stream_name":"stdout","time":413.127781046,"data":"(epoch: 1, iters: 4380, time: 0.116, data: 0.003) G_GAN: 1.551 G_LPIPS: 50.863 D_real: 0.515 D_fake: 0.263 \n"}
,{"stream_name":"stdout","time":413.127784117,"data":"(epoch: 1, iters: 4400, time: 0.116, data: 0.004) G_GAN: 1.865 G_LPIPS: 57.920 D_real: 0.139 D_fake: 0.201 \n"}
,{"stream_name":"stdout","time":413.127787298,"data":"(epoch: 1, iters: 4420, time: 0.116, data: 0.003) G_GAN: 1.549 G_LPIPS: 55.033 D_real: 0.754 D_fake: 0.263 \n"}
,{"stream_name":"stdout","time":413.127790851,"data":"(epoch: 1, iters: 4440, time: 0.115, data: 0.003) G_GAN: 1.738 G_LPIPS: 54.879 D_real: 0.428 D_fake: 0.201 \n"}
,{"stream_name":"stdout","time":413.127794161,"data":"(epoch: 1, iters: 4460, time: 0.116, data: 0.003) G_GAN: 2.166 G_LPIPS: 56.439 D_real: 0.276 D_fake: 0.135 \n"}
,{"stream_name":"stdout","time":413.127797366,"data":"(epoch: 1, iters: 4480, time: 0.116, data: 0.003) G_GAN: 1.984 G_LPIPS: 55.639 D_real: 0.450 D_fake: 0.157 \n"}
,{"stream_name":"stdout","time":413.127800573,"data":"(epoch: 1, iters: 4500, time: 0.115, data: 0.003) G_GAN: 1.652 G_LPIPS: 58.848 D_real: 0.138 D_fake: 0.302 \n"}
,{"stream_name":"stdout","time":413.127803654,"data":"(epoch: 1, iters: 4520, time: 0.116, data: 0.003) G_GAN: 2.155 G_LPIPS: 53.752 D_real: 0.340 D_fake: 0.135 \n"}
,{"stream_name":"stdout","time":413.1278068,"data":"(epoch: 1, iters: 4540, time: 0.115, data: 0.004) G_GAN: 1.255 G_LPIPS: 56.800 D_real: 0.577 D_fake: 0.370 \n"}
,{"stream_name":"stdout","time":413.127813493,"data":"(epoch: 1, iters: 4560, time: 0.116, data: 0.003) G_GAN: 1.736 G_LPIPS: 57.027 D_real: 0.223 D_fake: 0.234 \n"}
,{"stream_name":"stdout","time":496.762133572,"data":"(epoch: 1, iters: 4580, time: 0.116, data: 0.003) G_GAN: 1.452 G_LPIPS: 52.893 D_real: 0.386 D_fake: 0.311 \n"}
,{"stream_name":"stdout","time":496.762174363,"data":"(epoch: 1, iters: 4600, time: 0.116, data: 0.003) G_GAN: 1.485 G_LPIPS: 55.020 D_real: 0.938 D_fake: 0.262 \n"}
,{"stream_name":"stdout","time":496.762179176,"data":"(epoch: 1, iters: 4620, time: 0.118, data: 0.003) G_GAN: 2.436 G_LPIPS: 58.229 D_real: 0.112 D_fake: 0.120 \n"}
,{"stream_name":"stdout","time":496.762182292,"data":"(epoch: 1, iters: 4640, time: 0.116, data: 0.003) G_GAN: 1.048 G_LPIPS: 58.923 D_real: 0.141 D_fake: 0.630 \n"}
,{"stream_name":"stdout","time":496.762185412,"data":"(epoch: 1, iters: 4660, time: 0.116, data: 0.003) G_GAN: 1.657 G_LPIPS: 58.371 D_real: 0.335 D_fake: 0.221 \n"}
,{"stream_name":"stdout","time":496.762188624,"data":"(epoch: 1, iters: 4680, time: 0.118, data: 0.003) G_GAN: 1.213 G_LPIPS: 54.514 D_real: 0.283 D_fake: 0.519 \n"}
,{"stream_name":"stdout","time":496.762191694,"data":"(epoch: 1, iters: 4700, time: 0.116, data: 0.003) G_GAN: 1.614 G_LPIPS: 57.772 D_real: 0.187 D_fake: 0.283 \n"}
,{"stream_name":"stdout","time":496.762194675,"data":"(epoch: 1, iters: 4720, time: 0.116, data: 0.003) G_GAN: 1.980 G_LPIPS: 53.010 D_real: 0.726 D_fake: 0.188 \n"}
,{"stream_name":"stdout","time":496.762197614,"data":"(epoch: 1, iters: 4740, time: 0.117, data: 0.003) G_GAN: 1.178 G_LPIPS: 53.199 D_real: 0.589 D_fake: 0.421 \n"}
,{"stream_name":"stdout","time":496.762200656,"data":"(epoch: 1, iters: 4760, time: 0.116, data: 0.003) G_GAN: 1.247 G_LPIPS: 55.030 D_real: 0.858 D_fake: 0.346 \n"}
,{"stream_name":"stdout","time":496.762203568,"data":"(epoch: 1, iters: 4780, time: 0.118, data: 0.003) G_GAN: 2.098 G_LPIPS: 59.103 D_real: 0.115 D_fake: 0.166 \n"}
,{"stream_name":"stdout","time":496.762206553,"data":"(epoch: 1, iters: 4800, time: 0.119, data: 0.003) G_GAN: 1.113 G_LPIPS: 55.472 D_real: 0.367 D_fake: 0.473 \n"}
,{"stream_name":"stdout","time":496.762209477,"data":"(epoch: 1, iters: 4820, time: 0.117, data: 0.003) G_GAN: 0.920 G_LPIPS: 55.593 D_real: 0.105 D_fake: 1.044 \n"}
,{"stream_name":"stdout","time":496.762212462,"data":"(epoch: 1, iters: 4840, time: 0.118, data: 0.003) G_GAN: 1.578 G_LPIPS: 56.371 D_real: 0.220 D_fake: 0.266 \n"}
,{"stream_name":"stdout","time":496.762215373,"data":"(epoch: 1, iters: 4860, time: 0.117, data: 0.004) G_GAN: 0.973 G_LPIPS: 52.897 D_real: 0.386 D_fake: 0.673 \n"}
,{"stream_name":"stdout","time":496.762218277,"data":"(epoch: 1, iters: 4880, time: 0.118, data: 0.002) G_GAN: 1.668 G_LPIPS: 54.861 D_real: 0.275 D_fake: 0.201 \n"}
,{"stream_name":"stdout","time":496.762221187,"data":"(epoch: 1, iters: 4900, time: 0.119, data: 0.003) G_GAN: 1.583 G_LPIPS: 53.973 D_real: 0.353 D_fake: 0.274 \n"}
,{"stream_name":"stdout","time":496.762224191,"data":"(epoch: 1, iters: 4920, time: 0.117, data: 0.003) G_GAN: 1.077 G_LPIPS: 57.003 D_real: 0.210 D_fake: 0.543 \n"}
,{"stream_name":"stdout","time":496.762227115,"data":"(epoch: 1, iters: 4940, time: 0.118, data: 0.003) G_GAN: 1.470 G_LPIPS: 57.380 D_real: 0.245 D_fake: 0.348 \n"}
,{"stream_name":"stdout","time":496.76223111,"data":"(epoch: 1, iters: 4960, time: 0.119, data: 0.003) G_GAN: 1.337 G_LPIPS: 52.575 D_real: 0.205 D_fake: 0.429 \n"}
,{"stream_name":"stdout","time":496.762234123,"data":"(epoch: 1, iters: 4980, time: 0.118, data: 0.003) G_GAN: 1.183 G_LPIPS: 56.161 D_real: 0.201 D_fake: 0.483 \n"}
,{"stream_name":"stdout","time":496.762237063,"data":"(epoch: 1, iters: 5000, time: 0.118, data: 0.003) G_GAN: 1.412 G_LPIPS: 59.527 D_real: 0.042 D_fake: 0.442 \n"}
,{"stream_name":"stdout","time":496.762252618,"data":"saving the latest model (epoch 1, total_iters 5000)\n"}
,{"stream_name":"stdout","time":496.762255376,"data":"(epoch: 1, iters: 5020, time: 0.116, data: 0.003) G_GAN: 1.704 G_LPIPS: 54.737 D_real: 0.641 D_fake: 0.194 \n"}
,{"stream_name":"stdout","time":496.762257702,"data":"(epoch: 1, iters: 5040, time: 0.116, data: 0.003) G_GAN: 1.382 G_LPIPS: 58.745 D_real: 0.119 D_fake: 0.473 \n"}
,{"stream_name":"stdout","time":496.762260072,"data":"(epoch: 1, iters: 5060, time: 0.116, data: 0.003) G_GAN: 1.286 G_LPIPS: 47.745 D_real: 0.491 D_fake: 0.366 \n"}
,{"stream_name":"stdout","time":496.76226236,"data":"(epoch: 1, iters: 5080, time: 0.118, data: 0.003) G_GAN: 1.195 G_LPIPS: 53.195 D_real: 1.242 D_fake: 0.318 \n"}
,{"stream_name":"stdout","time":496.762264735,"data":"(epoch: 1, iters: 5100, time: 0.115, data: 0.003) G_GAN: 1.134 G_LPIPS: 56.590 D_real: 0.542 D_fake: 0.491 \n"}
,{"stream_name":"stdout","time":496.762267012,"data":"(epoch: 1, iters: 5120, time: 0.117, data: 0.003) G_GAN: 2.107 G_LPIPS: 55.414 D_real: 0.580 D_fake: 0.115 \n"}
,{"stream_name":"stdout","time":496.762269357,"data":"(epoch: 1, iters: 5140, time: 0.118, data: 0.003) G_GAN: 1.907 G_LPIPS: 56.771 D_real: 0.389 D_fake: 0.219 \n"}
,{"stream_name":"stdout","time":496.762271644,"data":"(epoch: 1, iters: 5160, time: 0.117, data: 0.003) G_GAN: 1.798 G_LPIPS: 54.993 D_real: 0.456 D_fake: 0.207 \n"}
,{"stream_name":"stdout","time":496.762273928,"data":"(epoch: 1, iters: 5180, time: 0.119, data: 0.004) G_GAN: 0.988 G_LPIPS: 56.059 D_real: 0.231 D_fake: 0.787 \n"}
,{"stream_name":"stdout","time":496.762276293,"data":"(epoch: 1, iters: 5200, time: 0.117, data: 0.002) G_GAN: 1.466 G_LPIPS: 56.702 D_real: 0.606 D_fake: 0.242 \n"}
,{"stream_name":"stdout","time":496.762278677,"data":"(epoch: 1, iters: 5220, time: 0.118, data: 0.003) G_GAN: 1.405 G_LPIPS: 55.964 D_real: 0.098 D_fake: 0.483 \n"}
,{"stream_name":"stdout","time":496.762280943,"data":"(epoch: 1, iters: 5240, time: 0.118, data: 0.003) G_GAN: 1.932 G_LPIPS: 54.243 D_real: 0.188 D_fake: 0.189 \n"}
,{"stream_name":"stdout","time":496.762283278,"data":"(epoch: 1, iters: 5260, time: 0.117, data: 0.003) G_GAN: 0.766 G_LPIPS: 55.415 D_real: 0.843 D_fake: 0.510 \n"}
,{"stream_name":"stdout","time":496.762285558,"data":"(epoch: 1, iters: 5280, time: 0.116, data: 0.003) G_GAN: 1.810 G_LPIPS: 58.710 D_real: 0.143 D_fake: 0.241 \n"}
,{"stream_name":"stdout","time":496.762287882,"data":"(epoch: 1, iters: 5300, time: 0.116, data: 0.003) G_GAN: 1.057 G_LPIPS: 52.599 D_real: 0.727 D_fake: 0.590 \n"}
,{"stream_name":"stdout","time":496.762290155,"data":"(epoch: 1, iters: 5320, time: 0.116, data: 0.003) G_GAN: 1.090 G_LPIPS: 52.267 D_real: 0.458 D_fake: 0.489 \n"}
,{"stream_name":"stdout","time":496.762292819,"data":"(epoch: 1, iters: 5340, time: 0.115, data: 0.003) G_GAN: 1.184 G_LPIPS: 54.597 D_real: 0.468 D_fake: 0.427 \n"}
,{"stream_name":"stdout","time":496.762295145,"data":"(epoch: 1, iters: 5360, time: 0.115, data: 0.003) G_GAN: 1.277 G_LPIPS: 53.529 D_real: 1.268 D_fake: 0.279 \n"}
,{"stream_name":"stdout","time":496.762297477,"data":"(epoch: 1, iters: 5380, time: 0.116, data: 0.003) G_GAN: 2.547 G_LPIPS: 57.522 D_real: 0.131 D_fake: 0.105 \n"}
,{"stream_name":"stdout","time":496.76229974,"data":"(epoch: 1, iters: 5400, time: 0.116, data: 0.003) G_GAN: 1.181 G_LPIPS: 55.974 D_real: 0.290 D_fake: 0.443 \n"}
,{"stream_name":"stdout","time":496.762302024,"data":"(epoch: 1, iters: 5420, time: 0.115, data: 0.003) G_GAN: 1.514 G_LPIPS: 56.001 D_real: 0.259 D_fake: 0.308 \n"}
,{"stream_name":"stdout","time":496.762304303,"data":"(epoch: 1, iters: 5440, time: 0.116, data: 0.003) G_GAN: 1.543 G_LPIPS: 56.552 D_real: 0.751 D_fake: 0.201 \n"}
,{"stream_name":"stdout","time":496.762308928,"data":"(epoch: 1, iters: 5460, time: 0.116, data: 0.003) G_GAN: 1.265 G_LPIPS: 58.544 D_real: 0.694 D_fake: 0.356 \n"}
,{"stream_name":"stdout","time":496.762311356,"data":"(epoch: 1, iters: 5480, time: 0.117, data: 0.003) G_GAN: 1.230 G_LPIPS: 53.368 D_real: 0.465 D_fake: 0.503 \n"}
,{"stream_name":"stdout","time":496.762313627,"data":"(epoch: 1, iters: 5500, time: 0.115, data: 0.003) G_GAN: 1.512 G_LPIPS: 54.109 D_real: 0.628 D_fake: 0.246 \n"}
,{"stream_name":"stdout","time":496.762315881,"data":"(epoch: 1, iters: 5520, time: 0.117, data: 0.003) G_GAN: 0.964 G_LPIPS: 55.283 D_real: 0.057 D_fake: 0.807 \n"}
,{"stream_name":"stdout","time":496.762318183,"data":"(epoch: 1, iters: 5540, time: 0.118, data: 0.003) G_GAN: 1.320 G_LPIPS: 53.348 D_real: 0.734 D_fake: 0.338 \n"}
,{"stream_name":"stdout","time":496.76232044,"data":"(epoch: 1, iters: 5560, time: 0.118, data: 0.003) G_GAN: 1.129 G_LPIPS: 54.741 D_real: 0.639 D_fake: 0.405 \n"}
,{"stream_name":"stdout","time":496.762322703,"data":"(epoch: 1, iters: 5580, time: 2.459, data: 0.002) G_GAN: 1.238 G_LPIPS: 58.293 D_real: 0.627 D_fake: 0.383 \n"}
,{"stream_name":"stdout","time":496.762324974,"data":"saving the model at the end of epoch 1, iters 5580\n"}
,{"stream_name":"stdout","time":496.762327164,"data":"End of epoch 1 / 2 \t Time Taken: 419 sec\n"}
,{"stream_name":"stdout","time":496.762329742,"data":"learning rate 0.0000200 -\u003e 0.0000200\n"}
,{"stream_name":"stdout","time":609.788880466,"data":"(epoch: 2, iters: 20, time: 0.131, data: 0.259) G_GAN: 1.443 G_LPIPS: 53.936 D_real: 0.272 D_fake: 0.329 \n"}
,{"stream_name":"stdout","time":609.788926591,"data":"(epoch: 2, iters: 40, time: 0.117, data: 0.003) G_GAN: 1.359 G_LPIPS: 51.601 D_real: 1.018 D_fake: 0.282 \n"}
,{"stream_name":"stdout","time":609.788931806,"data":"(epoch: 2, iters: 60, time: 0.117, data: 0.003) G_GAN: 1.373 G_LPIPS: 55.800 D_real: 0.132 D_fake: 0.590 \n"}
,{"stream_name":"stdout","time":609.788935121,"data":"(epoch: 2, iters: 80, time: 0.117, data: 0.003) G_GAN: 1.101 G_LPIPS: 54.907 D_real: 1.208 D_fake: 0.832 \n"}
,{"stream_name":"stdout","time":609.788938169,"data":"(epoch: 2, iters: 100, time: 0.117, data: 0.003) G_GAN: 2.850 G_LPIPS: 59.688 D_real: 0.098 D_fake: 0.069 \n"}
,{"stream_name":"stdout","time":609.788941246,"data":"(epoch: 2, iters: 120, time: 0.118, data: 0.003) G_GAN: 1.576 G_LPIPS: 56.859 D_real: 0.112 D_fake: 0.276 \n"}
,{"stream_name":"stdout","time":609.78894428,"data":"(epoch: 2, iters: 140, time: 0.118, data: 0.003) G_GAN: 1.582 G_LPIPS: 54.842 D_real: 0.521 D_fake: 0.248 \n"}
,{"stream_name":"stdout","time":609.788947346,"data":"(epoch: 2, iters: 160, time: 0.117, data: 0.003) G_GAN: 1.621 G_LPIPS: 53.375 D_real: 0.289 D_fake: 0.237 \n"}
,{"stream_name":"stdout","time":609.788950272,"data":"(epoch: 2, iters: 180, time: 0.117, data: 0.003) G_GAN: 0.527 G_LPIPS: 54.622 D_real: 0.537 D_fake: 1.272 \n"}
,{"stream_name":"stdout","time":609.788953283,"data":"(epoch: 2, iters: 200, time: 0.116, data: 0.003) G_GAN: 1.815 G_LPIPS: 55.680 D_real: 0.230 D_fake: 0.213 \n"}
,{"stream_name":"stdout","time":609.788956204,"data":"(epoch: 2, iters: 220, time: 0.117, data: 0.003) G_GAN: 1.459 G_LPIPS: 54.576 D_real: 0.855 D_fake: 0.256 \n"}
,{"stream_name":"stdout","time":609.788959129,"data":"(epoch: 2, iters: 240, time: 0.120, data: 0.003) G_GAN: 2.861 G_LPIPS: 58.948 D_real: 0.092 D_fake: 0.075 \n"}
,{"stream_name":"stdout","time":609.788962522,"data":"(epoch: 2, iters: 260, time: 0.118, data: 0.003) G_GAN: 1.321 G_LPIPS: 55.157 D_real: 0.727 D_fake: 0.327 \n"}
,{"stream_name":"stdout","time":609.788965467,"data":"(epoch: 2, iters: 280, time: 0.118, data: 0.003) G_GAN: 1.379 G_LPIPS: 56.368 D_real: 0.130 D_fake: 0.469 \n"}
,{"stream_name":"stdout","time":609.788979915,"data":"(epoch: 2, iters: 300, time: 0.119, data: 0.003) G_GAN: 2.476 G_LPIPS: 57.827 D_real: 0.087 D_fake: 0.106 \n"}
,{"stream_name":"stdout","time":609.788982573,"data":"(epoch: 2, iters: 320, time: 0.118, data: 0.003) G_GAN: 1.632 G_LPIPS: 58.133 D_real: 0.072 D_fake: 0.278 \n"}
,{"stream_name":"stdout","time":609.788984872,"data":"(epoch: 2, iters: 340, time: 0.118, data: 0.003) G_GAN: 1.712 G_LPIPS: 58.501 D_real: 0.126 D_fake: 0.226 \n"}
,{"stream_name":"stdout","time":609.788987164,"data":"(epoch: 2, iters: 360, time: 0.120, data: 0.003) G_GAN: 0.927 G_LPIPS: 52.235 D_real: 1.243 D_fake: 0.533 \n"}
,{"stream_name":"stdout","time":609.788989478,"data":"(epoch: 2, iters: 380, time: 0.119, data: 0.003) G_GAN: 1.611 G_LPIPS: 55.336 D_real: 0.290 D_fake: 0.269 \n"}
,{"stream_name":"stdout","time":609.788993164,"data":"(epoch: 2, iters: 400, time: 0.119, data: 0.003) G_GAN: 1.770 G_LPIPS: 56.056 D_real: 0.166 D_fake: 0.215 \n"}
,{"stream_name":"stdout","time":609.788995519,"data":"(epoch: 2, iters: 420, time: 0.133, data: 0.003) G_GAN: 1.137 G_LPIPS: 56.321 D_real: 0.749 D_fake: 0.395 \n"}
,{"stream_name":"stdout","time":609.788997784,"data":"(epoch: 2, iters: 440, time: 0.119, data: 0.003) G_GAN: 1.466 G_LPIPS: 57.760 D_real: 0.347 D_fake: 0.280 \n"}
,{"stream_name":"stdout","time":609.789000045,"data":"(epoch: 2, iters: 460, time: 0.118, data: 0.003) G_GAN: 1.089 G_LPIPS: 53.141 D_real: 0.513 D_fake: 0.573 \n"}
,{"stream_name":"stdout","time":609.789002376,"data":"(epoch: 2, iters: 480, time: 0.119, data: 0.003) G_GAN: 2.501 G_LPIPS: 56.911 D_real: 0.217 D_fake: 0.099 \n"}
,{"stream_name":"stdout","time":609.789004698,"data":"(epoch: 2, iters: 500, time: 0.119, data: 0.003) G_GAN: 1.447 G_LPIPS: 54.115 D_real: 0.670 D_fake: 0.273 \n"}
,{"stream_name":"stdout","time":609.7890071,"data":"(epoch: 2, iters: 520, time: 0.119, data: 0.003) G_GAN: 1.600 G_LPIPS: 56.192 D_real: 0.088 D_fake: 0.380 \n"}
,{"stream_name":"stdout","time":609.789009361,"data":"(epoch: 2, iters: 540, time: 0.119, data: 0.003) G_GAN: 1.622 G_LPIPS: 55.223 D_real: 0.087 D_fake: 0.264 \n"}
,{"stream_name":"stdout","time":609.78901169,"data":"(epoch: 2, iters: 560, time: 0.119, data: 0.003) G_GAN: 1.846 G_LPIPS: 57.630 D_real: 0.154 D_fake: 0.214 \n"}
,{"stream_name":"stdout","time":609.789013946,"data":"(epoch: 2, iters: 580, time: 0.117, data: 0.003) G_GAN: 1.478 G_LPIPS: 55.298 D_real: 0.496 D_fake: 0.252 \n"}
,{"stream_name":"stdout","time":609.789016202,"data":"(epoch: 2, iters: 600, time: 0.115, data: 0.003) G_GAN: 1.773 G_LPIPS: 58.362 D_real: 0.127 D_fake: 0.258 \n"}
,{"stream_name":"stdout","time":609.789018452,"data":"(epoch: 2, iters: 620, time: 0.117, data: 0.003) G_GAN: 1.384 G_LPIPS: 61.594 D_real: 0.212 D_fake: 0.350 \n"}
,{"stream_name":"stdout","time":609.789020787,"data":"(epoch: 2, iters: 640, time: 0.117, data: 0.003) G_GAN: 1.155 G_LPIPS: 54.105 D_real: 0.216 D_fake: 0.511 \n"}
,{"stream_name":"stdout","time":609.789023039,"data":"(epoch: 2, iters: 660, time: 0.117, data: 0.003) G_GAN: 1.754 G_LPIPS: 57.256 D_real: 0.212 D_fake: 0.201 \n"}
,{"stream_name":"stdout","time":609.789025307,"data":"(epoch: 2, iters: 680, time: 0.117, data: 0.003) G_GAN: 1.526 G_LPIPS: 55.731 D_real: 0.198 D_fake: 0.274 \n"}
,{"stream_name":"stdout","time":609.789027588,"data":"(epoch: 2, iters: 700, time: 0.115, data: 0.003) G_GAN: 1.389 G_LPIPS: 54.435 D_real: 0.268 D_fake: 0.360 \n"}
,{"stream_name":"stdout","time":609.789029861,"data":"(epoch: 2, iters: 720, time: 0.118, data: 0.003) G_GAN: 1.734 G_LPIPS: 56.997 D_real: 0.111 D_fake: 0.245 \n"}
,{"stream_name":"stdout","time":609.789032114,"data":"(epoch: 2, iters: 740, time: 0.116, data: 0.003) G_GAN: 2.685 G_LPIPS: 55.857 D_real: 0.179 D_fake: 0.077 \n"}
,{"stream_name":"stdout","time":609.789036877,"data":"(epoch: 2, iters: 760, time: 0.117, data: 0.003) G_GAN: 1.122 G_LPIPS: 55.241 D_real: 0.170 D_fake: 0.626 \n"}
,{"stream_name":"stdout","time":609.789039649,"data":"(epoch: 2, iters: 780, time: 0.117, data: 0.003) G_GAN: 1.249 G_LPIPS: 56.913 D_real: 0.391 D_fake: 0.377 \n"}
,{"stream_name":"stdout","time":609.789041943,"data":"(epoch: 2, iters: 800, time: 0.117, data: 0.003) G_GAN: 1.165 G_LPIPS: 53.738 D_real: 0.385 D_fake: 0.551 \n"}
,{"stream_name":"stdout","time":609.789044249,"data":"(epoch: 2, iters: 820, time: 0.117, data: 0.003) G_GAN: 2.331 G_LPIPS: 57.121 D_real: 0.399 D_fake: 0.097 \n"}
,{"stream_name":"stdout","time":609.789046551,"data":"(epoch: 2, iters: 840, time: 0.117, data: 0.003) G_GAN: 1.371 G_LPIPS: 54.389 D_real: 0.272 D_fake: 0.349 \n"}
,{"stream_name":"stdout","time":609.789048822,"data":"(epoch: 2, iters: 860, time: 0.117, data: 0.004) G_GAN: 1.751 G_LPIPS: 57.066 D_real: 0.100 D_fake: 0.216 \n"}
,{"stream_name":"stdout","time":609.789051102,"data":"(epoch: 2, iters: 880, time: 0.114, data: 0.003) G_GAN: 1.969 G_LPIPS: 54.149 D_real: 0.301 D_fake: 0.185 \n"}
,{"stream_name":"stdout","time":609.78905337,"data":"(epoch: 2, iters: 900, time: 0.117, data: 0.003) G_GAN: 2.177 G_LPIPS: 55.890 D_real: 0.245 D_fake: 0.136 \n"}
,{"stream_name":"stdout","time":609.789055646,"data":"(epoch: 2, iters: 920, time: 0.116, data: 0.003) G_GAN: 2.366 G_LPIPS: 56.835 D_real: 0.109 D_fake: 0.111 \n"}
,{"stream_name":"stdout","time":609.789057919,"data":"(epoch: 2, iters: 940, time: 0.116, data: 0.003) G_GAN: 1.587 G_LPIPS: 57.053 D_real: 0.151 D_fake: 0.275 \n"}
,{"stream_name":"stdout","time":609.789060197,"data":"(epoch: 2, iters: 960, time: 0.117, data: 0.003) G_GAN: 1.561 G_LPIPS: 54.692 D_real: 0.396 D_fake: 0.256 \n"}
,{"stream_name":"stdout","time":609.78906247,"data":"(epoch: 2, iters: 980, time: 0.117, data: 0.003) G_GAN: 1.727 G_LPIPS: 57.637 D_real: 0.083 D_fake: 0.241 \n"}
,{"stream_name":"stdout","time":609.789064762,"data":"(epoch: 2, iters: 1000, time: 0.116, data: 0.003) G_GAN: 1.734 G_LPIPS: 58.575 D_real: 0.324 D_fake: 0.190 \n"}
,{"stream_name":"stdout","time":609.789067031,"data":"(epoch: 2, iters: 1020, time: 0.117, data: 0.003) G_GAN: 1.966 G_LPIPS: 55.703 D_real: 0.651 D_fake: 0.119 \n"}
,{"stream_name":"stdout","time":609.7890693,"data":"(epoch: 2, iters: 1040, time: 0.117, data: 0.003) G_GAN: 2.288 G_LPIPS: 58.753 D_real: 0.137 D_fake: 0.137 \n"}
,{"stream_name":"stdout","time":609.789071583,"data":"(epoch: 2, iters: 1060, time: 0.116, data: 0.003) G_GAN: 1.896 G_LPIPS: 55.971 D_real: 0.247 D_fake: 0.204 \n"}
,{"stream_name":"stdout","time":609.789073847,"data":"(epoch: 2, iters: 1080, time: 0.117, data: 0.003) G_GAN: 1.185 G_LPIPS: 55.358 D_real: 0.299 D_fake: 0.391 \n"}
,{"stream_name":"stdout","time":609.789076108,"data":"(epoch: 2, iters: 1100, time: 0.116, data: 0.003) G_GAN: 3.147 G_LPIPS: 61.595 D_real: 0.025 D_fake: 0.058 \n"}
,{"stream_name":"stdout","time":609.789078376,"data":"(epoch: 2, iters: 1120, time: 0.118, data: 0.003) G_GAN: 1.791 G_LPIPS: 59.089 D_real: 0.100 D_fake: 0.283 \n"}
,{"stream_name":"stdout","time":609.789080636,"data":"(epoch: 2, iters: 1140, time: 0.116, data: 0.003) G_GAN: 1.129 G_LPIPS: 57.577 D_real: 0.042 D_fake: 0.813 \n"}
,{"stream_name":"stdout","time":609.789083156,"data":"(epoch: 2, iters: 1160, time: 0.116, data: 0.003) G_GAN: 1.170 G_LPIPS: 55.846 D_real: 0.316 D_fake: 0.462 \n"}
,{"stream_name":"stdout","time":609.789085444,"data":"(epoch: 2, iters: 1180, time: 0.117, data: 0.003) G_GAN: 2.316 G_LPIPS: 57.243 D_real: 0.169 D_fake: 0.111 \n"}
,{"stream_name":"stdout","time":609.789087722,"data":"(epoch: 2, iters: 1200, time: 0.117, data: 0.003) G_GAN: 1.243 G_LPIPS: 54.750 D_real: 1.098 D_fake: 0.376 \n"}
,{"stream_name":"stdout","time":609.78909,"data":"(epoch: 2, iters: 1220, time: 0.118, data: 0.003) G_GAN: 2.205 G_LPIPS: 55.879 D_real: 0.343 D_fake: 0.130 \n"}
,{"stream_name":"stdout","time":609.789094081,"data":"(epoch: 2, iters: 1240, time: 0.118, data: 0.003) G_GAN: 1.895 G_LPIPS: 54.975 D_real: 0.463 D_fake: 0.148 \n"}
,{"stream_name":"stdout","time":609.789096474,"data":"(epoch: 2, iters: 1260, time: 0.118, data: 0.003) G_GAN: 1.393 G_LPIPS: 55.671 D_real: 0.304 D_fake: 0.360 \n"}
,{"stream_name":"stdout","time":609.789098871,"data":"(epoch: 2, iters: 1280, time: 0.117, data: 0.003) G_GAN: 1.207 G_LPIPS: 58.953 D_real: 0.105 D_fake: 0.470 \n"}
,{"stream_name":"stdout","time":609.789101269,"data":"(epoch: 2, iters: 1300, time: 0.117, data: 0.003) G_GAN: 1.796 G_LPIPS: 58.342 D_real: 0.114 D_fake: 0.232 \n"}
,{"stream_name":"stdout","time":609.789103937,"data":"(epoch: 2, iters: 1320, time: 0.118, data: 0.003) G_GAN: 1.706 G_LPIPS: 56.533 D_real: 0.235 D_fake: 0.217 \n"}
,{"stream_name":"stdout","time":609.789106213,"data":"(epoch: 2, iters: 1340, time: 0.117, data: 0.004) G_GAN: 1.968 G_LPIPS: 53.236 D_real: 0.329 D_fake: 0.184 \n"}
,{"stream_name":"stdout","time":609.789108492,"data":"(epoch: 2, iters: 1360, time: 0.118, data: 0.003) G_GAN: 1.317 G_LPIPS: 55.868 D_real: 0.545 D_fake: 0.370 \n"}
,{"stream_name":"stdout","time":609.789110761,"data":"(epoch: 2, iters: 1380, time: 0.117, data: 0.003) G_GAN: 1.689 G_LPIPS: 56.598 D_real: 0.240 D_fake: 0.246 \n"}
,{"stream_name":"stdout","time":609.789113107,"data":"(epoch: 2, iters: 1400, time: 0.116, data: 0.003) G_GAN: 1.207 G_LPIPS: 57.843 D_real: 0.059 D_fake: 0.517 \n"}
,{"stream_name":"stdout","time":609.789115369,"data":"(epoch: 2, iters: 1420, time: 0.118, data: 0.003) G_GAN: 1.342 G_LPIPS: 52.818 D_real: 0.440 D_fake: 0.329 \n"}
,{"stream_name":"stdout","time":609.789117633,"data":"(epoch: 2, iters: 1440, time: 0.118, data: 0.003) G_GAN: 1.867 G_LPIPS: 55.261 D_real: 0.364 D_fake: 0.179 \n"}
,{"stream_name":"stdout","time":609.789119893,"data":"(epoch: 2, iters: 1460, time: 0.117, data: 0.002) G_GAN: 2.099 G_LPIPS: 56.157 D_real: 0.135 D_fake: 0.163 \n"}
,{"stream_name":"stdout","time":609.789122195,"data":"(epoch: 2, iters: 1480, time: 0.118, data: 0.003) G_GAN: 0.970 G_LPIPS: 52.550 D_real: 0.473 D_fake: 0.940 \n"}
,{"stream_name":"stdout","time":609.789124459,"data":"(epoch: 2, iters: 1500, time: 0.119, data: 0.003) G_GAN: 1.407 G_LPIPS: 54.819 D_real: 0.933 D_fake: 0.256 \n"}
,{"stream_name":"stdout","time":609.789126802,"data":"(epoch: 2, iters: 1520, time: 0.118, data: 0.003) G_GAN: 2.048 G_LPIPS: 58.141 D_real: 0.231 D_fake: 0.153 \n"}
,{"stream_name":"stdout","time":722.182850853,"data":"(epoch: 2, iters: 1540, time: 0.119, data: 0.003) G_GAN: 1.299 G_LPIPS: 57.246 D_real: 0.107 D_fake: 0.476 \n"}
,{"stream_name":"stdout","time":722.18288725,"data":"(epoch: 2, iters: 1560, time: 0.118, data: 0.003) G_GAN: 1.324 G_LPIPS: 50.510 D_real: 0.620 D_fake: 0.267 \n"}
,{"stream_name":"stdout","time":722.18289322,"data":"(epoch: 2, iters: 1580, time: 0.118, data: 0.003) G_GAN: 3.545 G_LPIPS: 57.702 D_real: 0.047 D_fake: 0.033 \n"}
,{"stream_name":"stdout","time":722.182898054,"data":"(epoch: 2, iters: 1600, time: 0.118, data: 0.003) G_GAN: 1.505 G_LPIPS: 53.978 D_real: 0.450 D_fake: 0.291 \n"}
,{"stream_name":"stdout","time":722.182903306,"data":"(epoch: 2, iters: 1620, time: 0.117, data: 0.003) G_GAN: 0.823 G_LPIPS: 55.719 D_real: 0.696 D_fake: 0.681 \n"}
,{"stream_name":"stdout","time":722.182907614,"data":"(epoch: 2, iters: 1640, time: 0.118, data: 0.003) G_GAN: 1.406 G_LPIPS: 60.438 D_real: 0.134 D_fake: 0.658 \n"}
,{"stream_name":"stdout","time":722.182912307,"data":"(epoch: 2, iters: 1660, time: 0.117, data: 0.003) G_GAN: 1.396 G_LPIPS: 57.738 D_real: 0.516 D_fake: 0.281 \n"}
,{"stream_name":"stdout","time":722.182917481,"data":"(epoch: 2, iters: 1680, time: 0.118, data: 0.003) G_GAN: 1.367 G_LPIPS: 59.123 D_real: 0.103 D_fake: 0.394 \n"}
,{"stream_name":"stdout","time":722.182935162,"data":"(epoch: 2, iters: 1700, time: 0.116, data: 0.003) G_GAN: 2.381 G_LPIPS: 58.536 D_real: 0.166 D_fake: 0.122 \n"}
,{"stream_name":"stdout","time":722.182939001,"data":"(epoch: 2, iters: 1720, time: 0.117, data: 0.003) G_GAN: 1.074 G_LPIPS: 51.571 D_real: 0.706 D_fake: 0.409 \n"}
,{"stream_name":"stdout","time":722.182942519,"data":"(epoch: 2, iters: 1740, time: 0.117, data: 0.003) G_GAN: 1.560 G_LPIPS: 53.409 D_real: 0.789 D_fake: 0.247 \n"}
,{"stream_name":"stdout","time":722.182945727,"data":"(epoch: 2, iters: 1760, time: 0.118, data: 0.003) G_GAN: 1.631 G_LPIPS: 56.340 D_real: 0.455 D_fake: 0.249 \n"}
,{"stream_name":"stdout","time":722.182949074,"data":"(epoch: 2, iters: 1780, time: 0.118, data: 0.003) G_GAN: 1.390 G_LPIPS: 57.555 D_real: 0.317 D_fake: 0.367 \n"}
,{"stream_name":"stdout","time":722.182952426,"data":"(epoch: 2, iters: 1800, time: 0.117, data: 0.003) G_GAN: 1.385 G_LPIPS: 54.292 D_real: 0.111 D_fake: 0.436 \n"}
,{"stream_name":"stdout","time":722.182955597,"data":"(epoch: 2, iters: 1820, time: 0.118, data: 0.003) G_GAN: 2.885 G_LPIPS: 60.012 D_real: 0.062 D_fake: 0.076 \n"}
,{"stream_name":"stdout","time":722.182958958,"data":"(epoch: 2, iters: 1840, time: 0.117, data: 0.003) G_GAN: 0.877 G_LPIPS: 56.711 D_real: 0.087 D_fake: 0.969 \n"}
,{"stream_name":"stdout","time":722.182962298,"data":"(epoch: 2, iters: 1860, time: 0.117, data: 0.003) G_GAN: 2.112 G_LPIPS: 59.861 D_real: 0.041 D_fake: 0.172 \n"}
,{"stream_name":"stdout","time":722.182965396,"data":"(epoch: 2, iters: 1880, time: 0.117, data: 0.003) G_GAN: 1.347 G_LPIPS: 52.610 D_real: 0.904 D_fake: 0.261 \n"}
,{"stream_name":"stdout","time":722.182969052,"data":"(epoch: 2, iters: 1900, time: 0.116, data: 0.003) G_GAN: 1.566 G_LPIPS: 53.782 D_real: 0.875 D_fake: 0.211 \n"}
,{"stream_name":"stdout","time":722.182973921,"data":"(epoch: 2, iters: 1920, time: 0.118, data: 0.003) G_GAN: 1.579 G_LPIPS: 54.040 D_real: 0.227 D_fake: 0.291 \n"}
,{"stream_name":"stdout","time":722.182977491,"data":"(epoch: 2, iters: 1940, time: 0.117, data: 0.003) G_GAN: 1.781 G_LPIPS: 56.561 D_real: 0.142 D_fake: 0.203 \n"}
,{"stream_name":"stdout","time":722.182981144,"data":"(epoch: 2, iters: 1960, time: 0.117, data: 0.003) G_GAN: 2.894 G_LPIPS: 56.570 D_real: 0.240 D_fake: 0.067 \n"}
,{"stream_name":"stdout","time":722.182984954,"data":"(epoch: 2, iters: 1980, time: 0.117, data: 0.003) G_GAN: 1.331 G_LPIPS: 52.941 D_real: 0.781 D_fake: 0.337 \n"}
,{"stream_name":"stdout","time":722.182988659,"data":"(epoch: 2, iters: 2000, time: 0.117, data: 0.003) G_GAN: 1.782 G_LPIPS: 55.581 D_real: 0.231 D_fake: 0.263 \n"}
,{"stream_name":"stdout","time":722.182992462,"data":"(epoch: 2, iters: 2020, time: 0.118, data: 0.003) G_GAN: 2.037 G_LPIPS: 59.113 D_real: 0.024 D_fake: 0.205 \n"}
,{"stream_name":"stdout","time":722.182996109,"data":"(epoch: 2, iters: 2040, time: 0.117, data: 0.003) G_GAN: 1.327 G_LPIPS: 55.005 D_real: 0.120 D_fake: 0.474 \n"}
,{"stream_name":"stdout","time":722.182999494,"data":"(epoch: 2, iters: 2060, time: 0.118, data: 0.003) G_GAN: 1.374 G_LPIPS: 54.414 D_real: 0.534 D_fake: 0.301 \n"}
,{"stream_name":"stdout","time":722.183003074,"data":"(epoch: 2, iters: 2080, time: 0.117, data: 0.003) G_GAN: 1.784 G_LPIPS: 56.834 D_real: 0.103 D_fake: 0.313 \n"}
,{"stream_name":"stdout","time":722.18300667,"data":"(epoch: 2, iters: 2100, time: 0.118, data: 0.003) G_GAN: 1.964 G_LPIPS: 59.911 D_real: 0.039 D_fake: 0.190 \n"}
,{"stream_name":"stdout","time":722.183010274,"data":"(epoch: 2, iters: 2120, time: 0.118, data: 0.003) G_GAN: 1.347 G_LPIPS: 55.273 D_real: 0.502 D_fake: 0.291 \n"}
,{"stream_name":"stdout","time":722.183013875,"data":"(epoch: 2, iters: 2140, time: 0.117, data: 0.003) G_GAN: 2.083 G_LPIPS: 57.313 D_real: 0.131 D_fake: 0.169 \n"}
,{"stream_name":"stdout","time":722.183039781,"data":"(epoch: 2, iters: 2160, time: 0.118, data: 0.004) G_GAN: 1.398 G_LPIPS: 55.882 D_real: 0.109 D_fake: 0.356 \n"}
,{"stream_name":"stdout","time":722.183043514,"data":"(epoch: 2, iters: 2180, time: 0.118, data: 0.003) G_GAN: 1.578 G_LPIPS: 56.924 D_real: 0.073 D_fake: 0.370 \n"}
,{"stream_name":"stdout","time":722.183047392,"data":"(epoch: 2, iters: 2200, time: 0.118, data: 0.003) G_GAN: 2.805 G_LPIPS: 58.662 D_real: 0.074 D_fake: 0.075 \n"}
,{"stream_name":"stdout","time":722.183051329,"data":"(epoch: 2, iters: 2220, time: 0.117, data: 0.003) G_GAN: 1.069 G_LPIPS: 54.454 D_real: 0.291 D_fake: 0.495 \n"}
,{"stream_name":"stdout","time":722.183055397,"data":"(epoch: 2, iters: 2240, time: 0.118, data: 0.003) G_GAN: 1.271 G_LPIPS: 51.786 D_real: 0.745 D_fake: 0.348 \n"}
,{"stream_name":"stdout","time":722.183059709,"data":"(epoch: 2, iters: 2260, time: 0.119, data: 0.003) G_GAN: 1.100 G_LPIPS: 52.247 D_real: 1.076 D_fake: 0.367 \n"}
,{"stream_name":"stdout","time":722.183064051,"data":"(epoch: 2, iters: 2280, time: 0.117, data: 0.003) G_GAN: 1.796 G_LPIPS: 56.749 D_real: 0.177 D_fake: 0.221 \n"}
,{"stream_name":"stdout","time":722.183068186,"data":"(epoch: 2, iters: 2300, time: 0.118, data: 0.003) G_GAN: 1.464 G_LPIPS: 54.869 D_real: 0.516 D_fake: 0.250 \n"}
,{"stream_name":"stdout","time":722.183071856,"data":"(epoch: 2, iters: 2320, time: 0.118, data: 0.003) G_GAN: 1.976 G_LPIPS: 58.044 D_real: 0.176 D_fake: 0.213 \n"}
,{"stream_name":"stdout","time":722.183077163,"data":"(epoch: 2, iters: 2340, time: 0.118, data: 0.003) G_GAN: 1.752 G_LPIPS: 57.781 D_real: 0.373 D_fake: 0.169 \n"}
,{"stream_name":"stdout","time":722.183080608,"data":"(epoch: 2, iters: 2360, time: 0.119, data: 0.003) G_GAN: 1.234 G_LPIPS: 53.338 D_real: 0.197 D_fake: 0.492 \n"}
,{"stream_name":"stdout","time":722.183088675,"data":"(epoch: 2, iters: 2380, time: 0.117, data: 0.003) G_GAN: 1.555 G_LPIPS: 51.722 D_real: 0.453 D_fake: 0.287 \n"}
,{"stream_name":"stdout","time":722.183091153,"data":"(epoch: 2, iters: 2400, time: 0.118, data: 0.003) G_GAN: 2.038 G_LPIPS: 55.058 D_real: 0.174 D_fake: 0.160 \n"}
,{"stream_name":"stdout","time":722.183093584,"data":"(epoch: 2, iters: 2420, time: 0.132, data: 0.003) G_GAN: 2.018 G_LPIPS: 55.540 D_real: 0.043 D_fake: 0.193 \n"}
,{"stream_name":"stdout","time":722.183096,"data":"(epoch: 2, iters: 2440, time: 0.118, data: 0.003) G_GAN: 1.822 G_LPIPS: 55.561 D_real: 0.196 D_fake: 0.227 \n"}
,{"stream_name":"stdout","time":722.183098478,"data":"(epoch: 2, iters: 2460, time: 0.119, data: 0.003) G_GAN: 1.594 G_LPIPS: 56.969 D_real: 0.276 D_fake: 0.266 \n"}
,{"stream_name":"stdout","time":722.183100895,"data":"(epoch: 2, iters: 2480, time: 0.118, data: 0.003) G_GAN: 1.188 G_LPIPS: 54.877 D_real: 0.100 D_fake: 0.557 \n"}
,{"stream_name":"stdout","time":722.183103308,"data":"(epoch: 2, iters: 2500, time: 0.119, data: 0.003) G_GAN: 0.934 G_LPIPS: 53.883 D_real: 1.384 D_fake: 0.331 \n"}
,{"stream_name":"stdout","time":722.183105716,"data":"(epoch: 2, iters: 2520, time: 0.119, data: 0.003) G_GAN: 2.237 G_LPIPS: 57.737 D_real: 0.047 D_fake: 0.139 \n"}
,{"stream_name":"stdout","time":722.183108264,"data":"(epoch: 2, iters: 2540, time: 0.119, data: 0.003) G_GAN: 1.898 G_LPIPS: 56.203 D_real: 0.144 D_fake: 0.216 \n"}
,{"stream_name":"stdout","time":722.183110652,"data":"(epoch: 2, iters: 2560, time: 0.119, data: 0.004) G_GAN: 1.303 G_LPIPS: 51.754 D_real: 0.684 D_fake: 0.360 \n"}
,{"stream_name":"stdout","time":722.183113164,"data":"(epoch: 2, iters: 2580, time: 0.118, data: 0.003) G_GAN: 2.343 G_LPIPS: 58.403 D_real: 0.214 D_fake: 0.105 \n"}
,{"stream_name":"stdout","time":722.183115574,"data":"(epoch: 2, iters: 2600, time: 0.118, data: 0.003) G_GAN: 1.319 G_LPIPS: 53.053 D_real: 0.118 D_fake: 0.455 \n"}
,{"stream_name":"stdout","time":722.18312104,"data":"(epoch: 2, iters: 2620, time: 0.118, data: 0.003) G_GAN: 1.154 G_LPIPS: 55.157 D_real: 0.189 D_fake: 0.497 \n"}
,{"stream_name":"stdout","time":722.183123605,"data":"(epoch: 2, iters: 2640, time: 0.118, data: 0.003) G_GAN: 1.937 G_LPIPS: 55.464 D_real: 0.246 D_fake: 0.195 \n"}
,{"stream_name":"stdout","time":722.183126017,"data":"(epoch: 2, iters: 2660, time: 0.118, data: 0.004) G_GAN: 1.394 G_LPIPS: 53.051 D_real: 0.434 D_fake: 0.312 \n"}
,{"stream_name":"stdout","time":722.183128996,"data":"(epoch: 2, iters: 2680, time: 0.118, data: 0.003) G_GAN: 1.563 G_LPIPS: 56.121 D_real: 0.264 D_fake: 0.311 \n"}
,{"stream_name":"stdout","time":722.183131501,"data":"(epoch: 2, iters: 2700, time: 0.118, data: 0.003) G_GAN: 1.314 G_LPIPS: 54.818 D_real: 0.168 D_fake: 0.401 \n"}
,{"stream_name":"stdout","time":722.183133914,"data":"(epoch: 2, iters: 2720, time: 0.118, data: 0.003) G_GAN: 1.478 G_LPIPS: 58.795 D_real: 0.169 D_fake: 0.356 \n"}
,{"stream_name":"stdout","time":722.183136342,"data":"(epoch: 2, iters: 2740, time: 0.118, data: 0.004) G_GAN: 1.849 G_LPIPS: 56.049 D_real: 0.153 D_fake: 0.211 \n"}
,{"stream_name":"stdout","time":722.183138758,"data":"(epoch: 2, iters: 2760, time: 0.117, data: 0.003) G_GAN: 1.721 G_LPIPS: 49.284 D_real: 0.862 D_fake: 0.190 \n"}
,{"stream_name":"stdout","time":722.183141194,"data":"(epoch: 2, iters: 2780, time: 0.117, data: 0.003) G_GAN: 1.141 G_LPIPS: 50.323 D_real: 0.699 D_fake: 0.449 \n"}
,{"stream_name":"stdout","time":722.183144011,"data":"(epoch: 2, iters: 2800, time: 0.118, data: 0.003) G_GAN: 1.285 G_LPIPS: 54.992 D_real: 0.337 D_fake: 0.382 \n"}
,{"stream_name":"stdout","time":722.183146451,"data":"(epoch: 2, iters: 2820, time: 0.117, data: 0.003) G_GAN: 1.427 G_LPIPS: 55.596 D_real: 0.262 D_fake: 0.372 \n"}
,{"stream_name":"stdout","time":722.183148848,"data":"(epoch: 2, iters: 2840, time: 0.117, data: 0.003) G_GAN: 2.113 G_LPIPS: 58.135 D_real: 0.095 D_fake: 0.142 \n"}
,{"stream_name":"stdout","time":722.183151274,"data":"(epoch: 2, iters: 2860, time: 0.117, data: 0.003) G_GAN: 1.285 G_LPIPS: 57.352 D_real: 0.056 D_fake: 0.449 \n"}
,{"stream_name":"stdout","time":722.18315368,"data":"(epoch: 2, iters: 2880, time: 0.118, data: 0.003) G_GAN: 1.202 G_LPIPS: 52.364 D_real: 0.406 D_fake: 0.373 \n"}
,{"stream_name":"stdout","time":722.183156112,"data":"(epoch: 2, iters: 2900, time: 0.117, data: 0.003) G_GAN: 1.174 G_LPIPS: 51.226 D_real: 0.407 D_fake: 0.591 \n"}
,{"stream_name":"stdout","time":722.18315852,"data":"(epoch: 2, iters: 2920, time: 0.119, data: 0.003) G_GAN: 1.532 G_LPIPS: 56.815 D_real: 0.425 D_fake: 0.323 \n"}
,{"stream_name":"stdout","time":722.183160914,"data":"(epoch: 2, iters: 2940, time: 0.118, data: 0.003) G_GAN: 1.685 G_LPIPS: 55.885 D_real: 0.349 D_fake: 0.277 \n"}
,{"stream_name":"stdout","time":722.18316333,"data":"(epoch: 2, iters: 2960, time: 0.120, data: 0.003) G_GAN: 1.675 G_LPIPS: 55.443 D_real: 0.086 D_fake: 0.360 \n"}
,{"stream_name":"stdout","time":722.183165728,"data":"(epoch: 2, iters: 2980, time: 0.118, data: 0.003) G_GAN: 1.805 G_LPIPS: 56.047 D_real: 0.650 D_fake: 0.165 \n"}
,{"stream_name":"stdout","time":722.183168144,"data":"(epoch: 2, iters: 3000, time: 0.118, data: 0.003) G_GAN: 1.283 G_LPIPS: 57.961 D_real: 0.226 D_fake: 0.534 \n"}
,{"stream_name":"stdout","time":722.183170544,"data":"(epoch: 2, iters: 3020, time: 0.118, data: 0.003) G_GAN: 1.261 G_LPIPS: 53.686 D_real: 0.336 D_fake: 0.384 \n"}
,{"stream_name":"stdout","time":722.183172953,"data":"(epoch: 2, iters: 3040, time: 0.118, data: 0.003) G_GAN: 1.327 G_LPIPS: 52.637 D_real: 0.281 D_fake: 0.449 \n"}
,{"stream_name":"stdout","time":837.474221933,"data":"(epoch: 2, iters: 3060, time: 0.118, data: 0.003) G_GAN: 1.184 G_LPIPS: 54.600 D_real: 0.529 D_fake: 0.293 \n"}
,{"stream_name":"stdout","time":837.474270226,"data":"(epoch: 2, iters: 3080, time: 0.118, data: 0.003) G_GAN: 1.231 G_LPIPS: 54.604 D_real: 0.137 D_fake: 0.609 \n"}
,{"stream_name":"stdout","time":837.474275298,"data":"(epoch: 2, iters: 3100, time: 0.118, data: 0.003) G_GAN: 1.775 G_LPIPS: 49.169 D_real: 1.781 D_fake: 0.134 \n"}
,{"stream_name":"stdout","time":837.474279415,"data":"(epoch: 2, iters: 3120, time: 0.118, data: 0.003) G_GAN: 1.647 G_LPIPS: 55.382 D_real: 0.557 D_fake: 0.246 \n"}
,{"stream_name":"stdout","time":837.474283206,"data":"(epoch: 2, iters: 3140, time: 0.119, data: 0.003) G_GAN: 2.333 G_LPIPS: 57.730 D_real: 0.161 D_fake: 0.103 \n"}
,{"stream_name":"stdout","time":837.47428701,"data":"(epoch: 2, iters: 3160, time: 0.118, data: 0.003) G_GAN: 1.499 G_LPIPS: 56.928 D_real: 0.088 D_fake: 0.473 \n"}
,{"stream_name":"stdout","time":837.47429087,"data":"(epoch: 2, iters: 3180, time: 0.122, data: 0.003) G_GAN: 1.265 G_LPIPS: 51.880 D_real: 0.325 D_fake: 0.531 \n"}
,{"stream_name":"stdout","time":837.474294723,"data":"(epoch: 2, iters: 3200, time: 0.119, data: 0.004) G_GAN: 1.312 G_LPIPS: 56.331 D_real: 0.466 D_fake: 0.382 \n"}
,{"stream_name":"stdout","time":837.474298581,"data":"(epoch: 2, iters: 3220, time: 0.119, data: 0.003) G_GAN: 1.152 G_LPIPS: 52.152 D_real: 0.195 D_fake: 0.523 \n"}
,{"stream_name":"stdout","time":837.474302403,"data":"(epoch: 2, iters: 3240, time: 0.120, data: 0.003) G_GAN: 1.526 G_LPIPS: 52.279 D_real: 0.813 D_fake: 0.237 \n"}
,{"stream_name":"stdout","time":837.474306005,"data":"(epoch: 2, iters: 3260, time: 0.119, data: 0.003) G_GAN: 1.413 G_LPIPS: 54.099 D_real: 0.290 D_fake: 0.335 \n"}
,{"stream_name":"stdout","time":837.474309911,"data":"(epoch: 2, iters: 3280, time: 0.118, data: 0.003) G_GAN: 1.627 G_LPIPS: 54.364 D_real: 0.265 D_fake: 0.312 \n"}
,{"stream_name":"stdout","time":837.474313217,"data":"(epoch: 2, iters: 3300, time: 0.119, data: 0.003) G_GAN: 1.830 G_LPIPS: 57.629 D_real: 0.184 D_fake: 0.243 \n"}
,{"stream_name":"stdout","time":837.474316857,"data":"(epoch: 2, iters: 3320, time: 0.119, data: 0.003) G_GAN: 0.719 G_LPIPS: 51.183 D_real: 0.631 D_fake: 0.895 \n"}
,{"stream_name":"stdout","time":837.474320256,"data":"(epoch: 2, iters: 3340, time: 0.118, data: 0.003) G_GAN: 2.169 G_LPIPS: 60.103 D_real: 0.132 D_fake: 0.186 \n"}
,{"stream_name":"stdout","time":837.474324213,"data":"(epoch: 2, iters: 3360, time: 0.118, data: 0.003) G_GAN: 1.643 G_LPIPS: 59.810 D_real: 0.022 D_fake: 0.535 \n"}
,{"stream_name":"stdout","time":837.474327923,"data":"(epoch: 2, iters: 3380, time: 0.118, data: 0.003) G_GAN: 1.466 G_LPIPS: 55.413 D_real: 0.230 D_fake: 0.430 \n"}
,{"stream_name":"stdout","time":837.474331795,"data":"(epoch: 2, iters: 3400, time: 0.118, data: 0.003) G_GAN: 1.359 G_LPIPS: 53.333 D_real: 0.243 D_fake: 0.364 \n"}
,{"stream_name":"stdout","time":837.474335694,"data":"(epoch: 2, iters: 3420, time: 0.119, data: 0.003) G_GAN: 2.484 G_LPIPS: 56.928 D_real: 0.323 D_fake: 0.088 \n"}
,{"stream_name":"stdout","time":837.474341306,"data":"(epoch: 2, iters: 3440, time: 0.119, data: 0.003) G_GAN: 1.250 G_LPIPS: 57.975 D_real: 0.470 D_fake: 0.420 \n"}
,{"stream_name":"stdout","time":837.474344922,"data":"(epoch: 2, iters: 3460, time: 0.118, data: 0.003) G_GAN: 1.703 G_LPIPS: 55.621 D_real: 0.494 D_fake: 0.236 \n"}
,{"stream_name":"stdout","time":837.474349797,"data":"(epoch: 2, iters: 3480, time: 0.119, data: 0.003) G_GAN: 1.650 G_LPIPS: 56.609 D_real: 0.185 D_fake: 0.254 \n"}
,{"stream_name":"stdout","time":837.47435796,"data":"(epoch: 2, iters: 3500, time: 0.119, data: 0.003) G_GAN: 1.738 G_LPIPS: 55.028 D_real: 0.057 D_fake: 0.261 \n"}
,{"stream_name":"stdout","time":837.474360939,"data":"(epoch: 2, iters: 3520, time: 0.118, data: 0.003) G_GAN: 1.687 G_LPIPS: 54.795 D_real: 0.265 D_fake: 0.226 \n"}
,{"stream_name":"stdout","time":837.474367453,"data":"(epoch: 2, iters: 3540, time: 0.120, data: 0.003) G_GAN: 1.588 G_LPIPS: 56.457 D_real: 0.308 D_fake: 0.258 \n"}
,{"stream_name":"stdout","time":837.474369867,"data":"(epoch: 2, iters: 3560, time: 0.120, data: 0.003) G_GAN: 1.281 G_LPIPS: 52.724 D_real: 0.723 D_fake: 0.331 \n"}
,{"stream_name":"stdout","time":837.474372154,"data":"(epoch: 2, iters: 3580, time: 0.120, data: 0.003) G_GAN: 1.380 G_LPIPS: 55.503 D_real: 0.325 D_fake: 0.329 \n"}
,{"stream_name":"stdout","time":837.474374499,"data":"(epoch: 2, iters: 3600, time: 0.119, data: 0.003) G_GAN: 1.027 G_LPIPS: 55.370 D_real: 0.056 D_fake: 0.901 \n"}
,{"stream_name":"stdout","time":837.474376764,"data":"(epoch: 2, iters: 3620, time: 0.119, data: 0.003) G_GAN: 1.174 G_LPIPS: 55.436 D_real: 0.795 D_fake: 0.303 \n"}
,{"stream_name":"stdout","time":837.474379109,"data":"(epoch: 2, iters: 3640, time: 0.120, data: 0.003) G_GAN: 0.756 G_LPIPS: 54.495 D_real: 0.413 D_fake: 0.854 \n"}
,{"stream_name":"stdout","time":837.474381533,"data":"(epoch: 2, iters: 3660, time: 0.120, data: 0.003) G_GAN: 1.526 G_LPIPS: 56.973 D_real: 0.748 D_fake: 0.253 \n"}
,{"stream_name":"stdout","time":837.474383911,"data":"(epoch: 2, iters: 3680, time: 0.120, data: 0.003) G_GAN: 1.350 G_LPIPS: 55.244 D_real: 0.209 D_fake: 0.451 \n"}
,{"stream_name":"stdout","time":837.47438618,"data":"(epoch: 2, iters: 3700, time: 0.119, data: 0.003) G_GAN: 1.565 G_LPIPS: 58.623 D_real: 0.104 D_fake: 0.286 \n"}
,{"stream_name":"stdout","time":837.47438853,"data":"(epoch: 2, iters: 3720, time: 0.119, data: 0.003) G_GAN: 1.507 G_LPIPS: 55.341 D_real: 0.627 D_fake: 0.190 \n"}
,{"stream_name":"stdout","time":837.474390793,"data":"(epoch: 2, iters: 3740, time: 0.120, data: 0.003) G_GAN: 1.384 G_LPIPS: 52.211 D_real: 0.475 D_fake: 0.335 \n"}
,{"stream_name":"stdout","time":837.474393131,"data":"(epoch: 2, iters: 3760, time: 0.119, data: 0.004) G_GAN: 1.886 G_LPIPS: 55.542 D_real: 0.202 D_fake: 0.213 \n"}
,{"stream_name":"stdout","time":837.474395396,"data":"(epoch: 2, iters: 3780, time: 0.119, data: 0.003) G_GAN: 1.386 G_LPIPS: 53.429 D_real: 0.251 D_fake: 0.313 \n"}
,{"stream_name":"stdout","time":837.474397663,"data":"(epoch: 2, iters: 3800, time: 0.119, data: 0.003) G_GAN: 1.887 G_LPIPS: 54.662 D_real: 0.331 D_fake: 0.192 \n"}
,{"stream_name":"stdout","time":837.4744003,"data":"(epoch: 2, iters: 3820, time: 0.118, data: 0.003) G_GAN: 1.211 G_LPIPS: 51.187 D_real: 0.341 D_fake: 0.555 \n"}
,{"stream_name":"stdout","time":837.474402595,"data":"(epoch: 2, iters: 3840, time: 0.118, data: 0.003) G_GAN: 1.536 G_LPIPS: 52.956 D_real: 0.407 D_fake: 0.289 \n"}
,{"stream_name":"stdout","time":837.474404843,"data":"(epoch: 2, iters: 3860, time: 0.119, data: 0.003) G_GAN: 1.527 G_LPIPS: 54.836 D_real: 0.105 D_fake: 0.355 \n"}
,{"stream_name":"stdout","time":837.474407086,"data":"(epoch: 2, iters: 3880, time: 0.119, data: 0.003) G_GAN: 3.147 G_LPIPS: 59.047 D_real: 0.063 D_fake: 0.058 \n"}
,{"stream_name":"stdout","time":837.474409336,"data":"(epoch: 2, iters: 3900, time: 0.118, data: 0.003) G_GAN: 1.904 G_LPIPS: 59.275 D_real: 0.100 D_fake: 0.180 \n"}
,{"stream_name":"stdout","time":837.474411611,"data":"(epoch: 2, iters: 3920, time: 0.118, data: 0.003) G_GAN: 1.086 G_LPIPS: 56.445 D_real: 0.045 D_fake: 0.672 \n"}
,{"stream_name":"stdout","time":837.474413856,"data":"(epoch: 2, iters: 3940, time: 0.119, data: 0.003) G_GAN: 1.507 G_LPIPS: 54.500 D_real: 0.124 D_fake: 0.341 \n"}
,{"stream_name":"stdout","time":837.474416106,"data":"(epoch: 2, iters: 3960, time: 0.118, data: 0.003) G_GAN: 1.326 G_LPIPS: 58.606 D_real: 0.039 D_fake: 0.552 \n"}
,{"stream_name":"stdout","time":837.474418353,"data":"(epoch: 2, iters: 3980, time: 0.120, data: 0.003) G_GAN: 1.514 G_LPIPS: 53.754 D_real: 0.388 D_fake: 0.247 \n"}
,{"stream_name":"stdout","time":837.474422696,"data":"(epoch: 2, iters: 4000, time: 0.119, data: 0.003) G_GAN: 1.299 G_LPIPS: 53.500 D_real: 0.466 D_fake: 0.425 \n"}
,{"stream_name":"stdout","time":837.474425125,"data":"(epoch: 2, iters: 4020, time: 0.118, data: 0.003) G_GAN: 1.548 G_LPIPS: 55.145 D_real: 0.218 D_fake: 0.498 \n"}
,{"stream_name":"stdout","time":837.474427409,"data":"(epoch: 2, iters: 4040, time: 0.119, data: 0.003) G_GAN: 1.307 G_LPIPS: 55.448 D_real: 1.458 D_fake: 0.232 \n"}
,{"stream_name":"stdout","time":837.474429717,"data":"(epoch: 2, iters: 4060, time: 0.120, data: 0.003) G_GAN: 0.991 G_LPIPS: 54.109 D_real: 0.381 D_fake: 0.590 \n"}
,{"stream_name":"stdout","time":837.474432006,"data":"(epoch: 2, iters: 4080, time: 0.120, data: 0.003) G_GAN: 1.139 G_LPIPS: 53.952 D_real: 0.106 D_fake: 0.558 \n"}
,{"stream_name":"stdout","time":837.474456963,"data":"(epoch: 2, iters: 4100, time: 0.118, data: 0.003) G_GAN: 1.847 G_LPIPS: 56.692 D_real: 0.102 D_fake: 0.202 \n"}
,{"stream_name":"stdout","time":837.47446102,"data":"(epoch: 2, iters: 4120, time: 0.119, data: 0.003) G_GAN: 1.144 G_LPIPS: 54.417 D_real: 0.272 D_fake: 0.513 \n"}
,{"stream_name":"stdout","time":837.474465803,"data":"(epoch: 2, iters: 4140, time: 0.118, data: 0.003) G_GAN: 1.260 G_LPIPS: 52.688 D_real: 0.589 D_fake: 0.402 \n"}
,{"stream_name":"stdout","time":837.474469415,"data":"(epoch: 2, iters: 4160, time: 0.118, data: 0.003) G_GAN: 1.598 G_LPIPS: 54.350 D_real: 1.244 D_fake: 0.205 \n"}
,{"stream_name":"stdout","time":837.474472814,"data":"(epoch: 2, iters: 4180, time: 0.119, data: 0.003) G_GAN: 1.089 G_LPIPS: 54.880 D_real: 0.124 D_fake: 0.669 \n"}
,{"stream_name":"stdout","time":837.474477106,"data":"(epoch: 2, iters: 4200, time: 0.118, data: 0.003) G_GAN: 1.537 G_LPIPS: 53.787 D_real: 0.526 D_fake: 0.221 \n"}
,{"stream_name":"stdout","time":837.474480645,"data":"(epoch: 2, iters: 4220, time: 0.118, data: 0.003) G_GAN: 1.391 G_LPIPS: 54.044 D_real: 0.279 D_fake: 0.322 \n"}
,{"stream_name":"stdout","time":837.474484892,"data":"(epoch: 2, iters: 4240, time: 0.118, data: 0.003) G_GAN: 1.192 G_LPIPS: 53.138 D_real: 0.376 D_fake: 0.452 \n"}
,{"stream_name":"stdout","time":837.474489082,"data":"(epoch: 2, iters: 4260, time: 0.118, data: 0.003) G_GAN: 1.758 G_LPIPS: 57.650 D_real: 0.054 D_fake: 0.171 \n"}
,{"stream_name":"stdout","time":837.474493025,"data":"(epoch: 2, iters: 4280, time: 0.119, data: 0.003) G_GAN: 1.547 G_LPIPS: 54.980 D_real: 0.426 D_fake: 0.307 \n"}
,{"stream_name":"stdout","time":837.474496518,"data":"(epoch: 2, iters: 4300, time: 0.119, data: 0.003) G_GAN: 1.828 G_LPIPS: 56.922 D_real: 0.171 D_fake: 0.176 \n"}
,{"stream_name":"stdout","time":837.474499835,"data":"(epoch: 2, iters: 4320, time: 0.118, data: 0.003) G_GAN: 1.367 G_LPIPS: 56.190 D_real: 0.291 D_fake: 0.301 \n"}
,{"stream_name":"stdout","time":837.474502982,"data":"(epoch: 2, iters: 4340, time: 0.118, data: 0.003) G_GAN: 1.571 G_LPIPS: 56.147 D_real: 0.370 D_fake: 0.286 \n"}
,{"stream_name":"stdout","time":837.47450622,"data":"(epoch: 2, iters: 4360, time: 0.167, data: 0.003) G_GAN: 1.537 G_LPIPS: 53.266 D_real: 0.249 D_fake: 0.287 \n"}
,{"stream_name":"stdout","time":837.474509538,"data":"(epoch: 2, iters: 4380, time: 0.119, data: 0.003) G_GAN: 2.130 G_LPIPS: 57.980 D_real: 0.130 D_fake: 0.155 \n"}
,{"stream_name":"stdout","time":837.474512705,"data":"(epoch: 2, iters: 4400, time: 0.120, data: 0.003) G_GAN: 1.611 G_LPIPS: 54.676 D_real: 0.438 D_fake: 0.216 \n"}
,{"stream_name":"stdout","time":837.474516084,"data":"(epoch: 2, iters: 4420, time: 0.131, data: 0.003) G_GAN: 1.114 G_LPIPS: 57.445 D_real: 0.435 D_fake: 0.511 \n"}
,{"stream_name":"stdout","time":837.474519673,"data":"saving the latest model (epoch 2, total_iters 10000)\n"}
,{"stream_name":"stdout","time":837.474526124,"data":"(epoch: 2, iters: 4440, time: 0.118, data: 0.003) G_GAN: 1.595 G_LPIPS: 56.054 D_real: 0.146 D_fake: 0.315 \n"}
,{"stream_name":"stdout","time":837.474529831,"data":"(epoch: 2, iters: 4460, time: 0.120, data: 0.003) G_GAN: 2.807 G_LPIPS: 57.682 D_real: 0.063 D_fake: 0.071 \n"}
,{"stream_name":"stdout","time":837.474533074,"data":"(epoch: 2, iters: 4480, time: 0.120, data: 0.003) G_GAN: 1.284 G_LPIPS: 55.681 D_real: 0.186 D_fake: 0.613 \n"}
,{"stream_name":"stdout","time":837.474537348,"data":"(epoch: 2, iters: 4500, time: 0.119, data: 0.003) G_GAN: 1.701 G_LPIPS: 57.282 D_real: 0.028 D_fake: 0.464 \n"}
,{"stream_name":"stdout","time":837.474540529,"data":"(epoch: 2, iters: 4520, time: 0.119, data: 0.003) G_GAN: 1.094 G_LPIPS: 55.571 D_real: 0.621 D_fake: 0.535 \n"}
,{"stream_name":"stdout","time":837.474543887,"data":"(epoch: 2, iters: 4540, time: 0.119, data: 0.003) G_GAN: 1.197 G_LPIPS: 53.200 D_real: 0.335 D_fake: 0.438 \n"}
,{"stream_name":"stdout","time":837.474547127,"data":"(epoch: 2, iters: 4560, time: 0.119, data: 0.003) G_GAN: 1.292 G_LPIPS: 54.298 D_real: 0.196 D_fake: 0.611 \n"}
,{"stream_name":"stdout","time":914.727817905,"data":"(epoch: 2, iters: 4580, time: 0.119, data: 0.003) G_GAN: 1.036 G_LPIPS: 53.914 D_real: 0.437 D_fake: 0.482 \n"}
,{"stream_name":"stdout","time":914.727861119,"data":"(epoch: 2, iters: 4600, time: 0.119, data: 0.003) G_GAN: 1.427 G_LPIPS: 53.558 D_real: 0.524 D_fake: 0.249 \n"}
,{"stream_name":"stdout","time":914.727865479,"data":"(epoch: 2, iters: 4620, time: 0.119, data: 0.003) G_GAN: 1.154 G_LPIPS: 54.255 D_real: 0.310 D_fake: 0.554 \n"}
,{"stream_name":"stdout","time":914.727868822,"data":"(epoch: 2, iters: 4640, time: 0.119, data: 0.003) G_GAN: 1.000 G_LPIPS: 50.763 D_real: 1.157 D_fake: 0.443 \n"}
,{"stream_name":"stdout","time":914.727871989,"data":"(epoch: 2, iters: 4660, time: 0.118, data: 0.003) G_GAN: 2.241 G_LPIPS: 54.810 D_real: 0.170 D_fake: 0.136 \n"}
,{"stream_name":"stdout","time":914.72787496,"data":"(epoch: 2, iters: 4680, time: 0.120, data: 0.003) G_GAN: 1.152 G_LPIPS: 54.303 D_real: 0.209 D_fake: 0.479 \n"}
,{"stream_name":"stdout","time":914.727877915,"data":"(epoch: 2, iters: 4700, time: 0.120, data: 0.003) G_GAN: 1.046 G_LPIPS: 55.277 D_real: 0.140 D_fake: 0.758 \n"}
,{"stream_name":"stdout","time":914.727880924,"data":"(epoch: 2, iters: 4720, time: 0.120, data: 0.003) G_GAN: 1.106 G_LPIPS: 55.509 D_real: 0.084 D_fake: 0.529 \n"}
,{"stream_name":"stdout","time":914.727883834,"data":"(epoch: 2, iters: 4740, time: 0.120, data: 0.003) G_GAN: 1.520 G_LPIPS: 53.746 D_real: 0.130 D_fake: 0.391 \n"}
,{"stream_name":"stdout","time":914.727886877,"data":"(epoch: 2, iters: 4760, time: 0.121, data: 0.003) G_GAN: 2.416 G_LPIPS: 58.053 D_real: 0.247 D_fake: 0.080 \n"}
,{"stream_name":"stdout","time":914.727889884,"data":"(epoch: 2, iters: 4780, time: 0.120, data: 0.003) G_GAN: 1.406 G_LPIPS: 55.648 D_real: 0.269 D_fake: 0.477 \n"}
,{"stream_name":"stdout","time":914.727892964,"data":"(epoch: 2, iters: 4800, time: 0.120, data: 0.003) G_GAN: 1.274 G_LPIPS: 52.770 D_real: 0.398 D_fake: 0.359 \n"}
,{"stream_name":"stdout","time":914.727895982,"data":"(epoch: 2, iters: 4820, time: 0.120, data: 0.003) G_GAN: 2.345 G_LPIPS: 61.073 D_real: 0.059 D_fake: 0.142 \n"}
,{"stream_name":"stdout","time":914.727898977,"data":"(epoch: 2, iters: 4840, time: 0.151, data: 0.003) G_GAN: 1.472 G_LPIPS: 55.808 D_real: 0.355 D_fake: 0.366 \n"}
,{"stream_name":"stdout","time":914.727901907,"data":"(epoch: 2, iters: 4860, time: 0.120, data: 0.003) G_GAN: 0.999 G_LPIPS: 53.708 D_real: 0.448 D_fake: 0.628 \n"}
,{"stream_name":"stdout","time":914.7279048299999,"data":"(epoch: 2, iters: 4880, time: 0.120, data: 0.003) G_GAN: 1.311 G_LPIPS: 51.038 D_real: 0.456 D_fake: 0.366 \n"}
,{"stream_name":"stdout","time":914.727916315,"data":"(epoch: 2, iters: 4900, time: 0.120, data: 0.003) G_GAN: 2.107 G_LPIPS: 55.811 D_real: 0.289 D_fake: 0.149 \n"}
,{"stream_name":"stdout","time":914.727918859,"data":"(epoch: 2, iters: 4920, time: 0.118, data: 0.003) G_GAN: 1.969 G_LPIPS: 56.046 D_real: 0.113 D_fake: 0.189 \n"}
,{"stream_name":"stdout","time":914.727921147,"data":"(epoch: 2, iters: 4940, time: 0.119, data: 0.003) G_GAN: 1.446 G_LPIPS: 56.666 D_real: 0.142 D_fake: 0.289 \n"}
,{"stream_name":"stdout","time":914.727924472,"data":"(epoch: 2, iters: 4960, time: 0.119, data: 0.004) G_GAN: 1.188 G_LPIPS: 55.021 D_real: 0.322 D_fake: 0.401 \n"}
,{"stream_name":"stdout","time":914.727926804,"data":"(epoch: 2, iters: 4980, time: 0.120, data: 0.003) G_GAN: 1.938 G_LPIPS: 56.188 D_real: 0.339 D_fake: 0.207 \n"}
,{"stream_name":"stdout","time":914.727929085,"data":"(epoch: 2, iters: 5000, time: 0.120, data: 0.003) G_GAN: 1.368 G_LPIPS: 56.345 D_real: 0.222 D_fake: 0.429 \n"}
,{"stream_name":"stdout","time":914.727931357,"data":"(epoch: 2, iters: 5020, time: 0.120, data: 0.003) G_GAN: 2.484 G_LPIPS: 54.648 D_real: 1.962 D_fake: 0.065 \n"}
,{"stream_name":"stdout","time":914.727933704,"data":"(epoch: 2, iters: 5040, time: 0.119, data: 0.003) G_GAN: 2.286 G_LPIPS: 52.062 D_real: 0.818 D_fake: 0.100 \n"}
,{"stream_name":"stdout","time":914.727935961,"data":"(epoch: 2, iters: 5060, time: 0.121, data: 0.003) G_GAN: 1.413 G_LPIPS: 52.439 D_real: 0.150 D_fake: 0.372 \n"}
,{"stream_name":"stdout","time":914.727938231,"data":"(epoch: 2, iters: 5080, time: 0.120, data: 0.003) G_GAN: 1.348 G_LPIPS: 53.067 D_real: 0.740 D_fake: 0.247 \n"}
,{"stream_name":"stdout","time":914.727940494,"data":"(epoch: 2, iters: 5100, time: 0.120, data: 0.003) G_GAN: 1.050 G_LPIPS: 54.832 D_real: 0.109 D_fake: 0.617 \n"}
,{"stream_name":"stdout","time":914.727942819,"data":"(epoch: 2, iters: 5120, time: 0.120, data: 0.003) G_GAN: 2.024 G_LPIPS: 53.760 D_real: 0.255 D_fake: 0.170 \n"}
,{"stream_name":"stdout","time":914.727945072,"data":"(epoch: 2, iters: 5140, time: 0.120, data: 0.003) G_GAN: 1.325 G_LPIPS: 50.740 D_real: 0.365 D_fake: 0.346 \n"}
,{"stream_name":"stdout","time":914.727947325,"data":"(epoch: 2, iters: 5160, time: 0.119, data: 0.003) G_GAN: 1.897 G_LPIPS: 55.275 D_real: 0.227 D_fake: 0.217 \n"}
,{"stream_name":"stdout","time":914.727949729,"data":"(epoch: 2, iters: 5180, time: 0.120, data: 0.003) G_GAN: 1.285 G_LPIPS: 54.126 D_real: 0.239 D_fake: 0.403 \n"}
,{"stream_name":"stdout","time":914.727952109,"data":"(epoch: 2, iters: 5200, time: 0.120, data: 0.003) G_GAN: 1.758 G_LPIPS: 53.809 D_real: 0.086 D_fake: 0.279 \n"}
,{"stream_name":"stdout","time":914.72795438,"data":"(epoch: 2, iters: 5220, time: 0.119, data: 0.003) G_GAN: 1.597 G_LPIPS: 56.399 D_real: 0.086 D_fake: 0.359 \n"}
,{"stream_name":"stdout","time":914.727956675,"data":"(epoch: 2, iters: 5240, time: 0.120, data: 0.003) G_GAN: 1.790 G_LPIPS: 53.102 D_real: 0.662 D_fake: 0.157 \n"}
,{"stream_name":"stdout","time":914.727958925,"data":"(epoch: 2, iters: 5260, time: 0.118, data: 0.003) G_GAN: 1.832 G_LPIPS: 58.138 D_real: 0.365 D_fake: 0.175 \n"}
,{"stream_name":"stdout","time":914.727961288,"data":"(epoch: 2, iters: 5280, time: 0.120, data: 0.003) G_GAN: 1.952 G_LPIPS: 56.299 D_real: 0.099 D_fake: 0.200 \n"}
,{"stream_name":"stdout","time":914.727963608,"data":"(epoch: 2, iters: 5300, time: 0.120, data: 0.003) G_GAN: 1.800 G_LPIPS: 57.831 D_real: 0.042 D_fake: 0.305 \n"}
,{"stream_name":"stdout","time":914.727965873,"data":"(epoch: 2, iters: 5320, time: 0.120, data: 0.003) G_GAN: 1.487 G_LPIPS: 55.227 D_real: 0.245 D_fake: 0.298 \n"}
,{"stream_name":"stdout","time":914.727968422,"data":"(epoch: 2, iters: 5340, time: 0.119, data: 0.003) G_GAN: 1.260 G_LPIPS: 51.330 D_real: 0.361 D_fake: 0.485 \n"}
,{"stream_name":"stdout","time":914.727973025,"data":"(epoch: 2, iters: 5360, time: 0.120, data: 0.004) G_GAN: 1.591 G_LPIPS: 58.999 D_real: 0.045 D_fake: 0.497 \n"}
,{"stream_name":"stdout","time":914.727975435,"data":"(epoch: 2, iters: 5380, time: 0.120, data: 0.003) G_GAN: 1.776 G_LPIPS: 54.352 D_real: 0.444 D_fake: 0.149 \n"}
,{"stream_name":"stdout","time":914.727977726,"data":"(epoch: 2, iters: 5400, time: 0.120, data: 0.003) G_GAN: 2.488 G_LPIPS: 59.111 D_real: 0.176 D_fake: 0.098 \n"}
,{"stream_name":"stdout","time":914.727980013,"data":"(epoch: 2, iters: 5420, time: 0.120, data: 0.003) G_GAN: 0.878 G_LPIPS: 53.583 D_real: 0.190 D_fake: 1.045 \n"}
,{"stream_name":"stdout","time":914.727982375,"data":"(epoch: 2, iters: 5440, time: 0.120, data: 0.003) G_GAN: 1.447 G_LPIPS: 56.102 D_real: 0.312 D_fake: 0.349 \n"}
,{"stream_name":"stdout","time":914.727984736,"data":"(epoch: 2, iters: 5460, time: 0.120, data: 0.003) G_GAN: 1.120 G_LPIPS: 56.926 D_real: 1.354 D_fake: 0.385 \n"}
,{"stream_name":"stdout","time":914.727987004,"data":"(epoch: 2, iters: 5480, time: 0.120, data: 0.003) G_GAN: 1.728 G_LPIPS: 54.658 D_real: 0.153 D_fake: 0.262 \n"}
,{"stream_name":"stdout","time":914.727989273,"data":"(epoch: 2, iters: 5500, time: 0.120, data: 0.003) G_GAN: 1.206 G_LPIPS: 50.755 D_real: 0.189 D_fake: 0.509 \n"}
,{"stream_name":"stdout","time":914.727991594,"data":"(epoch: 2, iters: 5520, time: 0.120, data: 0.003) G_GAN: 1.260 G_LPIPS: 52.155 D_real: 0.392 D_fake: 0.460 \n"}
,{"stream_name":"stdout","time":914.727993848,"data":"(epoch: 2, iters: 5540, time: 0.119, data: 0.003) G_GAN: 1.077 G_LPIPS: 54.563 D_real: 1.602 D_fake: 0.342 \n"}
,{"stream_name":"stdout","time":914.727996165,"data":"(epoch: 2, iters: 5560, time: 0.121, data: 0.003) G_GAN: 2.578 G_LPIPS: 57.197 D_real: 0.103 D_fake: 0.119 \n"}
,{"stream_name":"stdout","time":914.727998442,"data":"(epoch: 2, iters: 5580, time: 0.073, data: 0.003) G_GAN: 1.197 G_LPIPS: 52.676 D_real: 1.046 D_fake: 0.395 \n"}
,{"stream_name":"stdout","time":914.728000749,"data":"saving the model at the end of epoch 2, iters 11160\n"}
,{"stream_name":"stdout","time":914.728003033,"data":"End of epoch 2 / 2 \t Time Taken: 417 sec\n"}
,{"stream_name":"stdout","time":916.555762328,"data":"==============================================================================\n"}
,{"stream_name":"stdout","time":916.555793188,"data":"COLD-START DISCRIMINATOR - PROVENANCE\n"}
,{"stream_name":"stdout","time":916.555796349,"data":"==============================================================================\n"}
,{"stream_name":"stdout","time":916.555799176,"data":"latest_net_D.pth in this directory was NOT released with the GenCP weights.\n"}
,{"stream_name":"stdout","time":916.555801521,"data":"No discriminator has ever been published for the GenCP HR model.\n"}
,{"stream_name":"stdout","time":916.555803835,"data":"\n"}
,{"stream_name":"stdout","time":916.555805995,"data":"It was randomly initialised by tubitak/kaggle/train_c1_c2.py at the start of the run\n"}
,{"stream_name":"stdout","time":916.555808326,"data":"recorded below, through the repository's own networks.define_D -\u003e init_net -\u003e init_weights\n"}
,{"stream_name":"stdout","time":916.555810938,"data":"path, so that it starts in the distribution the training loop expects.\n"}
,{"stream_name":"stdout","time":916.555813258,"data":"\n"}
,{"stream_name":"stdout","time":916.555815381,"data":"  created (UTC) : 2026-08-23T19:52:18.312487+00:00\n"}
,{"stream_name":"stdout","time":916.555817662,"data":"  arm           : C4\n"}
,{"stream_name":"stdout","time":916.555819815,"data":"  seed          : 42  (torch.manual_seed + torch.cuda.manual_seed_all, immediately before define_D)\n"}
,{"stream_name":"stdout","time":916.555837725,"data":"  init scheme   : normal, gain 0.02  (init_type='normal', init_gain=0.02 - framework default)\n"}
,{"stream_name":"stdout","time":916.555840233,"data":"  architecture  : define_D(input_nc=6, ndf=64, netD='basic', n_layers_D=3, norm='batch')\n"}
,{"stream_name":"stdout","time":916.55584254,"data":"  parameters    : 2770500\n"}
,{"stream_name":"stdout","time":916.555844705,"data":"  sha256        : 06317d0b5fd9efe491ccb53c899e33b67b5ed381cfaca1c522298ede7ea22321\n"}
,{"stream_name":"stdout","time":916.555847008,"data":"  paired with   : latest_net_G.pth, the released GenCP HR RGB generator (genuinely pretrained)\n"}
,{"stream_name":"stdout","time":916.555849318,"data":"\n"}
,{"stream_name":"stdout","time":916.555851447,"data":"Do not cite, publish, redistribute or reuse this file as a pretrained discriminator.\n"}
,{"stream_name":"stdout","time":916.555853681,"data":"Any result produced from it starts from a cold, random D by design; see\n"}
,{"stream_name":"stdout","time":916.555855986,"data":"tubitak/docs/phase-c-config.md, \"Discriminator cold-start\".\n"}
,{"stream_name":"stdout","time":916.555858298,"data":"\n"}
,{"stream_name":"stdout","time":916.555860389,"data":"==============================================================================\n"}
,{"stream_name":"stdout","time":918.269811609,"data":"[seed-hook] random/numpy/torch seeded with 42\n"}
,{"stream_name":"stderr","time":934.271260119,"data":"/kaggle/working/GenCP/models/base_model.py:123: UserWarning: Detected call of `lr_scheduler.step()` before `optimizer.step()`. In PyTorch 1.1.0 and later, you should call them in the opposite order: `optimizer.step()` before `lr_scheduler.step()`.  Failure to do this will result in PyTorch skipping the first value of the learning rate schedule. See more details at https://pytorch.org/docs/stable/optim.html#how-to-adjust-learning-rate\n"}
,{"stream_name":"stderr","time":934.271299871,"data":"  scheduler.step()\n"}
,{"stream_name":"stdout","time":934.272761361,"data":"----------------- Options ---------------\n"}
,{"stream_name":"stdout","time":934.272787209,"data":"                    LPIPS: True                          \t[default: False]\n"}
,{"stream_name":"stdout","time":934.272793676,"data":"               batch_size: 4                             \t[default: 1]\n"}
,{"stream_name":"stdout","time":934.272798466,"data":"                    beta1: 0.5                           \n"}
,{"stream_name":"stdout","time":934.272802983,"data":"          checkpoints_dir: /kaggle/working/checkpoints   \t[default: ./checkpoints]\n"}
,{"stream_name":"stdout","time":934.272807505,"data":"           continue_train: True                          \t[default: False]\n"}
,{"stream_name":"stdout","time":934.272812001,"data":"                crop_size: 256                           \n"}
,{"stream_name":"stdout","time":934.272822082,"data":"                 dataroot: /kaggle/working/GenCP/datasets/tr\t[default: None]\n"}
,{"stream_name":"stdout","time":934.27282571,"data":"             dataset_mode: aligned                       \n"}
,{"stream_name":"stdout","time":934.272828616,"data":"                direction: BtoA                          \t[default: AtoB]\n"}
,{"stream_name":"stdout","time":934.272831533,"data":"              display_env: main                          \n"}
,{"stream_name":"stdout","time":934.272834368,"data":"             display_freq: 400                           \n"}
,{"stream_name":"stdout","time":934.272837322,"data":"               display_id: -1                            \t[default: 1]\n"}
,{"stream_name":"stdout","time":934.272840753,"data":"            display_ncols: 4                             \n"}
,{"stream_name":"stdout","time":934.272853153,"data":"             display_port: 8097                          \n"}
,{"stream_name":"stdout","time":934.272855561,"data":"           display_server: http://localhost              \n"}
,{"stream_name":"stdout","time":934.272857797,"data":"          display_winsize: 256                           \n"}
,{"stream_name":"stdout","time":934.272859988,"data":"                    epoch: latest                        \n"}
,{"stream_name":"stdout","time":934.272862303,"data":"              epoch_count: 3                             \t[default: 1]\n"}
,{"stream_name":"stdout","time":934.272864558,"data":"                 gan_mode: vanilla                       \n"}
,{"stream_name":"stdout","time":934.272866769,"data":"                  gpu_ids: 0                             \n"}
,{"stream_name":"stdout","time":934.272868951,"data":"                init_gain: 0.02                          \n"}
,{"stream_name":"stdout","time":934.2728712,"data":"                init_type: normal                        \n"}
,{"stream_name":"stdout","time":934.272873487,"data":"                 input_nc: 3                             \n"}
,{"stream_name":"stdout","time":934.272875796,"data":"                  isTrain: True                          \t[default: None]\n"}
,{"stream_name":"stdout","time":934.272878055,"data":"                lambda_L1: 100.0                         \n"}
,{"stream_name":"stdout","time":934.272880376,"data":"                load_iter: 0                             \t[default: 0]\n"}
,{"stream_name":"stdout","time":934.272882621,"data":"                load_size: 286                           \n"}
,{"stream_name":"stdout","time":934.272884813,"data":"                       lr: 0.0001                        \t[default: 0.0002]\n"}
,{"stream_name":"stdout","time":934.272887108,"data":"           lr_decay_iters: 50                            \n"}
,{"stream_name":"stdout","time":934.272889389,"data":"                lr_policy: linear                        \n"}
,{"stream_name":"stdout","time":934.272891572,"data":"         max_dataset_size: inf                           \n"}
,{"stream_name":"stdout","time":934.272894716,"data":"                    model: pix2pix                       \t[default: cycle_gan]\n"}
,{"stream_name":"stdout","time":934.272897073,"data":"                 n_epochs: 10                            \t[default: 100]\n"}
,{"stream_name":"stdout","time":934.272899404,"data":"           n_epochs_decay: 10                            \t[default: 100]\n"}
,{"stream_name":"stdout","time":934.272901638,"data":"               n_layers_D: 3                             \n"}
,{"stream_name":"stdout","time":934.272903844,"data":"                     name: C4                            \t[default: experiment_name]\n"}
,{"stream_name":"stdout","time":934.272906153,"data":"                      ndf: 64                            \n"}
,{"stream_name":"stdout","time":934.272908324,"data":"                     netD: basic                         \n"}
,{"stream_name":"stdout","time":934.272910497,"data":"                     netG: unet_256                      \n"}
,{"stream_name":"stdout","time":934.272912696,"data":"                      ngf: 64                            \n"}
,{"stream_name":"stdout","time":934.272914869,"data":"               no_dropout: False                         \n"}
,{"stream_name":"stdout","time":934.272917041,"data":"                  no_flip: False                         \n"}
,{"stream_name":"stdout","time":934.27291921,"data":"                  no_html: False                         \n"}
,{"stream_name":"stdout","time":934.272921371,"data":"                     norm: batch                         \n"}
,{"stream_name":"stdout","time":934.272926456,"data":"              num_threads: 4                             \n"}
,{"stream_name":"stdout","time":934.272928735,"data":"                output_nc: 3                             \n"}
,{"stream_name":"stdout","time":934.272930905,"data":"                    phase: train                         \n"}
,{"stream_name":"stdout","time":934.272933106,"data":"                pool_size: 0                             \n"}
,{"stream_name":"stdout","time":934.272935276,"data":"               preprocess: resize_and_crop               \n"}
,{"stream_name":"stdout","time":934.272937466,"data":"               print_freq: 10                            \t[default: 100]\n"}
,{"stream_name":"stdout","time":934.272939713,"data":"             save_by_iter: False                         \n"}
,{"stream_name":"stdout","time":934.272941896,"data":"          save_epoch_freq: 1                             \t[default: 5]\n"}
,{"stream_name":"stdout","time":934.272944121,"data":"         save_latest_freq: 5000                          \n"}
,{"stream_name":"stdout","time":934.272946286,"data":"           serial_batches: False                         \n"}
,{"stream_name":"stdout","time":934.272948456,"data":"                   suffix:                               \n"}
,{"stream_name":"stdout","time":934.272950643,"data":"         update_html_freq: 1000                          \n"}
,{"stream_name":"stdout","time":934.272952814,"data":"                use_wandb: False                         \n"}
,{"stream_name":"stdout","time":934.272954981,"data":"                  verbose: False                         \n"}
,{"stream_name":"stdout","time":934.272957143,"data":"       wandb_project_name: CycleGAN-and-pix2pix          \n"}
,{"stream_name":"stdout","time":934.272959325,"data":"----------------- End -------------------\n"}
,{"stream_name":"stdout","time":934.272961475,"data":"dataset [AlignedDataset] was created\n"}
,{"stream_name":"stdout","time":934.272963685,"data":"The number of training images = 5577\n"}
,{"stream_name":"stdout","time":934.272966291,"data":"initialize network with normal\n"}
,{"stream_name":"stdout","time":934.272968535,"data":"initialize network with normal\n"}
,{"stream_name":"stdout","time":934.272970666,"data":"model [Pix2PixModel] was created\n"}
,{"stream_name":"stdout","time":934.272972848,"data":"loading the model from /kaggle/working/checkpoints/C4/latest_net_G.pth\n"}
,{"stream_name":"stdout","time":934.272975495,"data":"loading the model from /kaggle/working/checkpoints/C4/latest_net_D.pth\n"}
,{"stream_name":"stdout","time":934.272977728,"data":"---------- Networks initialized -------------\n"}
,{"stream_name":"stdout","time":934.272979906,"data":"[Network G] Total number of parameters : 54.414 M\n"}
,{"stream_name":"stdout","time":934.272982086,"data":"[Network D] Total number of parameters : 2.769 M\n"}
,{"stream_name":"stdout","time":934.272984245,"data":"-----------------------------------------------\n"}
,{"stream_name":"stdout","time":934.272986418,"data":"create web directory /kaggle/working/checkpoints/C4/web...\n"}
,{"stream_name":"stdout","time":934.272988651,"data":"learning rate 0.0001000 -\u003e 0.0001000\n"}
,{"stream_name":"stderr","time":950.388267432,"data":"/kaggle/working/GenCP/models/base_model.py:141: UserWarning: Converting a tensor with requires_grad=True to a scalar may lead to unexpected behavior.\n"}
,{"stream_name":"stderr","time":950.388319519,"data":"Consider using tensor.detach() first. (Triggered internally at /pytorch/torch/csrc/autograd/generated/python_variable_methods.cpp:836.)\n"}
,{"stream_name":"stderr","time":950.388324508,"data":"  errors_ret[name] = float(getattr(self, 'loss_' + name))  # float(...) works for both scalar tensor and float number\n"}
,{"stream_name":"stdout","time":1060.990838593,"data":"(epoch: 3, iters: 20, time: 0.117, data: 0.242) G_GAN: 1.391 G_LPIPS: 53.446 D_real: 0.388 D_fake: 1.075 \n"}
,{"stream_name":"stdout","time":1060.990879087,"data":"(epoch: 3, iters: 40, time: 0.119, data: 0.003) G_GAN: 1.826 G_LPIPS: 57.207 D_real: 0.194 D_fake: 0.615 \n"}
,{"stream_name":"stdout","time":1060.990883493,"data":"(epoch: 3, iters: 60, time: 0.120, data: 0.003) G_GAN: 0.758 G_LPIPS: 56.788 D_real: 0.994 D_fake: 0.067 \n"}
,{"stream_name":"stdout","time":1060.990898041,"data":"(epoch: 3, iters: 80, time: 0.120, data: 0.003) G_GAN: 2.063 G_LPIPS: 52.473 D_real: 0.837 D_fake: 0.084 \n"}
,{"stream_name":"stdout","time":1060.990903707,"data":"(epoch: 3, iters: 100, time: 0.121, data: 0.003) G_GAN: 1.725 G_LPIPS: 54.743 D_real: 0.223 D_fake: 0.970 \n"}
,{"stream_name":"stdout","time":1060.990908693,"data":"(epoch: 3, iters: 120, time: 0.122, data: 0.003) G_GAN: 1.650 G_LPIPS: 52.409 D_real: 0.419 D_fake: 0.252 \n"}
,{"stream_name":"stdout","time":1060.990914021,"data":"(epoch: 3, iters: 140, time: 0.123, data: 0.003) G_GAN: 1.766 G_LPIPS: 52.782 D_real: 0.213 D_fake: 0.622 \n"}
,{"stream_name":"stdout","time":1060.990919089,"data":"(epoch: 3, iters: 160, time: 0.122, data: 0.003) G_GAN: 1.210 G_LPIPS: 50.671 D_real: 0.412 D_fake: 0.499 \n"}
,{"stream_name":"stdout","time":1060.990923754,"data":"(epoch: 3, iters: 180, time: 0.124, data: 0.003) G_GAN: 0.923 G_LPIPS: 52.896 D_real: 0.352 D_fake: 0.300 \n"}
,{"stream_name":"stdout","time":1060.990928332,"data":"(epoch: 3, iters: 200, time: 0.124, data: 0.003) G_GAN: 1.949 G_LPIPS: 55.654 D_real: 0.189 D_fake: 0.128 \n"}
,{"stream_name":"stdout","time":1060.990933581,"data":"(epoch: 3, iters: 220, time: 0.125, data: 0.004) G_GAN: 2.240 G_LPIPS: 55.898 D_real: 0.125 D_fake: 0.277 \n"}
,{"stream_name":"stdout","time":1060.990938486,"data":"(epoch: 3, iters: 240, time: 0.126, data: 0.003) G_GAN: 1.550 G_LPIPS: 53.594 D_real: 0.318 D_fake: 0.603 \n"}
,{"stream_name":"stdout","time":1060.990943285,"data":"(epoch: 3, iters: 260, time: 0.126, data: 0.003) G_GAN: 1.616 G_LPIPS: 54.463 D_real: 0.246 D_fake: 0.535 \n"}
,{"stream_name":"stdout","time":1060.990948039,"data":"(epoch: 3, iters: 280, time: 0.126, data: 0.003) G_GAN: 2.053 G_LPIPS: 54.581 D_real: 0.520 D_fake: 0.279 \n"}
,{"stream_name":"stdout","time":1060.990952874,"data":"(epoch: 3, iters: 300, time: 0.125, data: 0.003) G_GAN: 1.667 G_LPIPS: 57.920 D_real: 0.191 D_fake: 0.412 \n"}
,{"stream_name":"stdout","time":1060.990957962,"data":"(epoch: 3, iters: 320, time: 0.127, data: 0.003) G_GAN: 1.953 G_LPIPS: 55.799 D_real: 0.363 D_fake: 0.197 \n"}
,{"stream_name":"stdout","time":1060.990962786,"data":"(epoch: 3, iters: 340, time: 0.125, data: 0.003) G_GAN: 1.628 G_LPIPS: 56.678 D_real: 0.227 D_fake: 0.550 \n"}
,{"stream_name":"stdout","time":1060.990967962,"data":"(epoch: 3, iters: 360, time: 0.124, data: 0.003) G_GAN: 1.197 G_LPIPS: 54.051 D_real: 0.476 D_fake: 0.290 \n"}
,{"stream_name":"stdout","time":1060.990973255,"data":"(epoch: 3, iters: 380, time: 0.123, data: 0.003) G_GAN: 1.781 G_LPIPS: 53.330 D_real: 0.256 D_fake: 0.228 \n"}
,{"stream_name":"stdout","time":1060.990978779,"data":"(epoch: 3, iters: 400, time: 0.137, data: 0.003) G_GAN: 2.136 G_LPIPS: 55.987 D_real: 0.126 D_fake: 0.262 \n"}
,{"stream_name":"stdout","time":1060.990984299,"data":"(epoch: 3, iters: 420, time: 0.122, data: 0.003) G_GAN: 1.206 G_LPIPS: 53.166 D_real: 1.082 D_fake: 0.196 \n"}
,{"stream_name":"stdout","time":1060.99098986,"data":"(epoch: 3, iters: 440, time: 0.121, data: 0.003) G_GAN: 1.231 G_LPIPS: 54.813 D_real: 0.326 D_fake: 0.426 \n"}
,{"stream_name":"stdout","time":1060.99099523,"data":"(epoch: 3, iters: 460, time: 0.120, data: 0.003) G_GAN: 1.794 G_LPIPS: 55.456 D_real: 0.064 D_fake: 0.661 \n"}
,{"stream_name":"stdout","time":1060.991012232,"data":"(epoch: 3, iters: 480, time: 0.120, data: 0.003) G_GAN: 2.156 G_LPIPS: 56.999 D_real: 0.352 D_fake: 0.081 \n"}
,{"stream_name":"stdout","time":1060.991016094,"data":"(epoch: 3, iters: 500, time: 0.120, data: 0.003) G_GAN: 1.249 G_LPIPS: 53.259 D_real: 0.854 D_fake: 0.347 \n"}
,{"stream_name":"stdout","time":1060.991019611,"data":"(epoch: 3, iters: 520, time: 0.119, data: 0.003) G_GAN: 1.839 G_LPIPS: 55.524 D_real: 0.037 D_fake: 1.143 \n"}
,{"stream_name":"stdout","time":1060.991023155,"data":"(epoch: 3, iters: 540, time: 0.117, data: 0.003) G_GAN: 2.019 G_LPIPS: 53.254 D_real: 0.255 D_fake: 0.389 \n"}
,{"stream_name":"stdout","time":1060.991026687,"data":"(epoch: 3, iters: 560, time: 0.119, data: 0.003) G_GAN: 2.092 G_LPIPS: 59.114 D_real: 0.225 D_fake: 0.241 \n"}
,{"stream_name":"stdout","time":1060.991033354,"data":"(epoch: 3, iters: 580, time: 0.119, data: 0.003) G_GAN: 1.973 G_LPIPS: 58.214 D_real: 0.116 D_fake: 0.286 \n"}
,{"stream_name":"stdout","time":1060.991035736,"data":"(epoch: 3, iters: 600, time: 0.118, data: 0.003) G_GAN: 2.210 G_LPIPS: 55.002 D_real: 0.145 D_fake: 1.085 \n"}
,{"stream_name":"stdout","time":1060.991038034,"data":"(epoch: 3, iters: 620, time: 0.116, data: 0.003) G_GAN: 0.987 G_LPIPS: 53.445 D_real: 0.845 D_fake: 0.191 \n"}
,{"stream_name":"stdout","time":1060.991040301,"data":"(epoch: 3, iters: 640, time: 0.116, data: 0.003) G_GAN: 1.071 G_LPIPS: 52.999 D_real: 0.362 D_fake: 0.677 \n"}
,{"stream_name":"stdout","time":1060.991042552,"data":"(epoch: 3, iters: 660, time: 0.116, data: 0.003) G_GAN: 2.476 G_LPIPS: 57.893 D_real: 0.191 D_fake: 0.145 \n"}
,{"stream_name":"stdout","time":1060.991044809,"data":"(epoch: 3, iters: 680, time: 0.116, data: 0.003) G_GAN: 2.303 G_LPIPS: 56.987 D_real: 0.017 D_fake: 0.255 \n"}
,{"stream_name":"stdout","time":1060.991047137,"data":"(epoch: 3, iters: 700, time: 0.116, data: 0.003) G_GAN: 1.800 G_LPIPS: 56.703 D_real: 0.233 D_fake: 0.475 \n"}
,{"stream_name":"stdout","time":1060.991049391,"data":"(epoch: 3, iters: 720, time: 0.116, data: 0.003) G_GAN: 0.833 G_LPIPS: 53.527 D_real: 0.456 D_fake: 0.674 \n"}
,{"stream_name":"stdout","time":1060.991051639,"data":"(epoch: 3, iters: 740, time: 0.116, data: 0.003) G_GAN: 1.659 G_LPIPS: 58.273 D_real: 0.205 D_fake: 0.367 \n"}
,{"stream_name":"stdout","time":1060.99105391,"data":"(epoch: 3, iters: 760, time: 0.116, data: 0.003) G_GAN: 0.813 G_LPIPS: 54.624 D_real: 0.533 D_fake: 0.418 \n"}
,{"stream_name":"stdout","time":1060.991056524,"data":"(epoch: 3, iters: 780, time: 0.116, data: 0.003) G_GAN: 1.838 G_LPIPS: 54.960 D_real: 0.359 D_fake: 0.448 \n"}
,{"stream_name":"stdout","time":1060.991058799,"data":"(epoch: 3, iters: 800, time: 0.116, data: 0.003) G_GAN: 1.065 G_LPIPS: 50.549 D_real: 0.974 D_fake: 0.402 \n"}
,{"stream_name":"stdout","time":1060.991061052,"data":"(epoch: 3, iters: 820, time: 0.115, data: 0.003) G_GAN: 1.153 G_LPIPS: 52.969 D_real: 0.511 D_fake: 0.286 \n"}
,{"stream_name":"stdout","time":1060.991063324,"data":"(epoch: 3, iters: 840, time: 0.116, data: 0.003) G_GAN: 1.617 G_LPIPS: 54.310 D_real: 0.718 D_fake: 0.183 \n"}
,{"stream_name":"stdout","time":1060.99106604,"data":"(epoch: 3, iters: 860, time: 0.116, data: 0.003) G_GAN: 1.670 G_LPIPS: 59.995 D_real: 0.048 D_fake: 0.468 \n"}
,{"stream_name":"stdout","time":1060.991079235,"data":"(epoch: 3, iters: 880, time: 0.117, data: 0.003) G_GAN: 1.603 G_LPIPS: 54.932 D_real: 0.370 D_fake: 0.201 \n"}
,{"stream_name":"stdout","time":1060.991083491,"data":"(epoch: 3, iters: 900, time: 0.116, data: 0.003) G_GAN: 0.626 G_LPIPS: 52.682 D_real: 1.152 D_fake: 0.154 \n"}
,{"stream_name":"stdout","time":1060.99108767,"data":"(epoch: 3, iters: 920, time: 0.116, data: 0.003) G_GAN: 1.429 G_LPIPS: 54.336 D_real: 0.547 D_fake: 0.166 \n"}
,{"stream_name":"stdout","time":1060.99109599,"data":"(epoch: 3, iters: 940, time: 0.116, data: 0.003) G_GAN: 1.799 G_LPIPS: 56.509 D_real: 0.089 D_fake: 0.761 \n"}
,{"stream_name":"stdout","time":1060.991099974,"data":"(epoch: 3, iters: 960, time: 0.116, data: 0.003) G_GAN: 1.410 G_LPIPS: 56.506 D_real: 0.190 D_fake: 0.334 \n"}
,{"stream_name":"stdout","time":1060.99110353,"data":"(epoch: 3, iters: 980, time: 0.116, data: 0.003) G_GAN: 1.874 G_LPIPS: 55.366 D_real: 0.223 D_fake: 0.481 \n"}
,{"stream_name":"stdout","time":1060.991107026,"data":"(epoch: 3, iters: 1000, time: 0.116, data: 0.003) G_GAN: 1.759 G_LPIPS: 53.029 D_real: 0.331 D_fake: 0.312 \n"}
,{"stream_name":"stdout","time":1060.991110582,"data":"(epoch: 3, iters: 1020, time: 0.116, data: 0.003) G_GAN: 2.967 G_LPIPS: 59.362 D_real: 0.093 D_fake: 0.108 \n"}
,{"stream_name":"stdout","time":1060.991114074,"data":"(epoch: 3, iters: 1040, time: 0.116, data: 0.003) G_GAN: 1.591 G_LPIPS: 50.131 D_real: 0.453 D_fake: 0.316 \n"}
,{"stream_name":"stdout","time":1060.991117578,"data":"(epoch: 3, iters: 1060, time: 0.117, data: 0.003) G_GAN: 1.176 G_LPIPS: 49.685 D_real: 0.911 D_fake: 0.247 \n"}
,{"stream_name":"stdout","time":1060.991121222,"data":"(epoch: 3, iters: 1080, time: 0.116, data: 0.003) G_GAN: 1.796 G_LPIPS: 52.889 D_real: 0.125 D_fake: 0.811 \n"}
,{"stream_name":"stdout","time":1060.991124777,"data":"(epoch: 3, iters: 1100, time: 0.116, data: 0.003) G_GAN: 1.477 G_LPIPS: 52.434 D_real: 0.668 D_fake: 0.282 \n"}
,{"stream_name":"stdout","time":1060.991128785,"data":"(epoch: 3, iters: 1120, time: 0.117, data: 0.003) G_GAN: 0.980 G_LPIPS: 52.023 D_real: 0.836 D_fake: 0.324 \n"}
,{"stream_name":"stdout","time":1060.991132808,"data":"(epoch: 3, iters: 1140, time: 0.116, data: 0.003) G_GAN: 1.559 G_LPIPS: 47.457 D_real: 0.458 D_fake: 0.689 \n"}
,{"stream_name":"stdout","time":1060.991137149,"data":"(epoch: 3, iters: 1160, time: 0.117, data: 0.003) G_GAN: 1.254 G_LPIPS: 52.620 D_real: 0.793 D_fake: 0.656 \n"}
,{"stream_name":"stdout","time":1060.991140806,"data":"(epoch: 3, iters: 1180, time: 0.117, data: 0.003) G_GAN: 1.181 G_LPIPS: 49.879 D_real: 0.522 D_fake: 0.516 \n"}
,{"stream_name":"stdout","time":1060.991145357,"data":"(epoch: 3, iters: 1200, time: 0.118, data: 0.003) G_GAN: 2.527 G_LPIPS: 56.287 D_real: 0.043 D_fake: 0.218 \n"}
,{"stream_name":"stdout","time":1060.991148952,"data":"(epoch: 3, iters: 1220, time: 0.119, data: 0.003) G_GAN: 2.345 G_LPIPS: 53.822 D_real: 0.521 D_fake: 0.074 \n"}
,{"stream_name":"stdout","time":1060.991151976,"data":"(epoch: 3, iters: 1240, time: 0.118, data: 0.003) G_GAN: 1.593 G_LPIPS: 53.933 D_real: 0.384 D_fake: 0.202 \n"}
,{"stream_name":"stdout","time":1060.991155334,"data":"(epoch: 3, iters: 1260, time: 0.119, data: 0.003) G_GAN: 1.242 G_LPIPS: 51.942 D_real: 0.940 D_fake: 0.120 \n"}
,{"stream_name":"stdout","time":1060.991158521,"data":"(epoch: 3, iters: 1280, time: 0.119, data: 0.003) G_GAN: 2.027 G_LPIPS: 58.056 D_real: 0.144 D_fake: 0.349 \n"}
,{"stream_name":"stdout","time":1060.991162297,"data":"(epoch: 3, iters: 1300, time: 0.119, data: 0.003) G_GAN: 1.527 G_LPIPS: 50.854 D_real: 0.645 D_fake: 0.525 \n"}
,{"stream_name":"stdout","time":1060.991165945,"data":"(epoch: 3, iters: 1320, time: 0.119, data: 0.003) G_GAN: 1.471 G_LPIPS: 55.233 D_real: 0.107 D_fake: 0.417 \n"}
,{"stream_name":"stdout","time":1060.991170389,"data":"(epoch: 3, iters: 1340, time: 0.119, data: 0.003) G_GAN: 2.225 G_LPIPS: 55.357 D_real: 0.038 D_fake: 0.583 \n"}
,{"stream_name":"stdout","time":1060.991174119,"data":"(epoch: 3, iters: 1360, time: 0.118, data: 0.003) G_GAN: 2.317 G_LPIPS: 56.042 D_real: 0.159 D_fake: 1.041 \n"}
,{"stream_name":"stdout","time":1060.991177187,"data":"(epoch: 3, iters: 1380, time: 0.119, data: 0.003) G_GAN: 2.112 G_LPIPS: 54.104 D_real: 0.179 D_fake: 1.324 \n"}
,{"stream_name":"stdout","time":1060.991183512,"data":"(epoch: 3, iters: 1400, time: 0.119, data: 0.003) G_GAN: 1.299 G_LPIPS: 50.547 D_real: 0.228 D_fake: 0.755 \n"}
,{"stream_name":"stdout","time":1060.991187062,"data":"(epoch: 3, iters: 1420, time: 0.119, data: 0.003) G_GAN: 1.466 G_LPIPS: 58.247 D_real: 0.430 D_fake: 0.198 \n"}
,{"stream_name":"stdout","time":1060.991190512,"data":"(epoch: 3, iters: 1440, time: 0.119, data: 0.003) G_GAN: 2.166 G_LPIPS: 55.160 D_real: 0.187 D_fake: 0.185 \n"}
,{"stream_name":"stdout","time":1060.991193671,"data":"(epoch: 3, iters: 1460, time: 0.118, data: 0.003) G_GAN: 1.484 G_LPIPS: 58.231 D_real: 0.271 D_fake: 0.391 \n"}
,{"stream_name":"stdout","time":1060.991197565,"data":"(epoch: 3, iters: 1480, time: 0.119, data: 0.003) G_GAN: 1.896 G_LPIPS: 51.181 D_real: 0.228 D_fake: 0.298 \n"}
,{"stream_name":"stdout","time":1060.991201216,"data":"(epoch: 3, iters: 1500, time: 0.118, data: 0.003) G_GAN: 2.418 G_LPIPS: 57.851 D_real: 0.063 D_fake: 0.206 \n"}
,{"stream_name":"stdout","time":1060.991204621,"data":"(epoch: 3, iters: 1520, time: 0.119, data: 0.002) G_GAN: 1.268 G_LPIPS: 53.867 D_real: 0.277 D_fake: 0.706 \n"}
,{"stream_name":"stdout","time":1170.391752518,"data":"(epoch: 3, iters: 1540, time: 0.118, data: 0.003) G_GAN: 1.946 G_LPIPS: 56.193 D_real: 0.164 D_fake: 0.294 \n"}
,{"stream_name":"stdout","time":1170.391788978,"data":"(epoch: 3, iters: 1560, time: 0.120, data: 0.003) G_GAN: 1.978 G_LPIPS: 57.683 D_real: 0.098 D_fake: 0.329 \n"}
,{"stream_name":"stdout","time":1170.391793357,"data":"(epoch: 3, iters: 1580, time: 0.117, data: 0.003) G_GAN: 2.175 G_LPIPS: 56.759 D_real: 0.220 D_fake: 0.153 \n"}
,{"stream_name":"stdout","time":1170.391796802,"data":"(epoch: 3, iters: 1600, time: 0.119, data: 0.003) G_GAN: 2.329 G_LPIPS: 56.820 D_real: 0.623 D_fake: 0.078 \n"}
,{"stream_name":"stdout","time":1170.391800116,"data":"(epoch: 3, iters: 1620, time: 0.118, data: 0.003) G_GAN: 2.231 G_LPIPS: 57.591 D_real: 0.015 D_fake: 0.877 \n"}
,{"stream_name":"stdout","time":1170.391803168,"data":"(epoch: 3, iters: 1640, time: 0.119, data: 0.003) G_GAN: 1.958 G_LPIPS: 56.083 D_real: 0.222 D_fake: 0.200 \n"}
,{"stream_name":"stdout","time":1170.391806349,"data":"(epoch: 3, iters: 1660, time: 0.118, data: 0.003) G_GAN: 2.006 G_LPIPS: 56.461 D_real: 0.152 D_fake: 0.864 \n"}
,{"stream_name":"stdout","time":1170.39180932,"data":"(epoch: 3, iters: 1680, time: 0.118, data: 0.004) G_GAN: 2.972 G_LPIPS: 57.124 D_real: 0.063 D_fake: 0.277 \n"}
,{"stream_name":"stdout","time":1170.391812315,"data":"(epoch: 3, iters: 1700, time: 0.118, data: 0.003) G_GAN: 2.848 G_LPIPS: 60.438 D_real: 0.018 D_fake: 0.173 \n"}
,{"stream_name":"stdout","time":1170.391815259,"data":"(epoch: 3, iters: 1720, time: 0.119, data: 0.003) G_GAN: 1.737 G_LPIPS: 56.579 D_real: 0.228 D_fake: 0.346 \n"}
,{"stream_name":"stdout","time":1170.391818242,"data":"(epoch: 3, iters: 1740, time: 0.118, data: 0.003) G_GAN: 1.803 G_LPIPS: 55.883 D_real: 0.188 D_fake: 0.800 \n"}
,{"stream_name":"stdout","time":1170.391821164,"data":"(epoch: 3, iters: 1760, time: 0.118, data: 0.003) G_GAN: 1.875 G_LPIPS: 53.206 D_real: 0.171 D_fake: 0.303 \n"}
,{"stream_name":"stdout","time":1170.391824081,"data":"(epoch: 3, iters: 1780, time: 0.118, data: 0.003) G_GAN: 1.690 G_LPIPS: 55.496 D_real: 0.753 D_fake: 0.053 \n"}
,{"stream_name":"stdout","time":1170.391827006,"data":"(epoch: 3, iters: 1800, time: 0.118, data: 0.003) G_GAN: 2.084 G_LPIPS: 50.169 D_real: 0.644 D_fake: 0.085 \n"}
,{"stream_name":"stdout","time":1170.391829916,"data":"(epoch: 3, iters: 1820, time: 0.115, data: 0.003) G_GAN: 1.124 G_LPIPS: 55.203 D_real: 0.519 D_fake: 0.095 \n"}
,{"stream_name":"stdout","time":1170.391832842,"data":"(epoch: 3, iters: 1840, time: 0.118, data: 0.003) G_GAN: 1.505 G_LPIPS: 54.128 D_real: 0.356 D_fake: 0.192 \n"}
,{"stream_name":"stdout","time":1170.39184771,"data":"(epoch: 3, iters: 1860, time: 0.117, data: 0.003) G_GAN: 2.302 G_LPIPS: 59.050 D_real: 0.063 D_fake: 0.201 \n"}
,{"stream_name":"stdout","time":1170.39185026,"data":"(epoch: 3, iters: 1880, time: 0.117, data: 0.003) G_GAN: 1.990 G_LPIPS: 54.921 D_real: 0.197 D_fake: 0.202 \n"}
,{"stream_name":"stdout","time":1170.391852579,"data":"(epoch: 3, iters: 1900, time: 0.118, data: 0.003) G_GAN: 2.069 G_LPIPS: 55.543 D_real: 0.097 D_fake: 0.241 \n"}
,{"stream_name":"stdout","time":1170.391855805,"data":"(epoch: 3, iters: 1920, time: 0.117, data: 0.003) G_GAN: 2.194 G_LPIPS: 56.539 D_real: 0.035 D_fake: 0.419 \n"}
,{"stream_name":"stdout","time":1170.391858142,"data":"(epoch: 3, iters: 1940, time: 0.117, data: 0.003) G_GAN: 1.053 G_LPIPS: 53.012 D_real: 0.568 D_fake: 0.271 \n"}
,{"stream_name":"stdout","time":1170.39186044,"data":"(epoch: 3, iters: 1960, time: 0.117, data: 0.003) G_GAN: 1.621 G_LPIPS: 53.347 D_real: 0.700 D_fake: 0.262 \n"}
,{"stream_name":"stdout","time":1170.391862707,"data":"(epoch: 3, iters: 1980, time: 0.117, data: 0.003) G_GAN: 1.509 G_LPIPS: 52.372 D_real: 0.382 D_fake: 0.242 \n"}
,{"stream_name":"stdout","time":1170.391865582,"data":"(epoch: 3, iters: 2000, time: 0.129, data: 0.004) G_GAN: 1.968 G_LPIPS: 58.721 D_real: 0.044 D_fake: 0.535 \n"}
,{"stream_name":"stdout","time":1170.39186864,"data":"(epoch: 3, iters: 2020, time: 0.117, data: 0.003) G_GAN: 2.109 G_LPIPS: 54.374 D_real: 0.337 D_fake: 0.640 \n"}
,{"stream_name":"stdout","time":1170.391870921,"data":"(epoch: 3, iters: 2040, time: 0.117, data: 0.003) G_GAN: 1.702 G_LPIPS: 46.523 D_real: 0.482 D_fake: 0.447 \n"}
,{"stream_name":"stdout","time":1170.391873184,"data":"(epoch: 3, iters: 2060, time: 0.116, data: 0.003) G_GAN: 2.225 G_LPIPS: 56.781 D_real: 0.121 D_fake: 0.287 \n"}
,{"stream_name":"stdout","time":1170.39187545,"data":"(epoch: 3, iters: 2080, time: 0.117, data: 0.003) G_GAN: 2.164 G_LPIPS: 55.490 D_real: 0.212 D_fake: 0.660 \n"}
,{"stream_name":"stdout","time":1170.391877802,"data":"(epoch: 3, iters: 2100, time: 0.116, data: 0.003) G_GAN: 1.965 G_LPIPS: 55.780 D_real: 0.163 D_fake: 0.270 \n"}
,{"stream_name":"stdout","time":1170.39188008,"data":"(epoch: 3, iters: 2120, time: 0.117, data: 0.003) G_GAN: 1.991 G_LPIPS: 55.897 D_real: 0.429 D_fake: 0.123 \n"}
,{"stream_name":"stdout","time":1170.391882343,"data":"(epoch: 3, iters: 2140, time: 0.117, data: 0.003) G_GAN: 1.222 G_LPIPS: 56.790 D_real: 0.279 D_fake: 0.685 \n"}
,{"stream_name":"stdout","time":1170.391884823,"data":"(epoch: 3, iters: 2160, time: 0.116, data: 0.003) G_GAN: 0.977 G_LPIPS: 52.776 D_real: 1.234 D_fake: 0.217 \n"}
,{"stream_name":"stdout","time":1170.391887148,"data":"(epoch: 3, iters: 2180, time: 0.116, data: 0.003) G_GAN: 1.688 G_LPIPS: 53.948 D_real: 0.302 D_fake: 0.421 \n"}
,{"stream_name":"stdout","time":1170.391889418,"data":"(epoch: 3, iters: 2200, time: 0.117, data: 0.003) G_GAN: 1.801 G_LPIPS: 52.661 D_real: 1.083 D_fake: 0.176 \n"}
,{"stream_name":"stdout","time":1170.391891777,"data":"(epoch: 3, iters: 2220, time: 0.118, data: 0.003) G_GAN: 1.731 G_LPIPS: 51.650 D_real: 0.952 D_fake: 0.091 \n"}
,{"stream_name":"stdout","time":1170.391894038,"data":"(epoch: 3, iters: 2240, time: 0.118, data: 0.003) G_GAN: 2.072 G_LPIPS: 59.679 D_real: 0.029 D_fake: 0.220 \n"}
,{"stream_name":"stdout","time":1170.391896414,"data":"(epoch: 3, iters: 2260, time: 0.117, data: 0.003) G_GAN: 1.528 G_LPIPS: 52.915 D_real: 0.202 D_fake: 0.273 \n"}
,{"stream_name":"stdout","time":1170.391898687,"data":"(epoch: 3, iters: 2280, time: 0.116, data: 0.003) G_GAN: 0.920 G_LPIPS: 50.177 D_real: 0.772 D_fake: 0.321 \n"}
,{"stream_name":"stdout","time":1170.391901273,"data":"(epoch: 3, iters: 2300, time: 0.117, data: 0.003) G_GAN: 1.195 G_LPIPS: 54.495 D_real: 0.370 D_fake: 0.495 \n"}
,{"stream_name":"stdout","time":1170.391905936,"data":"(epoch: 3, iters: 2320, time: 0.117, data: 0.003) G_GAN: 2.355 G_LPIPS: 57.454 D_real: 0.141 D_fake: 0.122 \n"}
,{"stream_name":"stdout","time":1170.39190845,"data":"(epoch: 3, iters: 2340, time: 0.117, data: 0.003) G_GAN: 1.644 G_LPIPS: 57.240 D_real: 0.120 D_fake: 0.467 \n"}
,{"stream_name":"stdout","time":1170.391910724,"data":"(epoch: 3, iters: 2360, time: 0.116, data: 0.003) G_GAN: 1.346 G_LPIPS: 53.120 D_real: 0.353 D_fake: 0.472 \n"}
,{"stream_name":"stdout","time":1170.39191307,"data":"(epoch: 3, iters: 2380, time: 0.116, data: 0.003) G_GAN: 2.478 G_LPIPS: 54.193 D_real: 0.257 D_fake: 0.727 \n"}
,{"stream_name":"stdout","time":1170.391915331,"data":"(epoch: 3, iters: 2400, time: 0.117, data: 0.003) G_GAN: 1.911 G_LPIPS: 52.525 D_real: 0.211 D_fake: 0.342 \n"}
,{"stream_name":"stdout","time":1170.391917588,"data":"(epoch: 3, iters: 2420, time: 0.117, data: 0.003) G_GAN: 1.363 G_LPIPS: 52.311 D_real: 0.320 D_fake: 0.854 \n"}
,{"stream_name":"stdout","time":1170.391919871,"data":"(epoch: 3, iters: 2440, time: 0.117, data: 0.003) G_GAN: 1.866 G_LPIPS: 55.659 D_real: 0.103 D_fake: 0.545 \n"}
,{"stream_name":"stdout","time":1170.391922231,"data":"(epoch: 3, iters: 2460, time: 0.116, data: 0.003) G_GAN: 1.457 G_LPIPS: 53.941 D_real: 0.495 D_fake: 0.232 \n"}
,{"stream_name":"stdout","time":1170.391924497,"data":"(epoch: 3, iters: 2480, time: 0.116, data: 0.003) G_GAN: 2.026 G_LPIPS: 50.399 D_real: 0.332 D_fake: 0.103 \n"}
,{"stream_name":"stdout","time":1170.391926782,"data":"(epoch: 3, iters: 2500, time: 0.116, data: 0.003) G_GAN: 2.350 G_LPIPS: 56.963 D_real: 0.203 D_fake: 0.158 \n"}
,{"stream_name":"stdout","time":1170.391929043,"data":"(epoch: 3, iters: 2520, time: 0.115, data: 0.003) G_GAN: 1.128 G_LPIPS: 51.805 D_real: 0.816 D_fake: 0.229 \n"}
,{"stream_name":"stdout","time":1170.391931305,"data":"(epoch: 3, iters: 2540, time: 0.117, data: 0.003) G_GAN: 1.742 G_LPIPS: 55.338 D_real: 0.077 D_fake: 0.833 \n"}
,{"stream_name":"stdout","time":1170.391933572,"data":"(epoch: 3, iters: 2560, time: 0.117, data: 0.003) G_GAN: 1.905 G_LPIPS: 54.170 D_real: 0.295 D_fake: 0.351 \n"}
,{"stream_name":"stdout","time":1170.391935822,"data":"(epoch: 3, iters: 2580, time: 0.118, data: 0.003) G_GAN: 0.537 G_LPIPS: 53.806 D_real: 1.290 D_fake: 0.216 \n"}
,{"stream_name":"stdout","time":1170.39193809,"data":"(epoch: 3, iters: 2600, time: 0.116, data: 0.003) G_GAN: 1.461 G_LPIPS: 50.865 D_real: 0.474 D_fake: 0.118 \n"}
,{"stream_name":"stdout","time":1170.391940355,"data":"(epoch: 3, iters: 2620, time: 0.117, data: 0.003) G_GAN: 1.295 G_LPIPS: 50.711 D_real: 1.835 D_fake: 0.202 \n"}
,{"stream_name":"stdout","time":1170.391942623,"data":"(epoch: 3, iters: 2640, time: 0.117, data: 0.004) G_GAN: 1.951 G_LPIPS: 55.175 D_real: 0.234 D_fake: 0.124 \n"}
,{"stream_name":"stdout","time":1170.391944893,"data":"(epoch: 3, iters: 2660, time: 0.116, data: 0.003) G_GAN: 1.900 G_LPIPS: 52.911 D_real: 0.617 D_fake: 0.575 \n"}
,{"stream_name":"stdout","time":1170.391947431,"data":"(epoch: 3, iters: 2680, time: 0.116, data: 0.003) G_GAN: 2.503 G_LPIPS: 55.988 D_real: 0.044 D_fake: 0.738 \n"}
,{"stream_name":"stdout","time":1170.391949737,"data":"(epoch: 3, iters: 2700, time: 0.117, data: 0.003) G_GAN: 2.198 G_LPIPS: 55.333 D_real: 0.050 D_fake: 0.460 \n"}
,{"stream_name":"stdout","time":1170.391952007,"data":"(epoch: 3, iters: 2720, time: 0.116, data: 0.003) G_GAN: 1.613 G_LPIPS: 54.628 D_real: 0.185 D_fake: 0.277 \n"}
,{"stream_name":"stdout","time":1170.391954277,"data":"(epoch: 3, iters: 2740, time: 0.116, data: 0.003) G_GAN: 0.872 G_LPIPS: 52.019 D_real: 1.149 D_fake: 0.056 \n"}
,{"stream_name":"stdout","time":1170.391956533,"data":"(epoch: 3, iters: 2760, time: 0.116, data: 0.003) G_GAN: 0.951 G_LPIPS: 52.150 D_real: 0.483 D_fake: 0.236 \n"}
,{"stream_name":"stdout","time":1170.391960796,"data":"(epoch: 3, iters: 2780, time: 0.116, data: 0.003) G_GAN: 1.610 G_LPIPS: 57.776 D_real: 0.070 D_fake: 0.233 \n"}
,{"stream_name":"stdout","time":1170.391963205,"data":"(epoch: 3, iters: 2800, time: 0.117, data: 0.003) G_GAN: 1.425 G_LPIPS: 55.486 D_real: 0.391 D_fake: 0.164 \n"}
,{"stream_name":"stdout","time":1170.39196551,"data":"(epoch: 3, iters: 2820, time: 0.117, data: 0.003) G_GAN: 2.423 G_LPIPS: 56.590 D_real: 0.218 D_fake: 0.272 \n"}
,{"stream_name":"stdout","time":1170.391967773,"data":"(epoch: 3, iters: 2840, time: 0.118, data: 0.003) G_GAN: 2.134 G_LPIPS: 56.395 D_real: 0.657 D_fake: 0.068 \n"}
,{"stream_name":"stdout","time":1170.39197004,"data":"(epoch: 3, iters: 2860, time: 0.117, data: 0.003) G_GAN: 1.580 G_LPIPS: 55.774 D_real: 0.204 D_fake: 0.449 \n"}
,{"stream_name":"stdout","time":1170.391972321,"data":"(epoch: 3, iters: 2880, time: 0.117, data: 0.004) G_GAN: 1.774 G_LPIPS: 51.496 D_real: 0.182 D_fake: 0.429 \n"}
,{"stream_name":"stdout","time":1170.391974588,"data":"(epoch: 3, iters: 2900, time: 0.116, data: 0.004) G_GAN: 1.951 G_LPIPS: 52.994 D_real: 0.687 D_fake: 0.328 \n"}
,{"stream_name":"stdout","time":1170.391976865,"data":"(epoch: 3, iters: 2920, time: 0.116, data: 0.003) G_GAN: 1.808 G_LPIPS: 55.950 D_real: 0.133 D_fake: 1.023 \n"}
,{"stream_name":"stdout","time":1170.391979118,"data":"(epoch: 3, iters: 2940, time: 0.118, data: 0.003) G_GAN: 1.775 G_LPIPS: 51.695 D_real: 0.496 D_fake: 0.843 \n"}
,{"stream_name":"stdout","time":1170.391981401,"data":"(epoch: 3, iters: 2960, time: 0.117, data: 0.003) G_GAN: 1.817 G_LPIPS: 55.576 D_real: 0.297 D_fake: 0.182 \n"}
,{"stream_name":"stdout","time":1170.391983688,"data":"(epoch: 3, iters: 2980, time: 0.116, data: 0.003) G_GAN: 1.949 G_LPIPS: 55.718 D_real: 0.080 D_fake: 0.348 \n"}
,{"stream_name":"stdout","time":1170.391985963,"data":"(epoch: 3, iters: 3000, time: 0.116, data: 0.003) G_GAN: 2.267 G_LPIPS: 57.206 D_real: 0.067 D_fake: 0.250 \n"}
,{"stream_name":"stdout","time":1170.391988229,"data":"(epoch: 3, iters: 3020, time: 0.117, data: 0.003) G_GAN: 1.959 G_LPIPS: 53.782 D_real: 0.105 D_fake: 0.587 \n"}
,{"stream_name":"stdout","time":1170.3919905,"data":"(epoch: 3, iters: 3040, time: 0.117, data: 0.003) G_GAN: 1.988 G_LPIPS: 51.181 D_real: 0.158 D_fake: 0.584 \n"}
,{"stream_name":"stdout","time":1280.342432557,"data":"(epoch: 3, iters: 3060, time: 0.116, data: 0.003) G_GAN: 1.787 G_LPIPS: 52.249 D_real: 0.364 D_fake: 0.204 \n"}
,{"stream_name":"stdout","time":1280.342474734,"data":"(epoch: 3, iters: 3080, time: 0.117, data: 0.003) G_GAN: 1.079 G_LPIPS: 49.489 D_real: 1.149 D_fake: 0.119 \n"}
,{"stream_name":"stdout","time":1280.342492163,"data":"(epoch: 3, iters: 3100, time: 0.117, data: 0.003) G_GAN: 1.964 G_LPIPS: 57.744 D_real: 0.098 D_fake: 0.216 \n"}
,{"stream_name":"stdout","time":1280.342496143,"data":"(epoch: 3, iters: 3120, time: 0.118, data: 0.003) G_GAN: 3.185 G_LPIPS: 57.931 D_real: 0.054 D_fake: 0.082 \n"}
,{"stream_name":"stdout","time":1280.342499536,"data":"(epoch: 3, iters: 3140, time: 0.118, data: 0.004) G_GAN: 1.821 G_LPIPS: 50.452 D_real: 0.143 D_fake: 0.194 \n"}
,{"stream_name":"stdout","time":1280.342502895,"data":"(epoch: 3, iters: 3160, time: 0.118, data: 0.003) G_GAN: 1.921 G_LPIPS: 52.869 D_real: 0.110 D_fake: 0.425 \n"}
,{"stream_name":"stdout","time":1280.342506415,"data":"(epoch: 3, iters: 3180, time: 0.118, data: 0.003) G_GAN: 1.335 G_LPIPS: 51.923 D_real: 0.432 D_fake: 0.181 \n"}
,{"stream_name":"stdout","time":1280.342509598,"data":"(epoch: 3, iters: 3200, time: 0.117, data: 0.003) G_GAN: 1.305 G_LPIPS: 53.226 D_real: 0.381 D_fake: 0.178 \n"}
,{"stream_name":"stdout","time":1280.342512803,"data":"(epoch: 3, iters: 3220, time: 0.116, data: 0.003) G_GAN: 1.994 G_LPIPS: 52.173 D_real: 0.206 D_fake: 0.180 \n"}
,{"stream_name":"stdout","time":1280.342546926,"data":"(epoch: 3, iters: 3240, time: 0.117, data: 0.003) G_GAN: 2.808 G_LPIPS: 55.926 D_real: 0.245 D_fake: 0.087 \n"}
,{"stream_name":"stdout","time":1280.342552433,"data":"(epoch: 3, iters: 3260, time: 0.116, data: 0.003) G_GAN: 2.568 G_LPIPS: 57.434 D_real: 0.206 D_fake: 0.194 \n"}
,{"stream_name":"stdout","time":1280.342556597,"data":"(epoch: 3, iters: 3280, time: 0.116, data: 0.003) G_GAN: 1.519 G_LPIPS: 51.233 D_real: 1.246 D_fake: 3.008 \n"}
,{"stream_name":"stdout","time":1280.342561401,"data":"(epoch: 3, iters: 3300, time: 0.116, data: 0.003) G_GAN: 2.226 G_LPIPS: 55.366 D_real: 0.155 D_fake: 0.133 \n"}
,{"stream_name":"stdout","time":1280.342578957,"data":"(epoch: 3, iters: 3320, time: 0.117, data: 0.003) G_GAN: 1.917 G_LPIPS: 54.643 D_real: 0.186 D_fake: 0.250 \n"}
,{"stream_name":"stdout","time":1280.342585509,"data":"(epoch: 3, iters: 3340, time: 0.117, data: 0.003) G_GAN: 0.381 G_LPIPS: 51.157 D_real: 1.703 D_fake: 0.116 \n"}
,{"stream_name":"stdout","time":1280.342588929,"data":"(epoch: 3, iters: 3360, time: 0.116, data: 0.003) G_GAN: 1.519 G_LPIPS: 53.580 D_real: 0.297 D_fake: 0.303 \n"}
,{"stream_name":"stdout","time":1280.342592319,"data":"(epoch: 3, iters: 3380, time: 0.116, data: 0.003) G_GAN: 1.693 G_LPIPS: 54.091 D_real: 0.292 D_fake: 0.223 \n"}
,{"stream_name":"stdout","time":1280.342595819,"data":"(epoch: 3, iters: 3400, time: 0.116, data: 0.004) G_GAN: 1.441 G_LPIPS: 51.391 D_real: 0.429 D_fake: 0.225 \n"}
,{"stream_name":"stdout","time":1280.342599301,"data":"(epoch: 3, iters: 3420, time: 0.118, data: 0.003) G_GAN: 1.585 G_LPIPS: 53.348 D_real: 0.516 D_fake: 0.187 \n"}
,{"stream_name":"stdout","time":1280.342604513,"data":"(epoch: 3, iters: 3440, time: 0.118, data: 0.003) G_GAN: 1.878 G_LPIPS: 50.879 D_real: 0.303 D_fake: 0.311 \n"}
,{"stream_name":"stdout","time":1280.342608347,"data":"(epoch: 3, iters: 3460, time: 0.117, data: 0.003) G_GAN: 1.639 G_LPIPS: 58.810 D_real: 0.127 D_fake: 0.258 \n"}
,{"stream_name":"stdout","time":1280.342611885,"data":"(epoch: 3, iters: 3480, time: 0.117, data: 0.003) G_GAN: 1.697 G_LPIPS: 51.179 D_real: 0.184 D_fake: 0.561 \n"}
,{"stream_name":"stdout","time":1280.342616545,"data":"(epoch: 3, iters: 3500, time: 0.116, data: 0.004) G_GAN: 2.376 G_LPIPS: 54.615 D_real: 0.054 D_fake: 0.391 \n"}
,{"stream_name":"stdout","time":1280.342620913,"data":"(epoch: 3, iters: 3520, time: 0.118, data: 0.003) G_GAN: 1.714 G_LPIPS: 51.787 D_real: 1.271 D_fake: 0.070 \n"}
,{"stream_name":"stdout","time":1280.342625516,"data":"(epoch: 3, iters: 3540, time: 0.118, data: 0.003) G_GAN: 2.639 G_LPIPS: 60.492 D_real: 0.034 D_fake: 0.106 \n"}
,{"stream_name":"stdout","time":1280.342628797,"data":"(epoch: 3, iters: 3560, time: 0.117, data: 0.004) G_GAN: 2.176 G_LPIPS: 54.260 D_real: 0.219 D_fake: 0.183 \n"}
,{"stream_name":"stdout","time":1280.342633119,"data":"(epoch: 3, iters: 3580, time: 0.117, data: 0.003) G_GAN: 1.744 G_LPIPS: 53.123 D_real: 0.222 D_fake: 0.381 \n"}
,{"stream_name":"stdout","time":1280.342636803,"data":"(epoch: 3, iters: 3600, time: 0.118, data: 0.003) G_GAN: 1.399 G_LPIPS: 59.209 D_real: 0.022 D_fake: 0.595 \n"}
,{"stream_name":"stdout","time":1280.342640212,"data":"(epoch: 3, iters: 3620, time: 0.118, data: 0.003) G_GAN: 1.499 G_LPIPS: 54.637 D_real: 0.133 D_fake: 0.699 \n"}
,{"stream_name":"stdout","time":1280.342644321,"data":"(epoch: 3, iters: 3640, time: 0.118, data: 0.003) G_GAN: 1.471 G_LPIPS: 57.730 D_real: 1.482 D_fake: 0.032 \n"}
,{"stream_name":"stdout","time":1280.342647816,"data":"(epoch: 3, iters: 3660, time: 0.118, data: 0.003) G_GAN: 1.681 G_LPIPS: 53.824 D_real: 0.200 D_fake: 0.284 \n"}
,{"stream_name":"stdout","time":1280.342651141,"data":"(epoch: 3, iters: 3680, time: 0.118, data: 0.002) G_GAN: 2.364 G_LPIPS: 54.389 D_real: 0.223 D_fake: 0.139 \n"}
,{"stream_name":"stdout","time":1280.342659699,"data":"(epoch: 3, iters: 3700, time: 0.116, data: 0.003) G_GAN: 2.429 G_LPIPS: 57.013 D_real: 0.458 D_fake: 0.046 \n"}
,{"stream_name":"stdout","time":1280.342663321,"data":"(epoch: 3, iters: 3720, time: 0.117, data: 0.003) G_GAN: 1.443 G_LPIPS: 55.849 D_real: 0.288 D_fake: 0.196 \n"}
,{"stream_name":"stdout","time":1280.342666833,"data":"(epoch: 3, iters: 3740, time: 0.118, data: 0.003) G_GAN: 1.313 G_LPIPS: 48.475 D_real: 0.501 D_fake: 0.614 \n"}
,{"stream_name":"stdout","time":1280.342670916,"data":"(epoch: 3, iters: 3760, time: 0.117, data: 0.003) G_GAN: 1.791 G_LPIPS: 52.172 D_real: 0.191 D_fake: 0.506 \n"}
,{"stream_name":"stdout","time":1280.342674481,"data":"(epoch: 3, iters: 3780, time: 0.117, data: 0.004) G_GAN: 2.588 G_LPIPS: 52.542 D_real: 0.132 D_fake: 0.709 \n"}
,{"stream_name":"stdout","time":1280.342677703,"data":"(epoch: 3, iters: 3800, time: 0.116, data: 0.003) G_GAN: 1.949 G_LPIPS: 59.335 D_real: 0.020 D_fake: 0.374 \n"}
,{"stream_name":"stdout","time":1280.342681893,"data":"(epoch: 3, iters: 3820, time: 0.117, data: 0.003) G_GAN: 2.326 G_LPIPS: 56.185 D_real: 0.069 D_fake: 0.267 \n"}
,{"stream_name":"stdout","time":1280.342685943,"data":"(epoch: 3, iters: 3840, time: 0.116, data: 0.003) G_GAN: 1.814 G_LPIPS: 55.823 D_real: 0.389 D_fake: 0.098 \n"}
,{"stream_name":"stdout","time":1280.342689901,"data":"(epoch: 3, iters: 3860, time: 0.116, data: 0.003) G_GAN: 1.510 G_LPIPS: 51.377 D_real: 0.184 D_fake: 0.489 \n"}
,{"stream_name":"stdout","time":1280.342693975,"data":"(epoch: 3, iters: 3880, time: 0.117, data: 0.003) G_GAN: 2.456 G_LPIPS: 55.061 D_real: 0.258 D_fake: 0.143 \n"}
,{"stream_name":"stdout","time":1280.342698271,"data":"(epoch: 3, iters: 3900, time: 0.117, data: 0.003) G_GAN: 1.329 G_LPIPS: 52.913 D_real: 0.115 D_fake: 0.428 \n"}
,{"stream_name":"stdout","time":1280.342701844,"data":"(epoch: 3, iters: 3920, time: 0.118, data: 0.003) G_GAN: 2.260 G_LPIPS: 57.249 D_real: 0.064 D_fake: 0.230 \n"}
,{"stream_name":"stdout","time":1280.342705583,"data":"(epoch: 3, iters: 3940, time: 0.119, data: 0.003) G_GAN: 1.984 G_LPIPS: 54.128 D_real: 0.186 D_fake: 0.461 \n"}
,{"stream_name":"stdout","time":1280.342710045,"data":"(epoch: 3, iters: 3960, time: 0.117, data: 0.003) G_GAN: 1.848 G_LPIPS: 50.422 D_real: 0.325 D_fake: 0.374 \n"}
,{"stream_name":"stdout","time":1280.34271385,"data":"(epoch: 3, iters: 3980, time: 0.117, data: 0.003) G_GAN: 2.071 G_LPIPS: 53.911 D_real: 0.225 D_fake: 0.165 \n"}
,{"stream_name":"stdout","time":1280.342717581,"data":"(epoch: 3, iters: 4000, time: 0.130, data: 0.003) G_GAN: 2.903 G_LPIPS: 56.045 D_real: 0.282 D_fake: 0.068 \n"}
,{"stream_name":"stdout","time":1280.342721325,"data":"(epoch: 3, iters: 4020, time: 0.118, data: 0.003) G_GAN: 2.473 G_LPIPS: 55.162 D_real: 0.276 D_fake: 0.068 \n"}
,{"stream_name":"stdout","time":1280.342725012,"data":"(epoch: 3, iters: 4040, time: 0.117, data: 0.003) G_GAN: 3.045 G_LPIPS: 55.309 D_real: 0.488 D_fake: 0.044 \n"}
,{"stream_name":"stdout","time":1280.342728773,"data":"(epoch: 3, iters: 4060, time: 0.116, data: 0.003) G_GAN: 1.759 G_LPIPS: 51.495 D_real: 0.263 D_fake: 0.274 \n"}
,{"stream_name":"stdout","time":1280.342732515,"data":"(epoch: 3, iters: 4080, time: 0.118, data: 0.003) G_GAN: 2.546 G_LPIPS: 60.182 D_real: 0.081 D_fake: 0.180 \n"}
,{"stream_name":"stdout","time":1280.342736301,"data":"(epoch: 3, iters: 4100, time: 0.118, data: 0.003) G_GAN: 2.024 G_LPIPS: 53.632 D_real: 0.344 D_fake: 0.155 \n"}
,{"stream_name":"stdout","time":1280.342740019,"data":"(epoch: 3, iters: 4120, time: 0.117, data: 0.003) G_GAN: 1.520 G_LPIPS: 57.610 D_real: 0.053 D_fake: 0.496 \n"}
,{"stream_name":"stdout","time":1280.342743697,"data":"(epoch: 3, iters: 4140, time: 0.117, data: 0.003) G_GAN: 1.703 G_LPIPS: 52.663 D_real: 0.222 D_fake: 0.729 \n"}
,{"stream_name":"stdout","time":1280.342750897,"data":"(epoch: 3, iters: 4160, time: 0.118, data: 0.003) G_GAN: 1.481 G_LPIPS: 56.491 D_real: 0.385 D_fake: 0.190 \n"}
,{"stream_name":"stdout","time":1280.342755189,"data":"(epoch: 3, iters: 4180, time: 0.118, data: 0.003) G_GAN: 0.895 G_LPIPS: 51.875 D_real: 0.497 D_fake: 0.321 \n"}
,{"stream_name":"stdout","time":1280.342760461,"data":"(epoch: 3, iters: 4200, time: 0.117, data: 0.004) G_GAN: 3.505 G_LPIPS: 54.584 D_real: 0.055 D_fake: 0.947 \n"}
,{"stream_name":"stdout","time":1280.342764741,"data":"(epoch: 3, iters: 4220, time: 0.118, data: 0.003) G_GAN: 0.230 G_LPIPS: 57.128 D_real: 2.099 D_fake: 0.186 \n"}
,{"stream_name":"stdout","time":1280.342768575,"data":"(epoch: 3, iters: 4240, time: 0.117, data: 0.003) G_GAN: 1.841 G_LPIPS: 53.368 D_real: 0.025 D_fake: 1.234 \n"}
,{"stream_name":"stdout","time":1280.342772414,"data":"(epoch: 3, iters: 4260, time: 0.116, data: 0.003) G_GAN: 1.593 G_LPIPS: 53.768 D_real: 0.647 D_fake: 0.221 \n"}
,{"stream_name":"stdout","time":1280.342776102,"data":"(epoch: 3, iters: 4280, time: 0.118, data: 0.003) G_GAN: 1.754 G_LPIPS: 54.644 D_real: 0.211 D_fake: 0.266 \n"}
,{"stream_name":"stdout","time":1280.342779819,"data":"(epoch: 3, iters: 4300, time: 0.117, data: 0.004) G_GAN: 1.703 G_LPIPS: 50.626 D_real: 0.411 D_fake: 0.449 \n"}
,{"stream_name":"stdout","time":1280.342783475,"data":"(epoch: 3, iters: 4320, time: 0.115, data: 0.003) G_GAN: 2.332 G_LPIPS: 51.691 D_real: 0.070 D_fake: 1.201 \n"}
,{"stream_name":"stdout","time":1280.342787205,"data":"(epoch: 3, iters: 4340, time: 0.118, data: 0.003) G_GAN: 1.557 G_LPIPS: 52.542 D_real: 0.455 D_fake: 0.166 \n"}
,{"stream_name":"stdout","time":1280.342790871,"data":"(epoch: 3, iters: 4360, time: 0.118, data: 0.003) G_GAN: 1.556 G_LPIPS: 53.064 D_real: 0.392 D_fake: 0.799 \n"}
,{"stream_name":"stdout","time":1280.342794605,"data":"(epoch: 3, iters: 4380, time: 0.117, data: 0.003) G_GAN: 2.205 G_LPIPS: 49.282 D_real: 0.204 D_fake: 1.070 \n"}
,{"stream_name":"stdout","time":1280.342798375,"data":"(epoch: 3, iters: 4400, time: 0.118, data: 0.003) G_GAN: 2.360 G_LPIPS: 57.383 D_real: 0.514 D_fake: 0.103 \n"}
,{"stream_name":"stdout","time":1280.342802167,"data":"(epoch: 3, iters: 4420, time: 0.119, data: 0.003) G_GAN: 0.825 G_LPIPS: 52.918 D_real: 1.247 D_fake: 0.154 \n"}
,{"stream_name":"stdout","time":1280.342806036,"data":"(epoch: 3, iters: 4440, time: 0.118, data: 0.003) G_GAN: 1.726 G_LPIPS: 53.585 D_real: 0.403 D_fake: 0.164 \n"}
,{"stream_name":"stdout","time":1280.342811533,"data":"(epoch: 3, iters: 4460, time: 0.117, data: 0.003) G_GAN: 1.772 G_LPIPS: 54.811 D_real: 0.200 D_fake: 0.235 \n"}
,{"stream_name":"stdout","time":1280.342820447,"data":"(epoch: 3, iters: 4480, time: 0.118, data: 0.003) G_GAN: 1.604 G_LPIPS: 54.203 D_real: 0.167 D_fake: 0.244 \n"}
,{"stream_name":"stdout","time":1280.342823524,"data":"(epoch: 3, iters: 4500, time: 0.117, data: 0.003) G_GAN: 2.398 G_LPIPS: 56.048 D_real: 0.227 D_fake: 0.133 \n"}
,{"stream_name":"stdout","time":1280.34282596,"data":"(epoch: 3, iters: 4520, time: 0.117, data: 0.003) G_GAN: 2.207 G_LPIPS: 52.619 D_real: 0.147 D_fake: 0.211 \n"}
,{"stream_name":"stdout","time":1280.342828449,"data":"(epoch: 3, iters: 4540, time: 0.118, data: 0.003) G_GAN: 2.330 G_LPIPS: 54.498 D_real: 0.247 D_fake: 0.207 \n"}
,{"stream_name":"stdout","time":1280.342830897,"data":"(epoch: 3, iters: 4560, time: 0.117, data: 0.003) G_GAN: 2.230 G_LPIPS: 55.890 D_real: 0.219 D_fake: 0.109 \n"}
,{"stream_name":"stdout","time":1364.489259777,"data":"(epoch: 3, iters: 4580, time: 0.117, data: 0.003) G_GAN: 1.076 G_LPIPS: 49.980 D_real: 0.581 D_fake: 0.311 \n"}
,{"stream_name":"stdout","time":1364.489296905,"data":"(epoch: 3, iters: 4600, time: 0.119, data: 0.003) G_GAN: 2.105 G_LPIPS: 54.493 D_real: 0.196 D_fake: 0.544 \n"}
,{"stream_name":"stdout","time":1364.489312046,"data":"(epoch: 3, iters: 4620, time: 0.117, data: 0.003) G_GAN: 3.770 G_LPIPS: 57.427 D_real: 0.331 D_fake: 0.026 \n"}
,{"stream_name":"stdout","time":1364.489316039,"data":"(epoch: 3, iters: 4640, time: 0.116, data: 0.003) G_GAN: 2.824 G_LPIPS: 58.124 D_real: 0.033 D_fake: 1.054 \n"}
,{"stream_name":"stdout","time":1364.489319934,"data":"(epoch: 3, iters: 4660, time: 0.118, data: 0.003) G_GAN: 2.033 G_LPIPS: 56.607 D_real: 0.220 D_fake: 0.166 \n"}
,{"stream_name":"stdout","time":1364.489323645,"data":"(epoch: 3, iters: 4680, time: 0.118, data: 0.003) G_GAN: 1.435 G_LPIPS: 52.748 D_real: 0.360 D_fake: 0.230 \n"}
,{"stream_name":"stdout","time":1364.48932771,"data":"(epoch: 3, iters: 4700, time: 0.117, data: 0.003) G_GAN: 2.584 G_LPIPS: 56.542 D_real: 0.388 D_fake: 0.069 \n"}
,{"stream_name":"stdout","time":1364.489331425,"data":"(epoch: 3, iters: 4720, time: 0.118, data: 0.003) G_GAN: 1.566 G_LPIPS: 52.563 D_real: 0.612 D_fake: 0.280 \n"}
,{"stream_name":"stdout","time":1364.489335263,"data":"(epoch: 3, iters: 4740, time: 0.117, data: 0.003) G_GAN: 1.002 G_LPIPS: 51.591 D_real: 0.907 D_fake: 0.166 \n"}
,{"stream_name":"stdout","time":1364.48933904,"data":"(epoch: 3, iters: 4760, time: 0.118, data: 0.003) G_GAN: 1.573 G_LPIPS: 52.674 D_real: 0.226 D_fake: 0.928 \n"}
,{"stream_name":"stdout","time":1364.489342709,"data":"(epoch: 3, iters: 4780, time: 0.118, data: 0.003) G_GAN: 3.059 G_LPIPS: 58.238 D_real: 0.172 D_fake: 0.107 \n"}
,{"stream_name":"stdout","time":1364.489346374,"data":"(epoch: 3, iters: 4800, time: 0.117, data: 0.003) G_GAN: 1.772 G_LPIPS: 54.537 D_real: 0.174 D_fake: 0.585 \n"}
,{"stream_name":"stdout","time":1364.489350098,"data":"(epoch: 3, iters: 4820, time: 0.116, data: 0.003) G_GAN: 2.384 G_LPIPS: 55.079 D_real: 0.078 D_fake: 0.847 \n"}
,{"stream_name":"stdout","time":1364.489353872,"data":"(epoch: 3, iters: 4840, time: 0.118, data: 0.003) G_GAN: 1.639 G_LPIPS: 55.223 D_real: 0.050 D_fake: 0.412 \n"}
,{"stream_name":"stdout","time":1364.489357643,"data":"(epoch: 3, iters: 4860, time: 0.118, data: 0.003) G_GAN: 1.719 G_LPIPS: 50.852 D_real: 0.387 D_fake: 0.378 \n"}
,{"stream_name":"stdout","time":1364.489361389,"data":"(epoch: 3, iters: 4880, time: 0.119, data: 0.003) G_GAN: 2.057 G_LPIPS: 54.782 D_real: 0.077 D_fake: 0.601 \n"}
,{"stream_name":"stdout","time":1364.489365084,"data":"(epoch: 3, iters: 4900, time: 0.117, data: 0.003) G_GAN: 2.002 G_LPIPS: 53.636 D_real: 0.331 D_fake: 0.175 \n"}
,{"stream_name":"stdout","time":1364.489369099,"data":"(epoch: 3, iters: 4920, time: 0.118, data: 0.003) G_GAN: 1.772 G_LPIPS: 54.713 D_real: 0.651 D_fake: 0.256 \n"}
,{"stream_name":"stdout","time":1364.489372898,"data":"(epoch: 3, iters: 4940, time: 0.118, data: 0.003) G_GAN: 1.971 G_LPIPS: 54.302 D_real: 0.373 D_fake: 0.105 \n"}
,{"stream_name":"stdout","time":1364.489378413,"data":"(epoch: 3, iters: 4960, time: 0.119, data: 0.003) G_GAN: 1.701 G_LPIPS: 50.459 D_real: 0.368 D_fake: 0.151 \n"}
,{"stream_name":"stdout","time":1364.489382173,"data":"(epoch: 3, iters: 4980, time: 0.119, data: 0.003) G_GAN: 1.793 G_LPIPS: 54.918 D_real: 0.126 D_fake: 0.396 \n"}
,{"stream_name":"stdout","time":1364.489385824,"data":"(epoch: 3, iters: 5000, time: 0.118, data: 0.003) G_GAN: 2.508 G_LPIPS: 58.168 D_real: 0.008 D_fake: 0.450 \n"}
,{"stream_name":"stdout","time":1364.489389958,"data":"saving the latest model (epoch 3, total_iters 5000)\n"}
,{"stream_name":"stdout","time":1364.489393815,"data":"(epoch: 3, iters: 5020, time: 0.116, data: 0.003) G_GAN: 1.277 G_LPIPS: 53.827 D_real: 0.973 D_fake: 0.274 \n"}
,{"stream_name":"stdout","time":1364.489397483,"data":"(epoch: 3, iters: 5040, time: 0.118, data: 0.003) G_GAN: 1.791 G_LPIPS: 57.522 D_real: 0.300 D_fake: 0.169 \n"}
,{"stream_name":"stdout","time":1364.489404074,"data":"(epoch: 3, iters: 5060, time: 0.117, data: 0.003) G_GAN: 1.386 G_LPIPS: 45.397 D_real: 0.458 D_fake: 0.159 \n"}
,{"stream_name":"stdout","time":1364.489407836,"data":"(epoch: 3, iters: 5080, time: 0.118, data: 0.003) G_GAN: 0.727 G_LPIPS: 52.058 D_real: 0.661 D_fake: 0.342 \n"}
,{"stream_name":"stdout","time":1364.489411529,"data":"(epoch: 3, iters: 5100, time: 0.117, data: 0.003) G_GAN: 1.953 G_LPIPS: 54.310 D_real: 0.245 D_fake: 0.454 \n"}
,{"stream_name":"stdout","time":1364.489415303,"data":"(epoch: 3, iters: 5120, time: 0.118, data: 0.003) G_GAN: 1.664 G_LPIPS: 54.610 D_real: 0.272 D_fake: 0.280 \n"}
,{"stream_name":"stdout","time":1364.489419122,"data":"(epoch: 3, iters: 5140, time: 0.117, data: 0.002) G_GAN: 2.081 G_LPIPS: 55.446 D_real: 0.111 D_fake: 0.916 \n"}
,{"stream_name":"stdout","time":1364.48942276,"data":"(epoch: 3, iters: 5160, time: 0.118, data: 0.003) G_GAN: 1.308 G_LPIPS: 53.270 D_real: 0.505 D_fake: 0.428 \n"}
,{"stream_name":"stdout","time":1364.48942628,"data":"(epoch: 3, iters: 5180, time: 0.116, data: 0.003) G_GAN: 1.984 G_LPIPS: 54.565 D_real: 0.224 D_fake: 0.295 \n"}
,{"stream_name":"stdout","time":1364.489429772,"data":"(epoch: 3, iters: 5200, time: 0.116, data: 0.003) G_GAN: 1.643 G_LPIPS: 55.559 D_real: 0.525 D_fake: 0.165 \n"}
,{"stream_name":"stdout","time":1364.489433531,"data":"(epoch: 3, iters: 5220, time: 0.119, data: 0.003) G_GAN: 2.342 G_LPIPS: 53.114 D_real: 0.083 D_fake: 0.430 \n"}
,{"stream_name":"stdout","time":1364.489437125,"data":"(epoch: 3, iters: 5240, time: 0.117, data: 0.003) G_GAN: 2.369 G_LPIPS: 52.312 D_real: 0.119 D_fake: 0.304 \n"}
,{"stream_name":"stdout","time":1364.489440675,"data":"(epoch: 3, iters: 5260, time: 0.116, data: 0.003) G_GAN: 1.994 G_LPIPS: 54.725 D_real: 0.310 D_fake: 0.214 \n"}
,{"stream_name":"stdout","time":1364.489444434,"data":"(epoch: 3, iters: 5280, time: 0.118, data: 0.003) G_GAN: 1.896 G_LPIPS: 57.323 D_real: 0.131 D_fake: 0.179 \n"}
,{"stream_name":"stdout","time":1364.489448495,"data":"(epoch: 3, iters: 5300, time: 0.117, data: 0.003) G_GAN: 1.734 G_LPIPS: 50.413 D_real: 0.555 D_fake: 0.228 \n"}
,{"stream_name":"stdout","time":1364.489452108,"data":"(epoch: 3, iters: 5320, time: 0.118, data: 0.003) G_GAN: 2.354 G_LPIPS: 50.005 D_real: 0.070 D_fake: 1.359 \n"}
,{"stream_name":"stdout","time":1364.489456458,"data":"(epoch: 3, iters: 5340, time: 0.117, data: 0.004) G_GAN: 1.952 G_LPIPS: 52.035 D_real: 0.314 D_fake: 0.175 \n"}
,{"stream_name":"stdout","time":1364.489460185,"data":"(epoch: 3, iters: 5360, time: 0.117, data: 0.003) G_GAN: 1.663 G_LPIPS: 52.554 D_real: 0.231 D_fake: 0.625 \n"}
,{"stream_name":"stdout","time":1364.489463965,"data":"(epoch: 3, iters: 5380, time: 0.118, data: 0.003) G_GAN: 2.297 G_LPIPS: 57.001 D_real: 0.069 D_fake: 0.186 \n"}
,{"stream_name":"stdout","time":1364.48946767,"data":"(epoch: 3, iters: 5400, time: 0.117, data: 0.003) G_GAN: 1.623 G_LPIPS: 54.145 D_real: 0.227 D_fake: 0.440 \n"}
,{"stream_name":"stdout","time":1364.4894715,"data":"(epoch: 3, iters: 5420, time: 0.117, data: 0.003) G_GAN: 1.873 G_LPIPS: 54.165 D_real: 0.805 D_fake: 0.062 \n"}
,{"stream_name":"stdout","time":1364.489475114,"data":"(epoch: 3, iters: 5440, time: 0.118, data: 0.003) G_GAN: 0.327 G_LPIPS: 55.672 D_real: 1.347 D_fake: 0.181 \n"}
,{"stream_name":"stdout","time":1364.489478779,"data":"(epoch: 3, iters: 5460, time: 0.118, data: 0.004) G_GAN: 2.328 G_LPIPS: 56.314 D_real: 0.067 D_fake: 1.184 \n"}
,{"stream_name":"stdout","time":1364.489482468,"data":"(epoch: 3, iters: 5480, time: 0.119, data: 0.003) G_GAN: 1.575 G_LPIPS: 52.922 D_real: 0.315 D_fake: 0.290 \n"}
,{"stream_name":"stdout","time":1364.48948626,"data":"(epoch: 3, iters: 5500, time: 0.117, data: 0.003) G_GAN: 1.010 G_LPIPS: 53.390 D_real: 0.663 D_fake: 0.152 \n"}
,{"stream_name":"stdout","time":1364.4894924,"data":"(epoch: 3, iters: 5520, time: 0.117, data: 0.003) G_GAN: 2.120 G_LPIPS: 52.211 D_real: 0.126 D_fake: 0.331 \n"}
,{"stream_name":"stdout","time":1364.4894961,"data":"(epoch: 3, iters: 5540, time: 0.118, data: 0.003) G_GAN: 1.203 G_LPIPS: 51.809 D_real: 0.734 D_fake: 0.384 \n"}
,{"stream_name":"stdout","time":1364.489499712,"data":"(epoch: 3, iters: 5560, time: 0.117, data: 0.003) G_GAN: 1.226 G_LPIPS: 52.563 D_real: 0.528 D_fake: 0.222 \n"}
,{"stream_name":"stdout","time":1364.489503332,"data":"(epoch: 3, iters: 5580, time: 2.457, data: 0.003) G_GAN: 1.185 G_LPIPS: 57.250 D_real: 0.536 D_fake: 0.236 \n"}
,{"stream_name":"stdout","time":1364.48950694,"data":"saving the model at the end of epoch 3, iters 5580\n"}
,{"stream_name":"stdout","time":1364.489510599,"data":"End of epoch 3 / 20 \t Time Taken: 430 sec\n"}
,{"stream_name":"stdout","time":1364.489514584,"data":"learning rate 0.0001000 -\u003e 0.0001000\n"}
,{"stream_name":"stdout","time":1478.014678538,"data":"(epoch: 4, iters: 20, time: 0.131, data: 0.269) G_GAN: 1.785 G_LPIPS: 52.703 D_real: 0.178 D_fake: 0.305 \n"}
,{"stream_name":"stdout","time":1478.01474003,"data":"(epoch: 4, iters: 40, time: 0.117, data: 0.001) G_GAN: 0.562 G_LPIPS: 51.415 D_real: 0.852 D_fake: 0.272 \n"}
,{"stream_name":"stdout","time":1478.014748573,"data":"(epoch: 4, iters: 60, time: 0.116, data: 0.003) G_GAN: 3.224 G_LPIPS: 54.704 D_real: 0.026 D_fake: 1.594 \n"}
,{"stream_name":"stdout","time":1478.014755574,"data":"(epoch: 4, iters: 80, time: 0.118, data: 0.003) G_GAN: 1.021 G_LPIPS: 53.400 D_real: 0.735 D_fake: 0.242 \n"}
,{"stream_name":"stdout","time":1478.014758763,"data":"(epoch: 4, iters: 100, time: 0.117, data: 0.003) G_GAN: 2.383 G_LPIPS: 59.707 D_real: 0.077 D_fake: 0.229 \n"}
,{"stream_name":"stdout","time":1478.01476197,"data":"(epoch: 4, iters: 120, time: 0.117, data: 0.003) G_GAN: 1.673 G_LPIPS: 56.177 D_real: 0.075 D_fake: 0.300 \n"}
,{"stream_name":"stdout","time":1478.014765218,"data":"(epoch: 4, iters: 140, time: 0.118, data: 0.003) G_GAN: 2.069 G_LPIPS: 54.098 D_real: 0.239 D_fake: 0.198 \n"}
,{"stream_name":"stdout","time":1478.014768215,"data":"(epoch: 4, iters: 160, time: 0.119, data: 0.003) G_GAN: 2.055 G_LPIPS: 52.855 D_real: 0.111 D_fake: 0.609 \n"}
,{"stream_name":"stdout","time":1478.014771154,"data":"(epoch: 4, iters: 180, time: 0.119, data: 0.003) G_GAN: 1.212 G_LPIPS: 51.792 D_real: 0.652 D_fake: 0.223 \n"}
,{"stream_name":"stdout","time":1478.014774149,"data":"(epoch: 4, iters: 200, time: 0.118, data: 0.003) G_GAN: 1.963 G_LPIPS: 54.729 D_real: 0.271 D_fake: 0.142 \n"}
,{"stream_name":"stdout","time":1478.014777058,"data":"(epoch: 4, iters: 220, time: 0.118, data: 0.003) G_GAN: 1.049 G_LPIPS: 53.456 D_real: 0.670 D_fake: 0.259 \n"}
,{"stream_name":"stdout","time":1478.014779993,"data":"(epoch: 4, iters: 240, time: 0.118, data: 0.004) G_GAN: 2.968 G_LPIPS: 58.214 D_real: 0.144 D_fake: 0.079 \n"}
,{"stream_name":"stdout","time":1478.014782902,"data":"(epoch: 4, iters: 260, time: 0.119, data: 0.003) G_GAN: 1.138 G_LPIPS: 53.612 D_real: 0.502 D_fake: 0.336 \n"}
,{"stream_name":"stdout","time":1478.014786012,"data":"(epoch: 4, iters: 280, time: 0.120, data: 0.003) G_GAN: 2.702 G_LPIPS: 56.014 D_real: 0.117 D_fake: 0.511 \n"}
,{"stream_name":"stdout","time":1478.014802874,"data":"(epoch: 4, iters: 300, time: 0.119, data: 0.003) G_GAN: 3.224 G_LPIPS: 57.449 D_real: 0.074 D_fake: 0.090 \n"}
,{"stream_name":"stdout","time":1478.014808378,"data":"(epoch: 4, iters: 320, time: 0.120, data: 0.003) G_GAN: 2.357 G_LPIPS: 57.370 D_real: 0.056 D_fake: 0.168 \n"}
,{"stream_name":"stdout","time":1478.014813658,"data":"(epoch: 4, iters: 340, time: 0.121, data: 0.003) G_GAN: 2.485 G_LPIPS: 57.009 D_real: 0.017 D_fake: 0.637 \n"}
,{"stream_name":"stdout","time":1478.014818768,"data":"(epoch: 4, iters: 360, time: 0.119, data: 0.003) G_GAN: 1.948 G_LPIPS: 50.858 D_real: 0.278 D_fake: 0.706 \n"}
,{"stream_name":"stdout","time":1478.014838135,"data":"(epoch: 4, iters: 380, time: 0.120, data: 0.003) G_GAN: 1.992 G_LPIPS: 53.622 D_real: 0.176 D_fake: 0.253 \n"}
,{"stream_name":"stdout","time":1478.0148433,"data":"(epoch: 4, iters: 400, time: 0.120, data: 0.003) G_GAN: 2.071 G_LPIPS: 55.688 D_real: 0.153 D_fake: 0.144 \n"}
,{"stream_name":"stdout","time":1478.014846822,"data":"(epoch: 4, iters: 420, time: 0.136, data: 0.003) G_GAN: 1.405 G_LPIPS: 57.001 D_real: 0.368 D_fake: 0.377 \n"}
,{"stream_name":"stdout","time":1478.014850274,"data":"(epoch: 4, iters: 440, time: 0.119, data: 0.003) G_GAN: 1.914 G_LPIPS: 56.872 D_real: 0.180 D_fake: 0.136 \n"}
,{"stream_name":"stdout","time":1478.014853842,"data":"(epoch: 4, iters: 460, time: 0.119, data: 0.003) G_GAN: 1.977 G_LPIPS: 51.037 D_real: 0.370 D_fake: 0.314 \n"}
,{"stream_name":"stdout","time":1478.01485733,"data":"(epoch: 4, iters: 480, time: 0.119, data: 0.003) G_GAN: 2.303 G_LPIPS: 55.227 D_real: 0.253 D_fake: 0.079 \n"}
,{"stream_name":"stdout","time":1478.014860932,"data":"(epoch: 4, iters: 500, time: 0.119, data: 0.004) G_GAN: 1.524 G_LPIPS: 53.494 D_real: 0.158 D_fake: 0.779 \n"}
,{"stream_name":"stdout","time":1478.014869973,"data":"(epoch: 4, iters: 520, time: 0.119, data: 0.003) G_GAN: 2.245 G_LPIPS: 55.952 D_real: 0.080 D_fake: 0.563 \n"}
,{"stream_name":"stdout","time":1478.014872596,"data":"(epoch: 4, iters: 540, time: 0.120, data: 0.003) G_GAN: 2.967 G_LPIPS: 52.443 D_real: 0.018 D_fake: 0.471 \n"}
,{"stream_name":"stdout","time":1478.014874875,"data":"(epoch: 4, iters: 560, time: 0.118, data: 0.003) G_GAN: 2.694 G_LPIPS: 57.875 D_real: 0.423 D_fake: 0.051 \n"}
,{"stream_name":"stdout","time":1478.014877138,"data":"(epoch: 4, iters: 580, time: 0.119, data: 0.003) G_GAN: 1.309 G_LPIPS: 54.175 D_real: 1.045 D_fake: 0.236 \n"}
,{"stream_name":"stdout","time":1478.014879403,"data":"(epoch: 4, iters: 600, time: 0.119, data: 0.003) G_GAN: 1.013 G_LPIPS: 56.424 D_real: 0.807 D_fake: 0.055 \n"}
,{"stream_name":"stdout","time":1478.014881677,"data":"(epoch: 4, iters: 620, time: 0.119, data: 0.003) G_GAN: 1.926 G_LPIPS: 61.602 D_real: 0.031 D_fake: 0.744 \n"}
,{"stream_name":"stdout","time":1478.014884535,"data":"(epoch: 4, iters: 640, time: 0.119, data: 0.003) G_GAN: 2.289 G_LPIPS: 52.982 D_real: 0.142 D_fake: 0.280 \n"}
,{"stream_name":"stdout","time":1478.01489891,"data":"(epoch: 4, iters: 660, time: 0.119, data: 0.003) G_GAN: 2.560 G_LPIPS: 57.301 D_real: 0.596 D_fake: 0.073 \n"}
,{"stream_name":"stdout","time":1478.014903123,"data":"(epoch: 4, iters: 680, time: 0.117, data: 0.003) G_GAN: 2.072 G_LPIPS: 55.670 D_real: 0.047 D_fake: 0.964 \n"}
,{"stream_name":"stdout","time":1478.01490729,"data":"(epoch: 4, iters: 700, time: 0.118, data: 0.003) G_GAN: 2.112 G_LPIPS: 53.045 D_real: 0.204 D_fake: 0.312 \n"}
,{"stream_name":"stdout","time":1478.014911459,"data":"(epoch: 4, iters: 720, time: 0.119, data: 0.003) G_GAN: 1.776 G_LPIPS: 56.377 D_real: 0.007 D_fake: 0.722 \n"}
,{"stream_name":"stdout","time":1478.014915333,"data":"(epoch: 4, iters: 740, time: 0.119, data: 0.003) G_GAN: 1.765 G_LPIPS: 55.005 D_real: 0.285 D_fake: 0.099 \n"}
,{"stream_name":"stdout","time":1478.014918829,"data":"(epoch: 4, iters: 760, time: 0.118, data: 0.003) G_GAN: 2.894 G_LPIPS: 53.675 D_real: 0.219 D_fake: 0.730 \n"}
,{"stream_name":"stdout","time":1478.014922815,"data":"(epoch: 4, iters: 780, time: 0.118, data: 0.003) G_GAN: 2.631 G_LPIPS: 56.355 D_real: 0.092 D_fake: 1.044 \n"}
,{"stream_name":"stdout","time":1478.014926367,"data":"(epoch: 4, iters: 800, time: 0.118, data: 0.003) G_GAN: 2.270 G_LPIPS: 50.960 D_real: 0.234 D_fake: 0.505 \n"}
,{"stream_name":"stdout","time":1478.014929836,"data":"(epoch: 4, iters: 820, time: 0.117, data: 0.003) G_GAN: 1.977 G_LPIPS: 56.401 D_real: 0.145 D_fake: 0.267 \n"}
,{"stream_name":"stdout","time":1478.014937365,"data":"(epoch: 4, iters: 840, time: 0.118, data: 0.003) G_GAN: 1.815 G_LPIPS: 53.215 D_real: 0.106 D_fake: 0.294 \n"}
,{"stream_name":"stdout","time":1478.014940848,"data":"(epoch: 4, iters: 860, time: 0.117, data: 0.003) G_GAN: 2.280 G_LPIPS: 56.822 D_real: 0.038 D_fake: 0.318 \n"}
,{"stream_name":"stdout","time":1478.014944391,"data":"(epoch: 4, iters: 880, time: 0.118, data: 0.003) G_GAN: 2.393 G_LPIPS: 53.363 D_real: 0.131 D_fake: 0.357 \n"}
,{"stream_name":"stdout","time":1478.014947855,"data":"(epoch: 4, iters: 900, time: 0.118, data: 0.004) G_GAN: 1.899 G_LPIPS: 55.172 D_real: 0.322 D_fake: 0.146 \n"}
,{"stream_name":"stdout","time":1478.014951301,"data":"(epoch: 4, iters: 920, time: 0.117, data: 0.003) G_GAN: 1.997 G_LPIPS: 55.993 D_real: 0.038 D_fake: 0.277 \n"}
,{"stream_name":"stdout","time":1478.014954827,"data":"(epoch: 4, iters: 940, time: 0.117, data: 0.003) G_GAN: 2.409 G_LPIPS: 56.160 D_real: 0.053 D_fake: 0.152 \n"}
,{"stream_name":"stdout","time":1478.014958297,"data":"(epoch: 4, iters: 960, time: 0.117, data: 0.003) G_GAN: 1.746 G_LPIPS: 53.752 D_real: 0.411 D_fake: 0.152 \n"}
,{"stream_name":"stdout","time":1478.014961775,"data":"(epoch: 4, iters: 980, time: 0.116, data: 0.003) G_GAN: 1.716 G_LPIPS: 55.864 D_real: 0.051 D_fake: 0.305 \n"}
,{"stream_name":"stdout","time":1478.01496529,"data":"(epoch: 4, iters: 1000, time: 0.118, data: 0.003) G_GAN: 2.661 G_LPIPS: 57.145 D_real: 0.032 D_fake: 0.770 \n"}
,{"stream_name":"stdout","time":1478.014970589,"data":"(epoch: 4, iters: 1020, time: 0.116, data: 0.003) G_GAN: 1.431 G_LPIPS: 54.540 D_real: 0.500 D_fake: 0.334 \n"}
,{"stream_name":"stdout","time":1478.014977008,"data":"(epoch: 4, iters: 1040, time: 0.117, data: 0.003) G_GAN: 2.198 G_LPIPS: 58.650 D_real: 0.021 D_fake: 0.493 \n"}
,{"stream_name":"stdout","time":1478.014979868,"data":"(epoch: 4, iters: 1060, time: 0.117, data: 0.003) G_GAN: 2.806 G_LPIPS: 55.087 D_real: 0.062 D_fake: 0.200 \n"}
,{"stream_name":"stdout","time":1478.014994288,"data":"(epoch: 4, iters: 1080, time: 0.118, data: 0.004) G_GAN: 2.222 G_LPIPS: 53.209 D_real: 0.168 D_fake: 0.498 \n"}
,{"stream_name":"stdout","time":1478.014998797,"data":"(epoch: 4, iters: 1100, time: 0.117, data: 0.003) G_GAN: 4.067 G_LPIPS: 60.484 D_real: 0.049 D_fake: 0.027 \n"}
,{"stream_name":"stdout","time":1478.015003018,"data":"(epoch: 4, iters: 1120, time: 0.118, data: 0.003) G_GAN: 3.910 G_LPIPS: 57.130 D_real: 0.021 D_fake: 0.671 \n"}
,{"stream_name":"stdout","time":1478.015007342,"data":"(epoch: 4, iters: 1140, time: 0.118, data: 0.003) G_GAN: 2.551 G_LPIPS: 56.557 D_real: 0.082 D_fake: 0.215 \n"}
,{"stream_name":"stdout","time":1478.015011678,"data":"(epoch: 4, iters: 1160, time: 0.118, data: 0.003) G_GAN: 2.685 G_LPIPS: 54.684 D_real: 0.141 D_fake: 0.281 \n"}
,{"stream_name":"stdout","time":1478.015015244,"data":"(epoch: 4, iters: 1180, time: 0.116, data: 0.003) G_GAN: 1.997 G_LPIPS: 56.443 D_real: 0.443 D_fake: 0.475 \n"}
,{"stream_name":"stdout","time":1478.015018767,"data":"(epoch: 4, iters: 1200, time: 0.117, data: 0.003) G_GAN: 1.394 G_LPIPS: 54.270 D_real: 0.583 D_fake: 0.202 \n"}
,{"stream_name":"stdout","time":1478.015022272,"data":"(epoch: 4, iters: 1220, time: 0.119, data: 0.003) G_GAN: 2.326 G_LPIPS: 56.429 D_real: 0.904 D_fake: 0.066 \n"}
,{"stream_name":"stdout","time":1478.015026062,"data":"(epoch: 4, iters: 1240, time: 0.118, data: 0.003) G_GAN: 1.183 G_LPIPS: 54.298 D_real: 0.575 D_fake: 0.231 \n"}
,{"stream_name":"stdout","time":1478.015029684,"data":"(epoch: 4, iters: 1260, time: 0.118, data: 0.003) G_GAN: 0.928 G_LPIPS: 55.370 D_real: 0.540 D_fake: 0.156 \n"}
,{"stream_name":"stdout","time":1478.015033223,"data":"(epoch: 4, iters: 1280, time: 0.118, data: 0.003) G_GAN: 2.027 G_LPIPS: 58.073 D_real: 0.029 D_fake: 0.892 \n"}
,{"stream_name":"stdout","time":1478.015039888,"data":"(epoch: 4, iters: 1300, time: 0.118, data: 0.003) G_GAN: 2.154 G_LPIPS: 56.690 D_real: 0.013 D_fake: 0.498 \n"}
,{"stream_name":"stdout","time":1478.015043457,"data":"(epoch: 4, iters: 1320, time: 0.118, data: 0.003) G_GAN: 2.197 G_LPIPS: 55.327 D_real: 0.192 D_fake: 0.226 \n"}
,{"stream_name":"stdout","time":1478.015046963,"data":"(epoch: 4, iters: 1340, time: 0.118, data: 0.003) G_GAN: 2.661 G_LPIPS: 51.887 D_real: 0.274 D_fake: 0.635 \n"}
,{"stream_name":"stdout","time":1478.015050438,"data":"(epoch: 4, iters: 1360, time: 0.118, data: 0.003) G_GAN: 1.697 G_LPIPS: 54.599 D_real: 0.409 D_fake: 0.846 \n"}
,{"stream_name":"stdout","time":1478.015053962,"data":"(epoch: 4, iters: 1380, time: 0.118, data: 0.003) G_GAN: 1.822 G_LPIPS: 55.464 D_real: 0.187 D_fake: 0.430 \n"}
,{"stream_name":"stdout","time":1478.015057393,"data":"(epoch: 4, iters: 1400, time: 0.118, data: 0.003) G_GAN: 2.630 G_LPIPS: 56.377 D_real: 0.089 D_fake: 0.187 \n"}
,{"stream_name":"stdout","time":1478.015060953,"data":"(epoch: 4, iters: 1420, time: 0.118, data: 0.003) G_GAN: 1.911 G_LPIPS: 51.413 D_real: 0.278 D_fake: 0.233 \n"}
,{"stream_name":"stdout","time":1478.015066186,"data":"(epoch: 4, iters: 1440, time: 0.118, data: 0.003) G_GAN: 1.849 G_LPIPS: 54.376 D_real: 0.158 D_fake: 0.272 \n"}
,{"stream_name":"stdout","time":1478.015073302,"data":"(epoch: 4, iters: 1460, time: 0.118, data: 0.003) G_GAN: 2.242 G_LPIPS: 53.306 D_real: 0.114 D_fake: 0.173 \n"}
,{"stream_name":"stdout","time":1478.015076451,"data":"(epoch: 4, iters: 1480, time: 0.118, data: 0.003) G_GAN: 2.163 G_LPIPS: 51.884 D_real: 0.077 D_fake: 0.663 \n"}
,{"stream_name":"stdout","time":1478.015095095,"data":"(epoch: 4, iters: 1500, time: 0.118, data: 0.003) G_GAN: 1.084 G_LPIPS: 54.542 D_real: 0.925 D_fake: 0.176 \n"}
,{"stream_name":"stdout","time":1478.01509915,"data":"(epoch: 4, iters: 1520, time: 0.118, data: 0.003) G_GAN: 1.748 G_LPIPS: 56.676 D_real: 0.099 D_fake: 0.240 \n"}
,{"stream_name":"stdout","time":1591.405678268,"data":"(epoch: 4, iters: 1540, time: 0.118, data: 0.003) G_GAN: 2.298 G_LPIPS: 54.683 D_real: 0.135 D_fake: 0.390 \n"}
,{"stream_name":"stdout","time":1591.405718406,"data":"(epoch: 4, iters: 1560, time: 0.118, data: 0.003) G_GAN: 1.774 G_LPIPS: 48.667 D_real: 0.164 D_fake: 0.570 \n"}
,{"stream_name":"stdout","time":1591.405724559,"data":"(epoch: 4, iters: 1580, time: 0.119, data: 0.003) G_GAN: 3.357 G_LPIPS: 57.844 D_real: 0.111 D_fake: 0.049 \n"}
,{"stream_name":"stdout","time":1591.405731009,"data":"(epoch: 4, iters: 1600, time: 0.118, data: 0.003) G_GAN: 2.355 G_LPIPS: 53.171 D_real: 0.236 D_fake: 0.117 \n"}
,{"stream_name":"stdout","time":1591.405738116,"data":"(epoch: 4, iters: 1620, time: 0.117, data: 0.003) G_GAN: 2.200 G_LPIPS: 55.046 D_real: 0.279 D_fake: 0.662 \n"}
,{"stream_name":"stdout","time":1591.405741369,"data":"(epoch: 4, iters: 1640, time: 0.118, data: 0.003) G_GAN: 2.236 G_LPIPS: 58.365 D_real: 0.282 D_fake: 0.163 \n"}
,{"stream_name":"stdout","time":1591.405744373,"data":"(epoch: 4, iters: 1660, time: 0.118, data: 0.004) G_GAN: 2.116 G_LPIPS: 56.041 D_real: 0.359 D_fake: 0.193 \n"}
,{"stream_name":"stdout","time":1591.405747279,"data":"(epoch: 4, iters: 1680, time: 0.118, data: 0.003) G_GAN: 4.715 G_LPIPS: 57.236 D_real: 0.010 D_fake: 1.782 \n"}
,{"stream_name":"stdout","time":1591.405750189,"data":"(epoch: 4, iters: 1700, time: 0.118, data: 0.003) G_GAN: 2.821 G_LPIPS: 57.938 D_real: 0.186 D_fake: 0.109 \n"}
,{"stream_name":"stdout","time":1591.405753179,"data":"(epoch: 4, iters: 1720, time: 0.118, data: 0.003) G_GAN: 2.600 G_LPIPS: 49.920 D_real: 0.228 D_fake: 1.201 \n"}
,{"stream_name":"stdout","time":1591.405756273,"data":"(epoch: 4, iters: 1740, time: 0.118, data: 0.003) G_GAN: 1.856 G_LPIPS: 51.563 D_real: 0.436 D_fake: 0.452 \n"}
,{"stream_name":"stdout","time":1591.405788143,"data":"(epoch: 4, iters: 1760, time: 0.118, data: 0.003) G_GAN: 1.158 G_LPIPS: 54.915 D_real: 0.475 D_fake: 0.333 \n"}
,{"stream_name":"stdout","time":1591.405793271,"data":"(epoch: 4, iters: 1780, time: 0.118, data: 0.003) G_GAN: 2.162 G_LPIPS: 55.778 D_real: 0.181 D_fake: 0.160 \n"}
,{"stream_name":"stdout","time":1591.405797314,"data":"(epoch: 4, iters: 1800, time: 0.118, data: 0.003) G_GAN: 2.191 G_LPIPS: 52.962 D_real: 0.035 D_fake: 0.833 \n"}
,{"stream_name":"stdout","time":1591.405801523,"data":"(epoch: 4, iters: 1820, time: 0.118, data: 0.003) G_GAN: 3.002 G_LPIPS: 60.669 D_real: 0.021 D_fake: 0.409 \n"}
,{"stream_name":"stdout","time":1591.405805421,"data":"(epoch: 4, iters: 1840, time: 0.119, data: 0.003) G_GAN: 2.326 G_LPIPS: 55.845 D_real: 0.315 D_fake: 0.211 \n"}
,{"stream_name":"stdout","time":1591.405808969,"data":"(epoch: 4, iters: 1860, time: 0.118, data: 0.003) G_GAN: 2.597 G_LPIPS: 59.959 D_real: 0.051 D_fake: 0.143 \n"}
,{"stream_name":"stdout","time":1591.40581264,"data":"(epoch: 4, iters: 1880, time: 0.117, data: 0.003) G_GAN: 1.599 G_LPIPS: 51.993 D_real: 0.714 D_fake: 0.194 \n"}
,{"stream_name":"stdout","time":1591.405816162,"data":"(epoch: 4, iters: 1900, time: 0.118, data: 0.003) G_GAN: 1.440 G_LPIPS: 52.415 D_real: 0.709 D_fake: 0.078 \n"}
,{"stream_name":"stdout","time":1591.405822265,"data":"(epoch: 4, iters: 1920, time: 0.118, data: 0.003) G_GAN: 1.294 G_LPIPS: 53.472 D_real: 0.387 D_fake: 0.149 \n"}
,{"stream_name":"stdout","time":1591.405825783,"data":"(epoch: 4, iters: 1940, time: 0.119, data: 0.003) G_GAN: 2.452 G_LPIPS: 55.395 D_real: 0.161 D_fake: 0.085 \n"}
,{"stream_name":"stdout","time":1591.405829398,"data":"(epoch: 4, iters: 1960, time: 0.119, data: 0.003) G_GAN: 2.208 G_LPIPS: 56.570 D_real: 0.489 D_fake: 0.061 \n"}
,{"stream_name":"stdout","time":1591.405832867,"data":"(epoch: 4, iters: 1980, time: 0.119, data: 0.003) G_GAN: 1.417 G_LPIPS: 51.319 D_real: 0.512 D_fake: 0.160 \n"}
,{"stream_name":"stdout","time":1591.405836305,"data":"(epoch: 4, iters: 2000, time: 0.119, data: 0.003) G_GAN: 2.099 G_LPIPS: 55.341 D_real: 0.100 D_fake: 0.300 \n"}
,{"stream_name":"stdout","time":1591.405839779,"data":"(epoch: 4, iters: 2020, time: 0.118, data: 0.003) G_GAN: 2.596 G_LPIPS: 59.503 D_real: 0.015 D_fake: 0.279 \n"}
,{"stream_name":"stdout","time":1591.405843363,"data":"(epoch: 4, iters: 2040, time: 0.118, data: 0.003) G_GAN: 3.036 G_LPIPS: 53.695 D_real: 0.171 D_fake: 0.296 \n"}
,{"stream_name":"stdout","time":1591.405848603,"data":"(epoch: 4, iters: 2060, time: 0.118, data: 0.003) G_GAN: 1.566 G_LPIPS: 54.762 D_real: 0.297 D_fake: 0.494 \n"}
,{"stream_name":"stdout","time":1591.405855295,"data":"(epoch: 4, iters: 2080, time: 0.118, data: 0.003) G_GAN: 2.842 G_LPIPS: 55.854 D_real: 0.052 D_fake: 0.331 \n"}
,{"stream_name":"stdout","time":1591.405857661,"data":"(epoch: 4, iters: 2100, time: 0.117, data: 0.003) G_GAN: 2.160 G_LPIPS: 59.543 D_real: 0.012 D_fake: 0.184 \n"}
,{"stream_name":"stdout","time":1591.405859923,"data":"(epoch: 4, iters: 2120, time: 0.119, data: 0.003) G_GAN: 2.078 G_LPIPS: 55.065 D_real: 0.219 D_fake: 0.367 \n"}
,{"stream_name":"stdout","time":1591.405862199,"data":"(epoch: 4, iters: 2140, time: 0.119, data: 0.004) G_GAN: 2.046 G_LPIPS: 56.043 D_real: 0.046 D_fake: 0.317 \n"}
,{"stream_name":"stdout","time":1591.40586447,"data":"(epoch: 4, iters: 2160, time: 0.117, data: 0.003) G_GAN: 2.458 G_LPIPS: 56.150 D_real: 0.104 D_fake: 0.174 \n"}
,{"stream_name":"stdout","time":1591.405866736,"data":"(epoch: 4, iters: 2180, time: 0.118, data: 0.003) G_GAN: 2.778 G_LPIPS: 55.713 D_real: 0.080 D_fake: 0.892 \n"}
,{"stream_name":"stdout","time":1591.40586998,"data":"(epoch: 4, iters: 2200, time: 0.119, data: 0.003) G_GAN: 3.224 G_LPIPS: 57.614 D_real: 0.077 D_fake: 0.062 \n"}
,{"stream_name":"stdout","time":1591.40588917,"data":"(epoch: 4, iters: 2220, time: 0.118, data: 0.003) G_GAN: 2.359 G_LPIPS: 53.177 D_real: 0.050 D_fake: 0.391 \n"}
,{"stream_name":"stdout","time":1591.405893237,"data":"(epoch: 4, iters: 2240, time: 0.119, data: 0.003) G_GAN: 1.194 G_LPIPS: 50.557 D_real: 0.896 D_fake: 0.186 \n"}
,{"stream_name":"stdout","time":1591.405897601,"data":"(epoch: 4, iters: 2260, time: 0.118, data: 0.003) G_GAN: 0.236 G_LPIPS: 53.139 D_real: 1.791 D_fake: 0.228 \n"}
,{"stream_name":"stdout","time":1591.405901272,"data":"(epoch: 4, iters: 2280, time: 0.118, data: 0.003) G_GAN: 1.832 G_LPIPS: 55.564 D_real: 0.087 D_fake: 0.533 \n"}
,{"stream_name":"stdout","time":1591.40590523,"data":"(epoch: 4, iters: 2300, time: 0.119, data: 0.003) G_GAN: 2.379 G_LPIPS: 54.180 D_real: 0.144 D_fake: 0.371 \n"}
,{"stream_name":"stdout","time":1591.405908793,"data":"(epoch: 4, iters: 2320, time: 0.119, data: 0.003) G_GAN: 2.223 G_LPIPS: 57.955 D_real: 0.450 D_fake: 0.086 \n"}
,{"stream_name":"stdout","time":1591.405912306,"data":"(epoch: 4, iters: 2340, time: 0.118, data: 0.003) G_GAN: 2.353 G_LPIPS: 57.138 D_real: 0.328 D_fake: 0.085 \n"}
,{"stream_name":"stdout","time":1591.405915831,"data":"(epoch: 4, iters: 2360, time: 0.119, data: 0.003) G_GAN: 2.117 G_LPIPS: 51.005 D_real: 0.304 D_fake: 0.141 \n"}
,{"stream_name":"stdout","time":1591.405919321,"data":"(epoch: 4, iters: 2380, time: 0.119, data: 0.003) G_GAN: 1.440 G_LPIPS: 51.039 D_real: 0.570 D_fake: 0.149 \n"}
,{"stream_name":"stdout","time":1591.40592277,"data":"(epoch: 4, iters: 2400, time: 0.118, data: 0.003) G_GAN: 1.966 G_LPIPS: 56.410 D_real: 0.297 D_fake: 0.130 \n"}
,{"stream_name":"stdout","time":1591.405926246,"data":"(epoch: 4, iters: 2420, time: 0.133, data: 0.003) G_GAN: 2.328 G_LPIPS: 55.742 D_real: 0.388 D_fake: 0.089 \n"}
,{"stream_name":"stdout","time":1591.405929728,"data":"(epoch: 4, iters: 2440, time: 0.118, data: 0.003) G_GAN: 2.901 G_LPIPS: 54.801 D_real: 0.026 D_fake: 1.362 \n"}
,{"stream_name":"stdout","time":1591.405933218,"data":"(epoch: 4, iters: 2460, time: 0.118, data: 0.003) G_GAN: 3.069 G_LPIPS: 56.407 D_real: 0.111 D_fake: 0.149 \n"}
,{"stream_name":"stdout","time":1591.405936731,"data":"(epoch: 4, iters: 2480, time: 0.119, data: 0.003) G_GAN: 1.926 G_LPIPS: 52.667 D_real: 0.103 D_fake: 0.539 \n"}
,{"stream_name":"stdout","time":1591.405940198,"data":"(epoch: 4, iters: 2500, time: 0.119, data: 0.003) G_GAN: 1.043 G_LPIPS: 52.189 D_real: 0.889 D_fake: 0.207 \n"}
,{"stream_name":"stdout","time":1591.405943767,"data":"(epoch: 4, iters: 2520, time: 0.118, data: 0.003) G_GAN: 2.764 G_LPIPS: 57.815 D_real: 0.079 D_fake: 0.182 \n"}
,{"stream_name":"stdout","time":1591.405947245,"data":"(epoch: 4, iters: 2540, time: 0.119, data: 0.003) G_GAN: 1.759 G_LPIPS: 56.357 D_real: 0.403 D_fake: 0.131 \n"}
,{"stream_name":"stdout","time":1591.405950743,"data":"(epoch: 4, iters: 2560, time: 0.118, data: 0.003) G_GAN: 0.892 G_LPIPS: 51.245 D_real: 0.902 D_fake: 0.187 \n"}
,{"stream_name":"stdout","time":1591.405958999,"data":"(epoch: 4, iters: 2580, time: 0.119, data: 0.003) G_GAN: 2.290 G_LPIPS: 58.112 D_real: 0.188 D_fake: 0.107 \n"}
,{"stream_name":"stdout","time":1591.405962123,"data":"(epoch: 4, iters: 2600, time: 0.119, data: 0.003) G_GAN: 2.359 G_LPIPS: 53.097 D_real: 0.090 D_fake: 0.204 \n"}
,{"stream_name":"stdout","time":1591.405965213,"data":"(epoch: 4, iters: 2620, time: 0.119, data: 0.003) G_GAN: 2.804 G_LPIPS: 53.773 D_real: 0.081 D_fake: 0.183 \n"}
,{"stream_name":"stdout","time":1591.405979159,"data":"(epoch: 4, iters: 2640, time: 0.119, data: 0.003) G_GAN: 2.726 G_LPIPS: 54.113 D_real: 0.110 D_fake: 0.136 \n"}
,{"stream_name":"stdout","time":1591.405983204,"data":"(epoch: 4, iters: 2660, time: 0.166, data: 0.003) G_GAN: 1.582 G_LPIPS: 52.967 D_real: 1.212 D_fake: 0.159 \n"}
,{"stream_name":"stdout","time":1591.405991291,"data":"(epoch: 4, iters: 2680, time: 0.119, data: 0.003) G_GAN: 2.723 G_LPIPS: 55.750 D_real: 0.424 D_fake: 0.100 \n"}
,{"stream_name":"stdout","time":1591.405995331,"data":"(epoch: 4, iters: 2700, time: 0.119, data: 0.003) G_GAN: 1.535 G_LPIPS: 54.214 D_real: 0.348 D_fake: 0.111 \n"}
,{"stream_name":"stdout","time":1591.405998838,"data":"(epoch: 4, iters: 2720, time: 0.119, data: 0.003) G_GAN: 2.400 G_LPIPS: 56.595 D_real: 0.092 D_fake: 0.146 \n"}
,{"stream_name":"stdout","time":1591.406002331,"data":"(epoch: 4, iters: 2740, time: 0.119, data: 0.003) G_GAN: 2.120 G_LPIPS: 55.213 D_real: 0.020 D_fake: 0.355 \n"}
,{"stream_name":"stdout","time":1591.406005774,"data":"(epoch: 4, iters: 2760, time: 0.119, data: 0.004) G_GAN: 2.627 G_LPIPS: 49.139 D_real: 0.108 D_fake: 0.731 \n"}
,{"stream_name":"stdout","time":1591.406009274,"data":"(epoch: 4, iters: 2780, time: 0.120, data: 0.003) G_GAN: 1.105 G_LPIPS: 49.305 D_real: 0.787 D_fake: 0.180 \n"}
,{"stream_name":"stdout","time":1591.406012727,"data":"(epoch: 4, iters: 2800, time: 0.121, data: 0.003) G_GAN: 2.377 G_LPIPS: 54.916 D_real: 0.099 D_fake: 0.428 \n"}
,{"stream_name":"stdout","time":1591.406016167,"data":"(epoch: 4, iters: 2820, time: 0.119, data: 0.003) G_GAN: 2.418 G_LPIPS: 54.087 D_real: 0.493 D_fake: 0.228 \n"}
,{"stream_name":"stdout","time":1591.406019743,"data":"(epoch: 4, iters: 2840, time: 0.119, data: 0.003) G_GAN: 2.539 G_LPIPS: 57.788 D_real: 0.452 D_fake: 0.343 \n"}
,{"stream_name":"stdout","time":1591.406023224,"data":"(epoch: 4, iters: 2860, time: 0.118, data: 0.003) G_GAN: 2.727 G_LPIPS: 54.982 D_real: 0.046 D_fake: 0.350 \n"}
,{"stream_name":"stdout","time":1591.406026713,"data":"(epoch: 4, iters: 2880, time: 0.120, data: 0.003) G_GAN: 1.704 G_LPIPS: 51.602 D_real: 0.282 D_fake: 0.265 \n"}
,{"stream_name":"stdout","time":1591.406030204,"data":"(epoch: 4, iters: 2900, time: 0.120, data: 0.004) G_GAN: 0.869 G_LPIPS: 48.927 D_real: 1.004 D_fake: 0.169 \n"}
,{"stream_name":"stdout","time":1591.406033659,"data":"(epoch: 4, iters: 2920, time: 0.120, data: 0.003) G_GAN: 2.642 G_LPIPS: 56.639 D_real: 0.237 D_fake: 0.166 \n"}
,{"stream_name":"stdout","time":1591.406037138,"data":"(epoch: 4, iters: 2940, time: 0.120, data: 0.003) G_GAN: 1.378 G_LPIPS: 53.656 D_real: 0.459 D_fake: 0.175 \n"}
,{"stream_name":"stdout","time":1591.406040646,"data":"(epoch: 4, iters: 2960, time: 0.119, data: 0.003) G_GAN: 2.410 G_LPIPS: 54.593 D_real: 0.348 D_fake: 0.114 \n"}
,{"stream_name":"stdout","time":1591.406044121,"data":"(epoch: 4, iters: 2980, time: 0.120, data: 0.003) G_GAN: 1.886 G_LPIPS: 55.949 D_real: 0.975 D_fake: 0.017 \n"}
,{"stream_name":"stdout","time":1591.406049471,"data":"(epoch: 4, iters: 3000, time: 0.119, data: 0.003) G_GAN: 2.226 G_LPIPS: 56.924 D_real: 0.114 D_fake: 0.254 \n"}
,{"stream_name":"stdout","time":1591.406055851,"data":"(epoch: 4, iters: 3020, time: 0.119, data: 0.003) G_GAN: 1.869 G_LPIPS: 51.370 D_real: 0.464 D_fake: 0.077 \n"}
,{"stream_name":"stdout","time":1591.406058666,"data":"(epoch: 4, iters: 3040, time: 0.118, data: 0.003) G_GAN: 0.897 G_LPIPS: 51.786 D_real: 1.037 D_fake: 0.163 \n"}
,{"stream_name":"stdout","time":1707.364655801,"data":"(epoch: 4, iters: 3060, time: 0.119, data: 0.003) G_GAN: 1.508 G_LPIPS: 54.881 D_real: 0.339 D_fake: 0.166 \n"}
,{"stream_name":"stdout","time":1707.364695807,"data":"(epoch: 4, iters: 3080, time: 0.120, data: 0.003) G_GAN: 2.798 G_LPIPS: 54.014 D_real: 0.050 D_fake: 0.138 \n"}
,{"stream_name":"stdout","time":1707.364707855,"data":"(epoch: 4, iters: 3100, time: 0.120, data: 0.003) G_GAN: 0.447 G_LPIPS: 47.690 D_real: 0.816 D_fake: 0.253 \n"}
,{"stream_name":"stdout","time":1707.364711663,"data":"(epoch: 4, iters: 3120, time: 0.119, data: 0.003) G_GAN: 2.019 G_LPIPS: 54.604 D_real: 0.857 D_fake: 0.052 \n"}
,{"stream_name":"stdout","time":1707.3647272,"data":"(epoch: 4, iters: 3140, time: 0.120, data: 0.003) G_GAN: 1.833 G_LPIPS: 57.286 D_real: 0.040 D_fake: 0.296 \n"}
,{"stream_name":"stdout","time":1707.36472992,"data":"(epoch: 4, iters: 3160, time: 0.119, data: 0.003) G_GAN: 2.901 G_LPIPS: 55.743 D_real: 0.016 D_fake: 0.326 \n"}
,{"stream_name":"stdout","time":1707.36473226,"data":"(epoch: 4, iters: 3180, time: 0.119, data: 0.003) G_GAN: 1.712 G_LPIPS: 51.083 D_real: 0.470 D_fake: 0.157 \n"}
,{"stream_name":"stdout","time":1707.364734572,"data":"(epoch: 4, iters: 3200, time: 0.120, data: 0.003) G_GAN: 2.074 G_LPIPS: 55.299 D_real: 0.370 D_fake: 0.184 \n"}
,{"stream_name":"stdout","time":1707.364736931,"data":"(epoch: 4, iters: 3220, time: 0.120, data: 0.003) G_GAN: 2.255 G_LPIPS: 51.505 D_real: 0.110 D_fake: 0.558 \n"}
,{"stream_name":"stdout","time":1707.364739367,"data":"(epoch: 4, iters: 3240, time: 0.119, data: 0.003) G_GAN: 2.183 G_LPIPS: 52.412 D_real: 0.279 D_fake: 0.080 \n"}
,{"stream_name":"stdout","time":1707.364741621,"data":"(epoch: 4, iters: 3260, time: 0.119, data: 0.003) G_GAN: 1.212 G_LPIPS: 53.427 D_real: 0.230 D_fake: 0.211 \n"}
,{"stream_name":"stdout","time":1707.364743877,"data":"(epoch: 4, iters: 3280, time: 0.119, data: 0.003) G_GAN: 2.184 G_LPIPS: 54.522 D_real: 0.051 D_fake: 0.145 \n"}
,{"stream_name":"stdout","time":1707.364746169,"data":"(epoch: 4, iters: 3300, time: 0.118, data: 0.003) G_GAN: 3.386 G_LPIPS: 56.797 D_real: 0.400 D_fake: 0.047 \n"}
,{"stream_name":"stdout","time":1707.364748557,"data":"(epoch: 4, iters: 3320, time: 0.119, data: 0.004) G_GAN: 1.350 G_LPIPS: 49.716 D_real: 0.435 D_fake: 0.465 \n"}
,{"stream_name":"stdout","time":1707.36475082,"data":"(epoch: 4, iters: 3340, time: 0.119, data: 0.004) G_GAN: 3.117 G_LPIPS: 59.898 D_real: 0.304 D_fake: 0.052 \n"}
,{"stream_name":"stdout","time":1707.364753083,"data":"(epoch: 4, iters: 3360, time: 0.120, data: 0.003) G_GAN: 2.600 G_LPIPS: 58.767 D_real: 0.021 D_fake: 0.200 \n"}
,{"stream_name":"stdout","time":1707.36476156,"data":"(epoch: 4, iters: 3380, time: 0.120, data: 0.003) G_GAN: 0.791 G_LPIPS: 55.957 D_real: 0.819 D_fake: 0.120 \n"}
,{"stream_name":"stdout","time":1707.364764072,"data":"(epoch: 4, iters: 3400, time: 0.119, data: 0.003) G_GAN: 1.757 G_LPIPS: 50.981 D_real: 0.275 D_fake: 0.218 \n"}
,{"stream_name":"stdout","time":1707.364766368,"data":"(epoch: 4, iters: 3420, time: 0.119, data: 0.003) G_GAN: 2.230 G_LPIPS: 57.626 D_real: 0.427 D_fake: 0.058 \n"}
,{"stream_name":"stdout","time":1707.364770358,"data":"(epoch: 4, iters: 3440, time: 0.119, data: 0.003) G_GAN: 2.310 G_LPIPS: 57.874 D_real: 0.076 D_fake: 1.310 \n"}
,{"stream_name":"stdout","time":1707.364772768,"data":"(epoch: 4, iters: 3460, time: 0.120, data: 0.003) G_GAN: 1.474 G_LPIPS: 54.713 D_real: 0.609 D_fake: 0.270 \n"}
,{"stream_name":"stdout","time":1707.364775124,"data":"(epoch: 4, iters: 3480, time: 0.121, data: 0.003) G_GAN: 1.596 G_LPIPS: 55.990 D_real: 0.174 D_fake: 0.234 \n"}
,{"stream_name":"stdout","time":1707.364777399,"data":"(epoch: 4, iters: 3500, time: 0.119, data: 0.003) G_GAN: 2.003 G_LPIPS: 54.208 D_real: 0.221 D_fake: 0.124 \n"}
,{"stream_name":"stdout","time":1707.364779663,"data":"(epoch: 4, iters: 3520, time: 0.119, data: 0.003) G_GAN: 2.021 G_LPIPS: 53.533 D_real: 0.223 D_fake: 0.173 \n"}
,{"stream_name":"stdout","time":1707.364781934,"data":"(epoch: 4, iters: 3540, time: 0.119, data: 0.003) G_GAN: 2.382 G_LPIPS: 56.011 D_real: 0.120 D_fake: 0.394 \n"}
,{"stream_name":"stdout","time":1707.364784269,"data":"(epoch: 4, iters: 3560, time: 0.119, data: 0.003) G_GAN: 1.301 G_LPIPS: 50.745 D_real: 0.363 D_fake: 0.234 \n"}
,{"stream_name":"stdout","time":1707.364786637,"data":"(epoch: 4, iters: 3580, time: 0.120, data: 0.003) G_GAN: 2.557 G_LPIPS: 53.930 D_real: 0.158 D_fake: 0.161 \n"}
,{"stream_name":"stdout","time":1707.364791879,"data":"(epoch: 4, iters: 3600, time: 0.119, data: 0.003) G_GAN: 2.203 G_LPIPS: 53.045 D_real: 0.113 D_fake: 1.487 \n"}
,{"stream_name":"stdout","time":1707.364794434,"data":"(epoch: 4, iters: 3620, time: 0.121, data: 0.003) G_GAN: 1.644 G_LPIPS: 55.533 D_real: 1.098 D_fake: 0.220 \n"}
,{"stream_name":"stdout","time":1707.364796784,"data":"(epoch: 4, iters: 3640, time: 0.119, data: 0.003) G_GAN: 2.492 G_LPIPS: 53.594 D_real: 0.204 D_fake: 0.492 \n"}
,{"stream_name":"stdout","time":1707.364799059,"data":"(epoch: 4, iters: 3660, time: 0.120, data: 0.003) G_GAN: 1.926 G_LPIPS: 56.627 D_real: 0.323 D_fake: 0.138 \n"}
,{"stream_name":"stdout","time":1707.364801352,"data":"(epoch: 4, iters: 3680, time: 0.120, data: 0.003) G_GAN: 1.450 G_LPIPS: 54.455 D_real: 0.755 D_fake: 0.059 \n"}
,{"stream_name":"stdout","time":1707.364804029,"data":"(epoch: 4, iters: 3700, time: 0.117, data: 0.003) G_GAN: 2.322 G_LPIPS: 57.423 D_real: 0.026 D_fake: 0.771 \n"}
,{"stream_name":"stdout","time":1707.36480641,"data":"(epoch: 4, iters: 3720, time: 0.119, data: 0.004) G_GAN: 1.228 G_LPIPS: 56.334 D_real: 0.456 D_fake: 0.232 \n"}
,{"stream_name":"stdout","time":1707.364808684,"data":"(epoch: 4, iters: 3740, time: 0.119, data: 0.003) G_GAN: 1.380 G_LPIPS: 51.239 D_real: 0.948 D_fake: 0.200 \n"}
,{"stream_name":"stdout","time":1707.364810944,"data":"(epoch: 4, iters: 3760, time: 0.118, data: 0.003) G_GAN: 2.154 G_LPIPS: 54.573 D_real: 0.118 D_fake: 0.248 \n"}
,{"stream_name":"stdout","time":1707.364813232,"data":"(epoch: 4, iters: 3780, time: 0.120, data: 0.003) G_GAN: 2.385 G_LPIPS: 51.228 D_real: 0.140 D_fake: 0.206 \n"}
,{"stream_name":"stdout","time":1707.364815498,"data":"(epoch: 4, iters: 3800, time: 0.120, data: 0.003) G_GAN: 2.332 G_LPIPS: 53.584 D_real: 0.128 D_fake: 0.796 \n"}
,{"stream_name":"stdout","time":1707.364818029,"data":"(epoch: 4, iters: 3820, time: 0.121, data: 0.003) G_GAN: 1.739 G_LPIPS: 51.143 D_real: 0.949 D_fake: 0.098 \n"}
,{"stream_name":"stdout","time":1707.36482032,"data":"(epoch: 4, iters: 3840, time: 0.119, data: 0.003) G_GAN: 1.491 G_LPIPS: 51.347 D_real: 2.158 D_fake: 0.023 \n"}
,{"stream_name":"stdout","time":1707.364822597,"data":"(epoch: 4, iters: 3860, time: 0.119, data: 0.003) G_GAN: 2.938 G_LPIPS: 53.736 D_real: 0.309 D_fake: 0.088 \n"}
,{"stream_name":"stdout","time":1707.364824862,"data":"(epoch: 4, iters: 3880, time: 0.120, data: 0.003) G_GAN: 2.621 G_LPIPS: 58.007 D_real: 0.047 D_fake: 0.084 \n"}
,{"stream_name":"stdout","time":1707.36482711,"data":"(epoch: 4, iters: 3900, time: 0.118, data: 0.003) G_GAN: 2.738 G_LPIPS: 59.612 D_real: 0.199 D_fake: 0.552 \n"}
,{"stream_name":"stdout","time":1707.364829384,"data":"(epoch: 4, iters: 3920, time: 0.121, data: 0.003) G_GAN: 2.825 G_LPIPS: 54.216 D_real: 0.112 D_fake: 0.426 \n"}
,{"stream_name":"stdout","time":1707.364831676,"data":"(epoch: 4, iters: 3940, time: 0.120, data: 0.003) G_GAN: 3.138 G_LPIPS: 53.881 D_real: 0.109 D_fake: 0.154 \n"}
,{"stream_name":"stdout","time":1707.364833944,"data":"(epoch: 4, iters: 3960, time: 0.119, data: 0.003) G_GAN: 3.031 G_LPIPS: 56.326 D_real: 0.063 D_fake: 0.136 \n"}
,{"stream_name":"stdout","time":1707.364836204,"data":"(epoch: 4, iters: 3980, time: 0.119, data: 0.003) G_GAN: 1.344 G_LPIPS: 52.184 D_real: 0.505 D_fake: 0.175 \n"}
,{"stream_name":"stdout","time":1707.364838456,"data":"(epoch: 4, iters: 4000, time: 0.118, data: 0.003) G_GAN: 1.934 G_LPIPS: 50.867 D_real: 0.405 D_fake: 0.100 \n"}
,{"stream_name":"stdout","time":1707.364840709,"data":"(epoch: 4, iters: 4020, time: 0.119, data: 0.003) G_GAN: 1.360 G_LPIPS: 53.220 D_real: 0.284 D_fake: 0.370 \n"}
,{"stream_name":"stdout","time":1707.364842987,"data":"(epoch: 4, iters: 4040, time: 0.120, data: 0.003) G_GAN: 1.136 G_LPIPS: 56.169 D_real: 0.705 D_fake: 0.219 \n"}
,{"stream_name":"stdout","time":1707.364847772,"data":"(epoch: 4, iters: 4060, time: 0.120, data: 0.004) G_GAN: 1.843 G_LPIPS: 51.201 D_real: 0.047 D_fake: 0.629 \n"}
,{"stream_name":"stdout","time":1707.364850182,"data":"(epoch: 4, iters: 4080, time: 0.119, data: 0.003) G_GAN: 1.547 G_LPIPS: 53.918 D_real: 0.055 D_fake: 0.703 \n"}
,{"stream_name":"stdout","time":1707.364852484,"data":"(epoch: 4, iters: 4100, time: 0.120, data: 0.003) G_GAN: 2.013 G_LPIPS: 56.408 D_real: 0.077 D_fake: 0.235 \n"}
,{"stream_name":"stdout","time":1707.364854767,"data":"(epoch: 4, iters: 4120, time: 0.117, data: 0.003) G_GAN: 1.455 G_LPIPS: 54.081 D_real: 0.276 D_fake: 0.403 \n"}
,{"stream_name":"stdout","time":1707.36485704,"data":"(epoch: 4, iters: 4140, time: 0.119, data: 0.003) G_GAN: 2.468 G_LPIPS: 52.477 D_real: 0.097 D_fake: 0.706 \n"}
,{"stream_name":"stdout","time":1707.364859309,"data":"(epoch: 4, iters: 4160, time: 0.119, data: 0.003) G_GAN: 0.825 G_LPIPS: 53.060 D_real: 1.609 D_fake: 0.113 \n"}
,{"stream_name":"stdout","time":1707.364861583,"data":"(epoch: 4, iters: 4180, time: 0.119, data: 0.003) G_GAN: 2.224 G_LPIPS: 53.314 D_real: 0.130 D_fake: 0.196 \n"}
,{"stream_name":"stdout","time":1707.36486427,"data":"(epoch: 4, iters: 4200, time: 0.119, data: 0.003) G_GAN: 1.027 G_LPIPS: 53.158 D_real: 0.676 D_fake: 0.100 \n"}
,{"stream_name":"stdout","time":1707.364866562,"data":"(epoch: 4, iters: 4220, time: 0.119, data: 0.003) G_GAN: 2.289 G_LPIPS: 54.157 D_real: 0.065 D_fake: 0.182 \n"}
,{"stream_name":"stdout","time":1707.364868894,"data":"(epoch: 4, iters: 4240, time: 0.120, data: 0.003) G_GAN: 2.088 G_LPIPS: 52.333 D_real: 0.216 D_fake: 0.667 \n"}
,{"stream_name":"stdout","time":1707.364871169,"data":"(epoch: 4, iters: 4260, time: 0.120, data: 0.003) G_GAN: 2.323 G_LPIPS: 57.220 D_real: 0.031 D_fake: 0.243 \n"}
,{"stream_name":"stdout","time":1707.364873507,"data":"(epoch: 4, iters: 4280, time: 0.120, data: 0.003) G_GAN: 2.625 G_LPIPS: 54.155 D_real: 0.163 D_fake: 0.127 \n"}
,{"stream_name":"stdout","time":1707.364875762,"data":"(epoch: 4, iters: 4300, time: 0.120, data: 0.003) G_GAN: 2.104 G_LPIPS: 56.957 D_real: 0.078 D_fake: 0.200 \n"}
,{"stream_name":"stdout","time":1707.364878015,"data":"(epoch: 4, iters: 4320, time: 0.119, data: 0.003) G_GAN: 1.727 G_LPIPS: 56.331 D_real: 0.313 D_fake: 0.353 \n"}
,{"stream_name":"stdout","time":1707.36488026,"data":"(epoch: 4, iters: 4340, time: 0.120, data: 0.003) G_GAN: 1.275 G_LPIPS: 56.063 D_real: 0.191 D_fake: 0.447 \n"}
,{"stream_name":"stdout","time":1707.364882589,"data":"(epoch: 4, iters: 4360, time: 0.119, data: 0.003) G_GAN: 2.235 G_LPIPS: 52.559 D_real: 0.082 D_fake: 0.507 \n"}
,{"stream_name":"stdout","time":1707.364884881,"data":"(epoch: 4, iters: 4380, time: 0.120, data: 0.003) G_GAN: 2.331 G_LPIPS: 58.128 D_real: 0.114 D_fake: 0.173 \n"}
,{"stream_name":"stdout","time":1707.364887138,"data":"(epoch: 4, iters: 4400, time: 0.120, data: 0.003) G_GAN: 2.031 G_LPIPS: 54.844 D_real: 0.453 D_fake: 0.071 \n"}
,{"stream_name":"stdout","time":1707.364889507,"data":"(epoch: 4, iters: 4420, time: 0.134, data: 0.003) G_GAN: 1.931 G_LPIPS: 56.812 D_real: 0.379 D_fake: 0.202 \n"}
,{"stream_name":"stdout","time":1707.364891854,"data":"saving the latest model (epoch 4, total_iters 10000)\n"}
,{"stream_name":"stdout","time":1707.364894049,"data":"(epoch: 4, iters: 4440, time: 0.152, data: 0.003) G_GAN: 2.351 G_LPIPS: 56.244 D_real: 0.134 D_fake: 0.114 \n"}
,{"stream_name":"stdout","time":1707.364896317,"data":"(epoch: 4, iters: 4460, time: 0.119, data: 0.003) G_GAN: 3.127 G_LPIPS: 57.517 D_real: 0.033 D_fake: 0.200 \n"}
,{"stream_name":"stdout","time":1707.36489859,"data":"(epoch: 4, iters: 4480, time: 0.119, data: 0.003) G_GAN: 2.260 G_LPIPS: 55.216 D_real: 0.125 D_fake: 0.289 \n"}
,{"stream_name":"stdout","time":1707.364903335,"data":"(epoch: 4, iters: 4500, time: 0.119, data: 0.003) G_GAN: 3.638 G_LPIPS: 55.122 D_real: 0.056 D_fake: 0.059 \n"}
,{"stream_name":"stdout","time":1707.364905729,"data":"(epoch: 4, iters: 4520, time: 0.119, data: 0.003) G_GAN: 1.108 G_LPIPS: 56.516 D_real: 0.669 D_fake: 0.155 \n"}
,{"stream_name":"stdout","time":1707.364907997,"data":"(epoch: 4, iters: 4540, time: 0.120, data: 0.003) G_GAN: 1.449 G_LPIPS: 52.927 D_real: 0.423 D_fake: 0.322 \n"}
,{"stream_name":"stdout","time":1707.364910282,"data":"(epoch: 4, iters: 4560, time: 0.118, data: 0.003) G_GAN: 1.804 G_LPIPS: 52.529 D_real: 0.270 D_fake: 0.138 \n"}
,{"stream_name":"stdout","time":1784.992450968,"data":"(epoch: 4, iters: 4580, time: 0.119, data: 0.003) G_GAN: 1.816 G_LPIPS: 51.522 D_real: 0.158 D_fake: 0.279 \n"}
,{"stream_name":"stdout","time":1784.99248608,"data":"(epoch: 4, iters: 4600, time: 0.120, data: 0.003) G_GAN: 0.962 G_LPIPS: 53.465 D_real: 0.408 D_fake: 0.566 \n"}
,{"stream_name":"stdout","time":1784.992491918,"data":"(epoch: 4, iters: 4620, time: 0.119, data: 0.003) G_GAN: 2.557 G_LPIPS: 52.894 D_real: 0.079 D_fake: 0.432 \n"}
,{"stream_name":"stdout","time":1784.992496523,"data":"(epoch: 4, iters: 4640, time: 0.119, data: 0.003) G_GAN: 1.340 G_LPIPS: 49.993 D_real: 0.536 D_fake: 0.449 \n"}
,{"stream_name":"stdout","time":1784.99250122,"data":"(epoch: 4, iters: 4660, time: 0.120, data: 0.003) G_GAN: 2.755 G_LPIPS: 55.237 D_real: 0.157 D_fake: 0.072 \n"}
,{"stream_name":"stdout","time":1784.992505949,"data":"(epoch: 4, iters: 4680, time: 0.120, data: 0.003) G_GAN: 2.108 G_LPIPS: 53.690 D_real: 0.202 D_fake: 0.424 \n"}
,{"stream_name":"stdout","time":1784.992511177,"data":"(epoch: 4, iters: 4700, time: 0.120, data: 0.003) G_GAN: 2.690 G_LPIPS: 53.227 D_real: 0.045 D_fake: 0.917 \n"}
,{"stream_name":"stdout","time":1784.992516023,"data":"(epoch: 4, iters: 4720, time: 0.119, data: 0.003) G_GAN: 2.649 G_LPIPS: 53.958 D_real: 0.034 D_fake: 0.853 \n"}
,{"stream_name":"stdout","time":1784.992520615,"data":"(epoch: 4, iters: 4740, time: 0.118, data: 0.003) G_GAN: 1.979 G_LPIPS: 53.105 D_real: 0.107 D_fake: 0.479 \n"}
,{"stream_name":"stdout","time":1784.992525309,"data":"(epoch: 4, iters: 4760, time: 0.119, data: 0.003) G_GAN: 2.959 G_LPIPS: 57.842 D_real: 0.145 D_fake: 0.592 \n"}
,{"stream_name":"stdout","time":1784.992530005,"data":"(epoch: 4, iters: 4780, time: 0.119, data: 0.003) G_GAN: 1.038 G_LPIPS: 55.738 D_real: 1.256 D_fake: 0.095 \n"}
,{"stream_name":"stdout","time":1784.992534623,"data":"(epoch: 4, iters: 4800, time: 0.120, data: 0.003) G_GAN: 1.872 G_LPIPS: 53.135 D_real: 0.032 D_fake: 1.100 \n"}
,{"stream_name":"stdout","time":1784.992539305,"data":"(epoch: 4, iters: 4820, time: 0.120, data: 0.003) G_GAN: 3.293 G_LPIPS: 61.016 D_real: 0.040 D_fake: 0.139 \n"}
,{"stream_name":"stdout","time":1784.992544072,"data":"(epoch: 4, iters: 4840, time: 0.120, data: 0.003) G_GAN: 2.000 G_LPIPS: 53.667 D_real: 0.443 D_fake: 0.182 \n"}
,{"stream_name":"stdout","time":1784.99254876,"data":"(epoch: 4, iters: 4860, time: 0.119, data: 0.003) G_GAN: 2.294 G_LPIPS: 52.782 D_real: 0.352 D_fake: 0.502 \n"}
,{"stream_name":"stdout","time":1784.992553503,"data":"(epoch: 4, iters: 4880, time: 0.119, data: 0.003) G_GAN: 1.581 G_LPIPS: 49.667 D_real: 0.309 D_fake: 0.482 \n"}
,{"stream_name":"stdout","time":1784.992575367,"data":"(epoch: 4, iters: 4900, time: 0.120, data: 0.003) G_GAN: 1.875 G_LPIPS: 56.082 D_real: 0.247 D_fake: 0.260 \n"}
,{"stream_name":"stdout","time":1784.992581703,"data":"(epoch: 4, iters: 4920, time: 0.120, data: 0.003) G_GAN: 2.342 G_LPIPS: 55.430 D_real: 0.088 D_fake: 0.122 \n"}
,{"stream_name":"stdout","time":1784.992586337,"data":"(epoch: 4, iters: 4940, time: 0.120, data: 0.003) G_GAN: 3.099 G_LPIPS: 55.009 D_real: 0.045 D_fake: 0.450 \n"}
,{"stream_name":"stdout","time":1784.992600499,"data":"(epoch: 4, iters: 4960, time: 0.120, data: 0.003) G_GAN: 2.200 G_LPIPS: 54.812 D_real: 0.078 D_fake: 0.897 \n"}
,{"stream_name":"stdout","time":1784.992604244,"data":"(epoch: 4, iters: 4980, time: 0.120, data: 0.003) G_GAN: 2.546 G_LPIPS: 54.809 D_real: 0.565 D_fake: 0.056 \n"}
,{"stream_name":"stdout","time":1784.992607932,"data":"(epoch: 4, iters: 5000, time: 0.119, data: 0.003) G_GAN: 2.935 G_LPIPS: 55.335 D_real: 0.499 D_fake: 0.026 \n"}
,{"stream_name":"stdout","time":1784.99261195,"data":"(epoch: 4, iters: 5020, time: 0.120, data: 0.003) G_GAN: 1.988 G_LPIPS: 55.669 D_real: 1.964 D_fake: 0.033 \n"}
,{"stream_name":"stdout","time":1784.992615685,"data":"(epoch: 4, iters: 5040, time: 0.119, data: 0.003) G_GAN: 1.399 G_LPIPS: 52.800 D_real: 0.399 D_fake: 0.118 \n"}
,{"stream_name":"stdout","time":1784.992619216,"data":"(epoch: 4, iters: 5060, time: 0.120, data: 0.003) G_GAN: 1.775 G_LPIPS: 50.841 D_real: 0.117 D_fake: 0.310 \n"}
,{"stream_name":"stdout","time":1784.992622764,"data":"(epoch: 4, iters: 5080, time: 0.119, data: 0.004) G_GAN: 1.152 G_LPIPS: 52.897 D_real: 0.464 D_fake: 0.211 \n"}
,{"stream_name":"stdout","time":1784.99262657,"data":"(epoch: 4, iters: 5100, time: 0.120, data: 0.003) G_GAN: 1.993 G_LPIPS: 53.310 D_real: 0.061 D_fake: 0.780 \n"}
,{"stream_name":"stdout","time":1784.992630145,"data":"(epoch: 4, iters: 5120, time: 0.120, data: 0.003) G_GAN: 2.711 G_LPIPS: 53.617 D_real: 0.109 D_fake: 0.093 \n"}
,{"stream_name":"stdout","time":1784.992633726,"data":"(epoch: 4, iters: 5140, time: 0.120, data: 0.003) G_GAN: 1.653 G_LPIPS: 50.500 D_real: 0.293 D_fake: 0.325 \n"}
,{"stream_name":"stdout","time":1784.992637567,"data":"(epoch: 4, iters: 5160, time: 0.119, data: 0.003) G_GAN: 2.029 G_LPIPS: 54.987 D_real: 0.125 D_fake: 0.328 \n"}
,{"stream_name":"stdout","time":1784.9926412,"data":"(epoch: 4, iters: 5180, time: 0.120, data: 0.003) G_GAN: 1.982 G_LPIPS: 53.279 D_real: 0.023 D_fake: 0.595 \n"}
,{"stream_name":"stdout","time":1784.992644848,"data":"(epoch: 4, iters: 5200, time: 0.120, data: 0.003) G_GAN: 3.053 G_LPIPS: 53.136 D_real: 0.012 D_fake: 1.586 \n"}
,{"stream_name":"stdout","time":1784.992648567,"data":"(epoch: 4, iters: 5220, time: 0.120, data: 0.003) G_GAN: 2.487 G_LPIPS: 55.532 D_real: 0.190 D_fake: 0.097 \n"}
,{"stream_name":"stdout","time":1784.992652401,"data":"(epoch: 4, iters: 5240, time: 0.120, data: 0.003) G_GAN: 1.635 G_LPIPS: 52.890 D_real: 0.188 D_fake: 0.332 \n"}
,{"stream_name":"stdout","time":1784.992655981,"data":"(epoch: 4, iters: 5260, time: 0.119, data: 0.003) G_GAN: 2.171 G_LPIPS: 58.319 D_real: 0.216 D_fake: 0.229 \n"}
,{"stream_name":"stdout","time":1784.992659608,"data":"(epoch: 4, iters: 5280, time: 0.120, data: 0.003) G_GAN: 2.463 G_LPIPS: 56.170 D_real: 0.036 D_fake: 0.310 \n"}
,{"stream_name":"stdout","time":1784.992663168,"data":"(epoch: 4, iters: 5300, time: 0.120, data: 0.003) G_GAN: 2.684 G_LPIPS: 58.132 D_real: 0.088 D_fake: 0.119 \n"}
,{"stream_name":"stdout","time":1784.992666816,"data":"(epoch: 4, iters: 5320, time: 0.120, data: 0.003) G_GAN: 2.206 G_LPIPS: 54.817 D_real: 0.139 D_fake: 0.510 \n"}
,{"stream_name":"stdout","time":1784.992670894,"data":"(epoch: 4, iters: 5340, time: 0.120, data: 0.003) G_GAN: 1.962 G_LPIPS: 50.533 D_real: 0.348 D_fake: 0.268 \n"}
,{"stream_name":"stdout","time":1784.992674922,"data":"(epoch: 4, iters: 5360, time: 0.120, data: 0.003) G_GAN: 2.365 G_LPIPS: 58.418 D_real: 0.071 D_fake: 0.207 \n"}
,{"stream_name":"stdout","time":1784.992678492,"data":"(epoch: 4, iters: 5380, time: 0.120, data: 0.003) G_GAN: 1.345 G_LPIPS: 54.398 D_real: 0.666 D_fake: 0.089 \n"}
,{"stream_name":"stdout","time":1784.992682183,"data":"(epoch: 4, iters: 5400, time: 0.120, data: 0.003) G_GAN: 2.150 G_LPIPS: 60.111 D_real: 0.147 D_fake: 0.123 \n"}
,{"stream_name":"stdout","time":1784.992688807,"data":"(epoch: 4, iters: 5420, time: 0.117, data: 0.003) G_GAN: 2.642 G_LPIPS: 52.554 D_real: 0.151 D_fake: 0.584 \n"}
,{"stream_name":"stdout","time":1784.992692597,"data":"(epoch: 4, iters: 5440, time: 0.120, data: 0.003) G_GAN: 1.942 G_LPIPS: 56.397 D_real: 0.481 D_fake: 0.061 \n"}
,{"stream_name":"stdout","time":1784.99269623,"data":"(epoch: 4, iters: 5460, time: 0.119, data: 0.003) G_GAN: 0.558 G_LPIPS: 55.747 D_real: 1.570 D_fake: 0.092 \n"}
,{"stream_name":"stdout","time":1784.992700107,"data":"(epoch: 4, iters: 5480, time: 0.120, data: 0.003) G_GAN: 1.652 G_LPIPS: 54.020 D_real: 0.035 D_fake: 0.404 \n"}
,{"stream_name":"stdout","time":1784.992703841,"data":"(epoch: 4, iters: 5500, time: 0.120, data: 0.003) G_GAN: 1.902 G_LPIPS: 48.953 D_real: 1.024 D_fake: 0.591 \n"}
,{"stream_name":"stdout","time":1784.99270748,"data":"(epoch: 4, iters: 5520, time: 0.120, data: 0.003) G_GAN: 1.362 G_LPIPS: 51.813 D_real: 0.539 D_fake: 0.203 \n"}
,{"stream_name":"stdout","time":1784.992710958,"data":"(epoch: 4, iters: 5540, time: 0.120, data: 0.003) G_GAN: 1.461 G_LPIPS: 54.140 D_real: 0.414 D_fake: 0.575 \n"}
,{"stream_name":"stdout","time":1784.992714547,"data":"(epoch: 4, iters: 5560, time: 0.120, data: 0.003) G_GAN: 3.539 G_LPIPS: 55.820 D_real: 0.140 D_fake: 0.065 \n"}
,{"stream_name":"stdout","time":1784.992718409,"data":"(epoch: 4, iters: 5580, time: 0.072, data: 0.003) G_GAN: 1.352 G_LPIPS: 50.344 D_real: 1.398 D_fake: 0.146 \n"}
,{"stream_name":"stdout","time":1784.992722197,"data":"saving the model at the end of epoch 4, iters 11160\n"}
,{"stream_name":"stdout","time":1784.992732775,"data":"End of epoch 4 / 20 \t Time Taken: 420 sec\n"}
,{"stream_name":"stdout","time":1784.992736755,"data":"learning rate 0.0001000 -\u003e 0.0001000\n"}
,{"stream_name":"stdout","time":1904.564788124,"data":"(epoch: 5, iters: 20, time: 0.119, data: 0.268) G_GAN: 3.013 G_LPIPS: 53.889 D_real: 0.086 D_fake: 0.147 \n"}
,{"stream_name":"stdout","time":1904.564826823,"data":"(epoch: 5, iters: 40, time: 0.136, data: 0.001) G_GAN: 2.304 G_LPIPS: 56.755 D_real: 0.039 D_fake: 0.259 \n"}
,{"stream_name":"stdout","time":1904.564832419,"data":"(epoch: 5, iters: 60, time: 0.120, data: 0.003) G_GAN: 2.128 G_LPIPS: 51.375 D_real: 0.487 D_fake: 0.113 \n"}
,{"stream_name":"stdout","time":1904.564836886,"data":"(epoch: 5, iters: 80, time: 0.120, data: 0.003) G_GAN: 1.663 G_LPIPS: 59.603 D_real: 0.193 D_fake: 0.252 \n"}
,{"stream_name":"stdout","time":1904.564841171,"data":"(epoch: 5, iters: 100, time: 0.120, data: 0.003) G_GAN: 2.896 G_LPIPS: 56.447 D_real: 0.015 D_fake: 0.328 \n"}
,{"stream_name":"stdout","time":1904.564845313,"data":"(epoch: 5, iters: 120, time: 0.118, data: 0.003) G_GAN: 1.032 G_LPIPS: 54.272 D_real: 0.547 D_fake: 0.314 \n"}
,{"stream_name":"stdout","time":1904.564849876,"data":"(epoch: 5, iters: 140, time: 0.199, data: 0.003) G_GAN: 1.888 G_LPIPS: 55.832 D_real: 0.192 D_fake: 0.573 \n"}
,{"stream_name":"stdout","time":1904.56485467,"data":"(epoch: 5, iters: 160, time: 0.120, data: 0.003) G_GAN: 2.560 G_LPIPS: 57.882 D_real: 0.045 D_fake: 0.237 \n"}
,{"stream_name":"stdout","time":1904.564859068,"data":"(epoch: 5, iters: 180, time: 0.119, data: 0.003) G_GAN: 2.562 G_LPIPS: 57.628 D_real: 0.223 D_fake: 0.152 \n"}
,{"stream_name":"stdout","time":1904.564863516,"data":"(epoch: 5, iters: 200, time: 0.120, data: 0.003) G_GAN: 1.714 G_LPIPS: 51.151 D_real: 0.215 D_fake: 0.218 \n"}
,{"stream_name":"stdout","time":1904.564867828,"data":"(epoch: 5, iters: 220, time: 0.120, data: 0.003) G_GAN: 0.913 G_LPIPS: 56.093 D_real: 0.354 D_fake: 0.318 \n"}
,{"stream_name":"stdout","time":1904.564872271,"data":"(epoch: 5, iters: 240, time: 0.119, data: 0.003) G_GAN: 2.463 G_LPIPS: 51.146 D_real: 0.034 D_fake: 1.379 \n"}
,{"stream_name":"stdout","time":1904.564876479,"data":"(epoch: 5, iters: 260, time: 0.120, data: 0.003) G_GAN: 1.228 G_LPIPS: 48.711 D_real: 0.662 D_fake: 0.113 \n"}
,{"stream_name":"stdout","time":1904.5648945,"data":"(epoch: 5, iters: 280, time: 0.120, data: 0.003) G_GAN: 2.654 G_LPIPS: 55.980 D_real: 0.097 D_fake: 0.170 \n"}
,{"stream_name":"stdout","time":1904.564898409,"data":"(epoch: 5, iters: 300, time: 0.119, data: 0.003) G_GAN: 2.665 G_LPIPS: 57.017 D_real: 0.053 D_fake: 0.212 \n"}
,{"stream_name":"stdout","time":1904.564918952,"data":"(epoch: 5, iters: 320, time: 0.120, data: 0.003) G_GAN: 2.531 G_LPIPS: 56.984 D_real: 0.321 D_fake: 0.071 \n"}
,{"stream_name":"stdout","time":1904.564922567,"data":"(epoch: 5, iters: 340, time: 0.118, data: 0.003) G_GAN: 3.239 G_LPIPS: 57.779 D_real: 0.445 D_fake: 0.027 \n"}
,{"stream_name":"stdout","time":1904.564926244,"data":"(epoch: 5, iters: 360, time: 0.120, data: 0.003) G_GAN: 3.007 G_LPIPS: 56.470 D_real: 0.156 D_fake: 0.086 \n"}
,{"stream_name":"stdout","time":1904.564929653,"data":"(epoch: 5, iters: 380, time: 0.121, data: 0.003) G_GAN: 3.748 G_LPIPS: 55.052 D_real: 0.054 D_fake: 0.414 \n"}
,{"stream_name":"stdout","time":1904.564935507,"data":"(epoch: 5, iters: 400, time: 0.120, data: 0.003) G_GAN: 2.406 G_LPIPS: 50.342 D_real: 0.360 D_fake: 0.089 \n"}
,{"stream_name":"stdout","time":1904.564939275,"data":"(epoch: 5, iters: 420, time: 0.119, data: 0.003) G_GAN: 2.703 G_LPIPS: 59.187 D_real: 0.119 D_fake: 0.096 \n"}
,{"stream_name":"stdout","time":1904.564942686,"data":"(epoch: 5, iters: 440, time: 0.120, data: 0.003) G_GAN: 1.566 G_LPIPS: 57.057 D_real: 0.301 D_fake: 0.213 \n"}
,{"stream_name":"stdout","time":1904.564946617,"data":"(epoch: 5, iters: 460, time: 0.121, data: 0.003) G_GAN: 1.999 G_LPIPS: 61.210 D_real: 0.020 D_fake: 0.428 \n"}
,{"stream_name":"stdout","time":1904.564950444,"data":"(epoch: 5, iters: 480, time: 0.121, data: 0.004) G_GAN: 1.390 G_LPIPS: 54.645 D_real: 0.961 D_fake: 0.097 \n"}
,{"stream_name":"stdout","time":1904.56495389,"data":"(epoch: 5, iters: 500, time: 0.119, data: 0.003) G_GAN: 0.820 G_LPIPS: 50.758 D_real: 1.104 D_fake: 0.096 \n"}
,{"stream_name":"stdout","time":1904.564957168,"data":"(epoch: 5, iters: 520, time: 0.120, data: 0.003) G_GAN: 1.886 G_LPIPS: 55.592 D_real: 0.180 D_fake: 0.220 \n"}
,{"stream_name":"stdout","time":1904.564960691,"data":"(epoch: 5, iters: 540, time: 0.120, data: 0.003) G_GAN: 3.041 G_LPIPS: 52.582 D_real: 0.146 D_fake: 0.636 \n"}
,{"stream_name":"stdout","time":1904.564964273,"data":"(epoch: 5, iters: 560, time: 0.121, data: 0.003) G_GAN: 2.770 G_LPIPS: 59.040 D_real: 0.138 D_fake: 0.314 \n"}
,{"stream_name":"stdout","time":1904.564967894,"data":"(epoch: 5, iters: 580, time: 0.120, data: 0.004) G_GAN: 1.938 G_LPIPS: 56.087 D_real: 0.341 D_fake: 0.158 \n"}
,{"stream_name":"stdout","time":1904.564971747,"data":"(epoch: 5, iters: 600, time: 0.121, data: 0.003) G_GAN: 2.757 G_LPIPS: 52.721 D_real: 0.122 D_fake: 0.123 \n"}
,{"stream_name":"stdout","time":1904.564975514,"data":"(epoch: 5, iters: 620, time: 0.120, data: 0.003) G_GAN: 3.562 G_LPIPS: 59.639 D_real: 0.063 D_fake: 0.033 \n"}
,{"stream_name":"stdout","time":1904.564979473,"data":"(epoch: 5, iters: 640, time: 0.121, data: 0.003) G_GAN: 2.700 G_LPIPS: 55.586 D_real: 0.198 D_fake: 0.048 \n"}
,{"stream_name":"stdout","time":1904.564982965,"data":"(epoch: 5, iters: 660, time: 0.120, data: 0.003) G_GAN: 2.352 G_LPIPS: 53.986 D_real: 0.194 D_fake: 0.155 \n"}
,{"stream_name":"stdout","time":1904.564986364,"data":"(epoch: 5, iters: 680, time: 0.121, data: 0.003) G_GAN: 1.598 G_LPIPS: 51.146 D_real: 0.453 D_fake: 0.180 \n"}
,{"stream_name":"stdout","time":1904.564990083,"data":"(epoch: 5, iters: 700, time: 0.120, data: 0.003) G_GAN: 3.252 G_LPIPS: 53.192 D_real: 0.030 D_fake: 0.372 \n"}
,{"stream_name":"stdout","time":1904.564993479,"data":"(epoch: 5, iters: 720, time: 0.121, data: 0.003) G_GAN: 3.613 G_LPIPS: 53.998 D_real: 0.342 D_fake: 0.021 \n"}
,{"stream_name":"stdout","time":1904.565000986,"data":"(epoch: 5, iters: 740, time: 0.122, data: 0.003) G_GAN: 1.990 G_LPIPS: 54.705 D_real: 1.249 D_fake: 0.018 \n"}
,{"stream_name":"stdout","time":1904.565004805,"data":"(epoch: 5, iters: 760, time: 0.121, data: 0.003) G_GAN: 1.507 G_LPIPS: 56.827 D_real: 0.550 D_fake: 0.183 \n"}
,{"stream_name":"stdout","time":1904.56500878,"data":"(epoch: 5, iters: 780, time: 0.120, data: 0.003) G_GAN: 2.752 G_LPIPS: 55.274 D_real: 0.083 D_fake: 0.068 \n"}
,{"stream_name":"stdout","time":1904.565012359,"data":"(epoch: 5, iters: 800, time: 0.121, data: 0.003) G_GAN: 4.235 G_LPIPS: 60.192 D_real: 0.626 D_fake: 0.022 \n"}
,{"stream_name":"stdout","time":1904.565017011,"data":"(epoch: 5, iters: 820, time: 0.120, data: 0.003) G_GAN: 1.261 G_LPIPS: 50.632 D_real: 0.351 D_fake: 0.356 \n"}
,{"stream_name":"stdout","time":1904.565020747,"data":"(epoch: 5, iters: 840, time: 0.135, data: 0.003) G_GAN: 0.964 G_LPIPS: 56.032 D_real: 0.438 D_fake: 0.175 \n"}
,{"stream_name":"stdout","time":1904.565024868,"data":"(epoch: 5, iters: 860, time: 0.120, data: 0.003) G_GAN: 1.781 G_LPIPS: 56.625 D_real: 0.019 D_fake: 1.100 \n"}
,{"stream_name":"stdout","time":1904.565029118,"data":"(epoch: 5, iters: 880, time: 0.120, data: 0.003) G_GAN: 2.076 G_LPIPS: 51.811 D_real: 0.102 D_fake: 0.447 \n"}
,{"stream_name":"stdout","time":1904.565033161,"data":"(epoch: 5, iters: 900, time: 0.121, data: 0.003) G_GAN: 2.654 G_LPIPS: 53.996 D_real: 0.091 D_fake: 0.264 \n"}
,{"stream_name":"stdout","time":1904.565037116,"data":"(epoch: 5, iters: 920, time: 0.119, data: 0.003) G_GAN: 2.018 G_LPIPS: 54.506 D_real: 0.256 D_fake: 0.244 \n"}
,{"stream_name":"stdout","time":1904.565041022,"data":"(epoch: 5, iters: 940, time: 0.121, data: 0.003) G_GAN: 2.982 G_LPIPS: 53.163 D_real: 0.076 D_fake: 0.537 \n"}
,{"stream_name":"stdout","time":1904.565044715,"data":"(epoch: 5, iters: 960, time: 0.119, data: 0.004) G_GAN: 0.851 G_LPIPS: 46.856 D_real: 1.030 D_fake: 0.104 \n"}
,{"stream_name":"stdout","time":1904.565048912,"data":"(epoch: 5, iters: 980, time: 0.120, data: 0.003) G_GAN: 2.028 G_LPIPS: 55.529 D_real: 0.108 D_fake: 0.281 \n"}
,{"stream_name":"stdout","time":1904.565052938,"data":"(epoch: 5, iters: 1000, time: 0.120, data: 0.003) G_GAN: 2.227 G_LPIPS: 53.271 D_real: 0.040 D_fake: 1.194 \n"}
,{"stream_name":"stdout","time":1904.565057113,"data":"(epoch: 5, iters: 1020, time: 0.121, data: 0.003) G_GAN: 1.481 G_LPIPS: 52.146 D_real: 0.378 D_fake: 0.196 \n"}
,{"stream_name":"stdout","time":1904.565061007,"data":"(epoch: 5, iters: 1040, time: 0.120, data: 0.003) G_GAN: 1.211 G_LPIPS: 52.363 D_real: 0.763 D_fake: 0.167 \n"}
,{"stream_name":"stdout","time":1904.565064866,"data":"(epoch: 5, iters: 1060, time: 0.120, data: 0.003) G_GAN: 1.109 G_LPIPS: 57.504 D_real: 0.229 D_fake: 0.385 \n"}
,{"stream_name":"stdout","time":1904.56507005,"data":"(epoch: 5, iters: 1080, time: 0.121, data: 0.003) G_GAN: 1.869 G_LPIPS: 59.452 D_real: 0.008 D_fake: 0.263 \n"}
,{"stream_name":"stdout","time":1904.565073405,"data":"(epoch: 5, iters: 1100, time: 0.120, data: 0.003) G_GAN: 2.492 G_LPIPS: 58.107 D_real: 0.021 D_fake: 0.173 \n"}
,{"stream_name":"stdout","time":1904.565077218,"data":"(epoch: 5, iters: 1120, time: 0.121, data: 0.003) G_GAN: 1.709 G_LPIPS: 58.400 D_real: 0.263 D_fake: 0.274 \n"}
,{"stream_name":"stdout","time":1904.565081132,"data":"(epoch: 5, iters: 1140, time: 0.120, data: 0.003) G_GAN: 1.404 G_LPIPS: 56.127 D_real: 0.391 D_fake: 0.208 \n"}
,{"stream_name":"stdout","time":1904.565085874,"data":"(epoch: 5, iters: 1160, time: 0.121, data: 0.003) G_GAN: 2.317 G_LPIPS: 54.515 D_real: 0.189 D_fake: 0.173 \n"}
,{"stream_name":"stdout","time":1904.565090072,"data":"(epoch: 5, iters: 1180, time: 0.120, data: 0.003) G_GAN: 2.697 G_LPIPS: 49.809 D_real: 0.536 D_fake: 1.072 \n"}
,{"stream_name":"stdout","time":1904.56509813,"data":"(epoch: 5, iters: 1200, time: 0.120, data: 0.003) G_GAN: 2.462 G_LPIPS: 51.095 D_real: 0.268 D_fake: 0.475 \n"}
,{"stream_name":"stdout","time":1904.565101876,"data":"(epoch: 5, iters: 1220, time: 0.121, data: 0.003) G_GAN: 2.832 G_LPIPS: 50.056 D_real: 0.174 D_fake: 0.585 \n"}
,{"stream_name":"stdout","time":1904.565107166,"data":"(epoch: 5, iters: 1240, time: 0.120, data: 0.003) G_GAN: 2.346 G_LPIPS: 55.710 D_real: 0.080 D_fake: 0.606 \n"}
,{"stream_name":"stdout","time":1904.5651106,"data":"(epoch: 5, iters: 1260, time: 0.119, data: 0.003) G_GAN: 2.490 G_LPIPS: 57.347 D_real: 0.154 D_fake: 0.191 \n"}
,{"stream_name":"stdout","time":1904.565114319,"data":"(epoch: 5, iters: 1280, time: 0.120, data: 0.003) G_GAN: 2.320 G_LPIPS: 55.957 D_real: 0.304 D_fake: 0.140 \n"}
,{"stream_name":"stdout","time":1904.565119886,"data":"(epoch: 5, iters: 1300, time: 0.122, data: 0.003) G_GAN: 1.929 G_LPIPS: 55.831 D_real: 0.185 D_fake: 0.108 \n"}
,{"stream_name":"stdout","time":1904.565123714,"data":"(epoch: 5, iters: 1320, time: 0.119, data: 0.003) G_GAN: 1.873 G_LPIPS: 55.642 D_real: 0.061 D_fake: 0.370 \n"}
,{"stream_name":"stdout","time":1904.565128266,"data":"(epoch: 5, iters: 1340, time: 0.121, data: 0.003) G_GAN: 1.647 G_LPIPS: 55.328 D_real: 0.645 D_fake: 0.114 \n"}
,{"stream_name":"stdout","time":1904.56513232,"data":"(epoch: 5, iters: 1360, time: 0.119, data: 0.003) G_GAN: 1.965 G_LPIPS: 52.244 D_real: 0.423 D_fake: 0.348 \n"}
,{"stream_name":"stdout","time":1904.565136438,"data":"(epoch: 5, iters: 1380, time: 0.120, data: 0.003) G_GAN: 2.512 G_LPIPS: 52.591 D_real: 0.339 D_fake: 0.258 \n"}
,{"stream_name":"stdout","time":1904.565140561,"data":"(epoch: 5, iters: 1400, time: 0.121, data: 0.003) G_GAN: 1.075 G_LPIPS: 56.034 D_real: 0.698 D_fake: 0.211 \n"}
,{"stream_name":"stdout","time":1904.565144296,"data":"(epoch: 5, iters: 1420, time: 0.119, data: 0.003) G_GAN: 1.950 G_LPIPS: 57.656 D_real: 0.328 D_fake: 0.110 \n"}
,{"stream_name":"stdout","time":1904.565148505,"data":"(epoch: 5, iters: 1440, time: 0.121, data: 0.003) G_GAN: 0.890 G_LPIPS: 49.563 D_real: 0.528 D_fake: 0.149 \n"}
,{"stream_name":"stdout","time":1904.565152909,"data":"(epoch: 5, iters: 1460, time: 0.121, data: 0.003) G_GAN: 2.266 G_LPIPS: 55.931 D_real: 0.367 D_fake: 0.235 \n"}
,{"stream_name":"stdout","time":1904.565156709,"data":"(epoch: 5, iters: 1480, time: 0.120, data: 0.003) G_GAN: 2.594 G_LPIPS: 53.468 D_real: 0.108 D_fake: 0.210 \n"}
,{"stream_name":"stdout","time":1904.565160436,"data":"(epoch: 5, iters: 1500, time: 0.120, data: 0.003) G_GAN: 2.659 G_LPIPS: 53.746 D_real: 0.065 D_fake: 0.671 \n"}
,{"stream_name":"stdout","time":1904.565164177,"data":"(epoch: 5, iters: 1520, time: 0.120, data: 0.003) G_GAN: 2.207 G_LPIPS: 54.367 D_real: 0.045 D_fake: 2.034 \n"}
,{"stream_name":"stdout","time":2023.516817506,"data":"(epoch: 5, iters: 1540, time: 0.119, data: 0.003) G_GAN: 2.482 G_LPIPS: 53.827 D_real: 0.074 D_fake: 0.446 \n"}
,{"stream_name":"stdout","time":2023.516868117,"data":"(epoch: 5, iters: 1560, time: 0.120, data: 0.003) G_GAN: 1.155 G_LPIPS: 51.319 D_real: 0.386 D_fake: 0.398 \n"}
,{"stream_name":"stdout","time":2023.516875646,"data":"(epoch: 5, iters: 1580, time: 0.120, data: 0.003) G_GAN: 2.758 G_LPIPS: 53.374 D_real: 0.128 D_fake: 0.189 \n"}
,{"stream_name":"stdout","time":2023.516881486,"data":"(epoch: 5, iters: 1600, time: 0.119, data: 0.003) G_GAN: 0.668 G_LPIPS: 52.392 D_real: 1.049 D_fake: 0.065 \n"}
,{"stream_name":"stdout","time":2023.516889077,"data":"(epoch: 5, iters: 1620, time: 0.119, data: 0.003) G_GAN: 4.347 G_LPIPS: 57.312 D_real: 0.003 D_fake: 1.914 \n"}
,{"stream_name":"stdout","time":2023.516898487,"data":"(epoch: 5, iters: 1640, time: 0.120, data: 0.003) G_GAN: 1.441 G_LPIPS: 55.428 D_real: 0.682 D_fake: 0.116 \n"}
,{"stream_name":"stdout","time":2023.516914617,"data":"(epoch: 5, iters: 1660, time: 0.121, data: 0.003) G_GAN: 1.634 G_LPIPS: 55.649 D_real: 0.502 D_fake: 0.108 \n"}
,{"stream_name":"stdout","time":2023.516917624,"data":"(epoch: 5, iters: 1680, time: 0.118, data: 0.003) G_GAN: 1.902 G_LPIPS: 52.018 D_real: 0.201 D_fake: 0.196 \n"}
,{"stream_name":"stdout","time":2023.516920369,"data":"(epoch: 5, iters: 1700, time: 0.119, data: 0.003) G_GAN: 1.885 G_LPIPS: 54.411 D_real: 0.901 D_fake: 0.096 \n"}
,{"stream_name":"stdout","time":2023.516923087,"data":"(epoch: 5, iters: 1720, time: 0.120, data: 0.003) G_GAN: 1.903 G_LPIPS: 50.898 D_real: 0.387 D_fake: 0.252 \n"}
,{"stream_name":"stdout","time":2023.516926831,"data":"(epoch: 5, iters: 1740, time: 0.119, data: 0.003) G_GAN: 1.852 G_LPIPS: 58.298 D_real: 0.068 D_fake: 0.249 \n"}
,{"stream_name":"stdout","time":2023.516945758,"data":"(epoch: 5, iters: 1760, time: 0.120, data: 0.003) G_GAN: 2.289 G_LPIPS: 55.538 D_real: 0.112 D_fake: 0.222 \n"}
,{"stream_name":"stdout","time":2023.516950825,"data":"(epoch: 5, iters: 1780, time: 0.119, data: 0.003) G_GAN: 3.007 G_LPIPS: 53.242 D_real: 0.134 D_fake: 0.147 \n"}
,{"stream_name":"stdout","time":2023.516955378,"data":"(epoch: 5, iters: 1800, time: 0.121, data: 0.003) G_GAN: 3.338 G_LPIPS: 60.462 D_real: 0.008 D_fake: 0.319 \n"}
,{"stream_name":"stdout","time":2023.516960442,"data":"(epoch: 5, iters: 1820, time: 0.119, data: 0.003) G_GAN: 2.259 G_LPIPS: 61.032 D_real: 0.026 D_fake: 0.199 \n"}
,{"stream_name":"stdout","time":2023.516965656,"data":"(epoch: 5, iters: 1840, time: 0.119, data: 0.003) G_GAN: 1.545 G_LPIPS: 53.317 D_real: 0.068 D_fake: 0.292 \n"}
,{"stream_name":"stdout","time":2023.51696996,"data":"(epoch: 5, iters: 1860, time: 0.119, data: 0.003) G_GAN: 2.414 G_LPIPS: 55.440 D_real: 0.219 D_fake: 0.179 \n"}
,{"stream_name":"stdout","time":2023.516974184,"data":"(epoch: 5, iters: 1880, time: 0.120, data: 0.003) G_GAN: 3.144 G_LPIPS: 56.393 D_real: 0.026 D_fake: 1.168 \n"}
,{"stream_name":"stdout","time":2023.516978505,"data":"(epoch: 5, iters: 1900, time: 0.120, data: 0.003) G_GAN: 1.048 G_LPIPS: 53.755 D_real: 0.398 D_fake: 0.170 \n"}
,{"stream_name":"stdout","time":2023.516984469,"data":"(epoch: 5, iters: 1920, time: 0.120, data: 0.003) G_GAN: 1.484 G_LPIPS: 53.500 D_real: 0.323 D_fake: 0.201 \n"}
,{"stream_name":"stdout","time":2023.51698868,"data":"(epoch: 5, iters: 1940, time: 0.121, data: 0.003) G_GAN: 1.289 G_LPIPS: 53.281 D_real: 0.286 D_fake: 0.276 \n"}
,{"stream_name":"stdout","time":2023.516992809,"data":"(epoch: 5, iters: 1960, time: 0.119, data: 0.003) G_GAN: 2.455 G_LPIPS: 57.134 D_real: 0.080 D_fake: 0.603 \n"}
,{"stream_name":"stdout","time":2023.516996923,"data":"(epoch: 5, iters: 1980, time: 0.119, data: 0.003) G_GAN: 2.588 G_LPIPS: 58.971 D_real: 0.150 D_fake: 0.053 \n"}
,{"stream_name":"stdout","time":2023.517001062,"data":"(epoch: 5, iters: 2000, time: 0.119, data: 0.003) G_GAN: 2.128 G_LPIPS: 55.597 D_real: 0.453 D_fake: 0.152 \n"}
,{"stream_name":"stdout","time":2023.517005125,"data":"(epoch: 5, iters: 2020, time: 0.120, data: 0.003) G_GAN: 3.693 G_LPIPS: 58.714 D_real: 0.320 D_fake: 0.040 \n"}
,{"stream_name":"stdout","time":2023.517009321,"data":"(epoch: 5, iters: 2040, time: 0.120, data: 0.003) G_GAN: 3.100 G_LPIPS: 56.825 D_real: 0.045 D_fake: 0.206 \n"}
,{"stream_name":"stdout","time":2023.517019328,"data":"(epoch: 5, iters: 2060, time: 0.121, data: 0.003) G_GAN: 1.903 G_LPIPS: 54.624 D_real: 0.546 D_fake: 0.425 \n"}
,{"stream_name":"stdout","time":2023.517022408,"data":"(epoch: 5, iters: 2080, time: 0.120, data: 0.003) G_GAN: 1.856 G_LPIPS: 56.677 D_real: 0.303 D_fake: 0.204 \n"}
,{"stream_name":"stdout","time":2023.517025197,"data":"(epoch: 5, iters: 2100, time: 0.121, data: 0.003) G_GAN: 2.862 G_LPIPS: 53.640 D_real: 0.318 D_fake: 0.076 \n"}
,{"stream_name":"stdout","time":2023.517046803,"data":"(epoch: 5, iters: 2120, time: 0.120, data: 0.003) G_GAN: 2.653 G_LPIPS: 57.425 D_real: 0.075 D_fake: 0.166 \n"}
,{"stream_name":"stdout","time":2023.51705253,"data":"(epoch: 5, iters: 2140, time: 0.121, data: 0.003) G_GAN: 1.915 G_LPIPS: 54.968 D_real: 0.397 D_fake: 0.151 \n"}
,{"stream_name":"stdout","time":2023.517057143,"data":"(epoch: 5, iters: 2160, time: 0.121, data: 0.004) G_GAN: 1.024 G_LPIPS: 56.103 D_real: 0.913 D_fake: 0.114 \n"}
,{"stream_name":"stdout","time":2023.517062114,"data":"(epoch: 5, iters: 2180, time: 0.121, data: 0.003) G_GAN: 1.426 G_LPIPS: 52.576 D_real: 0.556 D_fake: 0.193 \n"}
,{"stream_name":"stdout","time":2023.517066986,"data":"(epoch: 5, iters: 2200, time: 0.121, data: 0.003) G_GAN: 2.637 G_LPIPS: 56.022 D_real: 0.077 D_fake: 0.140 \n"}
,{"stream_name":"stdout","time":2023.517071336,"data":"(epoch: 5, iters: 2220, time: 0.121, data: 0.004) G_GAN: 2.345 G_LPIPS: 53.991 D_real: 0.067 D_fake: 0.179 \n"}
,{"stream_name":"stdout","time":2023.517075485,"data":"(epoch: 5, iters: 2240, time: 0.120, data: 0.003) G_GAN: 2.079 G_LPIPS: 56.058 D_real: 0.628 D_fake: 0.063 \n"}
,{"stream_name":"stdout","time":2023.51707967,"data":"(epoch: 5, iters: 2260, time: 0.120, data: 0.003) G_GAN: 2.582 G_LPIPS: 57.509 D_real: 0.029 D_fake: 0.291 \n"}
,{"stream_name":"stdout","time":2023.517083751,"data":"(epoch: 5, iters: 2280, time: 0.168, data: 0.003) G_GAN: 0.327 G_LPIPS: 48.927 D_real: 1.239 D_fake: 0.195 \n"}
,{"stream_name":"stdout","time":2023.517088297,"data":"(epoch: 5, iters: 2300, time: 0.121, data: 0.003) G_GAN: 2.417 G_LPIPS: 54.059 D_real: 0.110 D_fake: 0.536 \n"}
,{"stream_name":"stdout","time":2023.517092432,"data":"(epoch: 5, iters: 2320, time: 0.121, data: 0.003) G_GAN: 2.525 G_LPIPS: 52.619 D_real: 0.232 D_fake: 0.125 \n"}
,{"stream_name":"stdout","time":2023.517096552,"data":"(epoch: 5, iters: 2340, time: 0.121, data: 0.003) G_GAN: 3.004 G_LPIPS: 51.678 D_real: 0.131 D_fake: 0.644 \n"}
,{"stream_name":"stdout","time":2023.517100709,"data":"(epoch: 5, iters: 2360, time: 0.121, data: 0.003) G_GAN: 1.074 G_LPIPS: 52.034 D_real: 0.410 D_fake: 0.841 \n"}
,{"stream_name":"stdout","time":2023.517104897,"data":"(epoch: 5, iters: 2380, time: 0.121, data: 0.003) G_GAN: 1.202 G_LPIPS: 53.307 D_real: 0.448 D_fake: 0.356 \n"}
,{"stream_name":"stdout","time":2023.517109003,"data":"(epoch: 5, iters: 2400, time: 0.122, data: 0.003) G_GAN: 1.847 G_LPIPS: 58.346 D_real: 0.045 D_fake: 0.731 \n"}
,{"stream_name":"stdout","time":2023.517113104,"data":"(epoch: 5, iters: 2420, time: 0.120, data: 0.003) G_GAN: 2.472 G_LPIPS: 50.135 D_real: 0.146 D_fake: 0.769 \n"}
,{"stream_name":"stdout","time":2023.517117228,"data":"(epoch: 5, iters: 2440, time: 0.121, data: 0.003) G_GAN: 2.468 G_LPIPS: 55.423 D_real: 0.017 D_fake: 1.322 \n"}
,{"stream_name":"stdout","time":2023.517121463,"data":"(epoch: 5, iters: 2460, time: 0.122, data: 0.003) G_GAN: 2.481 G_LPIPS: 53.017 D_real: 0.041 D_fake: 0.287 \n"}
,{"stream_name":"stdout","time":2023.517131243,"data":"(epoch: 5, iters: 2480, time: 0.122, data: 0.003) G_GAN: 1.459 G_LPIPS: 50.707 D_real: 0.612 D_fake: 0.144 \n"}
,{"stream_name":"stdout","time":2023.517148268,"data":"(epoch: 5, iters: 2500, time: 0.122, data: 0.003) G_GAN: 1.720 G_LPIPS: 59.600 D_real: 0.047 D_fake: 0.309 \n"}
,{"stream_name":"stdout","time":2023.517153251,"data":"(epoch: 5, iters: 2520, time: 0.119, data: 0.003) G_GAN: 2.632 G_LPIPS: 57.055 D_real: 0.008 D_fake: 0.495 \n"}
,{"stream_name":"stdout","time":2023.517158194,"data":"(epoch: 5, iters: 2540, time: 0.122, data: 0.004) G_GAN: 2.045 G_LPIPS: 58.580 D_real: 0.023 D_fake: 0.314 \n"}
,{"stream_name":"stdout","time":2023.517162983,"data":"(epoch: 5, iters: 2560, time: 0.122, data: 0.003) G_GAN: 1.910 G_LPIPS: 52.029 D_real: 0.105 D_fake: 0.755 \n"}
,{"stream_name":"stdout","time":2023.517171346,"data":"(epoch: 5, iters: 2580, time: 0.122, data: 0.003) G_GAN: 1.952 G_LPIPS: 55.680 D_real: 0.130 D_fake: 0.269 \n"}
,{"stream_name":"stdout","time":2023.517175545,"data":"(epoch: 5, iters: 2600, time: 0.121, data: 0.003) G_GAN: 2.040 G_LPIPS: 55.074 D_real: 0.057 D_fake: 0.328 \n"}
,{"stream_name":"stdout","time":2023.5171797,"data":"(epoch: 5, iters: 2620, time: 0.169, data: 0.004) G_GAN: 2.560 G_LPIPS: 57.946 D_real: 0.026 D_fake: 0.675 \n"}
,{"stream_name":"stdout","time":2023.517183871,"data":"(epoch: 5, iters: 2640, time: 0.122, data: 0.003) G_GAN: 3.264 G_LPIPS: 52.542 D_real: 0.016 D_fake: 1.519 \n"}
,{"stream_name":"stdout","time":2023.517188042,"data":"(epoch: 5, iters: 2660, time: 0.122, data: 0.003) G_GAN: 3.062 G_LPIPS: 53.362 D_real: 0.103 D_fake: 0.607 \n"}
,{"stream_name":"stdout","time":2023.517192876,"data":"(epoch: 5, iters: 2680, time: 0.123, data: 0.003) G_GAN: 2.656 G_LPIPS: 57.554 D_real: 0.267 D_fake: 0.062 \n"}
,{"stream_name":"stdout","time":2023.517197113,"data":"(epoch: 5, iters: 2700, time: 0.121, data: 0.003) G_GAN: 2.590 G_LPIPS: 54.952 D_real: 0.305 D_fake: 0.214 \n"}
,{"stream_name":"stdout","time":2023.517201219,"data":"(epoch: 5, iters: 2720, time: 0.121, data: 0.003) G_GAN: 2.026 G_LPIPS: 49.630 D_real: 3.104 D_fake: 1.138 \n"}
,{"stream_name":"stdout","time":2023.517205361,"data":"(epoch: 5, iters: 2740, time: 0.122, data: 0.003) G_GAN: 2.026 G_LPIPS: 55.416 D_real: 0.299 D_fake: 0.255 \n"}
,{"stream_name":"stdout","time":2023.517209486,"data":"(epoch: 5, iters: 2760, time: 0.123, data: 0.003) G_GAN: 1.967 G_LPIPS: 54.977 D_real: 0.298 D_fake: 0.473 \n"}
,{"stream_name":"stdout","time":2023.517213591,"data":"(epoch: 5, iters: 2780, time: 0.123, data: 0.003) G_GAN: 2.623 G_LPIPS: 53.878 D_real: 0.036 D_fake: 0.616 \n"}
,{"stream_name":"stdout","time":2023.517217691,"data":"(epoch: 5, iters: 2800, time: 0.122, data: 0.003) G_GAN: 1.318 G_LPIPS: 57.329 D_real: 0.393 D_fake: 0.275 \n"}
,{"stream_name":"stdout","time":2023.517223811,"data":"(epoch: 5, iters: 2820, time: 0.121, data: 0.003) G_GAN: 2.407 G_LPIPS: 50.774 D_real: 0.265 D_fake: 1.114 \n"}
,{"stream_name":"stdout","time":2023.517232125,"data":"(epoch: 5, iters: 2840, time: 0.135, data: 0.003) G_GAN: 2.790 G_LPIPS: 58.399 D_real: 0.063 D_fake: 0.142 \n"}
,{"stream_name":"stdout","time":2023.51724954,"data":"(epoch: 5, iters: 2860, time: 0.121, data: 0.003) G_GAN: 4.463 G_LPIPS: 60.175 D_real: 0.204 D_fake: 0.019 \n"}
,{"stream_name":"stdout","time":2023.517254513,"data":"(epoch: 5, iters: 2880, time: 0.122, data: 0.003) G_GAN: 0.074 G_LPIPS: 48.212 D_real: 1.878 D_fake: 0.052 \n"}
,{"stream_name":"stdout","time":2023.517259591,"data":"(epoch: 5, iters: 2900, time: 0.123, data: 0.003) G_GAN: 2.220 G_LPIPS: 53.275 D_real: 1.219 D_fake: 0.075 \n"}
,{"stream_name":"stdout","time":2023.517264753,"data":"(epoch: 5, iters: 2920, time: 0.122, data: 0.003) G_GAN: 2.006 G_LPIPS: 54.525 D_real: 0.207 D_fake: 0.282 \n"}
,{"stream_name":"stdout","time":2023.517269054,"data":"(epoch: 5, iters: 2940, time: 0.123, data: 0.003) G_GAN: 0.412 G_LPIPS: 55.203 D_real: 1.664 D_fake: 0.097 \n"}
,{"stream_name":"stdout","time":2023.51727317,"data":"(epoch: 5, iters: 2960, time: 0.122, data: 0.003) G_GAN: 2.205 G_LPIPS: 55.268 D_real: 0.083 D_fake: 0.269 \n"}
,{"stream_name":"stdout","time":2023.517277263,"data":"(epoch: 5, iters: 2980, time: 0.122, data: 0.003) G_GAN: 2.514 G_LPIPS: 52.194 D_real: 0.220 D_fake: 0.156 \n"}
,{"stream_name":"stdout","time":2023.517281426,"data":"(epoch: 5, iters: 3000, time: 0.123, data: 0.003) G_GAN: 1.898 G_LPIPS: 55.713 D_real: 0.042 D_fake: 0.326 \n"}
,{"stream_name":"stdout","time":2023.517285579,"data":"(epoch: 5, iters: 3020, time: 0.122, data: 0.003) G_GAN: 2.770 G_LPIPS: 57.319 D_real: 0.066 D_fake: 0.173 \n"}
,{"stream_name":"stdout","time":2023.51729592,"data":"(epoch: 5, iters: 3040, time: 0.120, data: 0.003) G_GAN: 2.498 G_LPIPS: 54.741 D_real: 0.043 D_fake: 0.331 \n"}
,{"stream_name":"stdout","time":2146.191341753,"data":"(epoch: 5, iters: 3060, time: 0.121, data: 0.003) G_GAN: 1.167 G_LPIPS: 54.665 D_real: 0.577 D_fake: 0.457 \n"}
,{"stream_name":"stdout","time":2146.191380696,"data":"(epoch: 5, iters: 3080, time: 0.122, data: 0.003) G_GAN: 1.668 G_LPIPS: 56.744 D_real: 0.594 D_fake: 0.207 \n"}
,{"stream_name":"stdout","time":2146.19138825,"data":"(epoch: 5, iters: 3100, time: 0.122, data: 0.003) G_GAN: 1.651 G_LPIPS: 54.859 D_real: 0.802 D_fake: 0.093 \n"}
,{"stream_name":"stdout","time":2146.191393299,"data":"(epoch: 5, iters: 3120, time: 0.120, data: 0.003) G_GAN: 1.717 G_LPIPS: 52.234 D_real: 0.286 D_fake: 0.507 \n"}
,{"stream_name":"stdout","time":2146.191398347,"data":"(epoch: 5, iters: 3140, time: 0.122, data: 0.003) G_GAN: 1.953 G_LPIPS: 56.359 D_real: 0.110 D_fake: 0.471 \n"}
,{"stream_name":"stdout","time":2146.191403796,"data":"(epoch: 5, iters: 3160, time: 0.121, data: 0.003) G_GAN: 1.765 G_LPIPS: 51.725 D_real: 0.151 D_fake: 0.562 \n"}
,{"stream_name":"stdout","time":2146.191409037,"data":"(epoch: 5, iters: 3180, time: 0.122, data: 0.003) G_GAN: 1.197 G_LPIPS: 53.732 D_real: 0.195 D_fake: 0.293 \n"}
,{"stream_name":"stdout","time":2146.191413756,"data":"(epoch: 5, iters: 3200, time: 0.122, data: 0.003) G_GAN: 1.914 G_LPIPS: 55.208 D_real: 0.569 D_fake: 0.083 \n"}
,{"stream_name":"stdout","time":2146.191418364,"data":"(epoch: 5, iters: 3220, time: 0.121, data: 0.003) G_GAN: 1.351 G_LPIPS: 55.848 D_real: 0.157 D_fake: 0.399 \n"}
,{"stream_name":"stdout","time":2146.191422846,"data":"(epoch: 5, iters: 3240, time: 0.122, data: 0.003) G_GAN: 0.836 G_LPIPS: 54.147 D_real: 0.878 D_fake: 0.126 \n"}
,{"stream_name":"stdout","time":2146.191427403,"data":"(epoch: 5, iters: 3260, time: 0.123, data: 0.003) G_GAN: 2.125 G_LPIPS: 59.005 D_real: 0.019 D_fake: 1.011 \n"}
,{"stream_name":"stdout","time":2146.191433684,"data":"(epoch: 5, iters: 3280, time: 0.121, data: 0.003) G_GAN: 2.367 G_LPIPS: 58.233 D_real: 0.076 D_fake: 0.247 \n"}
,{"stream_name":"stdout","time":2146.191441886,"data":"(epoch: 5, iters: 3300, time: 0.123, data: 0.003) G_GAN: 1.587 G_LPIPS: 54.778 D_real: 0.045 D_fake: 0.544 \n"}
,{"stream_name":"stdout","time":2146.191445056,"data":"(epoch: 5, iters: 3320, time: 0.123, data: 0.004) G_GAN: 2.160 G_LPIPS: 53.770 D_real: 0.066 D_fake: 0.502 \n"}
,{"stream_name":"stdout","time":2146.191448296,"data":"(epoch: 5, iters: 3340, time: 0.123, data: 0.003) G_GAN: 1.615 G_LPIPS: 57.001 D_real: 0.418 D_fake: 0.132 \n"}
,{"stream_name":"stdout","time":2146.191451372,"data":"(epoch: 5, iters: 3360, time: 0.121, data: 0.003) G_GAN: 1.951 G_LPIPS: 54.317 D_real: 0.466 D_fake: 0.086 \n"}
,{"stream_name":"stdout","time":2146.191454342,"data":"(epoch: 5, iters: 3380, time: 0.122, data: 0.003) G_GAN: 1.882 G_LPIPS: 57.219 D_real: 0.198 D_fake: 0.195 \n"}
,{"stream_name":"stdout","time":2146.191457266,"data":"(epoch: 5, iters: 3400, time: 0.122, data: 0.003) G_GAN: 2.460 G_LPIPS: 55.417 D_real: 0.178 D_fake: 0.142 \n"}
,{"stream_name":"stdout","time":2146.191460248,"data":"(epoch: 5, iters: 3420, time: 0.122, data: 0.003) G_GAN: 1.684 G_LPIPS: 54.657 D_real: 0.221 D_fake: 0.268 \n"}
,{"stream_name":"stdout","time":2146.191486149,"data":"(epoch: 5, iters: 3440, time: 0.122, data: 0.003) G_GAN: 0.327 G_LPIPS: 53.576 D_real: 1.037 D_fake: 0.136 \n"}
,{"stream_name":"stdout","time":2146.191491794,"data":"(epoch: 5, iters: 3460, time: 0.121, data: 0.003) G_GAN: 1.664 G_LPIPS: 54.855 D_real: 0.083 D_fake: 0.356 \n"}
,{"stream_name":"stdout","time":2146.191497234,"data":"(epoch: 5, iters: 3480, time: 0.123, data: 0.003) G_GAN: 0.979 G_LPIPS: 56.128 D_real: 0.622 D_fake: 0.109 \n"}
,{"stream_name":"stdout","time":2146.191516263,"data":"(epoch: 5, iters: 3500, time: 0.122, data: 0.003) G_GAN: 1.215 G_LPIPS: 51.823 D_real: 0.393 D_fake: 0.229 \n"}
,{"stream_name":"stdout","time":2146.191520968,"data":"(epoch: 5, iters: 3520, time: 0.122, data: 0.003) G_GAN: 2.515 G_LPIPS: 59.755 D_real: 0.016 D_fake: 0.297 \n"}
,{"stream_name":"stdout","time":2146.191524317,"data":"(epoch: 5, iters: 3540, time: 0.122, data: 0.003) G_GAN: 2.104 G_LPIPS: 56.820 D_real: 0.040 D_fake: 0.502 \n"}
,{"stream_name":"stdout","time":2146.191527999,"data":"(epoch: 5, iters: 3560, time: 0.123, data: 0.003) G_GAN: 2.229 G_LPIPS: 57.474 D_real: 0.162 D_fake: 0.316 \n"}
,{"stream_name":"stdout","time":2146.191531603,"data":"(epoch: 5, iters: 3580, time: 0.122, data: 0.003) G_GAN: 3.064 G_LPIPS: 53.601 D_real: 0.047 D_fake: 0.498 \n"}
,{"stream_name":"stdout","time":2146.191534841,"data":"(epoch: 5, iters: 3600, time: 0.121, data: 0.003) G_GAN: 3.624 G_LPIPS: 57.143 D_real: 0.077 D_fake: 0.066 \n"}
,{"stream_name":"stdout","time":2146.191538201,"data":"(epoch: 5, iters: 3620, time: 0.122, data: 0.003) G_GAN: 1.810 G_LPIPS: 54.321 D_real: 0.887 D_fake: 0.046 \n"}
,{"stream_name":"stdout","time":2146.191541592,"data":"(epoch: 5, iters: 3640, time: 0.123, data: 0.003) G_GAN: 2.604 G_LPIPS: 59.503 D_real: 0.106 D_fake: 0.110 \n"}
,{"stream_name":"stdout","time":2146.191545384,"data":"(epoch: 5, iters: 3660, time: 0.122, data: 0.003) G_GAN: 1.823 G_LPIPS: 54.668 D_real: 1.084 D_fake: 0.067 \n"}
,{"stream_name":"stdout","time":2146.191548397,"data":"(epoch: 5, iters: 3680, time: 0.122, data: 0.003) G_GAN: 1.954 G_LPIPS: 55.451 D_real: 0.352 D_fake: 0.056 \n"}
,{"stream_name":"stdout","time":2146.191551254,"data":"(epoch: 5, iters: 3700, time: 0.123, data: 0.003) G_GAN: 1.721 G_LPIPS: 54.369 D_real: 0.441 D_fake: 0.076 \n"}
,{"stream_name":"stdout","time":2146.191554242,"data":"(epoch: 5, iters: 3720, time: 0.123, data: 0.003) G_GAN: 2.262 G_LPIPS: 57.087 D_real: 0.167 D_fake: 0.076 \n"}
,{"stream_name":"stdout","time":2146.191557761,"data":"(epoch: 5, iters: 3740, time: 0.122, data: 0.003) G_GAN: 0.690 G_LPIPS: 56.023 D_real: 0.780 D_fake: 0.115 \n"}
,{"stream_name":"stdout","time":2146.191561561,"data":"(epoch: 5, iters: 3760, time: 0.123, data: 0.003) G_GAN: 1.916 G_LPIPS: 57.189 D_real: 0.074 D_fake: 0.112 \n"}
,{"stream_name":"stdout","time":2146.19156717,"data":"(epoch: 5, iters: 3780, time: 0.122, data: 0.003) G_GAN: 3.319 G_LPIPS: 54.737 D_real: 0.066 D_fake: 0.109 \n"}
,{"stream_name":"stdout","time":2146.191571437,"data":"(epoch: 5, iters: 3800, time: 0.123, data: 0.003) G_GAN: 1.594 G_LPIPS: 54.318 D_real: 0.367 D_fake: 0.105 \n"}
,{"stream_name":"stdout","time":2146.191575964,"data":"(epoch: 5, iters: 3820, time: 0.123, data: 0.003) G_GAN: 1.475 G_LPIPS: 56.019 D_real: 0.031 D_fake: 0.525 \n"}
,{"stream_name":"stdout","time":2146.191598959,"data":"(epoch: 5, iters: 3840, time: 0.122, data: 0.003) G_GAN: 2.370 G_LPIPS: 55.294 D_real: 0.208 D_fake: 0.609 \n"}
,{"stream_name":"stdout","time":2146.191602757,"data":"saving the latest model (epoch 5, total_iters 15000)\n"}
,{"stream_name":"stdout","time":2146.19160735,"data":"(epoch: 5, iters: 3860, time: 0.123, data: 0.003) G_GAN: 2.168 G_LPIPS: 57.402 D_real: 0.021 D_fake: 0.536 \n"}
,{"stream_name":"stdout","time":2146.191611147,"data":"(epoch: 5, iters: 3880, time: 0.122, data: 0.003) G_GAN: 2.028 G_LPIPS: 57.439 D_real: 0.396 D_fake: 0.110 \n"}
,{"stream_name":"stdout","time":2146.191615172,"data":"(epoch: 5, iters: 3900, time: 0.122, data: 0.003) G_GAN: 2.407 G_LPIPS: 56.067 D_real: 0.065 D_fake: 1.411 \n"}
,{"stream_name":"stdout","time":2146.191619009,"data":"(epoch: 5, iters: 3920, time: 0.123, data: 0.003) G_GAN: 2.092 G_LPIPS: 59.048 D_real: 0.264 D_fake: 0.174 \n"}
,{"stream_name":"stdout","time":2146.191628372,"data":"(epoch: 5, iters: 3940, time: 0.123, data: 0.003) G_GAN: 2.973 G_LPIPS: 48.819 D_real: 0.017 D_fake: 1.865 \n"}
,{"stream_name":"stdout","time":2146.191632281,"data":"(epoch: 5, iters: 3960, time: 0.122, data: 0.003) G_GAN: 2.525 G_LPIPS: 54.800 D_real: 0.087 D_fake: 0.687 \n"}
,{"stream_name":"stdout","time":2146.191636505,"data":"(epoch: 5, iters: 3980, time: 0.122, data: 0.003) G_GAN: 0.614 G_LPIPS: 55.021 D_real: 0.975 D_fake: 0.113 \n"}
,{"stream_name":"stdout","time":2146.191640521,"data":"(epoch: 5, iters: 4000, time: 0.122, data: 0.003) G_GAN: 1.616 G_LPIPS: 47.069 D_real: 0.368 D_fake: 0.262 \n"}
,{"stream_name":"stdout","time":2146.191644587,"data":"(epoch: 5, iters: 4020, time: 0.123, data: 0.003) G_GAN: 1.218 G_LPIPS: 54.933 D_real: 0.470 D_fake: 0.204 \n"}
,{"stream_name":"stdout","time":2146.191648163,"data":"(epoch: 5, iters: 4040, time: 0.122, data: 0.003) G_GAN: 2.904 G_LPIPS: 59.332 D_real: 0.210 D_fake: 0.160 \n"}
,{"stream_name":"stdout","time":2146.191651641,"data":"(epoch: 5, iters: 4060, time: 0.123, data: 0.003) G_GAN: 2.502 G_LPIPS: 53.641 D_real: 0.451 D_fake: 0.067 \n"}
,{"stream_name":"stdout","time":2146.191655121,"data":"(epoch: 5, iters: 4080, time: 0.123, data: 0.003) G_GAN: 1.915 G_LPIPS: 56.264 D_real: 0.789 D_fake: 0.056 \n"}
,{"stream_name":"stdout","time":2146.191658722,"data":"(epoch: 5, iters: 4100, time: 0.123, data: 0.003) G_GAN: 1.234 G_LPIPS: 51.285 D_real: 1.773 D_fake: 0.061 \n"}
,{"stream_name":"stdout","time":2146.191662264,"data":"(epoch: 5, iters: 4120, time: 0.123, data: 0.003) G_GAN: 1.506 G_LPIPS: 59.581 D_real: 0.330 D_fake: 0.097 \n"}
,{"stream_name":"stdout","time":2146.191665785,"data":"(epoch: 5, iters: 4140, time: 0.123, data: 0.003) G_GAN: 2.453 G_LPIPS: 57.876 D_real: 0.117 D_fake: 0.380 \n"}
,{"stream_name":"stdout","time":2146.191670816,"data":"(epoch: 5, iters: 4160, time: 0.122, data: 0.003) G_GAN: 3.273 G_LPIPS: 55.796 D_real: 0.015 D_fake: 0.277 \n"}
,{"stream_name":"stdout","time":2146.191678485,"data":"(epoch: 5, iters: 4180, time: 0.123, data: 0.003) G_GAN: 2.452 G_LPIPS: 53.681 D_real: 0.099 D_fake: 1.000 \n"}
,{"stream_name":"stdout","time":2146.191682222,"data":"(epoch: 5, iters: 4200, time: 0.124, data: 0.003) G_GAN: 1.926 G_LPIPS: 55.928 D_real: 0.231 D_fake: 0.740 \n"}
,{"stream_name":"stdout","time":2146.191684552,"data":"(epoch: 5, iters: 4220, time: 0.123, data: 0.003) G_GAN: 1.790 G_LPIPS: 53.672 D_real: 0.122 D_fake: 0.823 \n"}
,{"stream_name":"stdout","time":2146.191686806,"data":"(epoch: 5, iters: 4240, time: 0.123, data: 0.003) G_GAN: 1.261 G_LPIPS: 54.101 D_real: 1.123 D_fake: 0.353 \n"}
,{"stream_name":"stdout","time":2146.1916891,"data":"(epoch: 5, iters: 4260, time: 0.122, data: 0.003) G_GAN: 2.025 G_LPIPS: 53.879 D_real: 0.159 D_fake: 0.274 \n"}
,{"stream_name":"stdout","time":2146.191691427,"data":"(epoch: 5, iters: 4280, time: 0.124, data: 0.003) G_GAN: 3.240 G_LPIPS: 58.732 D_real: 0.152 D_fake: 0.101 \n"}
,{"stream_name":"stdout","time":2146.191693681,"data":"(epoch: 5, iters: 4300, time: 0.124, data: 0.003) G_GAN: 2.779 G_LPIPS: 56.425 D_real: 0.096 D_fake: 0.147 \n"}
,{"stream_name":"stdout","time":2146.191696029,"data":"(epoch: 5, iters: 4320, time: 0.124, data: 0.003) G_GAN: 2.404 G_LPIPS: 56.583 D_real: 0.058 D_fake: 0.261 \n"}
,{"stream_name":"stdout","time":2146.191698289,"data":"(epoch: 5, iters: 4340, time: 0.124, data: 0.003) G_GAN: 2.123 G_LPIPS: 54.010 D_real: 0.101 D_fake: 0.286 \n"}
,{"stream_name":"stdout","time":2146.191700664,"data":"(epoch: 5, iters: 4360, time: 0.123, data: 0.003) G_GAN: 2.481 G_LPIPS: 57.835 D_real: 0.026 D_fake: 0.369 \n"}
,{"stream_name":"stdout","time":2146.191702982,"data":"(epoch: 5, iters: 4380, time: 0.124, data: 0.003) G_GAN: 1.966 G_LPIPS: 55.870 D_real: 2.880 D_fake: 0.016 \n"}
,{"stream_name":"stdout","time":2146.191735276,"data":"(epoch: 5, iters: 4400, time: 0.123, data: 0.003) G_GAN: 2.591 G_LPIPS: 56.502 D_real: 0.205 D_fake: 0.271 \n"}
,{"stream_name":"stdout","time":2146.191742165,"data":"(epoch: 5, iters: 4420, time: 0.123, data: 0.003) G_GAN: 1.781 G_LPIPS: 57.280 D_real: 0.016 D_fake: 0.626 \n"}
,{"stream_name":"stdout","time":2146.1917458,"data":"(epoch: 5, iters: 4440, time: 0.124, data: 0.003) G_GAN: 2.756 G_LPIPS: 59.674 D_real: 0.041 D_fake: 0.181 \n"}
,{"stream_name":"stdout","time":2146.191749247,"data":"(epoch: 5, iters: 4460, time: 0.123, data: 0.003) G_GAN: 1.960 G_LPIPS: 51.349 D_real: 0.633 D_fake: 0.191 \n"}
,{"stream_name":"stdout","time":2146.19175301,"data":"(epoch: 5, iters: 4480, time: 0.124, data: 0.003) G_GAN: 1.474 G_LPIPS: 56.464 D_real: 0.201 D_fake: 0.328 \n"}
,{"stream_name":"stdout","time":2146.191756504,"data":"(epoch: 5, iters: 4500, time: 0.123, data: 0.003) G_GAN: 2.345 G_LPIPS: 53.722 D_real: 0.297 D_fake: 0.148 \n"}
,{"stream_name":"stdout","time":2146.191760343,"data":"(epoch: 5, iters: 4520, time: 0.122, data: 0.003) G_GAN: 3.697 G_LPIPS: 53.531 D_real: 0.030 D_fake: 0.095 \n"}
,{"stream_name":"stdout","time":2146.191764739,"data":"(epoch: 5, iters: 4540, time: 0.124, data: 0.003) G_GAN: 1.931 G_LPIPS: 54.260 D_real: 0.442 D_fake: 0.142 \n"}
,{"stream_name":"stdout","time":2146.191768699,"data":"(epoch: 5, iters: 4560, time: 0.123, data: 0.003) G_GAN: 2.803 G_LPIPS: 52.471 D_real: 0.266 D_fake: 0.165 \n"}
,{"stream_name":"stdout","time":2228.727495597,"data":"(epoch: 5, iters: 4580, time: 0.124, data: 0.003) G_GAN: 1.415 G_LPIPS: 57.604 D_real: 1.126 D_fake: 0.046 \n"}
,{"stream_name":"stdout","time":2228.727536287,"data":"(epoch: 5, iters: 4600, time: 0.123, data: 0.003) G_GAN: 1.576 G_LPIPS: 51.519 D_real: 0.589 D_fake: 0.238 \n"}
,{"stream_name":"stdout","time":2228.727540691,"data":"(epoch: 5, iters: 4620, time: 0.124, data: 0.003) G_GAN: 0.477 G_LPIPS: 55.376 D_real: 1.649 D_fake: 0.139 \n"}
,{"stream_name":"stdout","time":2228.727544125,"data":"(epoch: 5, iters: 4640, time: 0.124, data: 0.003) G_GAN: 0.854 G_LPIPS: 51.308 D_real: 0.546 D_fake: 0.249 \n"}
,{"stream_name":"stdout","time":2228.727547392,"data":"(epoch: 5, iters: 4660, time: 0.122, data: 0.004) G_GAN: 0.719 G_LPIPS: 55.243 D_real: 0.412 D_fake: 0.316 \n"}
,{"stream_name":"stdout","time":2228.727550555,"data":"(epoch: 5, iters: 4680, time: 0.123, data: 0.003) G_GAN: 1.302 G_LPIPS: 50.666 D_real: 0.648 D_fake: 0.258 \n"}
,{"stream_name":"stdout","time":2228.727553707,"data":"(epoch: 5, iters: 4700, time: 0.123, data: 0.003) G_GAN: 2.638 G_LPIPS: 58.253 D_real: 0.007 D_fake: 0.973 \n"}
,{"stream_name":"stdout","time":2228.727589272,"data":"(epoch: 5, iters: 4720, time: 0.126, data: 0.003) G_GAN: 2.100 G_LPIPS: 53.790 D_real: 0.641 D_fake: 0.635 \n"}
,{"stream_name":"stdout","time":2228.727596984,"data":"(epoch: 5, iters: 4740, time: 0.125, data: 0.003) G_GAN: 2.757 G_LPIPS: 57.456 D_real: 0.090 D_fake: 0.536 \n"}
,{"stream_name":"stdout","time":2228.727602216,"data":"(epoch: 5, iters: 4760, time: 0.124, data: 0.003) G_GAN: 2.368 G_LPIPS: 52.921 D_real: 0.043 D_fake: 0.761 \n"}
,{"stream_name":"stdout","time":2228.727607217,"data":"(epoch: 5, iters: 4780, time: 0.123, data: 0.003) G_GAN: 1.773 G_LPIPS: 54.434 D_real: 0.175 D_fake: 0.842 \n"}
,{"stream_name":"stdout","time":2228.727612222,"data":"(epoch: 5, iters: 4800, time: 0.122, data: 0.003) G_GAN: 1.049 G_LPIPS: 53.182 D_real: 0.343 D_fake: 0.398 \n"}
,{"stream_name":"stdout","time":2228.727617375,"data":"(epoch: 5, iters: 4820, time: 0.125, data: 0.003) G_GAN: 1.845 G_LPIPS: 57.234 D_real: 0.373 D_fake: 0.070 \n"}
,{"stream_name":"stdout","time":2228.727621892,"data":"(epoch: 5, iters: 4840, time: 0.137, data: 0.003) G_GAN: 1.638 G_LPIPS: 57.632 D_real: 1.034 D_fake: 0.060 \n"}
,{"stream_name":"stdout","time":2228.727637019,"data":"(epoch: 5, iters: 4860, time: 0.123, data: 0.003) G_GAN: 1.665 G_LPIPS: 49.880 D_real: 0.853 D_fake: 0.125 \n"}
,{"stream_name":"stdout","time":2228.727642589,"data":"(epoch: 5, iters: 4880, time: 0.125, data: 0.003) G_GAN: 1.765 G_LPIPS: 54.932 D_real: 0.119 D_fake: 0.209 \n"}
,{"stream_name":"stdout","time":2228.727649689,"data":"(epoch: 5, iters: 4900, time: 0.124, data: 0.003) G_GAN: 1.124 G_LPIPS: 52.807 D_real: 0.322 D_fake: 0.494 \n"}
,{"stream_name":"stdout","time":2228.727651982,"data":"(epoch: 5, iters: 4920, time: 0.123, data: 0.003) G_GAN: 0.990 G_LPIPS: 54.141 D_real: 0.374 D_fake: 0.739 \n"}
,{"stream_name":"stdout","time":2228.727654423,"data":"(epoch: 5, iters: 4940, time: 0.123, data: 0.003) G_GAN: 1.464 G_LPIPS: 54.135 D_real: 0.377 D_fake: 0.177 \n"}
,{"stream_name":"stdout","time":2228.727658202,"data":"(epoch: 5, iters: 4960, time: 0.124, data: 0.003) G_GAN: 0.597 G_LPIPS: 52.342 D_real: 0.758 D_fake: 0.167 \n"}
,{"stream_name":"stdout","time":2228.727660515,"data":"(epoch: 5, iters: 4980, time: 0.124, data: 0.003) G_GAN: 1.773 G_LPIPS: 56.389 D_real: 0.064 D_fake: 0.692 \n"}
,{"stream_name":"stdout","time":2228.727662792,"data":"(epoch: 5, iters: 5000, time: 0.124, data: 0.003) G_GAN: 2.432 G_LPIPS: 52.735 D_real: 0.074 D_fake: 0.828 \n"}
,{"stream_name":"stdout","time":2228.727665139,"data":"(epoch: 5, iters: 5020, time: 0.124, data: 0.003) G_GAN: 2.127 G_LPIPS: 54.731 D_real: 0.462 D_fake: 0.077 \n"}
,{"stream_name":"stdout","time":2228.727667437,"data":"(epoch: 5, iters: 5040, time: 0.123, data: 0.003) G_GAN: 1.733 G_LPIPS: 57.524 D_real: 0.425 D_fake: 0.090 \n"}
,{"stream_name":"stdout","time":2228.727669717,"data":"(epoch: 5, iters: 5060, time: 0.124, data: 0.003) G_GAN: 2.746 G_LPIPS: 56.053 D_real: 0.133 D_fake: 0.067 \n"}
,{"stream_name":"stdout","time":2228.727671988,"data":"(epoch: 5, iters: 5080, time: 0.124, data: 0.003) G_GAN: 1.741 G_LPIPS: 56.229 D_real: 0.108 D_fake: 0.586 \n"}
,{"stream_name":"stdout","time":2228.727674371,"data":"(epoch: 5, iters: 5100, time: 0.124, data: 0.003) G_GAN: 2.531 G_LPIPS: 53.714 D_real: 0.118 D_fake: 0.134 \n"}
,{"stream_name":"stdout","time":2228.727676644,"data":"(epoch: 5, iters: 5120, time: 0.123, data: 0.003) G_GAN: 2.577 G_LPIPS: 53.316 D_real: 0.052 D_fake: 0.501 \n"}
,{"stream_name":"stdout","time":2228.727678919,"data":"(epoch: 5, iters: 5140, time: 0.123, data: 0.003) G_GAN: 1.212 G_LPIPS: 54.470 D_real: 0.307 D_fake: 0.623 \n"}
,{"stream_name":"stdout","time":2228.727681207,"data":"(epoch: 5, iters: 5160, time: 0.123, data: 0.003) G_GAN: 3.130 G_LPIPS: 57.361 D_real: 0.010 D_fake: 0.113 \n"}
,{"stream_name":"stdout","time":2228.72768361,"data":"(epoch: 5, iters: 5180, time: 0.124, data: 0.003) G_GAN: 2.205 G_LPIPS: 60.071 D_real: 0.076 D_fake: 0.165 \n"}
,{"stream_name":"stdout","time":2228.727685947,"data":"(epoch: 5, iters: 5200, time: 0.125, data: 0.003) G_GAN: 1.893 G_LPIPS: 54.898 D_real: 1.187 D_fake: 0.174 \n"}
,{"stream_name":"stdout","time":2228.727688208,"data":"(epoch: 5, iters: 5220, time: 0.123, data: 0.003) G_GAN: 1.915 G_LPIPS: 57.018 D_real: 0.097 D_fake: 0.538 \n"}
,{"stream_name":"stdout","time":2228.727690496,"data":"(epoch: 5, iters: 5240, time: 0.123, data: 0.003) G_GAN: 0.973 G_LPIPS: 53.939 D_real: 0.142 D_fake: 0.759 \n"}
,{"stream_name":"stdout","time":2228.727692843,"data":"(epoch: 5, iters: 5260, time: 0.127, data: 0.003) G_GAN: 1.897 G_LPIPS: 56.049 D_real: 0.144 D_fake: 0.427 \n"}
,{"stream_name":"stdout","time":2228.727695144,"data":"(epoch: 5, iters: 5280, time: 0.124, data: 0.003) G_GAN: 1.916 G_LPIPS: 56.774 D_real: 0.115 D_fake: 0.219 \n"}
,{"stream_name":"stdout","time":2228.727697412,"data":"(epoch: 5, iters: 5300, time: 0.123, data: 0.003) G_GAN: 2.205 G_LPIPS: 56.529 D_real: 0.224 D_fake: 0.212 \n"}
,{"stream_name":"stdout","time":2228.72770282,"data":"(epoch: 5, iters: 5320, time: 0.125, data: 0.003) G_GAN: 2.097 G_LPIPS: 53.958 D_real: 0.272 D_fake: 0.242 \n"}
,{"stream_name":"stdout","time":2228.727705668,"data":"(epoch: 5, iters: 5340, time: 0.123, data: 0.003) G_GAN: 1.159 G_LPIPS: 51.722 D_real: 0.698 D_fake: 0.203 \n"}
,{"stream_name":"stdout","time":2228.727708059,"data":"(epoch: 5, iters: 5360, time: 0.124, data: 0.003) G_GAN: 1.311 G_LPIPS: 55.472 D_real: 0.540 D_fake: 0.113 \n"}
,{"stream_name":"stdout","time":2228.727710334,"data":"(epoch: 5, iters: 5380, time: 0.125, data: 0.003) G_GAN: 1.404 G_LPIPS: 58.178 D_real: 0.334 D_fake: 0.204 \n"}
,{"stream_name":"stdout","time":2228.72771883,"data":"(epoch: 5, iters: 5400, time: 0.125, data: 0.003) G_GAN: 3.028 G_LPIPS: 57.099 D_real: 0.801 D_fake: 0.017 \n"}
,{"stream_name":"stdout","time":2228.727721304,"data":"(epoch: 5, iters: 5420, time: 0.124, data: 0.003) G_GAN: 2.705 G_LPIPS: 58.940 D_real: 0.019 D_fake: 0.247 \n"}
,{"stream_name":"stdout","time":2228.727723615,"data":"(epoch: 5, iters: 5440, time: 0.125, data: 0.003) G_GAN: 2.670 G_LPIPS: 51.193 D_real: 0.186 D_fake: 0.081 \n"}
,{"stream_name":"stdout","time":2228.727725882,"data":"(epoch: 5, iters: 5460, time: 0.124, data: 0.003) G_GAN: 1.691 G_LPIPS: 54.201 D_real: 0.513 D_fake: 0.131 \n"}
,{"stream_name":"stdout","time":2228.727728145,"data":"(epoch: 5, iters: 5480, time: 0.124, data: 0.003) G_GAN: 1.847 G_LPIPS: 55.021 D_real: 0.032 D_fake: 0.314 \n"}
,{"stream_name":"stdout","time":2228.727730412,"data":"(epoch: 5, iters: 5500, time: 0.123, data: 0.003) G_GAN: 1.717 G_LPIPS: 55.682 D_real: 0.229 D_fake: 0.282 \n"}
,{"stream_name":"stdout","time":2228.727732702,"data":"(epoch: 5, iters: 5520, time: 0.125, data: 0.004) G_GAN: 1.000 G_LPIPS: 50.130 D_real: 1.158 D_fake: 0.162 \n"}
,{"stream_name":"stdout","time":2228.727734985,"data":"(epoch: 5, iters: 5540, time: 0.124, data: 0.004) G_GAN: 2.788 G_LPIPS: 57.243 D_real: 0.119 D_fake: 0.143 \n"}
,{"stream_name":"stdout","time":2228.727753901,"data":"(epoch: 5, iters: 5560, time: 0.123, data: 0.003) G_GAN: 2.125 G_LPIPS: 53.316 D_real: 0.609 D_fake: 0.167 \n"}
,{"stream_name":"stdout","time":2228.727756383,"data":"(epoch: 5, iters: 5580, time: 0.077, data: 0.003) G_GAN: 0.711 G_LPIPS: 57.565 D_real: 1.299 D_fake: 0.068 \n"}
,{"stream_name":"stdout","time":2228.727758843,"data":"saving the model at the end of epoch 5, iters 16740\n"}
,{"stream_name":"stdout","time":2228.727761278,"data":"End of epoch 5 / 20 \t Time Taken: 443 sec\n"}
,{"stream_name":"stdout","time":2228.727764149,"data":"learning rate 0.0001000 -\u003e 0.0001000\n"}
,{"stream_name":"stdout","time":2356.012209971,"data":"(epoch: 6, iters: 20, time: 0.124, data: 0.256) G_GAN: 1.278 G_LPIPS: 51.405 D_real: 1.102 D_fake: 0.091 \n"}
,{"stream_name":"stdout","time":2356.0122564,"data":"(epoch: 6, iters: 40, time: 0.125, data: 0.003) G_GAN: 2.427 G_LPIPS: 59.876 D_real: 0.036 D_fake: 0.147 \n"}
,{"stream_name":"stdout","time":2356.0122615,"data":"(epoch: 6, iters: 60, time: 0.140, data: 0.003) G_GAN: 3.381 G_LPIPS: 51.936 D_real: 0.088 D_fake: 0.842 \n"}
,{"stream_name":"stdout","time":2356.012264881,"data":"(epoch: 6, iters: 80, time: 0.124, data: 0.003) G_GAN: 3.021 G_LPIPS: 54.275 D_real: 0.186 D_fake: 0.243 \n"}
,{"stream_name":"stdout","time":2356.012268094,"data":"(epoch: 6, iters: 100, time: 0.123, data: 0.003) G_GAN: 2.265 G_LPIPS: 53.650 D_real: 0.005 D_fake: 0.552 \n"}
,{"stream_name":"stdout","time":2356.012271105,"data":"(epoch: 6, iters: 120, time: 0.124, data: 0.003) G_GAN: 2.425 G_LPIPS: 56.689 D_real: 0.201 D_fake: 0.104 \n"}
,{"stream_name":"stdout","time":2356.012274177,"data":"(epoch: 6, iters: 140, time: 0.125, data: 0.003) G_GAN: 2.016 G_LPIPS: 55.948 D_real: 0.032 D_fake: 0.765 \n"}
,{"stream_name":"stdout","time":2356.012288231,"data":"(epoch: 6, iters: 160, time: 0.124, data: 0.003) G_GAN: 2.733 G_LPIPS: 55.615 D_real: 0.159 D_fake: 0.115 \n"}
,{"stream_name":"stdout","time":2356.01229106,"data":"(epoch: 6, iters: 180, time: 0.125, data: 0.003) G_GAN: 2.362 G_LPIPS: 53.762 D_real: 0.415 D_fake: 0.103 \n"}
,{"stream_name":"stdout","time":2356.012293345,"data":"(epoch: 6, iters: 200, time: 0.124, data: 0.003) G_GAN: 0.749 G_LPIPS: 53.110 D_real: 0.917 D_fake: 0.500 \n"}
,{"stream_name":"stdout","time":2356.012295692,"data":"(epoch: 6, iters: 220, time: 0.125, data: 0.003) G_GAN: 1.396 G_LPIPS: 55.560 D_real: 0.636 D_fake: 0.163 \n"}
,{"stream_name":"stdout","time":2356.012298122,"data":"(epoch: 6, iters: 240, time: 0.124, data: 0.003) G_GAN: 0.861 G_LPIPS: 53.089 D_real: 0.942 D_fake: 0.102 \n"}
,{"stream_name":"stdout","time":2356.012300424,"data":"(epoch: 6, iters: 260, time: 0.124, data: 0.004) G_GAN: 1.946 G_LPIPS: 53.712 D_real: 0.323 D_fake: 0.086 \n"}
,{"stream_name":"stdout","time":2356.012302777,"data":"(epoch: 6, iters: 280, time: 0.125, data: 0.003) G_GAN: 1.968 G_LPIPS: 58.326 D_real: 0.116 D_fake: 0.120 \n"}
,{"stream_name":"stdout","time":2356.012305052,"data":"(epoch: 6, iters: 300, time: 0.125, data: 0.003) G_GAN: 2.813 G_LPIPS: 49.728 D_real: 0.512 D_fake: 0.649 \n"}
,{"stream_name":"stdout","time":2356.012307405,"data":"(epoch: 6, iters: 320, time: 0.125, data: 0.003) G_GAN: 3.411 G_LPIPS: 54.281 D_real: 0.042 D_fake: 0.828 \n"}
,{"stream_name":"stdout","time":2356.012309791,"data":"(epoch: 6, iters: 340, time: 0.124, data: 0.003) G_GAN: 2.440 G_LPIPS: 56.457 D_real: 0.018 D_fake: 0.195 \n"}
,{"stream_name":"stdout","time":2356.012312078,"data":"(epoch: 6, iters: 360, time: 0.125, data: 0.003) G_GAN: 1.645 G_LPIPS: 52.053 D_real: 0.484 D_fake: 0.184 \n"}
,{"stream_name":"stdout","time":2356.012314544,"data":"(epoch: 6, iters: 380, time: 0.125, data: 0.003) G_GAN: 2.388 G_LPIPS: 55.853 D_real: 0.251 D_fake: 0.193 \n"}
,{"stream_name":"stdout","time":2356.01231779,"data":"(epoch: 6, iters: 400, time: 0.125, data: 0.003) G_GAN: 1.002 G_LPIPS: 55.143 D_real: 0.408 D_fake: 0.205 \n"}
,{"stream_name":"stdout","time":2356.012320135,"data":"(epoch: 6, iters: 420, time: 0.125, data: 0.003) G_GAN: 1.049 G_LPIPS: 54.296 D_real: 0.678 D_fake: 0.260 \n"}
,{"stream_name":"stdout","time":2356.012322423,"data":"(epoch: 6, iters: 440, time: 0.125, data: 0.003) G_GAN: 1.716 G_LPIPS: 56.960 D_real: 0.218 D_fake: 0.242 \n"}
,{"stream_name":"stdout","time":2356.012324692,"data":"(epoch: 6, iters: 460, time: 0.125, data: 0.003) G_GAN: 2.798 G_LPIPS: 54.832 D_real: 0.184 D_fake: 1.713 \n"}
,{"stream_name":"stdout","time":2356.012326955,"data":"(epoch: 6, iters: 480, time: 0.124, data: 0.004) G_GAN: 5.091 G_LPIPS: 50.843 D_real: 0.047 D_fake: 1.555 \n"}
,{"stream_name":"stdout","time":2356.012329235,"data":"(epoch: 6, iters: 500, time: 0.125, data: 0.003) G_GAN: 1.748 G_LPIPS: 54.031 D_real: 1.486 D_fake: 0.244 \n"}
,{"stream_name":"stdout","time":2356.01233149,"data":"(epoch: 6, iters: 520, time: 0.125, data: 0.003) G_GAN: 1.778 G_LPIPS: 56.697 D_real: 0.255 D_fake: 0.187 \n"}
,{"stream_name":"stdout","time":2356.012333751,"data":"(epoch: 6, iters: 540, time: 0.124, data: 0.003) G_GAN: 1.711 G_LPIPS: 53.986 D_real: 0.321 D_fake: 0.620 \n"}
,{"stream_name":"stdout","time":2356.012336008,"data":"(epoch: 6, iters: 560, time: 0.124, data: 0.003) G_GAN: 1.736 G_LPIPS: 54.156 D_real: 0.119 D_fake: 0.459 \n"}
,{"stream_name":"stdout","time":2356.012338271,"data":"(epoch: 6, iters: 580, time: 0.124, data: 0.003) G_GAN: 1.580 G_LPIPS: 51.618 D_real: 0.128 D_fake: 0.485 \n"}
,{"stream_name":"stdout","time":2356.012340512,"data":"(epoch: 6, iters: 600, time: 0.174, data: 0.003) G_GAN: 1.866 G_LPIPS: 54.400 D_real: 0.079 D_fake: 0.254 \n"}
,{"stream_name":"stdout","time":2356.012342865,"data":"(epoch: 6, iters: 620, time: 0.124, data: 0.004) G_GAN: 2.776 G_LPIPS: 55.766 D_real: 0.034 D_fake: 0.297 \n"}
,{"stream_name":"stdout","time":2356.012348125,"data":"(epoch: 6, iters: 640, time: 0.125, data: 0.003) G_GAN: 2.590 G_LPIPS: 54.984 D_real: 0.189 D_fake: 0.182 \n"}
,{"stream_name":"stdout","time":2356.012350697,"data":"(epoch: 6, iters: 660, time: 0.125, data: 0.003) G_GAN: 2.586 G_LPIPS: 51.780 D_real: 0.110 D_fake: 0.932 \n"}
,{"stream_name":"stdout","time":2356.012353,"data":"(epoch: 6, iters: 680, time: 0.124, data: 0.003) G_GAN: 3.122 G_LPIPS: 47.183 D_real: 0.197 D_fake: 0.644 \n"}
,{"stream_name":"stdout","time":2356.012355277,"data":"(epoch: 6, iters: 700, time: 0.124, data: 0.003) G_GAN: 3.274 G_LPIPS: 55.764 D_real: 0.011 D_fake: 1.968 \n"}
,{"stream_name":"stdout","time":2356.012357565,"data":"(epoch: 6, iters: 720, time: 0.125, data: 0.003) G_GAN: 1.954 G_LPIPS: 54.070 D_real: 0.395 D_fake: 0.210 \n"}
,{"stream_name":"stdout","time":2356.012359846,"data":"(epoch: 6, iters: 740, time: 0.124, data: 0.003) G_GAN: 2.838 G_LPIPS: 52.816 D_real: 1.056 D_fake: 0.028 \n"}
,{"stream_name":"stdout","time":2356.012362122,"data":"(epoch: 6, iters: 760, time: 0.124, data: 0.003) G_GAN: 2.126 G_LPIPS: 51.691 D_real: 0.072 D_fake: 0.244 \n"}
,{"stream_name":"stdout","time":2356.012364668,"data":"(epoch: 6, iters: 780, time: 0.125, data: 0.003) G_GAN: 3.183 G_LPIPS: 56.768 D_real: 0.051 D_fake: 0.094 \n"}
,{"stream_name":"stdout","time":2356.012366982,"data":"(epoch: 6, iters: 800, time: 0.124, data: 0.003) G_GAN: 2.895 G_LPIPS: 56.000 D_real: 0.173 D_fake: 0.078 \n"}
,{"stream_name":"stdout","time":2356.01236927,"data":"(epoch: 6, iters: 820, time: 0.125, data: 0.003) G_GAN: 1.901 G_LPIPS: 49.275 D_real: 0.840 D_fake: 0.035 \n"}
,{"stream_name":"stdout","time":2356.012371527,"data":"(epoch: 6, iters: 840, time: 0.124, data: 0.003) G_GAN: 1.647 G_LPIPS: 57.090 D_real: 0.997 D_fake: 0.059 \n"}
,{"stream_name":"stdout","time":2356.012373773,"data":"(epoch: 6, iters: 860, time: 0.124, data: 0.003) G_GAN: 2.094 G_LPIPS: 54.683 D_real: 0.144 D_fake: 0.286 \n"}
,{"stream_name":"stdout","time":2356.012376029,"data":"(epoch: 6, iters: 880, time: 0.124, data: 0.003) G_GAN: 1.344 G_LPIPS: 53.775 D_real: 0.466 D_fake: 0.191 \n"}
,{"stream_name":"stdout","time":2356.012378291,"data":"(epoch: 6, iters: 900, time: 0.124, data: 0.003) G_GAN: 1.463 G_LPIPS: 54.730 D_real: 0.115 D_fake: 0.319 \n"}
,{"stream_name":"stdout","time":2356.012380545,"data":"(epoch: 6, iters: 920, time: 0.174, data: 0.003) G_GAN: 0.864 G_LPIPS: 56.613 D_real: 0.684 D_fake: 0.360 \n"}
,{"stream_name":"stdout","time":2356.012382788,"data":"(epoch: 6, iters: 940, time: 0.125, data: 0.003) G_GAN: 2.970 G_LPIPS: 61.616 D_real: 0.002 D_fake: 1.389 \n"}
,{"stream_name":"stdout","time":2356.012385054,"data":"(epoch: 6, iters: 960, time: 0.125, data: 0.003) G_GAN: 2.305 G_LPIPS: 54.238 D_real: 0.177 D_fake: 0.504 \n"}
,{"stream_name":"stdout","time":2356.012387324,"data":"(epoch: 6, iters: 980, time: 0.124, data: 0.003) G_GAN: 2.049 G_LPIPS: 49.616 D_real: 0.307 D_fake: 0.235 \n"}
,{"stream_name":"stdout","time":2356.01238958,"data":"(epoch: 6, iters: 1000, time: 0.125, data: 0.003) G_GAN: 1.517 G_LPIPS: 56.036 D_real: 0.346 D_fake: 0.125 \n"}
,{"stream_name":"stdout","time":2356.012391826,"data":"(epoch: 6, iters: 1020, time: 0.126, data: 0.004) G_GAN: 1.838 G_LPIPS: 55.923 D_real: 0.324 D_fake: 0.777 \n"}
,{"stream_name":"stdout","time":2356.01239408,"data":"(epoch: 6, iters: 1040, time: 0.125, data: 0.003) G_GAN: 1.153 G_LPIPS: 51.170 D_real: 0.863 D_fake: 0.164 \n"}
,{"stream_name":"stdout","time":2356.012396334,"data":"(epoch: 6, iters: 1060, time: 0.126, data: 0.003) G_GAN: 1.290 G_LPIPS: 52.218 D_real: 0.304 D_fake: 0.779 \n"}
,{"stream_name":"stdout","time":2356.012398584,"data":"(epoch: 6, iters: 1080, time: 0.124, data: 0.003) G_GAN: 0.840 G_LPIPS: 52.311 D_real: 1.650 D_fake: 0.069 \n"}
,{"stream_name":"stdout","time":2356.012402777,"data":"(epoch: 6, iters: 1100, time: 0.125, data: 0.003) G_GAN: 1.508 G_LPIPS: 53.699 D_real: 0.533 D_fake: 0.093 \n"}
,{"stream_name":"stdout","time":2356.012405185,"data":"(epoch: 6, iters: 1120, time: 0.125, data: 0.003) G_GAN: 1.741 G_LPIPS: 52.010 D_real: 0.822 D_fake: 0.089 \n"}
,{"stream_name":"stdout","time":2356.012407482,"data":"(epoch: 6, iters: 1140, time: 0.123, data: 0.003) G_GAN: 2.458 G_LPIPS: 52.173 D_real: 0.041 D_fake: 0.148 \n"}
,{"stream_name":"stdout","time":2356.012410012,"data":"(epoch: 6, iters: 1160, time: 0.124, data: 0.003) G_GAN: 1.731 G_LPIPS: 51.517 D_real: 0.665 D_fake: 0.123 \n"}
,{"stream_name":"stdout","time":2356.012412317,"data":"(epoch: 6, iters: 1180, time: 0.125, data: 0.003) G_GAN: 1.456 G_LPIPS: 52.062 D_real: 0.325 D_fake: 0.246 \n"}
,{"stream_name":"stdout","time":2356.012414584,"data":"(epoch: 6, iters: 1200, time: 0.125, data: 0.003) G_GAN: 2.428 G_LPIPS: 52.502 D_real: 0.064 D_fake: 0.420 \n"}
,{"stream_name":"stdout","time":2356.012416827,"data":"(epoch: 6, iters: 1220, time: 0.125, data: 0.003) G_GAN: 1.643 G_LPIPS: 53.325 D_real: 0.282 D_fake: 0.081 \n"}
,{"stream_name":"stdout","time":2356.012419074,"data":"(epoch: 6, iters: 1240, time: 0.125, data: 0.003) G_GAN: 2.380 G_LPIPS: 54.474 D_real: 0.019 D_fake: 0.730 \n"}
,{"stream_name":"stdout","time":2356.01242133,"data":"(epoch: 6, iters: 1260, time: 0.139, data: 0.003) G_GAN: 1.851 G_LPIPS: 51.388 D_real: 0.639 D_fake: 0.050 \n"}
,{"stream_name":"stdout","time":2356.01242357,"data":"(epoch: 6, iters: 1280, time: 0.125, data: 0.003) G_GAN: 2.275 G_LPIPS: 50.734 D_real: 0.189 D_fake: 0.108 \n"}
,{"stream_name":"stdout","time":2356.012425847,"data":"(epoch: 6, iters: 1300, time: 0.123, data: 0.003) G_GAN: 1.719 G_LPIPS: 54.905 D_real: 0.355 D_fake: 0.191 \n"}
,{"stream_name":"stdout","time":2356.012428102,"data":"(epoch: 6, iters: 1320, time: 0.124, data: 0.003) G_GAN: 1.495 G_LPIPS: 51.640 D_real: 0.621 D_fake: 0.093 \n"}
,{"stream_name":"stdout","time":2356.012430352,"data":"(epoch: 6, iters: 1340, time: 0.124, data: 0.003) G_GAN: 2.357 G_LPIPS: 56.021 D_real: 0.055 D_fake: 0.167 \n"}
,{"stream_name":"stdout","time":2356.012432602,"data":"(epoch: 6, iters: 1360, time: 0.130, data: 0.003) G_GAN: 0.814 G_LPIPS: 53.947 D_real: 0.799 D_fake: 0.180 \n"}
,{"stream_name":"stdout","time":2356.012434854,"data":"(epoch: 6, iters: 1380, time: 0.124, data: 0.003) G_GAN: 2.068 G_LPIPS: 49.492 D_real: 0.445 D_fake: 0.082 \n"}
,{"stream_name":"stdout","time":2356.012437101,"data":"(epoch: 6, iters: 1400, time: 0.124, data: 0.003) G_GAN: 1.641 G_LPIPS: 54.100 D_real: 0.136 D_fake: 0.490 \n"}
,{"stream_name":"stdout","time":2356.01243944,"data":"(epoch: 6, iters: 1420, time: 0.124, data: 0.004) G_GAN: 2.704 G_LPIPS: 59.372 D_real: 0.029 D_fake: 0.306 \n"}
,{"stream_name":"stdout","time":2356.012441696,"data":"(epoch: 6, iters: 1440, time: 0.125, data: 0.003) G_GAN: 2.951 G_LPIPS: 54.104 D_real: 0.082 D_fake: 0.199 \n"}
,{"stream_name":"stdout","time":2356.012444066,"data":"(epoch: 6, iters: 1460, time: 0.125, data: 0.003) G_GAN: 1.521 G_LPIPS: 55.305 D_real: 0.156 D_fake: 0.381 \n"}
,{"stream_name":"stdout","time":2356.012446334,"data":"(epoch: 6, iters: 1480, time: 0.126, data: 0.003) G_GAN: 1.793 G_LPIPS: 56.136 D_real: 0.272 D_fake: 0.220 \n"}
,{"stream_name":"stdout","time":2356.012448589,"data":"(epoch: 6, iters: 1500, time: 0.125, data: 0.004) G_GAN: 2.032 G_LPIPS: 55.876 D_real: 0.254 D_fake: 0.171 \n"}
,{"stream_name":"stdout","time":2356.012466581,"data":"(epoch: 6, iters: 1520, time: 0.124, data: 0.003) G_GAN: 1.362 G_LPIPS: 53.106 D_real: 1.189 D_fake: 0.056 \n"}
,{"stream_name":"stdout","time":2483.711148803,"data":"(epoch: 6, iters: 1540, time: 0.125, data: 0.003) G_GAN: 1.940 G_LPIPS: 51.657 D_real: 0.300 D_fake: 0.178 \n"}
,{"stream_name":"stdout","time":2483.711224533,"data":"(epoch: 6, iters: 1560, time: 0.126, data: 0.003) G_GAN: 2.210 G_LPIPS: 57.066 D_real: 0.233 D_fake: 0.130 \n"}
,{"stream_name":"stdout","time":2483.711230837,"data":"(epoch: 6, iters: 1580, time: 0.126, data: 0.003) G_GAN: 3.055 G_LPIPS: 60.323 D_real: 0.024 D_fake: 0.218 \n"}
,{"stream_name":"stdout","time":2483.711234879,"data":"(epoch: 6, iters: 1600, time: 0.125, data: 0.003) G_GAN: 1.641 G_LPIPS: 53.215 D_real: 1.136 D_fake: 0.054 \n"}
,{"stream_name":"stdout","time":2483.711238451,"data":"(epoch: 6, iters: 1620, time: 0.125, data: 0.004) G_GAN: 2.633 G_LPIPS: 56.975 D_real: 0.075 D_fake: 0.238 \n"}
,{"stream_name":"stdout","time":2483.71124219,"data":"(epoch: 6, iters: 1640, time: 0.124, data: 0.003) G_GAN: 2.840 G_LPIPS: 51.437 D_real: 0.139 D_fake: 0.411 \n"}
,{"stream_name":"stdout","time":2483.711245869,"data":"(epoch: 6, iters: 1660, time: 0.125, data: 0.003) G_GAN: 2.273 G_LPIPS: 52.524 D_real: 0.231 D_fake: 0.105 \n"}
,{"stream_name":"stdout","time":2483.711250115,"data":"(epoch: 6, iters: 1680, time: 0.126, data: 0.003) G_GAN: 2.183 G_LPIPS: 56.572 D_real: 0.055 D_fake: 0.521 \n"}
,{"stream_name":"stdout","time":2483.711253803,"data":"(epoch: 6, iters: 1700, time: 0.124, data: 0.003) G_GAN: 1.088 G_LPIPS: 56.020 D_real: 0.846 D_fake: 0.265 \n"}
,{"stream_name":"stdout","time":2483.711257777,"data":"(epoch: 6, iters: 1720, time: 0.127, data: 0.003) G_GAN: 2.749 G_LPIPS: 59.257 D_real: 0.063 D_fake: 0.239 \n"}
,{"stream_name":"stdout","time":2483.711261312,"data":"(epoch: 6, iters: 1740, time: 0.173, data: 0.003) G_GAN: 2.037 G_LPIPS: 53.183 D_real: 0.078 D_fake: 0.448 \n"}
,{"stream_name":"stdout","time":2483.711264952,"data":"(epoch: 6, iters: 1760, time: 0.126, data: 0.003) G_GAN: 2.874 G_LPIPS: 54.797 D_real: 0.270 D_fake: 0.206 \n"}
,{"stream_name":"stdout","time":2483.711268488,"data":"(epoch: 6, iters: 1780, time: 0.126, data: 0.003) G_GAN: 2.321 G_LPIPS: 55.086 D_real: 0.753 D_fake: 0.054 \n"}
,{"stream_name":"stdout","time":2483.711272114,"data":"(epoch: 6, iters: 1800, time: 0.125, data: 0.003) G_GAN: 3.310 G_LPIPS: 60.499 D_real: 0.024 D_fake: 0.076 \n"}
,{"stream_name":"stdout","time":2483.711276373,"data":"(epoch: 6, iters: 1820, time: 0.125, data: 0.004) G_GAN: 1.013 G_LPIPS: 52.597 D_real: 1.470 D_fake: 0.096 \n"}
,{"stream_name":"stdout","time":2483.711280392,"data":"(epoch: 6, iters: 1840, time: 0.126, data: 0.003) G_GAN: 1.940 G_LPIPS: 55.793 D_real: 0.224 D_fake: 0.359 \n"}
,{"stream_name":"stdout","time":2483.711284138,"data":"(epoch: 6, iters: 1860, time: 0.125, data: 0.004) G_GAN: 2.901 G_LPIPS: 55.728 D_real: 0.069 D_fake: 0.311 \n"}
,{"stream_name":"stdout","time":2483.711287771,"data":"(epoch: 6, iters: 1880, time: 0.125, data: 0.003) G_GAN: 0.951 G_LPIPS: 51.023 D_real: 2.252 D_fake: 0.096 \n"}
,{"stream_name":"stdout","time":2483.711291952,"data":"(epoch: 6, iters: 1900, time: 0.125, data: 0.003) G_GAN: 3.276 G_LPIPS: 55.460 D_real: 0.228 D_fake: 0.192 \n"}
,{"stream_name":"stdout","time":2483.711297658,"data":"(epoch: 6, iters: 1920, time: 0.126, data: 0.003) G_GAN: 3.059 G_LPIPS: 57.754 D_real: 0.322 D_fake: 0.043 \n"}
,{"stream_name":"stdout","time":2483.711301284,"data":"(epoch: 6, iters: 1940, time: 0.125, data: 0.003) G_GAN: 1.926 G_LPIPS: 53.871 D_real: 0.067 D_fake: 0.341 \n"}
,{"stream_name":"stdout","time":2483.711304824,"data":"(epoch: 6, iters: 1960, time: 0.126, data: 0.003) G_GAN: 1.535 G_LPIPS: 49.281 D_real: 0.107 D_fake: 0.214 \n"}
,{"stream_name":"stdout","time":2483.711308309,"data":"(epoch: 6, iters: 1980, time: 0.125, data: 0.003) G_GAN: 1.249 G_LPIPS: 53.588 D_real: 0.508 D_fake: 0.123 \n"}
,{"stream_name":"stdout","time":2483.711311796,"data":"(epoch: 6, iters: 2000, time: 0.126, data: 0.003) G_GAN: 3.185 G_LPIPS: 53.714 D_real: 0.191 D_fake: 0.098 \n"}
,{"stream_name":"stdout","time":2483.711321881,"data":"(epoch: 6, iters: 2020, time: 0.127, data: 0.003) G_GAN: 2.686 G_LPIPS: 57.310 D_real: 0.352 D_fake: 0.044 \n"}
,{"stream_name":"stdout","time":2483.711327404,"data":"(epoch: 6, iters: 2040, time: 0.125, data: 0.003) G_GAN: 1.183 G_LPIPS: 55.499 D_real: 0.723 D_fake: 0.112 \n"}
,{"stream_name":"stdout","time":2483.711330986,"data":"(epoch: 6, iters: 2060, time: 0.127, data: 0.003) G_GAN: 2.549 G_LPIPS: 53.961 D_real: 1.223 D_fake: 0.100 \n"}
,{"stream_name":"stdout","time":2483.711335192,"data":"(epoch: 6, iters: 2080, time: 0.126, data: 0.003) G_GAN: 2.243 G_LPIPS: 58.081 D_real: 0.039 D_fake: 0.144 \n"}
,{"stream_name":"stdout","time":2483.711339157,"data":"(epoch: 6, iters: 2100, time: 0.126, data: 0.003) G_GAN: 2.213 G_LPIPS: 57.789 D_real: 0.006 D_fake: 0.643 \n"}
,{"stream_name":"stdout","time":2483.711343333,"data":"(epoch: 6, iters: 2120, time: 0.125, data: 0.003) G_GAN: 2.849 G_LPIPS: 58.751 D_real: 0.134 D_fake: 0.094 \n"}
,{"stream_name":"stdout","time":2483.711347214,"data":"(epoch: 6, iters: 2140, time: 0.126, data: 0.004) G_GAN: 2.302 G_LPIPS: 56.163 D_real: 0.382 D_fake: 0.053 \n"}
,{"stream_name":"stdout","time":2483.711351151,"data":"(epoch: 6, iters: 2160, time: 0.126, data: 0.003) G_GAN: 2.348 G_LPIPS: 58.774 D_real: 0.011 D_fake: 0.500 \n"}
,{"stream_name":"stdout","time":2483.711354756,"data":"(epoch: 6, iters: 2180, time: 0.126, data: 0.003) G_GAN: 1.067 G_LPIPS: 56.355 D_real: 0.775 D_fake: 0.142 \n"}
,{"stream_name":"stdout","time":2483.711359044,"data":"(epoch: 6, iters: 2200, time: 0.125, data: 0.003) G_GAN: 2.761 G_LPIPS: 57.387 D_real: 0.276 D_fake: 0.064 \n"}
,{"stream_name":"stdout","time":2483.711363139,"data":"(epoch: 6, iters: 2220, time: 0.126, data: 0.003) G_GAN: 3.047 G_LPIPS: 57.547 D_real: 0.087 D_fake: 0.076 \n"}
,{"stream_name":"stdout","time":2483.711367185,"data":"(epoch: 6, iters: 2240, time: 0.126, data: 0.003) G_GAN: 2.714 G_LPIPS: 56.624 D_real: 0.014 D_fake: 0.611 \n"}
,{"stream_name":"stdout","time":2483.711371215,"data":"(epoch: 6, iters: 2260, time: 0.126, data: 0.003) G_GAN: 2.255 G_LPIPS: 54.533 D_real: 0.133 D_fake: 0.153 \n"}
,{"stream_name":"stdout","time":2483.711375302,"data":"(epoch: 6, iters: 2280, time: 0.126, data: 0.003) G_GAN: 2.010 G_LPIPS: 49.664 D_real: 0.173 D_fake: 0.440 \n"}
,{"stream_name":"stdout","time":2483.711379936,"data":"(epoch: 6, iters: 2300, time: 0.126, data: 0.003) G_GAN: 2.184 G_LPIPS: 52.529 D_real: 0.082 D_fake: 0.354 \n"}
,{"stream_name":"stdout","time":2483.711383912,"data":"(epoch: 6, iters: 2320, time: 0.132, data: 0.003) G_GAN: 2.904 G_LPIPS: 49.101 D_real: 0.092 D_fake: 0.554 \n"}
,{"stream_name":"stdout","time":2483.711387879,"data":"(epoch: 6, iters: 2340, time: 0.126, data: 0.003) G_GAN: 1.122 G_LPIPS: 51.266 D_real: 1.744 D_fake: 0.116 \n"}
,{"stream_name":"stdout","time":2483.711391472,"data":"(epoch: 6, iters: 2360, time: 0.127, data: 0.004) G_GAN: 1.008 G_LPIPS: 50.006 D_real: 0.853 D_fake: 0.121 \n"}
,{"stream_name":"stdout","time":2483.711394974,"data":"(epoch: 6, iters: 2380, time: 0.127, data: 0.003) G_GAN: 1.100 G_LPIPS: 54.898 D_real: 1.159 D_fake: 0.110 \n"}
,{"stream_name":"stdout","time":2483.711398616,"data":"(epoch: 6, iters: 2400, time: 0.126, data: 0.003) G_GAN: 2.802 G_LPIPS: 57.241 D_real: 0.189 D_fake: 0.126 \n"}
,{"stream_name":"stdout","time":2483.711402151,"data":"(epoch: 6, iters: 2420, time: 0.126, data: 0.003) G_GAN: 1.468 G_LPIPS: 48.586 D_real: 2.011 D_fake: 0.033 \n"}
,{"stream_name":"stdout","time":2483.711405744,"data":"(epoch: 6, iters: 2440, time: 0.128, data: 0.003) G_GAN: 2.001 G_LPIPS: 52.269 D_real: 0.077 D_fake: 0.552 \n"}
,{"stream_name":"stdout","time":2483.711409218,"data":"(epoch: 6, iters: 2460, time: 0.173, data: 0.003) G_GAN: 2.571 G_LPIPS: 54.645 D_real: 0.560 D_fake: 0.315 \n"}
,{"stream_name":"stdout","time":2483.711416376,"data":"(epoch: 6, iters: 2480, time: 0.127, data: 0.003) G_GAN: 1.067 G_LPIPS: 51.493 D_real: 1.391 D_fake: 0.067 \n"}
,{"stream_name":"stdout","time":2483.711419931,"data":"(epoch: 6, iters: 2500, time: 0.125, data: 0.004) G_GAN: 2.149 G_LPIPS: 56.117 D_real: 0.589 D_fake: 0.043 \n"}
,{"stream_name":"stdout","time":2483.711423451,"data":"(epoch: 6, iters: 2520, time: 0.126, data: 0.003) G_GAN: 2.728 G_LPIPS: 50.651 D_real: 0.102 D_fake: 0.114 \n"}
,{"stream_name":"stdout","time":2483.711427809,"data":"(epoch: 6, iters: 2540, time: 0.125, data: 0.003) G_GAN: 3.046 G_LPIPS: 52.454 D_real: 0.259 D_fake: 0.056 \n"}
,{"stream_name":"stdout","time":2483.711433011,"data":"(epoch: 6, iters: 2560, time: 0.126, data: 0.003) G_GAN: 0.982 G_LPIPS: 54.460 D_real: 0.552 D_fake: 0.152 \n"}
,{"stream_name":"stdout","time":2483.711439754,"data":"(epoch: 6, iters: 2580, time: 0.128, data: 0.003) G_GAN: 1.039 G_LPIPS: 51.172 D_real: 0.167 D_fake: 0.418 \n"}
,{"stream_name":"stdout","time":2483.711442163,"data":"(epoch: 6, iters: 2600, time: 0.125, data: 0.003) G_GAN: 2.816 G_LPIPS: 58.109 D_real: 0.508 D_fake: 0.045 \n"}
,{"stream_name":"stdout","time":2483.711444446,"data":"(epoch: 6, iters: 2620, time: 0.175, data: 0.003) G_GAN: 1.719 G_LPIPS: 54.300 D_real: 0.047 D_fake: 0.504 \n"}
,{"stream_name":"stdout","time":2483.711446722,"data":"(epoch: 6, iters: 2640, time: 0.126, data: 0.003) G_GAN: 3.346 G_LPIPS: 56.579 D_real: 0.022 D_fake: 0.171 \n"}
,{"stream_name":"stdout","time":2483.711449816,"data":"(epoch: 6, iters: 2660, time: 0.126, data: 0.003) G_GAN: 1.922 G_LPIPS: 53.648 D_real: 0.249 D_fake: 0.144 \n"}
,{"stream_name":"stdout","time":2483.711465922,"data":"(epoch: 6, iters: 2680, time: 0.128, data: 0.004) G_GAN: 2.182 G_LPIPS: 53.895 D_real: 0.288 D_fake: 0.222 \n"}
,{"stream_name":"stdout","time":2483.711470007,"data":"(epoch: 6, iters: 2700, time: 0.127, data: 0.003) G_GAN: 1.404 G_LPIPS: 53.864 D_real: 0.242 D_fake: 0.522 \n"}
,{"stream_name":"stdout","time":2483.711473133,"data":"(epoch: 6, iters: 2720, time: 0.127, data: 0.003) G_GAN: 2.658 G_LPIPS: 56.812 D_real: 0.384 D_fake: 0.075 \n"}
,{"stream_name":"stdout","time":2483.711476477,"data":"(epoch: 6, iters: 2740, time: 0.125, data: 0.003) G_GAN: 1.602 G_LPIPS: 56.006 D_real: 0.931 D_fake: 0.068 \n"}
,{"stream_name":"stdout","time":2483.711480359,"data":"(epoch: 6, iters: 2760, time: 0.126, data: 0.003) G_GAN: 1.740 G_LPIPS: 57.504 D_real: 0.329 D_fake: 0.119 \n"}
,{"stream_name":"stdout","time":2483.711484532,"data":"(epoch: 6, iters: 2780, time: 0.125, data: 0.003) G_GAN: 2.923 G_LPIPS: 53.713 D_real: 0.288 D_fake: 0.078 \n"}
,{"stream_name":"stdout","time":2483.711488584,"data":"(epoch: 6, iters: 2800, time: 0.125, data: 0.003) G_GAN: 2.244 G_LPIPS: 54.784 D_real: 0.137 D_fake: 0.105 \n"}
,{"stream_name":"stdout","time":2483.711492699,"data":"(epoch: 6, iters: 2820, time: 0.125, data: 0.004) G_GAN: 3.063 G_LPIPS: 57.486 D_real: 0.013 D_fake: 0.550 \n"}
,{"stream_name":"stdout","time":2483.711496224,"data":"(epoch: 6, iters: 2840, time: 0.127, data: 0.003) G_GAN: 1.802 G_LPIPS: 55.549 D_real: 0.453 D_fake: 0.103 \n"}
,{"stream_name":"stdout","time":2483.711499709,"data":"(epoch: 6, iters: 2860, time: 0.127, data: 0.003) G_GAN: 1.802 G_LPIPS: 59.546 D_real: 0.097 D_fake: 0.245 \n"}
,{"stream_name":"stdout","time":2483.711503294,"data":"(epoch: 6, iters: 2880, time: 0.173, data: 0.003) G_GAN: 3.209 G_LPIPS: 57.754 D_real: 0.070 D_fake: 0.333 \n"}
,{"stream_name":"stdout","time":2483.711506756,"data":"(epoch: 6, iters: 2900, time: 0.127, data: 0.003) G_GAN: 2.841 G_LPIPS: 56.465 D_real: 0.064 D_fake: 0.105 \n"}
,{"stream_name":"stdout","time":2483.711510271,"data":"(epoch: 6, iters: 2920, time: 0.126, data: 0.003) G_GAN: 0.597 G_LPIPS: 52.856 D_real: 1.217 D_fake: 0.322 \n"}
,{"stream_name":"stdout","time":2483.711517586,"data":"(epoch: 6, iters: 2940, time: 0.126, data: 0.003) G_GAN: 1.829 G_LPIPS: 50.384 D_real: 2.255 D_fake: 0.097 \n"}
,{"stream_name":"stdout","time":2483.711521138,"data":"(epoch: 6, iters: 2960, time: 0.126, data: 0.003) G_GAN: 1.615 G_LPIPS: 52.053 D_real: 1.168 D_fake: 0.252 \n"}
,{"stream_name":"stdout","time":2483.711524631,"data":"(epoch: 6, iters: 2980, time: 0.126, data: 0.003) G_GAN: 1.591 G_LPIPS: 55.091 D_real: 0.217 D_fake: 1.498 \n"}
,{"stream_name":"stdout","time":2483.711528171,"data":"(epoch: 6, iters: 3000, time: 0.126, data: 0.003) G_GAN: 1.779 G_LPIPS: 56.192 D_real: 0.028 D_fake: 0.253 \n"}
,{"stream_name":"stdout","time":2483.711531721,"data":"(epoch: 6, iters: 3020, time: 0.126, data: 0.003) G_GAN: 1.307 G_LPIPS: 54.222 D_real: 0.269 D_fake: 0.567 \n"}
,{"stream_name":"stdout","time":2483.711535296,"data":"(epoch: 6, iters: 3040, time: 0.127, data: 0.003) G_GAN: 3.297 G_LPIPS: 58.340 D_real: 0.013 D_fake: 0.624 \n"}
,{"stream_name":"stdout","time":2614.850486101,"data":"(epoch: 6, iters: 3060, time: 0.128, data: 0.003) G_GAN: 1.728 G_LPIPS: 53.147 D_real: 1.053 D_fake: 0.041 \n"}
,{"stream_name":"stdout","time":2614.850540641,"data":"(epoch: 6, iters: 3080, time: 0.127, data: 0.004) G_GAN: 2.788 G_LPIPS: 55.941 D_real: 0.133 D_fake: 0.089 \n"}
,{"stream_name":"stdout","time":2614.850545473,"data":"(epoch: 6, iters: 3100, time: 0.127, data: 0.003) G_GAN: 2.599 G_LPIPS: 59.857 D_real: 0.008 D_fake: 0.180 \n"}
,{"stream_name":"stdout","time":2614.850548873,"data":"(epoch: 6, iters: 3120, time: 0.127, data: 0.003) G_GAN: 2.927 G_LPIPS: 52.713 D_real: 0.175 D_fake: 0.140 \n"}
,{"stream_name":"stdout","time":2614.850551906,"data":"(epoch: 6, iters: 3140, time: 0.127, data: 0.003) G_GAN: 2.043 G_LPIPS: 54.053 D_real: 0.312 D_fake: 0.108 \n"}
,{"stream_name":"stdout","time":2614.850554977,"data":"(epoch: 6, iters: 3160, time: 0.127, data: 0.003) G_GAN: 2.926 G_LPIPS: 57.679 D_real: 0.019 D_fake: 0.728 \n"}
,{"stream_name":"stdout","time":2614.850558201,"data":"(epoch: 6, iters: 3180, time: 0.127, data: 0.003) G_GAN: 2.187 G_LPIPS: 55.139 D_real: 0.396 D_fake: 0.185 \n"}
,{"stream_name":"stdout","time":2614.850604457,"data":"(epoch: 6, iters: 3200, time: 0.127, data: 0.003) G_GAN: 2.791 G_LPIPS: 61.284 D_real: 0.002 D_fake: 0.461 \n"}
,{"stream_name":"stdout","time":2614.850609895,"data":"(epoch: 6, iters: 3220, time: 0.128, data: 0.003) G_GAN: 2.573 G_LPIPS: 57.699 D_real: 0.023 D_fake: 1.345 \n"}
,{"stream_name":"stdout","time":2614.850614379,"data":"(epoch: 6, iters: 3240, time: 0.128, data: 0.003) G_GAN: 3.402 G_LPIPS: 55.062 D_real: 0.055 D_fake: 2.022 \n"}
,{"stream_name":"stdout","time":2614.850618966,"data":"(epoch: 6, iters: 3260, time: 0.143, data: 0.003) G_GAN: 2.726 G_LPIPS: 59.188 D_real: 0.019 D_fake: 0.236 \n"}
,{"stream_name":"stdout","time":2614.850623457,"data":"saving the latest model (epoch 6, total_iters 20000)\n"}
,{"stream_name":"stdout","time":2614.850627833,"data":"(epoch: 6, iters: 3280, time: 0.127, data: 0.003) G_GAN: 1.190 G_LPIPS: 52.874 D_real: 0.352 D_fake: 0.153 \n"}
,{"stream_name":"stdout","time":2614.850632346,"data":"(epoch: 6, iters: 3300, time: 0.129, data: 0.003) G_GAN: 1.849 G_LPIPS: 52.462 D_real: 0.260 D_fake: 0.388 \n"}
,{"stream_name":"stdout","time":2614.850636978,"data":"(epoch: 6, iters: 3320, time: 0.127, data: 0.003) G_GAN: 2.316 G_LPIPS: 54.481 D_real: 0.137 D_fake: 0.212 \n"}
,{"stream_name":"stdout","time":2614.850641529,"data":"(epoch: 6, iters: 3340, time: 0.127, data: 0.003) G_GAN: 1.273 G_LPIPS: 56.341 D_real: 0.691 D_fake: 0.178 \n"}
,{"stream_name":"stdout","time":2614.850646057,"data":"(epoch: 6, iters: 3360, time: 0.127, data: 0.003) G_GAN: 3.002 G_LPIPS: 61.912 D_real: 0.005 D_fake: 0.092 \n"}
,{"stream_name":"stdout","time":2614.850681656,"data":"(epoch: 6, iters: 3380, time: 0.126, data: 0.003) G_GAN: 2.346 G_LPIPS: 54.614 D_real: 0.454 D_fake: 0.078 \n"}
,{"stream_name":"stdout","time":2614.850686356,"data":"(epoch: 6, iters: 3400, time: 0.128, data: 0.003) G_GAN: 1.950 G_LPIPS: 55.790 D_real: 0.334 D_fake: 0.075 \n"}
,{"stream_name":"stdout","time":2614.85069056,"data":"(epoch: 6, iters: 3420, time: 0.127, data: 0.003) G_GAN: 2.017 G_LPIPS: 53.187 D_real: 0.099 D_fake: 0.244 \n"}
,{"stream_name":"stdout","time":2614.850696475,"data":"(epoch: 6, iters: 3440, time: 0.128, data: 0.003) G_GAN: 2.437 G_LPIPS: 57.421 D_real: 0.099 D_fake: 0.128 \n"}
,{"stream_name":"stdout","time":2614.850700445,"data":"(epoch: 6, iters: 3460, time: 0.127, data: 0.003) G_GAN: 2.933 G_LPIPS: 54.575 D_real: 0.206 D_fake: 0.093 \n"}
,{"stream_name":"stdout","time":2614.850704555,"data":"(epoch: 6, iters: 3480, time: 0.127, data: 0.003) G_GAN: 2.575 G_LPIPS: 55.996 D_real: 0.137 D_fake: 0.228 \n"}
,{"stream_name":"stdout","time":2614.850707488,"data":"(epoch: 6, iters: 3500, time: 0.127, data: 0.003) G_GAN: 1.820 G_LPIPS: 52.903 D_real: 0.138 D_fake: 0.298 \n"}
,{"stream_name":"stdout","time":2614.850710706,"data":"(epoch: 6, iters: 3520, time: 0.128, data: 0.003) G_GAN: 2.355 G_LPIPS: 52.772 D_real: 0.188 D_fake: 0.781 \n"}
,{"stream_name":"stdout","time":2614.85071383,"data":"(epoch: 6, iters: 3540, time: 0.128, data: 0.003) G_GAN: 1.628 G_LPIPS: 51.627 D_real: 0.195 D_fake: 0.404 \n"}
,{"stream_name":"stdout","time":2614.850716938,"data":"(epoch: 6, iters: 3560, time: 0.127, data: 0.003) G_GAN: 2.554 G_LPIPS: 50.943 D_real: 0.086 D_fake: 0.430 \n"}
,{"stream_name":"stdout","time":2614.850720175,"data":"(epoch: 6, iters: 3580, time: 0.128, data: 0.003) G_GAN: 2.416 G_LPIPS: 55.575 D_real: 0.126 D_fake: 0.263 \n"}
,{"stream_name":"stdout","time":2614.850723286,"data":"(epoch: 6, iters: 3600, time: 0.128, data: 0.003) G_GAN: 1.159 G_LPIPS: 48.847 D_real: 0.752 D_fake: 0.066 \n"}
,{"stream_name":"stdout","time":2614.850726458,"data":"(epoch: 6, iters: 3620, time: 0.127, data: 0.004) G_GAN: 1.607 G_LPIPS: 60.563 D_real: 0.330 D_fake: 0.317 \n"}
,{"stream_name":"stdout","time":2614.850729869,"data":"(epoch: 6, iters: 3640, time: 0.128, data: 0.003) G_GAN: 1.798 G_LPIPS: 50.923 D_real: 0.337 D_fake: 0.307 \n"}
,{"stream_name":"stdout","time":2614.85073339,"data":"(epoch: 6, iters: 3660, time: 0.126, data: 0.003) G_GAN: 2.008 G_LPIPS: 53.556 D_real: 0.230 D_fake: 0.170 \n"}
,{"stream_name":"stdout","time":2614.85073666,"data":"(epoch: 6, iters: 3680, time: 0.127, data: 0.003) G_GAN: 2.681 G_LPIPS: 51.761 D_real: 0.202 D_fake: 0.237 \n"}
,{"stream_name":"stdout","time":2614.850740122,"data":"(epoch: 6, iters: 3700, time: 0.128, data: 0.003) G_GAN: 2.518 G_LPIPS: 57.025 D_real: 0.024 D_fake: 0.472 \n"}
,{"stream_name":"stdout","time":2614.850743474,"data":"(epoch: 6, iters: 3720, time: 0.127, data: 0.003) G_GAN: 1.972 G_LPIPS: 55.622 D_real: 0.064 D_fake: 0.323 \n"}
,{"stream_name":"stdout","time":2614.850747296,"data":"(epoch: 6, iters: 3740, time: 0.128, data: 0.003) G_GAN: 1.044 G_LPIPS: 55.243 D_real: 0.307 D_fake: 0.115 \n"}
,{"stream_name":"stdout","time":2614.850750665,"data":"(epoch: 6, iters: 3760, time: 0.127, data: 0.003) G_GAN: 2.087 G_LPIPS: 55.610 D_real: 0.096 D_fake: 0.272 \n"}
,{"stream_name":"stdout","time":2614.850754233,"data":"(epoch: 6, iters: 3780, time: 0.127, data: 0.003) G_GAN: 1.020 G_LPIPS: 55.529 D_real: 0.444 D_fake: 0.202 \n"}
,{"stream_name":"stdout","time":2614.850757858,"data":"(epoch: 6, iters: 3800, time: 0.127, data: 0.003) G_GAN: 1.515 G_LPIPS: 52.710 D_real: 0.984 D_fake: 0.046 \n"}
,{"stream_name":"stdout","time":2614.850761399,"data":"(epoch: 6, iters: 3820, time: 0.127, data: 0.003) G_GAN: 1.781 G_LPIPS: 57.942 D_real: 0.571 D_fake: 0.099 \n"}
,{"stream_name":"stdout","time":2614.85077067,"data":"(epoch: 6, iters: 3840, time: 0.130, data: 0.003) G_GAN: 2.607 G_LPIPS: 58.134 D_real: 0.022 D_fake: 0.198 \n"}
,{"stream_name":"stdout","time":2614.850774415,"data":"(epoch: 6, iters: 3860, time: 0.128, data: 0.003) G_GAN: 1.883 G_LPIPS: 50.825 D_real: 0.257 D_fake: 0.126 \n"}
,{"stream_name":"stdout","time":2614.850778123,"data":"(epoch: 6, iters: 3880, time: 0.127, data: 0.003) G_GAN: 1.390 G_LPIPS: 49.554 D_real: 0.462 D_fake: 0.238 \n"}
,{"stream_name":"stdout","time":2614.850781931,"data":"(epoch: 6, iters: 3900, time: 0.175, data: 0.003) G_GAN: 1.282 G_LPIPS: 53.160 D_real: 0.377 D_fake: 0.251 \n"}
,{"stream_name":"stdout","time":2614.850785051,"data":"(epoch: 6, iters: 3920, time: 0.128, data: 0.003) G_GAN: 0.756 G_LPIPS: 54.097 D_real: 0.685 D_fake: 0.161 \n"}
,{"stream_name":"stdout","time":2614.850788459,"data":"(epoch: 6, iters: 3940, time: 0.127, data: 0.003) G_GAN: 1.219 G_LPIPS: 54.310 D_real: 0.478 D_fake: 0.246 \n"}
,{"stream_name":"stdout","time":2614.850791614,"data":"(epoch: 6, iters: 3960, time: 0.127, data: 0.003) G_GAN: 1.363 G_LPIPS: 51.492 D_real: 0.903 D_fake: 0.064 \n"}
,{"stream_name":"stdout","time":2614.850795056,"data":"(epoch: 6, iters: 3980, time: 0.127, data: 0.003) G_GAN: 1.530 G_LPIPS: 54.274 D_real: 0.295 D_fake: 0.185 \n"}
,{"stream_name":"stdout","time":2614.850798154,"data":"(epoch: 6, iters: 4000, time: 0.127, data: 0.003) G_GAN: 2.324 G_LPIPS: 55.445 D_real: 0.164 D_fake: 0.144 \n"}
,{"stream_name":"stdout","time":2614.850801776,"data":"(epoch: 6, iters: 4020, time: 0.128, data: 0.003) G_GAN: 1.773 G_LPIPS: 52.874 D_real: 1.512 D_fake: 0.027 \n"}
,{"stream_name":"stdout","time":2614.850805394,"data":"(epoch: 6, iters: 4040, time: 0.127, data: 0.003) G_GAN: 1.395 G_LPIPS: 53.744 D_real: 1.516 D_fake: 0.033 \n"}
,{"stream_name":"stdout","time":2614.85080928,"data":"(epoch: 6, iters: 4060, time: 0.127, data: 0.003) G_GAN: 2.034 G_LPIPS: 53.908 D_real: 0.304 D_fake: 0.181 \n"}
,{"stream_name":"stdout","time":2614.850812908,"data":"(epoch: 6, iters: 4080, time: 0.128, data: 0.003) G_GAN: 2.544 G_LPIPS: 60.372 D_real: 0.011 D_fake: 0.234 \n"}
,{"stream_name":"stdout","time":2614.850816892,"data":"(epoch: 6, iters: 4100, time: 0.128, data: 0.003) G_GAN: 2.217 G_LPIPS: 58.317 D_real: 0.045 D_fake: 0.520 \n"}
,{"stream_name":"stdout","time":2614.850820662,"data":"(epoch: 6, iters: 4120, time: 0.126, data: 0.003) G_GAN: 1.118 G_LPIPS: 59.452 D_real: 0.546 D_fake: 0.291 \n"}
,{"stream_name":"stdout","time":2614.8508239,"data":"(epoch: 6, iters: 4140, time: 0.127, data: 0.003) G_GAN: 1.913 G_LPIPS: 56.086 D_real: 0.077 D_fake: 0.281 \n"}
,{"stream_name":"stdout","time":2614.850827551,"data":"(epoch: 6, iters: 4160, time: 0.128, data: 0.003) G_GAN: 0.873 G_LPIPS: 57.017 D_real: 1.656 D_fake: 0.124 \n"}
,{"stream_name":"stdout","time":2614.850831558,"data":"(epoch: 6, iters: 4180, time: 0.127, data: 0.003) G_GAN: 1.119 G_LPIPS: 52.119 D_real: 0.520 D_fake: 0.162 \n"}
,{"stream_name":"stdout","time":2614.850836091,"data":"(epoch: 6, iters: 4200, time: 0.127, data: 0.003) G_GAN: 2.138 G_LPIPS: 51.010 D_real: 0.258 D_fake: 0.169 \n"}
,{"stream_name":"stdout","time":2614.850839675,"data":"(epoch: 6, iters: 4220, time: 0.127, data: 0.003) G_GAN: 1.077 G_LPIPS: 52.135 D_real: 0.359 D_fake: 0.177 \n"}
,{"stream_name":"stdout","time":2614.850843171,"data":"(epoch: 6, iters: 4240, time: 0.127, data: 0.003) G_GAN: 1.700 G_LPIPS: 53.448 D_real: 0.178 D_fake: 0.333 \n"}
,{"stream_name":"stdout","time":2614.850846645,"data":"(epoch: 6, iters: 4260, time: 0.128, data: 0.003) G_GAN: 3.196 G_LPIPS: 57.528 D_real: 0.159 D_fake: 0.062 \n"}
,{"stream_name":"stdout","time":2614.850850187,"data":"(epoch: 6, iters: 4280, time: 0.127, data: 0.003) G_GAN: 2.042 G_LPIPS: 57.951 D_real: 0.172 D_fake: 0.178 \n"}
,{"stream_name":"stdout","time":2614.850857298,"data":"(epoch: 6, iters: 4300, time: 0.127, data: 0.003) G_GAN: 2.853 G_LPIPS: 59.811 D_real: 0.081 D_fake: 0.068 \n"}
,{"stream_name":"stdout","time":2614.850860928,"data":"(epoch: 6, iters: 4320, time: 0.128, data: 0.003) G_GAN: 3.410 G_LPIPS: 58.379 D_real: 0.095 D_fake: 0.090 \n"}
,{"stream_name":"stdout","time":2614.850864486,"data":"(epoch: 6, iters: 4340, time: 0.128, data: 0.003) G_GAN: 2.538 G_LPIPS: 53.122 D_real: 0.212 D_fake: 0.252 \n"}
,{"stream_name":"stdout","time":2614.850867918,"data":"(epoch: 6, iters: 4360, time: 0.127, data: 0.003) G_GAN: 2.784 G_LPIPS: 56.273 D_real: 0.073 D_fake: 0.323 \n"}
,{"stream_name":"stdout","time":2614.85087208,"data":"(epoch: 6, iters: 4380, time: 0.128, data: 0.003) G_GAN: 3.787 G_LPIPS: 62.498 D_real: 0.000 D_fake: 1.180 \n"}
,{"stream_name":"stdout","time":2614.850876064,"data":"(epoch: 6, iters: 4400, time: 0.128, data: 0.003) G_GAN: 3.021 G_LPIPS: 55.965 D_real: 0.040 D_fake: 0.828 \n"}
,{"stream_name":"stdout","time":2614.850880102,"data":"(epoch: 6, iters: 4420, time: 0.127, data: 0.003) G_GAN: 1.656 G_LPIPS: 51.171 D_real: 0.306 D_fake: 0.507 \n"}
,{"stream_name":"stdout","time":2614.850883724,"data":"(epoch: 6, iters: 4440, time: 0.128, data: 0.003) G_GAN: 2.593 G_LPIPS: 56.772 D_real: 0.230 D_fake: 0.072 \n"}
,{"stream_name":"stdout","time":2614.850887161,"data":"(epoch: 6, iters: 4460, time: 0.128, data: 0.003) G_GAN: 2.429 G_LPIPS: 58.379 D_real: 0.110 D_fake: 0.391 \n"}
,{"stream_name":"stdout","time":2614.85089059,"data":"(epoch: 6, iters: 4480, time: 0.127, data: 0.003) G_GAN: 2.194 G_LPIPS: 55.012 D_real: 0.289 D_fake: 0.094 \n"}
,{"stream_name":"stdout","time":2614.850894075,"data":"(epoch: 6, iters: 4500, time: 0.127, data: 0.003) G_GAN: 1.542 G_LPIPS: 58.266 D_real: 0.594 D_fake: 0.067 \n"}
,{"stream_name":"stdout","time":2614.850897572,"data":"(epoch: 6, iters: 4520, time: 0.174, data: 0.003) G_GAN: 2.470 G_LPIPS: 56.059 D_real: 0.311 D_fake: 0.970 \n"}
,{"stream_name":"stdout","time":2614.850901111,"data":"(epoch: 6, iters: 4540, time: 0.127, data: 0.003) G_GAN: 2.846 G_LPIPS: 56.320 D_real: 0.018 D_fake: 0.620 \n"}
,{"stream_name":"stdout","time":2614.85090461,"data":"(epoch: 6, iters: 4560, time: 0.128, data: 0.003) G_GAN: 2.373 G_LPIPS: 58.230 D_real: 0.486 D_fake: 0.040 \n"}
,{"stream_name":"stdout","time":2703.455656492,"data":"(epoch: 6, iters: 4580, time: 0.128, data: 0.003) G_GAN: 0.965 G_LPIPS: 53.062 D_real: 0.446 D_fake: 0.249 \n"}
,{"stream_name":"stdout","time":2703.455701626,"data":"(epoch: 6, iters: 4600, time: 0.128, data: 0.003) G_GAN: 2.495 G_LPIPS: 52.790 D_real: 0.063 D_fake: 0.443 \n"}
,{"stream_name":"stdout","time":2703.455706547,"data":"(epoch: 6, iters: 4620, time: 0.127, data: 0.003) G_GAN: 2.838 G_LPIPS: 55.470 D_real: 0.026 D_fake: 0.310 \n"}
,{"stream_name":"stdout","time":2703.455710816,"data":"(epoch: 6, iters: 4640, time: 0.129, data: 0.003) G_GAN: 2.957 G_LPIPS: 55.854 D_real: 0.089 D_fake: 0.383 \n"}
,{"stream_name":"stdout","time":2703.455734995,"data":"(epoch: 6, iters: 4660, time: 0.129, data: 0.003) G_GAN: 1.622 G_LPIPS: 52.817 D_real: 0.874 D_fake: 0.055 \n"}
,{"stream_name":"stdout","time":2703.455751022,"data":"(epoch: 6, iters: 4680, time: 0.129, data: 0.003) G_GAN: 1.323 G_LPIPS: 52.111 D_real: 0.481 D_fake: 0.158 \n"}
,{"stream_name":"stdout","time":2703.455756642,"data":"(epoch: 6, iters: 4700, time: 0.128, data: 0.003) G_GAN: 1.134 G_LPIPS: 56.727 D_real: 0.580 D_fake: 0.261 \n"}
,{"stream_name":"stdout","time":2703.455761662,"data":"(epoch: 6, iters: 4720, time: 0.130, data: 0.003) G_GAN: 1.586 G_LPIPS: 51.463 D_real: 0.941 D_fake: 0.068 \n"}
,{"stream_name":"stdout","time":2703.455766661,"data":"(epoch: 6, iters: 4740, time: 0.129, data: 0.003) G_GAN: 1.325 G_LPIPS: 53.292 D_real: 0.198 D_fake: 0.222 \n"}
,{"stream_name":"stdout","time":2703.455801577,"data":"(epoch: 6, iters: 4760, time: 0.177, data: 0.003) G_GAN: 2.502 G_LPIPS: 54.361 D_real: 0.113 D_fake: 0.144 \n"}
,{"stream_name":"stdout","time":2703.455809192,"data":"(epoch: 6, iters: 4780, time: 0.128, data: 0.003) G_GAN: 1.976 G_LPIPS: 57.631 D_real: 0.057 D_fake: 0.393 \n"}
,{"stream_name":"stdout","time":2703.455812015,"data":"(epoch: 6, iters: 4800, time: 0.128, data: 0.003) G_GAN: 2.561 G_LPIPS: 57.271 D_real: 0.022 D_fake: 1.000 \n"}
,{"stream_name":"stdout","time":2703.455814688,"data":"(epoch: 6, iters: 4820, time: 0.128, data: 0.003) G_GAN: 1.486 G_LPIPS: 49.879 D_real: 2.214 D_fake: 0.054 \n"}
,{"stream_name":"stdout","time":2703.455818541,"data":"(epoch: 6, iters: 4840, time: 0.128, data: 0.003) G_GAN: 1.118 G_LPIPS: 56.065 D_real: 0.580 D_fake: 0.191 \n"}
,{"stream_name":"stdout","time":2703.455846491,"data":"(epoch: 6, iters: 4860, time: 0.127, data: 0.003) G_GAN: 1.124 G_LPIPS: 55.884 D_real: 0.309 D_fake: 0.295 \n"}
,{"stream_name":"stdout","time":2703.4558514,"data":"(epoch: 6, iters: 4880, time: 0.128, data: 0.003) G_GAN: 2.822 G_LPIPS: 52.134 D_real: 0.411 D_fake: 0.094 \n"}
,{"stream_name":"stdout","time":2703.455856226,"data":"(epoch: 6, iters: 4900, time: 0.129, data: 0.004) G_GAN: 0.856 G_LPIPS: 48.879 D_real: 1.699 D_fake: 0.082 \n"}
,{"stream_name":"stdout","time":2703.455861365,"data":"(epoch: 6, iters: 4920, time: 0.129, data: 0.003) G_GAN: 1.859 G_LPIPS: 51.808 D_real: 0.244 D_fake: 0.102 \n"}
,{"stream_name":"stdout","time":2703.455866075,"data":"(epoch: 6, iters: 4940, time: 0.129, data: 0.003) G_GAN: 2.433 G_LPIPS: 53.804 D_real: 0.078 D_fake: 0.275 \n"}
,{"stream_name":"stdout","time":2703.455871735,"data":"(epoch: 6, iters: 4960, time: 0.130, data: 0.003) G_GAN: 2.865 G_LPIPS: 54.077 D_real: 0.252 D_fake: 0.085 \n"}
,{"stream_name":"stdout","time":2703.455875934,"data":"(epoch: 6, iters: 4980, time: 0.129, data: 0.003) G_GAN: 2.614 G_LPIPS: 57.930 D_real: 0.097 D_fake: 0.195 \n"}
,{"stream_name":"stdout","time":2703.455880183,"data":"(epoch: 6, iters: 5000, time: 0.184, data: 0.003) G_GAN: 3.982 G_LPIPS: 55.522 D_real: 0.298 D_fake: 0.026 \n"}
,{"stream_name":"stdout","time":2703.45588432,"data":"(epoch: 6, iters: 5020, time: 0.130, data: 0.003) G_GAN: 1.901 G_LPIPS: 49.359 D_real: 2.101 D_fake: 0.037 \n"}
,{"stream_name":"stdout","time":2703.455888466,"data":"(epoch: 6, iters: 5040, time: 0.129, data: 0.003) G_GAN: 2.446 G_LPIPS: 54.023 D_real: 0.046 D_fake: 0.259 \n"}
,{"stream_name":"stdout","time":2703.455892591,"data":"(epoch: 6, iters: 5060, time: 0.130, data: 0.003) G_GAN: 2.127 G_LPIPS: 57.462 D_real: 0.197 D_fake: 0.160 \n"}
,{"stream_name":"stdout","time":2703.455896751,"data":"(epoch: 6, iters: 5080, time: 0.129, data: 0.003) G_GAN: 1.006 G_LPIPS: 51.862 D_real: 0.524 D_fake: 0.190 \n"}
,{"stream_name":"stdout","time":2703.455900927,"data":"(epoch: 6, iters: 5100, time: 0.129, data: 0.003) G_GAN: 1.759 G_LPIPS: 59.766 D_real: 0.645 D_fake: 0.168 \n"}
,{"stream_name":"stdout","time":2703.45590507,"data":"(epoch: 6, iters: 5120, time: 0.129, data: 0.003) G_GAN: 2.042 G_LPIPS: 53.236 D_real: 0.198 D_fake: 0.315 \n"}
,{"stream_name":"stdout","time":2703.455909223,"data":"(epoch: 6, iters: 5140, time: 0.131, data: 0.003) G_GAN: 1.700 G_LPIPS: 56.386 D_real: 0.088 D_fake: 0.319 \n"}
,{"stream_name":"stdout","time":2703.455913263,"data":"(epoch: 6, iters: 5160, time: 0.128, data: 0.003) G_GAN: 1.506 G_LPIPS: 55.497 D_real: 0.486 D_fake: 0.133 \n"}
,{"stream_name":"stdout","time":2703.455917489,"data":"(epoch: 6, iters: 5180, time: 0.130, data: 0.003) G_GAN: 2.537 G_LPIPS: 58.497 D_real: 0.071 D_fake: 0.293 \n"}
,{"stream_name":"stdout","time":2703.455922159,"data":"(epoch: 6, iters: 5200, time: 0.129, data: 0.003) G_GAN: 2.721 G_LPIPS: 57.016 D_real: 0.029 D_fake: 0.474 \n"}
,{"stream_name":"stdout","time":2703.455950459,"data":"(epoch: 6, iters: 5220, time: 0.129, data: 0.003) G_GAN: 2.968 G_LPIPS: 55.827 D_real: 0.081 D_fake: 0.171 \n"}
,{"stream_name":"stdout","time":2703.45595611,"data":"(epoch: 6, iters: 5240, time: 0.178, data: 0.003) G_GAN: 2.074 G_LPIPS: 53.189 D_real: 0.065 D_fake: 0.348 \n"}
,{"stream_name":"stdout","time":2703.455960711,"data":"(epoch: 6, iters: 5260, time: 0.145, data: 0.003) G_GAN: 2.479 G_LPIPS: 56.980 D_real: 0.039 D_fake: 1.016 \n"}
,{"stream_name":"stdout","time":2703.455965993,"data":"(epoch: 6, iters: 5280, time: 0.130, data: 0.003) G_GAN: 1.482 G_LPIPS: 49.514 D_real: 0.430 D_fake: 0.081 \n"}
,{"stream_name":"stdout","time":2703.455970269,"data":"(epoch: 6, iters: 5300, time: 0.130, data: 0.003) G_GAN: 0.925 G_LPIPS: 55.283 D_real: 0.939 D_fake: 0.123 \n"}
,{"stream_name":"stdout","time":2703.455974395,"data":"(epoch: 6, iters: 5320, time: 0.130, data: 0.003) G_GAN: 2.617 G_LPIPS: 55.136 D_real: 0.087 D_fake: 0.556 \n"}
,{"stream_name":"stdout","time":2703.455979095,"data":"(epoch: 6, iters: 5340, time: 0.129, data: 0.003) G_GAN: 2.243 G_LPIPS: 52.130 D_real: 0.492 D_fake: 0.071 \n"}
,{"stream_name":"stdout","time":2703.45598324,"data":"(epoch: 6, iters: 5360, time: 0.130, data: 0.003) G_GAN: 1.910 G_LPIPS: 54.723 D_real: 0.281 D_fake: 0.275 \n"}
,{"stream_name":"stdout","time":2703.455987448,"data":"(epoch: 6, iters: 5380, time: 0.130, data: 0.004) G_GAN: 1.171 G_LPIPS: 56.047 D_real: 0.678 D_fake: 0.257 \n"}
,{"stream_name":"stdout","time":2703.455991647,"data":"(epoch: 6, iters: 5400, time: 0.130, data: 0.003) G_GAN: 2.352 G_LPIPS: 54.831 D_real: 0.333 D_fake: 0.126 \n"}
,{"stream_name":"stdout","time":2703.455995819,"data":"(epoch: 6, iters: 5420, time: 0.129, data: 0.003) G_GAN: 2.475 G_LPIPS: 49.556 D_real: 0.100 D_fake: 0.626 \n"}
,{"stream_name":"stdout","time":2703.455999957,"data":"(epoch: 6, iters: 5440, time: 0.131, data: 0.003) G_GAN: 1.234 G_LPIPS: 57.211 D_real: 2.679 D_fake: 0.014 \n"}
,{"stream_name":"stdout","time":2703.4560041,"data":"(epoch: 6, iters: 5460, time: 0.178, data: 0.004) G_GAN: 2.344 G_LPIPS: 58.588 D_real: 0.041 D_fake: 0.193 \n"}
,{"stream_name":"stdout","time":2703.456008243,"data":"(epoch: 6, iters: 5480, time: 0.130, data: 0.003) G_GAN: 1.895 G_LPIPS: 59.242 D_real: 0.032 D_fake: 0.545 \n"}
,{"stream_name":"stdout","time":2703.456012418,"data":"(epoch: 6, iters: 5500, time: 0.129, data: 0.003) G_GAN: 2.365 G_LPIPS: 56.556 D_real: 0.264 D_fake: 0.583 \n"}
,{"stream_name":"stdout","time":2703.456016562,"data":"(epoch: 6, iters: 5520, time: 0.130, data: 0.003) G_GAN: 2.394 G_LPIPS: 58.193 D_real: 0.072 D_fake: 0.381 \n"}
,{"stream_name":"stdout","time":2703.456020756,"data":"(epoch: 6, iters: 5540, time: 0.128, data: 0.003) G_GAN: 1.831 G_LPIPS: 52.482 D_real: 0.099 D_fake: 0.290 \n"}
,{"stream_name":"stdout","time":2703.456030946,"data":"(epoch: 6, iters: 5560, time: 0.129, data: 0.003) G_GAN: 1.537 G_LPIPS: 50.620 D_real: 0.773 D_fake: 0.118 \n"}
,{"stream_name":"stdout","time":2703.456047798,"data":"(epoch: 6, iters: 5580, time: 0.080, data: 0.003) G_GAN: 1.683 G_LPIPS: 61.533 D_real: 1.349 D_fake: 0.016 \n"}
,{"stream_name":"stdout","time":2703.456052988,"data":"saving the model at the end of epoch 6, iters 22320\n"}
,{"stream_name":"stdout","time":2703.4560578,"data":"End of epoch 6 / 20 \t Time Taken: 474 sec\n"}
,{"stream_name":"stdout","time":2703.456062973,"data":"learning rate 0.0001000 -\u003e 0.0001000\n"}
,{"stream_name":"stdout","time":2839.499291558,"data":"(epoch: 7, iters: 20, time: 0.128, data: 0.279) G_GAN: 0.784 G_LPIPS: 54.587 D_real: 0.746 D_fake: 0.260 \n"}
,{"stream_name":"stdout","time":2839.499350288,"data":"(epoch: 7, iters: 40, time: 0.129, data: 0.001) G_GAN: 0.961 G_LPIPS: 56.097 D_real: 0.565 D_fake: 0.542 \n"}
,{"stream_name":"stdout","time":2839.499367357,"data":"(epoch: 7, iters: 60, time: 0.131, data: 0.003) G_GAN: 1.575 G_LPIPS: 52.954 D_real: 0.273 D_fake: 0.241 \n"}
,{"stream_name":"stdout","time":2839.499370372,"data":"(epoch: 7, iters: 80, time: 0.145, data: 0.003) G_GAN: 1.910 G_LPIPS: 54.731 D_real: 0.075 D_fake: 1.453 \n"}
,{"stream_name":"stdout","time":2839.499372801,"data":"(epoch: 7, iters: 100, time: 0.128, data: 0.003) G_GAN: 2.074 G_LPIPS: 50.441 D_real: 0.370 D_fake: 0.407 \n"}
,{"stream_name":"stdout","time":2839.499375187,"data":"(epoch: 7, iters: 120, time: 0.128, data: 0.003) G_GAN: 2.155 G_LPIPS: 53.553 D_real: 0.674 D_fake: 0.126 \n"}
,{"stream_name":"stdout","time":2839.499377485,"data":"(epoch: 7, iters: 140, time: 0.127, data: 0.003) G_GAN: 1.601 G_LPIPS: 53.400 D_real: 0.142 D_fake: 0.313 \n"}
,{"stream_name":"stdout","time":2839.499379854,"data":"(epoch: 7, iters: 160, time: 0.130, data: 0.003) G_GAN: 2.318 G_LPIPS: 60.026 D_real: 0.052 D_fake: 0.253 \n"}
,{"stream_name":"stdout","time":2839.499382145,"data":"(epoch: 7, iters: 180, time: 0.129, data: 0.003) G_GAN: 0.994 G_LPIPS: 53.162 D_real: 0.624 D_fake: 0.121 \n"}
,{"stream_name":"stdout","time":2839.499384562,"data":"(epoch: 7, iters: 200, time: 0.136, data: 0.003) G_GAN: 2.138 G_LPIPS: 56.111 D_real: 0.499 D_fake: 0.096 \n"}
,{"stream_name":"stdout","time":2839.499386845,"data":"(epoch: 7, iters: 220, time: 0.129, data: 0.003) G_GAN: 3.026 G_LPIPS: 59.438 D_real: 0.039 D_fake: 0.081 \n"}
,{"stream_name":"stdout","time":2839.499389123,"data":"(epoch: 7, iters: 240, time: 0.130, data: 0.003) G_GAN: 1.889 G_LPIPS: 51.103 D_real: 0.963 D_fake: 0.064 \n"}
,{"stream_name":"stdout","time":2839.499391557,"data":"(epoch: 7, iters: 260, time: 0.130, data: 0.003) G_GAN: 1.849 G_LPIPS: 54.470 D_real: 0.295 D_fake: 0.059 \n"}
,{"stream_name":"stdout","time":2839.499393832,"data":"(epoch: 7, iters: 280, time: 0.130, data: 0.004) G_GAN: 0.547 G_LPIPS: 54.732 D_real: 0.971 D_fake: 0.120 \n"}
,{"stream_name":"stdout","time":2839.499396133,"data":"(epoch: 7, iters: 300, time: 0.130, data: 0.003) G_GAN: 1.623 G_LPIPS: 49.617 D_real: 0.410 D_fake: 0.173 \n"}
,{"stream_name":"stdout","time":2839.499398411,"data":"(epoch: 7, iters: 320, time: 0.130, data: 0.003) G_GAN: 1.577 G_LPIPS: 54.125 D_real: 0.591 D_fake: 0.101 \n"}
,{"stream_name":"stdout","time":2839.499400713,"data":"(epoch: 7, iters: 340, time: 0.129, data: 0.003) G_GAN: 2.641 G_LPIPS: 55.233 D_real: 0.021 D_fake: 0.446 \n"}
,{"stream_name":"stdout","time":2839.49940301,"data":"(epoch: 7, iters: 360, time: 0.130, data: 0.003) G_GAN: 1.041 G_LPIPS: 54.111 D_real: 0.529 D_fake: 0.193 \n"}
,{"stream_name":"stdout","time":2839.499405295,"data":"(epoch: 7, iters: 380, time: 0.130, data: 0.003) G_GAN: 2.413 G_LPIPS: 54.962 D_real: 0.176 D_fake: 0.260 \n"}
,{"stream_name":"stdout","time":2839.499408678,"data":"(epoch: 7, iters: 400, time: 0.130, data: 0.003) G_GAN: 2.213 G_LPIPS: 52.461 D_real: 0.220 D_fake: 0.708 \n"}
,{"stream_name":"stdout","time":2839.49941107,"data":"(epoch: 7, iters: 420, time: 0.129, data: 0.003) G_GAN: 1.336 G_LPIPS: 55.473 D_real: 0.378 D_fake: 0.125 \n"}
,{"stream_name":"stdout","time":2839.499413378,"data":"(epoch: 7, iters: 440, time: 0.129, data: 0.003) G_GAN: 1.865 G_LPIPS: 56.459 D_real: 0.131 D_fake: 0.209 \n"}
,{"stream_name":"stdout","time":2839.499415644,"data":"(epoch: 7, iters: 460, time: 0.129, data: 0.003) G_GAN: 2.075 G_LPIPS: 56.354 D_real: 0.948 D_fake: 0.035 \n"}
,{"stream_name":"stdout","time":2839.499417902,"data":"(epoch: 7, iters: 480, time: 0.130, data: 0.003) G_GAN: 2.843 G_LPIPS: 54.523 D_real: 0.250 D_fake: 0.100 \n"}
,{"stream_name":"stdout","time":2839.499420152,"data":"(epoch: 7, iters: 500, time: 0.131, data: 0.003) G_GAN: 1.712 G_LPIPS: 56.976 D_real: 0.313 D_fake: 0.190 \n"}
,{"stream_name":"stdout","time":2839.499425115,"data":"(epoch: 7, iters: 520, time: 0.129, data: 0.004) G_GAN: 1.935 G_LPIPS: 56.646 D_real: 0.343 D_fake: 0.119 \n"}
,{"stream_name":"stdout","time":2839.499427548,"data":"(epoch: 7, iters: 540, time: 0.131, data: 0.003) G_GAN: 1.294 G_LPIPS: 50.073 D_real: 0.544 D_fake: 0.135 \n"}
,{"stream_name":"stdout","time":2839.499429936,"data":"(epoch: 7, iters: 560, time: 0.131, data: 0.003) G_GAN: 2.265 G_LPIPS: 52.545 D_real: 0.085 D_fake: 0.379 \n"}
,{"stream_name":"stdout","time":2839.499432445,"data":"(epoch: 7, iters: 580, time: 0.130, data: 0.003) G_GAN: 1.428 G_LPIPS: 57.546 D_real: 0.864 D_fake: 0.165 \n"}
,{"stream_name":"stdout","time":2839.499434756,"data":"(epoch: 7, iters: 600, time: 0.129, data: 0.003) G_GAN: 2.212 G_LPIPS: 56.377 D_real: 0.245 D_fake: 0.102 \n"}
,{"stream_name":"stdout","time":2839.499437031,"data":"(epoch: 7, iters: 620, time: 0.129, data: 0.003) G_GAN: 1.632 G_LPIPS: 54.706 D_real: 1.833 D_fake: 0.040 \n"}
,{"stream_name":"stdout","time":2839.499439308,"data":"(epoch: 7, iters: 640, time: 0.129, data: 0.003) G_GAN: 2.094 G_LPIPS: 51.386 D_real: 0.172 D_fake: 0.244 \n"}
,{"stream_name":"stdout","time":2839.499441604,"data":"(epoch: 7, iters: 660, time: 0.130, data: 0.003) G_GAN: 2.586 G_LPIPS: 58.860 D_real: 0.098 D_fake: 0.170 \n"}
,{"stream_name":"stdout","time":2839.499444005,"data":"(epoch: 7, iters: 680, time: 0.130, data: 0.003) G_GAN: 1.324 G_LPIPS: 55.313 D_real: 0.841 D_fake: 0.035 \n"}
,{"stream_name":"stdout","time":2839.499446279,"data":"(epoch: 7, iters: 700, time: 0.129, data: 0.003) G_GAN: 1.758 G_LPIPS: 59.020 D_real: 0.052 D_fake: 0.254 \n"}
,{"stream_name":"stdout","time":2839.499448545,"data":"(epoch: 7, iters: 720, time: 0.130, data: 0.004) G_GAN: 1.104 G_LPIPS: 54.535 D_real: 0.083 D_fake: 0.435 \n"}
,{"stream_name":"stdout","time":2839.499450808,"data":"(epoch: 7, iters: 740, time: 0.131, data: 0.003) G_GAN: 2.311 G_LPIPS: 61.104 D_real: 0.010 D_fake: 0.200 \n"}
,{"stream_name":"stdout","time":2839.4994531,"data":"(epoch: 7, iters: 760, time: 0.130, data: 0.003) G_GAN: 2.940 G_LPIPS: 52.782 D_real: 0.065 D_fake: 1.922 \n"}
,{"stream_name":"stdout","time":2839.499455645,"data":"(epoch: 7, iters: 780, time: 0.130, data: 0.003) G_GAN: 1.996 G_LPIPS: 51.617 D_real: 0.044 D_fake: 0.358 \n"}
,{"stream_name":"stdout","time":2839.49945795,"data":"(epoch: 7, iters: 800, time: 0.131, data: 0.003) G_GAN: 1.656 G_LPIPS: 55.026 D_real: 0.455 D_fake: 0.041 \n"}
,{"stream_name":"stdout","time":2839.49946021,"data":"(epoch: 7, iters: 820, time: 0.130, data: 0.004) G_GAN: 1.592 G_LPIPS: 56.220 D_real: 0.125 D_fake: 0.810 \n"}
,{"stream_name":"stdout","time":2839.499462502,"data":"(epoch: 7, iters: 840, time: 0.130, data: 0.003) G_GAN: 1.563 G_LPIPS: 55.789 D_real: 0.813 D_fake: 0.111 \n"}
,{"stream_name":"stdout","time":2839.499464754,"data":"(epoch: 7, iters: 860, time: 0.129, data: 0.003) G_GAN: 2.707 G_LPIPS: 53.834 D_real: 0.048 D_fake: 0.297 \n"}
,{"stream_name":"stdout","time":2839.499466998,"data":"(epoch: 7, iters: 880, time: 0.135, data: 0.003) G_GAN: 2.436 G_LPIPS: 52.140 D_real: 0.162 D_fake: 0.123 \n"}
,{"stream_name":"stdout","time":2839.499469258,"data":"(epoch: 7, iters: 900, time: 0.130, data: 0.003) G_GAN: 1.362 G_LPIPS: 51.847 D_real: 0.112 D_fake: 0.248 \n"}
,{"stream_name":"stdout","time":2839.499471553,"data":"(epoch: 7, iters: 920, time: 0.131, data: 0.003) G_GAN: 1.193 G_LPIPS: 56.237 D_real: 0.854 D_fake: 0.039 \n"}
,{"stream_name":"stdout","time":2839.499473802,"data":"(epoch: 7, iters: 940, time: 0.181, data: 0.003) G_GAN: 0.893 G_LPIPS: 59.156 D_real: 0.648 D_fake: 0.068 \n"}
,{"stream_name":"stdout","time":2839.499476042,"data":"(epoch: 7, iters: 960, time: 0.129, data: 0.003) G_GAN: 1.173 G_LPIPS: 58.193 D_real: 0.319 D_fake: 0.390 \n"}
,{"stream_name":"stdout","time":2839.499478295,"data":"(epoch: 7, iters: 980, time: 0.129, data: 0.003) G_GAN: 1.674 G_LPIPS: 57.703 D_real: 0.107 D_fake: 0.196 \n"}
,{"stream_name":"stdout","time":2839.499483077,"data":"(epoch: 7, iters: 1000, time: 0.130, data: 0.003) G_GAN: 2.666 G_LPIPS: 58.967 D_real: 0.016 D_fake: 0.478 \n"}
,{"stream_name":"stdout","time":2839.4994855,"data":"(epoch: 7, iters: 1020, time: 0.131, data: 0.003) G_GAN: 1.851 G_LPIPS: 51.535 D_real: 0.251 D_fake: 0.165 \n"}
,{"stream_name":"stdout","time":2839.49948781,"data":"(epoch: 7, iters: 1040, time: 0.131, data: 0.003) G_GAN: 2.432 G_LPIPS: 59.876 D_real: 0.061 D_fake: 0.686 \n"}
,{"stream_name":"stdout","time":2839.499490105,"data":"(epoch: 7, iters: 1060, time: 0.130, data: 0.004) G_GAN: 1.877 G_LPIPS: 54.813 D_real: 0.491 D_fake: 0.104 \n"}
,{"stream_name":"stdout","time":2839.499493228,"data":"(epoch: 7, iters: 1080, time: 0.130, data: 0.003) G_GAN: 2.539 G_LPIPS: 51.963 D_real: 0.064 D_fake: 0.386 \n"}
,{"stream_name":"stdout","time":2839.499496582,"data":"(epoch: 7, iters: 1100, time: 0.129, data: 0.003) G_GAN: 1.845 G_LPIPS: 49.877 D_real: 0.391 D_fake: 0.235 \n"}
,{"stream_name":"stdout","time":2839.499499711,"data":"(epoch: 7, iters: 1120, time: 0.130, data: 0.003) G_GAN: 1.620 G_LPIPS: 57.079 D_real: 0.557 D_fake: 0.170 \n"}
,{"stream_name":"stdout","time":2839.499503223,"data":"(epoch: 7, iters: 1140, time: 0.131, data: 0.004) G_GAN: 1.948 G_LPIPS: 57.855 D_real: 0.040 D_fake: 0.379 \n"}
,{"stream_name":"stdout","time":2839.499508485,"data":"(epoch: 7, iters: 1160, time: 0.132, data: 0.003) G_GAN: 2.519 G_LPIPS: 48.452 D_real: 0.129 D_fake: 0.460 \n"}
,{"stream_name":"stdout","time":2839.499510835,"data":"(epoch: 7, iters: 1180, time: 0.131, data: 0.004) G_GAN: 2.243 G_LPIPS: 57.149 D_real: 0.241 D_fake: 0.318 \n"}
,{"stream_name":"stdout","time":2839.499513257,"data":"(epoch: 7, iters: 1200, time: 0.129, data: 0.003) G_GAN: 4.151 G_LPIPS: 53.333 D_real: 0.052 D_fake: 0.211 \n"}
,{"stream_name":"stdout","time":2839.499515787,"data":"(epoch: 7, iters: 1220, time: 0.134, data: 0.003) G_GAN: 3.887 G_LPIPS: 53.274 D_real: 0.023 D_fake: 1.825 \n"}
,{"stream_name":"stdout","time":2839.499518147,"data":"(epoch: 7, iters: 1240, time: 0.130, data: 0.003) G_GAN: 2.598 G_LPIPS: 55.710 D_real: 0.209 D_fake: 0.225 \n"}
,{"stream_name":"stdout","time":2839.499520566,"data":"(epoch: 7, iters: 1260, time: 0.130, data: 0.003) G_GAN: 1.649 G_LPIPS: 53.423 D_real: 0.900 D_fake: 0.050 \n"}
,{"stream_name":"stdout","time":2839.499522903,"data":"(epoch: 7, iters: 1280, time: 0.129, data: 0.003) G_GAN: 1.439 G_LPIPS: 52.712 D_real: 1.646 D_fake: 0.166 \n"}
,{"stream_name":"stdout","time":2839.49952543,"data":"(epoch: 7, iters: 1300, time: 0.129, data: 0.004) G_GAN: 0.253 G_LPIPS: 51.304 D_real: 1.494 D_fake: 0.088 \n"}
,{"stream_name":"stdout","time":2839.4995278,"data":"(epoch: 7, iters: 1320, time: 0.130, data: 0.003) G_GAN: 1.168 G_LPIPS: 54.669 D_real: 0.423 D_fake: 0.373 \n"}
,{"stream_name":"stdout","time":2839.499530172,"data":"(epoch: 7, iters: 1340, time: 0.129, data: 0.003) G_GAN: 1.103 G_LPIPS: 53.570 D_real: 1.330 D_fake: 0.078 \n"}
,{"stream_name":"stdout","time":2839.499532507,"data":"(epoch: 7, iters: 1360, time: 0.129, data: 0.003) G_GAN: 1.163 G_LPIPS: 53.919 D_real: 0.092 D_fake: 0.377 \n"}
,{"stream_name":"stdout","time":2839.499534875,"data":"(epoch: 7, iters: 1380, time: 0.130, data: 0.003) G_GAN: 0.975 G_LPIPS: 55.769 D_real: 0.305 D_fake: 0.415 \n"}
,{"stream_name":"stdout","time":2839.499537129,"data":"(epoch: 7, iters: 1400, time: 0.129, data: 0.003) G_GAN: 1.004 G_LPIPS: 52.315 D_real: 1.016 D_fake: 0.179 \n"}
,{"stream_name":"stdout","time":2839.499539392,"data":"(epoch: 7, iters: 1420, time: 0.129, data: 0.003) G_GAN: 1.992 G_LPIPS: 56.611 D_real: 0.291 D_fake: 0.185 \n"}
,{"stream_name":"stdout","time":2839.499541639,"data":"(epoch: 7, iters: 1440, time: 0.130, data: 0.003) G_GAN: 1.886 G_LPIPS: 56.640 D_real: 0.280 D_fake: 0.255 \n"}
,{"stream_name":"stdout","time":2839.499546075,"data":"(epoch: 7, iters: 1460, time: 0.178, data: 0.003) G_GAN: 2.900 G_LPIPS: 56.562 D_real: 0.127 D_fake: 0.186 \n"}
,{"stream_name":"stdout","time":2839.499548631,"data":"(epoch: 7, iters: 1480, time: 0.130, data: 0.003) G_GAN: 2.698 G_LPIPS: 56.510 D_real: 0.497 D_fake: 0.076 \n"}
,{"stream_name":"stdout","time":2839.49955092,"data":"(epoch: 7, iters: 1500, time: 0.130, data: 0.003) G_GAN: 1.953 G_LPIPS: 55.142 D_real: 0.146 D_fake: 0.182 \n"}
,{"stream_name":"stdout","time":2839.499553262,"data":"(epoch: 7, iters: 1520, time: 0.129, data: 0.003) G_GAN: 1.949 G_LPIPS: 55.805 D_real: 0.246 D_fake: 0.097 \n"}
,{"stream_name":"stdout","time":2976.489020513,"data":"(epoch: 7, iters: 1540, time: 0.130, data: 0.003) G_GAN: 2.070 G_LPIPS: 52.056 D_real: 0.219 D_fake: 0.273 \n"}
,{"stream_name":"stdout","time":2976.489059878,"data":"(epoch: 7, iters: 1560, time: 0.182, data: 0.003) G_GAN: 3.100 G_LPIPS: 54.993 D_real: 0.051 D_fake: 0.629 \n"}
,{"stream_name":"stdout","time":2976.489066805,"data":"(epoch: 7, iters: 1580, time: 0.129, data: 0.003) G_GAN: 2.688 G_LPIPS: 58.986 D_real: 0.069 D_fake: 0.178 \n"}
,{"stream_name":"stdout","time":2976.489072444,"data":"(epoch: 7, iters: 1600, time: 0.129, data: 0.003) G_GAN: 3.068 G_LPIPS: 50.136 D_real: 0.016 D_fake: 1.062 \n"}
,{"stream_name":"stdout","time":2976.489078083,"data":"(epoch: 7, iters: 1620, time: 0.131, data: 0.003) G_GAN: 2.717 G_LPIPS: 58.435 D_real: 0.020 D_fake: 0.153 \n"}
,{"stream_name":"stdout","time":2976.489083053,"data":"(epoch: 7, iters: 1640, time: 0.129, data: 0.003) G_GAN: 1.117 G_LPIPS: 51.587 D_real: 0.558 D_fake: 0.246 \n"}
,{"stream_name":"stdout","time":2976.48908757,"data":"(epoch: 7, iters: 1660, time: 0.165, data: 0.003) G_GAN: 2.091 G_LPIPS: 56.680 D_real: 0.062 D_fake: 0.515 \n"}
,{"stream_name":"stdout","time":2976.489092147,"data":"(epoch: 7, iters: 1680, time: 0.146, data: 0.004) G_GAN: 3.224 G_LPIPS: 57.829 D_real: 0.490 D_fake: 0.042 \n"}
,{"stream_name":"stdout","time":2976.48911185,"data":"(epoch: 7, iters: 1700, time: 0.130, data: 0.003) G_GAN: 3.727 G_LPIPS: 54.784 D_real: 0.229 D_fake: 0.039 \n"}
,{"stream_name":"stdout","time":2976.489117497,"data":"(epoch: 7, iters: 1720, time: 0.129, data: 0.003) G_GAN: 2.367 G_LPIPS: 53.546 D_real: 0.057 D_fake: 0.799 \n"}
,{"stream_name":"stdout","time":2976.489122826,"data":"(epoch: 7, iters: 1740, time: 0.130, data: 0.003) G_GAN: 2.298 G_LPIPS: 52.073 D_real: 0.184 D_fake: 0.273 \n"}
,{"stream_name":"stdout","time":2976.489127914,"data":"(epoch: 7, iters: 1760, time: 0.129, data: 0.003) G_GAN: 1.662 G_LPIPS: 57.345 D_real: 0.372 D_fake: 0.222 \n"}
,{"stream_name":"stdout","time":2976.489133159,"data":"(epoch: 7, iters: 1780, time: 0.131, data: 0.003) G_GAN: 3.019 G_LPIPS: 55.785 D_real: 0.145 D_fake: 0.086 \n"}
,{"stream_name":"stdout","time":2976.489138289,"data":"(epoch: 7, iters: 1800, time: 0.129, data: 0.003) G_GAN: 2.993 G_LPIPS: 54.620 D_real: 0.406 D_fake: 0.042 \n"}
,{"stream_name":"stdout","time":2976.48914344,"data":"(epoch: 7, iters: 1820, time: 0.130, data: 0.003) G_GAN: 2.679 G_LPIPS: 54.320 D_real: 0.284 D_fake: 0.075 \n"}
,{"stream_name":"stdout","time":2976.489148771,"data":"(epoch: 7, iters: 1840, time: 0.131, data: 0.003) G_GAN: 2.369 G_LPIPS: 58.170 D_real: 0.016 D_fake: 0.393 \n"}
,{"stream_name":"stdout","time":2976.489154218,"data":"(epoch: 7, iters: 1860, time: 0.131, data: 0.003) G_GAN: 3.510 G_LPIPS: 52.321 D_real: 0.031 D_fake: 1.213 \n"}
,{"stream_name":"stdout","time":2976.489159479,"data":"(epoch: 7, iters: 1880, time: 0.130, data: 0.003) G_GAN: 2.068 G_LPIPS: 55.199 D_real: 0.439 D_fake: 0.547 \n"}
,{"stream_name":"stdout","time":2976.489164756,"data":"(epoch: 7, iters: 1900, time: 0.130, data: 0.003) G_GAN: 2.647 G_LPIPS: 53.906 D_real: 0.014 D_fake: 1.805 \n"}
,{"stream_name":"stdout","time":2976.489180144,"data":"(epoch: 7, iters: 1920, time: 0.132, data: 0.003) G_GAN: 0.916 G_LPIPS: 53.678 D_real: 0.995 D_fake: 0.078 \n"}
,{"stream_name":"stdout","time":2976.489183909,"data":"(epoch: 7, iters: 1940, time: 0.130, data: 0.003) G_GAN: 3.188 G_LPIPS: 55.742 D_real: 0.059 D_fake: 0.080 \n"}
,{"stream_name":"stdout","time":2976.489187582,"data":"(epoch: 7, iters: 1960, time: 0.131, data: 0.003) G_GAN: 3.654 G_LPIPS: 56.189 D_real: 0.016 D_fake: 0.071 \n"}
,{"stream_name":"stdout","time":2976.489194545,"data":"(epoch: 7, iters: 1980, time: 0.132, data: 0.003) G_GAN: 1.105 G_LPIPS: 49.763 D_real: 1.088 D_fake: 0.134 \n"}
,{"stream_name":"stdout","time":2976.489197458,"data":"(epoch: 7, iters: 2000, time: 0.131, data: 0.003) G_GAN: 2.326 G_LPIPS: 51.271 D_real: 0.197 D_fake: 0.094 \n"}
,{"stream_name":"stdout","time":2976.489199831,"data":"(epoch: 7, iters: 2020, time: 0.130, data: 0.003) G_GAN: 2.573 G_LPIPS: 53.569 D_real: 0.210 D_fake: 0.344 \n"}
,{"stream_name":"stdout","time":2976.489202119,"data":"(epoch: 7, iters: 2040, time: 0.180, data: 0.003) G_GAN: 2.229 G_LPIPS: 57.947 D_real: 0.220 D_fake: 0.253 \n"}
,{"stream_name":"stdout","time":2976.489204416,"data":"(epoch: 7, iters: 2060, time: 0.132, data: 0.003) G_GAN: 2.470 G_LPIPS: 53.601 D_real: 0.177 D_fake: 0.437 \n"}
,{"stream_name":"stdout","time":2976.48920677,"data":"(epoch: 7, iters: 2080, time: 0.130, data: 0.003) G_GAN: 2.904 G_LPIPS: 52.950 D_real: 0.088 D_fake: 0.153 \n"}
,{"stream_name":"stdout","time":2976.489209074,"data":"(epoch: 7, iters: 2100, time: 0.132, data: 0.003) G_GAN: 1.762 G_LPIPS: 56.962 D_real: 0.690 D_fake: 0.181 \n"}
,{"stream_name":"stdout","time":2976.489211351,"data":"(epoch: 7, iters: 2120, time: 0.130, data: 0.003) G_GAN: 2.840 G_LPIPS: 56.534 D_real: 0.063 D_fake: 0.096 \n"}
,{"stream_name":"stdout","time":2976.489213617,"data":"(epoch: 7, iters: 2140, time: 0.131, data: 0.004) G_GAN: 2.600 G_LPIPS: 54.571 D_real: 0.018 D_fake: 0.098 \n"}
,{"stream_name":"stdout","time":2976.489215976,"data":"(epoch: 7, iters: 2160, time: 0.132, data: 0.003) G_GAN: 2.203 G_LPIPS: 54.166 D_real: 0.095 D_fake: 1.057 \n"}
,{"stream_name":"stdout","time":2976.489218236,"data":"(epoch: 7, iters: 2180, time: 0.130, data: 0.003) G_GAN: 1.662 G_LPIPS: 54.396 D_real: 0.193 D_fake: 0.344 \n"}
,{"stream_name":"stdout","time":2976.489220501,"data":"(epoch: 7, iters: 2200, time: 0.130, data: 0.003) G_GAN: 2.809 G_LPIPS: 54.464 D_real: 0.010 D_fake: 0.749 \n"}
,{"stream_name":"stdout","time":2976.489222761,"data":"(epoch: 7, iters: 2220, time: 0.130, data: 0.003) G_GAN: 2.278 G_LPIPS: 57.507 D_real: 0.451 D_fake: 0.067 \n"}
,{"stream_name":"stdout","time":2976.489225079,"data":"(epoch: 7, iters: 2240, time: 0.131, data: 0.003) G_GAN: 2.133 G_LPIPS: 55.925 D_real: 0.116 D_fake: 0.185 \n"}
,{"stream_name":"stdout","time":2976.489227851,"data":"(epoch: 7, iters: 2260, time: 0.131, data: 0.003) G_GAN: 2.283 G_LPIPS: 55.239 D_real: 0.063 D_fake: 0.302 \n"}
,{"stream_name":"stdout","time":2976.489241285,"data":"(epoch: 7, iters: 2280, time: 0.130, data: 0.003) G_GAN: 1.624 G_LPIPS: 54.274 D_real: 0.308 D_fake: 0.360 \n"}
,{"stream_name":"stdout","time":2976.489245726,"data":"(epoch: 7, iters: 2300, time: 0.130, data: 0.004) G_GAN: 1.828 G_LPIPS: 56.111 D_real: 0.045 D_fake: 0.383 \n"}
,{"stream_name":"stdout","time":2976.489249791,"data":"(epoch: 7, iters: 2320, time: 0.131, data: 0.004) G_GAN: 2.974 G_LPIPS: 51.448 D_real: 0.049 D_fake: 0.109 \n"}
,{"stream_name":"stdout","time":2976.48925388,"data":"(epoch: 7, iters: 2340, time: 0.130, data: 0.003) G_GAN: 0.567 G_LPIPS: 47.457 D_real: 1.695 D_fake: 0.063 \n"}
,{"stream_name":"stdout","time":2976.489258058,"data":"(epoch: 7, iters: 2360, time: 0.132, data: 0.003) G_GAN: 1.208 G_LPIPS: 57.757 D_real: 0.385 D_fake: 0.068 \n"}
,{"stream_name":"stdout","time":2976.489265918,"data":"(epoch: 7, iters: 2380, time: 0.131, data: 0.003) G_GAN: 2.943 G_LPIPS: 56.801 D_real: 0.016 D_fake: 0.589 \n"}
,{"stream_name":"stdout","time":2976.489269571,"data":"(epoch: 7, iters: 2400, time: 0.131, data: 0.003) G_GAN: 3.199 G_LPIPS: 56.159 D_real: 0.015 D_fake: 0.261 \n"}
,{"stream_name":"stdout","time":2976.489273114,"data":"(epoch: 7, iters: 2420, time: 0.131, data: 0.003) G_GAN: 2.399 G_LPIPS: 54.221 D_real: 0.027 D_fake: 0.301 \n"}
,{"stream_name":"stdout","time":2976.489276651,"data":"(epoch: 7, iters: 2440, time: 0.131, data: 0.003) G_GAN: 2.039 G_LPIPS: 51.243 D_real: 0.176 D_fake: 0.536 \n"}
,{"stream_name":"stdout","time":2976.48928006,"data":"(epoch: 7, iters: 2460, time: 0.131, data: 0.003) G_GAN: 2.563 G_LPIPS: 59.835 D_real: 0.020 D_fake: 0.332 \n"}
,{"stream_name":"stdout","time":2976.489283608,"data":"(epoch: 7, iters: 2480, time: 0.131, data: 0.003) G_GAN: 1.302 G_LPIPS: 53.243 D_real: 0.342 D_fake: 0.391 \n"}
,{"stream_name":"stdout","time":2976.489287075,"data":"(epoch: 7, iters: 2500, time: 0.131, data: 0.003) G_GAN: 2.044 G_LPIPS: 51.830 D_real: 0.084 D_fake: 1.549 \n"}
,{"stream_name":"stdout","time":2976.489290593,"data":"(epoch: 7, iters: 2520, time: 0.180, data: 0.003) G_GAN: 0.888 G_LPIPS: 51.737 D_real: 0.849 D_fake: 0.261 \n"}
,{"stream_name":"stdout","time":2976.489294093,"data":"(epoch: 7, iters: 2540, time: 0.131, data: 0.003) G_GAN: 2.710 G_LPIPS: 61.259 D_real: 0.008 D_fake: 0.195 \n"}
,{"stream_name":"stdout","time":2976.489297672,"data":"(epoch: 7, iters: 2560, time: 0.131, data: 0.003) G_GAN: 2.895 G_LPIPS: 56.245 D_real: 0.084 D_fake: 0.145 \n"}
,{"stream_name":"stdout","time":2976.489301189,"data":"(epoch: 7, iters: 2580, time: 0.132, data: 0.003) G_GAN: 1.640 G_LPIPS: 47.719 D_real: 0.448 D_fake: 0.222 \n"}
,{"stream_name":"stdout","time":2976.489304978,"data":"(epoch: 7, iters: 2600, time: 0.131, data: 0.003) G_GAN: 0.990 G_LPIPS: 55.851 D_real: 0.880 D_fake: 0.226 \n"}
,{"stream_name":"stdout","time":2976.489312671,"data":"(epoch: 7, iters: 2620, time: 0.130, data: 0.003) G_GAN: 1.291 G_LPIPS: 56.111 D_real: 0.748 D_fake: 0.050 \n"}
,{"stream_name":"stdout","time":2976.489315063,"data":"(epoch: 7, iters: 2640, time: 0.131, data: 0.003) G_GAN: 1.264 G_LPIPS: 51.341 D_real: 0.373 D_fake: 0.220 \n"}
,{"stream_name":"stdout","time":2976.489317337,"data":"(epoch: 7, iters: 2660, time: 0.131, data: 0.003) G_GAN: 1.250 G_LPIPS: 56.230 D_real: 0.195 D_fake: 0.635 \n"}
,{"stream_name":"stdout","time":2976.48932007,"data":"(epoch: 7, iters: 2680, time: 0.132, data: 0.003) G_GAN: 2.276 G_LPIPS: 55.047 D_real: 0.206 D_fake: 0.127 \n"}
,{"stream_name":"stdout","time":2976.489322361,"data":"saving the latest model (epoch 7, total_iters 25000)\n"}
,{"stream_name":"stdout","time":2976.489324599,"data":"(epoch: 7, iters: 2700, time: 0.130, data: 0.003) G_GAN: 2.134 G_LPIPS: 55.882 D_real: 0.167 D_fake: 0.213 \n"}
,{"stream_name":"stdout","time":2976.489337298,"data":"(epoch: 7, iters: 2720, time: 0.130, data: 0.003) G_GAN: 1.202 G_LPIPS: 55.376 D_real: 0.596 D_fake: 0.242 \n"}
,{"stream_name":"stdout","time":2976.489341379,"data":"(epoch: 7, iters: 2740, time: 0.130, data: 0.003) G_GAN: 2.194 G_LPIPS: 59.623 D_real: 0.075 D_fake: 0.115 \n"}
,{"stream_name":"stdout","time":2976.489345539,"data":"(epoch: 7, iters: 2760, time: 0.130, data: 0.003) G_GAN: 1.200 G_LPIPS: 55.924 D_real: 1.206 D_fake: 0.066 \n"}
,{"stream_name":"stdout","time":2976.489349278,"data":"(epoch: 7, iters: 2780, time: 0.137, data: 0.003) G_GAN: 2.650 G_LPIPS: 53.339 D_real: 0.113 D_fake: 0.266 \n"}
,{"stream_name":"stdout","time":2976.48935366,"data":"(epoch: 7, iters: 2800, time: 0.163, data: 0.003) G_GAN: 2.036 G_LPIPS: 57.207 D_real: 0.033 D_fake: 0.812 \n"}
,{"stream_name":"stdout","time":2976.489360634,"data":"(epoch: 7, iters: 2820, time: 0.132, data: 0.003) G_GAN: 2.254 G_LPIPS: 57.182 D_real: 0.151 D_fake: 0.123 \n"}
,{"stream_name":"stdout","time":2976.48936415,"data":"(epoch: 7, iters: 2840, time: 0.132, data: 0.003) G_GAN: 3.299 G_LPIPS: 59.637 D_real: 0.101 D_fake: 0.118 \n"}
,{"stream_name":"stdout","time":2976.489367688,"data":"(epoch: 7, iters: 2860, time: 0.131, data: 0.003) G_GAN: 2.552 G_LPIPS: 55.584 D_real: 0.064 D_fake: 0.208 \n"}
,{"stream_name":"stdout","time":2976.48937122,"data":"(epoch: 7, iters: 2880, time: 0.131, data: 0.003) G_GAN: 2.833 G_LPIPS: 55.557 D_real: 0.094 D_fake: 0.120 \n"}
,{"stream_name":"stdout","time":2976.489374676,"data":"(epoch: 7, iters: 2900, time: 0.130, data: 0.003) G_GAN: 2.945 G_LPIPS: 56.972 D_real: 0.270 D_fake: 0.053 \n"}
,{"stream_name":"stdout","time":2976.489378139,"data":"(epoch: 7, iters: 2920, time: 0.131, data: 0.003) G_GAN: 0.822 G_LPIPS: 51.323 D_real: 1.960 D_fake: 0.058 \n"}
,{"stream_name":"stdout","time":2976.489381664,"data":"(epoch: 7, iters: 2940, time: 0.132, data: 0.003) G_GAN: 2.477 G_LPIPS: 58.163 D_real: 0.075 D_fake: 0.456 \n"}
,{"stream_name":"stdout","time":2976.489385127,"data":"(epoch: 7, iters: 2960, time: 0.130, data: 0.003) G_GAN: 2.022 G_LPIPS: 51.488 D_real: 0.198 D_fake: 0.340 \n"}
,{"stream_name":"stdout","time":2976.489388617,"data":"(epoch: 7, iters: 2980, time: 0.181, data: 0.003) G_GAN: 2.837 G_LPIPS: 57.991 D_real: 0.075 D_fake: 0.183 \n"}
,{"stream_name":"stdout","time":2976.489392251,"data":"(epoch: 7, iters: 3000, time: 0.132, data: 0.003) G_GAN: 2.490 G_LPIPS: 54.059 D_real: 0.062 D_fake: 0.395 \n"}
,{"stream_name":"stdout","time":2976.489395928,"data":"(epoch: 7, iters: 3020, time: 0.132, data: 0.003) G_GAN: 2.748 G_LPIPS: 52.769 D_real: 0.432 D_fake: 0.041 \n"}
,{"stream_name":"stdout","time":2976.489399434,"data":"(epoch: 7, iters: 3040, time: 0.131, data: 0.003) G_GAN: 3.364 G_LPIPS: 57.328 D_real: 0.021 D_fake: 1.408 \n"}
,{"stream_name":"stdout","time":3115.259676172,"data":"(epoch: 7, iters: 3060, time: 0.130, data: 0.004) G_GAN: 2.947 G_LPIPS: 56.223 D_real: 0.150 D_fake: 0.094 \n"}
,{"stream_name":"stdout","time":3115.259735382,"data":"(epoch: 7, iters: 3080, time: 0.131, data: 0.003) G_GAN: 1.013 G_LPIPS: 51.411 D_real: 1.064 D_fake: 0.074 \n"}
,{"stream_name":"stdout","time":3115.259742052,"data":"(epoch: 7, iters: 3100, time: 0.131, data: 0.003) G_GAN: 1.648 G_LPIPS: 57.059 D_real: 0.303 D_fake: 0.135 \n"}
,{"stream_name":"stdout","time":3115.259746784,"data":"(epoch: 7, iters: 3120, time: 0.132, data: 0.003) G_GAN: 1.840 G_LPIPS: 57.765 D_real: 0.264 D_fake: 0.255 \n"}
,{"stream_name":"stdout","time":3115.259755804,"data":"(epoch: 7, iters: 3140, time: 0.132, data: 0.003) G_GAN: 2.546 G_LPIPS: 51.055 D_real: 0.059 D_fake: 1.838 \n"}
,{"stream_name":"stdout","time":3115.259759533,"data":"(epoch: 7, iters: 3160, time: 0.133, data: 0.004) G_GAN: 1.649 G_LPIPS: 48.251 D_real: 0.383 D_fake: 0.186 \n"}
,{"stream_name":"stdout","time":3115.259762892,"data":"(epoch: 7, iters: 3180, time: 0.132, data: 0.003) G_GAN: 1.802 G_LPIPS: 50.543 D_real: 0.185 D_fake: 0.333 \n"}
,{"stream_name":"stdout","time":3115.25976608,"data":"(epoch: 7, iters: 3200, time: 0.132, data: 0.003) G_GAN: 1.354 G_LPIPS: 52.816 D_real: 0.046 D_fake: 0.577 \n"}
,{"stream_name":"stdout","time":3115.259769137,"data":"(epoch: 7, iters: 3220, time: 0.132, data: 0.003) G_GAN: 1.000 G_LPIPS: 52.993 D_real: 0.657 D_fake: 0.085 \n"}
,{"stream_name":"stdout","time":3115.259772281,"data":"(epoch: 7, iters: 3240, time: 0.136, data: 0.004) G_GAN: 1.920 G_LPIPS: 56.154 D_real: 0.544 D_fake: 0.169 \n"}
,{"stream_name":"stdout","time":3115.25977626,"data":"(epoch: 7, iters: 3260, time: 0.132, data: 0.003) G_GAN: 2.603 G_LPIPS: 53.305 D_real: 0.326 D_fake: 0.073 \n"}
,{"stream_name":"stdout","time":3115.259807909,"data":"(epoch: 7, iters: 3280, time: 0.132, data: 0.003) G_GAN: 1.816 G_LPIPS: 53.701 D_real: 0.220 D_fake: 0.110 \n"}
,{"stream_name":"stdout","time":3115.259812745,"data":"(epoch: 7, iters: 3300, time: 0.132, data: 0.003) G_GAN: 2.938 G_LPIPS: 60.256 D_real: 0.015 D_fake: 0.232 \n"}
,{"stream_name":"stdout","time":3115.25981683,"data":"(epoch: 7, iters: 3320, time: 0.131, data: 0.003) G_GAN: 1.282 G_LPIPS: 54.823 D_real: 0.578 D_fake: 0.178 \n"}
,{"stream_name":"stdout","time":3115.259821279,"data":"(epoch: 7, iters: 3340, time: 0.180, data: 0.003) G_GAN: 2.108 G_LPIPS: 60.299 D_real: 0.018 D_fake: 0.262 \n"}
,{"stream_name":"stdout","time":3115.259825301,"data":"(epoch: 7, iters: 3360, time: 0.132, data: 0.003) G_GAN: 1.277 G_LPIPS: 55.115 D_real: 0.284 D_fake: 0.194 \n"}
,{"stream_name":"stdout","time":3115.259828925,"data":"(epoch: 7, iters: 3380, time: 0.133, data: 0.003) G_GAN: 0.858 G_LPIPS: 51.547 D_real: 0.544 D_fake: 0.211 \n"}
,{"stream_name":"stdout","time":3115.259832429,"data":"(epoch: 7, iters: 3400, time: 0.131, data: 0.004) G_GAN: 3.011 G_LPIPS: 52.753 D_real: 0.047 D_fake: 0.797 \n"}
,{"stream_name":"stdout","time":3115.259835933,"data":"(epoch: 7, iters: 3420, time: 0.132, data: 0.003) G_GAN: 1.422 G_LPIPS: 55.892 D_real: 0.462 D_fake: 0.204 \n"}
,{"stream_name":"stdout","time":3115.259841325,"data":"(epoch: 7, iters: 3440, time: 0.132, data: 0.003) G_GAN: 1.985 G_LPIPS: 53.576 D_real: 0.420 D_fake: 0.154 \n"}
,{"stream_name":"stdout","time":3115.259844859,"data":"(epoch: 7, iters: 3460, time: 0.132, data: 0.004) G_GAN: 2.486 G_LPIPS: 51.994 D_real: 0.076 D_fake: 0.683 \n"}
,{"stream_name":"stdout","time":3115.259848373,"data":"(epoch: 7, iters: 3480, time: 0.131, data: 0.003) G_GAN: 0.378 G_LPIPS: 48.198 D_real: 1.398 D_fake: 0.094 \n"}
,{"stream_name":"stdout","time":3115.259852182,"data":"(epoch: 7, iters: 3500, time: 0.133, data: 0.003) G_GAN: 1.338 G_LPIPS: 54.341 D_real: 0.642 D_fake: 0.140 \n"}
,{"stream_name":"stdout","time":3115.25985567,"data":"(epoch: 7, iters: 3520, time: 0.180, data: 0.003) G_GAN: 5.148 G_LPIPS: 50.748 D_real: 0.018 D_fake: 1.774 \n"}
,{"stream_name":"stdout","time":3115.259859197,"data":"(epoch: 7, iters: 3540, time: 0.132, data: 0.004) G_GAN: 3.152 G_LPIPS: 57.110 D_real: 0.739 D_fake: 0.286 \n"}
,{"stream_name":"stdout","time":3115.259862714,"data":"(epoch: 7, iters: 3560, time: 0.132, data: 0.003) G_GAN: 1.995 G_LPIPS: 53.956 D_real: 1.002 D_fake: 1.077 \n"}
,{"stream_name":"stdout","time":3115.259866864,"data":"(epoch: 7, iters: 3580, time: 0.132, data: 0.003) G_GAN: 2.293 G_LPIPS: 58.278 D_real: 0.642 D_fake: 0.225 \n"}
,{"stream_name":"stdout","time":3115.259870672,"data":"(epoch: 7, iters: 3600, time: 0.131, data: 0.003) G_GAN: 2.992 G_LPIPS: 49.076 D_real: 0.947 D_fake: 0.648 \n"}
,{"stream_name":"stdout","time":3115.259874256,"data":"(epoch: 7, iters: 3620, time: 0.131, data: 0.004) G_GAN: 1.449 G_LPIPS: 56.403 D_real: 0.276 D_fake: 0.596 \n"}
,{"stream_name":"stdout","time":3115.259877908,"data":"(epoch: 7, iters: 3640, time: 0.132, data: 0.004) G_GAN: 2.105 G_LPIPS: 57.961 D_real: 0.100 D_fake: 0.232 \n"}
,{"stream_name":"stdout","time":3115.259882002,"data":"(epoch: 7, iters: 3660, time: 0.133, data: 0.003) G_GAN: 2.545 G_LPIPS: 59.996 D_real: 0.013 D_fake: 0.399 \n"}
,{"stream_name":"stdout","time":3115.259885241,"data":"(epoch: 7, iters: 3680, time: 0.148, data: 0.004) G_GAN: 1.567 G_LPIPS: 57.042 D_real: 0.555 D_fake: 0.118 \n"}
,{"stream_name":"stdout","time":3115.259888849,"data":"(epoch: 7, iters: 3700, time: 0.166, data: 0.003) G_GAN: 1.844 G_LPIPS: 52.404 D_real: 0.342 D_fake: 0.342 \n"}
,{"stream_name":"stdout","time":3115.259892445,"data":"(epoch: 7, iters: 3720, time: 0.132, data: 0.003) G_GAN: 2.413 G_LPIPS: 58.301 D_real: 0.046 D_fake: 0.315 \n"}
,{"stream_name":"stdout","time":3115.259901589,"data":"(epoch: 7, iters: 3740, time: 0.131, data: 0.003) G_GAN: 2.762 G_LPIPS: 56.596 D_real: 0.375 D_fake: 0.088 \n"}
,{"stream_name":"stdout","time":3115.259905717,"data":"(epoch: 7, iters: 3760, time: 0.132, data: 0.004) G_GAN: 1.027 G_LPIPS: 54.868 D_real: 0.324 D_fake: 0.288 \n"}
,{"stream_name":"stdout","time":3115.259908936,"data":"(epoch: 7, iters: 3780, time: 0.132, data: 0.003) G_GAN: 2.242 G_LPIPS: 56.209 D_real: 0.026 D_fake: 0.405 \n"}
,{"stream_name":"stdout","time":3115.259912051,"data":"(epoch: 7, iters: 3800, time: 0.132, data: 0.003) G_GAN: 2.565 G_LPIPS: 54.660 D_real: 0.022 D_fake: 0.189 \n"}
,{"stream_name":"stdout","time":3115.259916204,"data":"(epoch: 7, iters: 3820, time: 0.132, data: 0.003) G_GAN: 2.927 G_LPIPS: 53.552 D_real: 0.039 D_fake: 0.269 \n"}
,{"stream_name":"stdout","time":3115.25991934,"data":"(epoch: 7, iters: 3840, time: 0.133, data: 0.004) G_GAN: 1.633 G_LPIPS: 54.678 D_real: 0.077 D_fake: 0.512 \n"}
,{"stream_name":"stdout","time":3115.25992265,"data":"(epoch: 7, iters: 3860, time: 0.132, data: 0.003) G_GAN: 1.783 G_LPIPS: 56.582 D_real: 0.153 D_fake: 0.166 \n"}
,{"stream_name":"stdout","time":3115.259926181,"data":"(epoch: 7, iters: 3880, time: 0.182, data: 0.003) G_GAN: 1.771 G_LPIPS: 53.413 D_real: 0.486 D_fake: 0.119 \n"}
,{"stream_name":"stdout","time":3115.259929594,"data":"(epoch: 7, iters: 3900, time: 0.132, data: 0.003) G_GAN: 1.300 G_LPIPS: 49.323 D_real: 0.346 D_fake: 0.361 \n"}
,{"stream_name":"stdout","time":3115.259932662,"data":"(epoch: 7, iters: 3920, time: 0.132, data: 0.003) G_GAN: 0.552 G_LPIPS: 51.536 D_real: 1.632 D_fake: 0.139 \n"}
,{"stream_name":"stdout","time":3115.259935786,"data":"(epoch: 7, iters: 3940, time: 0.133, data: 0.003) G_GAN: 2.016 G_LPIPS: 51.448 D_real: 0.095 D_fake: 0.527 \n"}
,{"stream_name":"stdout","time":3115.259939782,"data":"(epoch: 7, iters: 3960, time: 0.132, data: 0.003) G_GAN: 2.003 G_LPIPS: 46.169 D_real: 0.343 D_fake: 0.295 \n"}
,{"stream_name":"stdout","time":3115.259943324,"data":"(epoch: 7, iters: 3980, time: 0.132, data: 0.003) G_GAN: 2.797 G_LPIPS: 54.406 D_real: 0.081 D_fake: 0.132 \n"}
,{"stream_name":"stdout","time":3115.259946995,"data":"(epoch: 7, iters: 4000, time: 0.131, data: 0.003) G_GAN: 3.224 G_LPIPS: 54.936 D_real: 0.004 D_fake: 0.996 \n"}
,{"stream_name":"stdout","time":3115.259950872,"data":"(epoch: 7, iters: 4020, time: 0.132, data: 0.003) G_GAN: 2.607 G_LPIPS: 58.977 D_real: 0.015 D_fake: 0.506 \n"}
,{"stream_name":"stdout","time":3115.259954113,"data":"(epoch: 7, iters: 4040, time: 0.133, data: 0.003) G_GAN: 2.012 G_LPIPS: 54.386 D_real: 0.057 D_fake: 0.380 \n"}
,{"stream_name":"stdout","time":3115.259957425,"data":"(epoch: 7, iters: 4060, time: 0.132, data: 0.004) G_GAN: 2.345 G_LPIPS: 55.223 D_real: 0.113 D_fake: 0.508 \n"}
,{"stream_name":"stdout","time":3115.259961032,"data":"(epoch: 7, iters: 4080, time: 0.132, data: 0.003) G_GAN: 2.260 G_LPIPS: 54.797 D_real: 0.117 D_fake: 0.850 \n"}
,{"stream_name":"stdout","time":3115.259964299,"data":"(epoch: 7, iters: 4100, time: 0.133, data: 0.004) G_GAN: 2.088 G_LPIPS: 58.126 D_real: 0.103 D_fake: 0.139 \n"}
,{"stream_name":"stdout","time":3115.259968087,"data":"(epoch: 7, iters: 4120, time: 0.132, data: 0.003) G_GAN: 1.618 G_LPIPS: 55.010 D_real: 0.869 D_fake: 0.035 \n"}
,{"stream_name":"stdout","time":3115.259971992,"data":"(epoch: 7, iters: 4140, time: 0.133, data: 0.003) G_GAN: 1.825 G_LPIPS: 53.741 D_real: 0.240 D_fake: 0.269 \n"}
,{"stream_name":"stdout","time":3115.259975084,"data":"(epoch: 7, iters: 4160, time: 0.132, data: 0.003) G_GAN: 2.629 G_LPIPS: 59.393 D_real: 0.064 D_fake: 0.587 \n"}
,{"stream_name":"stdout","time":3115.259978194,"data":"(epoch: 7, iters: 4180, time: 0.132, data: 0.003) G_GAN: 1.672 G_LPIPS: 54.572 D_real: 0.341 D_fake: 0.242 \n"}
,{"stream_name":"stdout","time":3115.259985699,"data":"(epoch: 7, iters: 4200, time: 0.132, data: 0.004) G_GAN: 1.003 G_LPIPS: 52.420 D_real: 0.677 D_fake: 0.217 \n"}
,{"stream_name":"stdout","time":3115.259989077,"data":"(epoch: 7, iters: 4220, time: 0.133, data: 0.003) G_GAN: 2.205 G_LPIPS: 53.195 D_real: 0.111 D_fake: 0.444 \n"}
,{"stream_name":"stdout","time":3115.259992512,"data":"(epoch: 7, iters: 4240, time: 0.132, data: 0.003) G_GAN: 3.619 G_LPIPS: 53.394 D_real: 0.412 D_fake: 0.031 \n"}
,{"stream_name":"stdout","time":3115.259996202,"data":"(epoch: 7, iters: 4260, time: 0.133, data: 0.003) G_GAN: 2.817 G_LPIPS: 53.672 D_real: 0.045 D_fake: 0.155 \n"}
,{"stream_name":"stdout","time":3115.259999849,"data":"(epoch: 7, iters: 4280, time: 0.133, data: 0.004) G_GAN: 1.208 G_LPIPS: 53.545 D_real: 0.242 D_fake: 0.368 \n"}
,{"stream_name":"stdout","time":3115.260003414,"data":"(epoch: 7, iters: 4300, time: 0.132, data: 0.003) G_GAN: 0.721 G_LPIPS: 59.588 D_real: 0.843 D_fake: 0.148 \n"}
,{"stream_name":"stdout","time":3115.26000735,"data":"(epoch: 7, iters: 4320, time: 0.133, data: 0.003) G_GAN: 2.999 G_LPIPS: 61.449 D_real: 0.006 D_fake: 0.210 \n"}
,{"stream_name":"stdout","time":3115.260010754,"data":"(epoch: 7, iters: 4340, time: 0.133, data: 0.003) G_GAN: 2.154 G_LPIPS: 57.533 D_real: 0.030 D_fake: 0.215 \n"}
,{"stream_name":"stdout","time":3115.260014058,"data":"(epoch: 7, iters: 4360, time: 0.134, data: 0.003) G_GAN: 1.244 G_LPIPS: 54.505 D_real: 0.452 D_fake: 0.428 \n"}
,{"stream_name":"stdout","time":3115.260018035,"data":"(epoch: 7, iters: 4380, time: 0.133, data: 0.003) G_GAN: 2.415 G_LPIPS: 51.819 D_real: 0.045 D_fake: 0.356 \n"}
,{"stream_name":"stdout","time":3115.260022132,"data":"(epoch: 7, iters: 4400, time: 0.132, data: 0.003) G_GAN: 2.250 G_LPIPS: 53.288 D_real: 0.026 D_fake: 0.816 \n"}
,{"stream_name":"stdout","time":3115.260025715,"data":"(epoch: 7, iters: 4420, time: 0.133, data: 0.004) G_GAN: 3.040 G_LPIPS: 57.268 D_real: 0.078 D_fake: 0.311 \n"}
,{"stream_name":"stdout","time":3115.26002918,"data":"(epoch: 7, iters: 4440, time: 0.133, data: 0.004) G_GAN: 3.455 G_LPIPS: 55.423 D_real: 0.078 D_fake: 0.153 \n"}
,{"stream_name":"stdout","time":3115.260032734,"data":"(epoch: 7, iters: 4460, time: 0.134, data: 0.003) G_GAN: 1.974 G_LPIPS: 59.398 D_real: 0.003 D_fake: 0.384 \n"}
,{"stream_name":"stdout","time":3115.260036185,"data":"(epoch: 7, iters: 4480, time: 0.134, data: 0.003) G_GAN: 2.489 G_LPIPS: 59.101 D_real: 0.281 D_fake: 0.165 \n"}
,{"stream_name":"stdout","time":3115.260039677,"data":"(epoch: 7, iters: 4500, time: 0.135, data: 0.003) G_GAN: 1.231 G_LPIPS: 52.285 D_real: 0.877 D_fake: 0.601 \n"}
,{"stream_name":"stdout","time":3115.260043207,"data":"(epoch: 7, iters: 4520, time: 0.133, data: 0.003) G_GAN: 1.758 G_LPIPS: 47.831 D_real: 0.307 D_fake: 0.322 \n"}
,{"stream_name":"stdout","time":3115.260046715,"data":"(epoch: 7, iters: 4540, time: 0.133, data: 0.003) G_GAN: 3.170 G_LPIPS: 55.949 D_real: 0.182 D_fake: 0.113 \n"}
,{"stream_name":"stdout","time":3115.260050155,"data":"(epoch: 7, iters: 4560, time: 0.132, data: 0.004) G_GAN: 2.631 G_LPIPS: 54.514 D_real: 0.180 D_fake: 0.119 \n"}
,{"stream_name":"stdout","time":3208.908957508,"data":"(epoch: 7, iters: 4580, time: 0.182, data: 0.003) G_GAN: 2.361 G_LPIPS: 59.660 D_real: 0.098 D_fake: 0.451 \n"}
,{"stream_name":"stdout","time":3208.908992581,"data":"(epoch: 7, iters: 4600, time: 0.133, data: 0.003) G_GAN: 2.506 G_LPIPS: 52.954 D_real: 0.077 D_fake: 0.304 \n"}
,{"stream_name":"stdout","time":3208.908998392,"data":"(epoch: 7, iters: 4620, time: 0.135, data: 0.003) G_GAN: 3.140 G_LPIPS: 57.603 D_real: 0.037 D_fake: 0.146 \n"}
,{"stream_name":"stdout","time":3208.909003227,"data":"(epoch: 7, iters: 4640, time: 0.134, data: 0.003) G_GAN: 2.849 G_LPIPS: 57.208 D_real: 0.088 D_fake: 0.223 \n"}
,{"stream_name":"stdout","time":3208.909017321,"data":"(epoch: 7, iters: 4660, time: 0.134, data: 0.004) G_GAN: 3.036 G_LPIPS: 55.699 D_real: 0.163 D_fake: 0.087 \n"}
,{"stream_name":"stdout","time":3208.909021256,"data":"(epoch: 7, iters: 4680, time: 0.134, data: 0.003) G_GAN: 1.610 G_LPIPS: 56.310 D_real: 0.349 D_fake: 0.373 \n"}
,{"stream_name":"stdout","time":3208.909024972,"data":"(epoch: 7, iters: 4700, time: 0.133, data: 0.003) G_GAN: 2.977 G_LPIPS: 55.390 D_real: 0.022 D_fake: 0.443 \n"}
,{"stream_name":"stdout","time":3208.909028668,"data":"(epoch: 7, iters: 4720, time: 0.133, data: 0.003) G_GAN: 1.980 G_LPIPS: 55.875 D_real: 0.411 D_fake: 0.124 \n"}
,{"stream_name":"stdout","time":3208.909032344,"data":"(epoch: 7, iters: 4740, time: 0.133, data: 0.003) G_GAN: 2.342 G_LPIPS: 56.431 D_real: 0.155 D_fake: 0.404 \n"}
,{"stream_name":"stdout","time":3208.909036518,"data":"(epoch: 7, iters: 4760, time: 0.134, data: 0.004) G_GAN: 2.358 G_LPIPS: 48.485 D_real: 0.146 D_fake: 1.021 \n"}
,{"stream_name":"stdout","time":3208.909040209,"data":"(epoch: 7, iters: 4780, time: 0.135, data: 0.004) G_GAN: 3.052 G_LPIPS: 60.457 D_real: 0.042 D_fake: 0.682 \n"}
,{"stream_name":"stdout","time":3208.909043836,"data":"(epoch: 7, iters: 4800, time: 0.134, data: 0.003) G_GAN: 2.056 G_LPIPS: 52.442 D_real: 0.118 D_fake: 0.287 \n"}
,{"stream_name":"stdout","time":3208.909047392,"data":"(epoch: 7, iters: 4820, time: 0.132, data: 0.003) G_GAN: 1.881 G_LPIPS: 55.326 D_real: 0.491 D_fake: 0.255 \n"}
,{"stream_name":"stdout","time":3208.909051109,"data":"(epoch: 7, iters: 4840, time: 0.133, data: 0.003) G_GAN: 0.374 G_LPIPS: 53.172 D_real: 1.395 D_fake: 0.075 \n"}
,{"stream_name":"stdout","time":3208.909054721,"data":"(epoch: 7, iters: 4860, time: 0.133, data: 0.003) G_GAN: 1.497 G_LPIPS: 56.285 D_real: 0.366 D_fake: 0.197 \n"}
,{"stream_name":"stdout","time":3208.909058335,"data":"(epoch: 7, iters: 4880, time: 0.133, data: 0.003) G_GAN: 2.081 G_LPIPS: 51.404 D_real: 0.565 D_fake: 0.105 \n"}
,{"stream_name":"stdout","time":3208.909062365,"data":"(epoch: 7, iters: 4900, time: 0.134, data: 0.003) G_GAN: 1.732 G_LPIPS: 55.372 D_real: 0.489 D_fake: 0.574 \n"}
,{"stream_name":"stdout","time":3208.909066082,"data":"(epoch: 7, iters: 4920, time: 0.134, data: 0.003) G_GAN: 2.040 G_LPIPS: 52.958 D_real: 0.211 D_fake: 0.177 \n"}
,{"stream_name":"stdout","time":3208.909069767,"data":"(epoch: 7, iters: 4940, time: 0.133, data: 0.003) G_GAN: 2.563 G_LPIPS: 59.093 D_real: 0.059 D_fake: 0.193 \n"}
,{"stream_name":"stdout","time":3208.909074589,"data":"(epoch: 7, iters: 4960, time: 0.133, data: 0.003) G_GAN: 2.954 G_LPIPS: 58.925 D_real: 0.350 D_fake: 0.038 \n"}
,{"stream_name":"stdout","time":3208.909078237,"data":"(epoch: 7, iters: 4980, time: 0.134, data: 0.003) G_GAN: 1.873 G_LPIPS: 54.689 D_real: 0.026 D_fake: 0.448 \n"}
,{"stream_name":"stdout","time":3208.909081912,"data":"(epoch: 7, iters: 5000, time: 0.133, data: 0.003) G_GAN: 1.784 G_LPIPS: 57.935 D_real: 1.052 D_fake: 0.024 \n"}
,{"stream_name":"stdout","time":3208.909085732,"data":"(epoch: 7, iters: 5020, time: 0.134, data: 0.003) G_GAN: 2.037 G_LPIPS: 58.214 D_real: 0.099 D_fake: 0.686 \n"}
,{"stream_name":"stdout","time":3208.90908939,"data":"(epoch: 7, iters: 5040, time: 0.133, data: 0.003) G_GAN: 2.203 G_LPIPS: 53.008 D_real: 0.122 D_fake: 0.314 \n"}
,{"stream_name":"stdout","time":3208.909093105,"data":"(epoch: 7, iters: 5060, time: 0.133, data: 0.003) G_GAN: 2.354 G_LPIPS: 60.639 D_real: 0.088 D_fake: 0.218 \n"}
,{"stream_name":"stdout","time":3208.909096903,"data":"(epoch: 7, iters: 5080, time: 0.134, data: 0.003) G_GAN: 1.742 G_LPIPS: 53.642 D_real: 0.202 D_fake: 0.640 \n"}
,{"stream_name":"stdout","time":3208.909100559,"data":"(epoch: 7, iters: 5100, time: 0.133, data: 0.003) G_GAN: 1.768 G_LPIPS: 54.560 D_real: 0.610 D_fake: 0.066 \n"}
,{"stream_name":"stdout","time":3208.909107554,"data":"(epoch: 7, iters: 5120, time: 0.134, data: 0.003) G_GAN: 1.744 G_LPIPS: 55.972 D_real: 0.344 D_fake: 0.263 \n"}
,{"stream_name":"stdout","time":3208.909111353,"data":"(epoch: 7, iters: 5140, time: 0.133, data: 0.003) G_GAN: 1.904 G_LPIPS: 51.939 D_real: 0.318 D_fake: 0.093 \n"}
,{"stream_name":"stdout","time":3208.909115076,"data":"(epoch: 7, iters: 5160, time: 0.135, data: 0.003) G_GAN: 1.945 G_LPIPS: 56.121 D_real: 0.186 D_fake: 0.121 \n"}
,{"stream_name":"stdout","time":3208.909118879,"data":"(epoch: 7, iters: 5180, time: 0.181, data: 0.003) G_GAN: 2.190 G_LPIPS: 55.004 D_real: 0.755 D_fake: 0.068 \n"}
,{"stream_name":"stdout","time":3208.909122513,"data":"(epoch: 7, iters: 5200, time: 0.134, data: 0.003) G_GAN: 3.196 G_LPIPS: 54.582 D_real: 0.311 D_fake: 0.040 \n"}
,{"stream_name":"stdout","time":3208.909126173,"data":"(epoch: 7, iters: 5220, time: 0.134, data: 0.003) G_GAN: 1.943 G_LPIPS: 52.952 D_real: 0.904 D_fake: 0.143 \n"}
,{"stream_name":"stdout","time":3208.909129971,"data":"(epoch: 7, iters: 5240, time: 0.133, data: 0.003) G_GAN: 1.723 G_LPIPS: 52.447 D_real: 0.342 D_fake: 0.548 \n"}
,{"stream_name":"stdout","time":3208.909133546,"data":"(epoch: 7, iters: 5260, time: 0.133, data: 0.003) G_GAN: 2.535 G_LPIPS: 55.096 D_real: 0.444 D_fake: 0.074 \n"}
,{"stream_name":"stdout","time":3208.909137165,"data":"(epoch: 7, iters: 5280, time: 0.133, data: 0.003) G_GAN: 2.823 G_LPIPS: 58.297 D_real: 0.088 D_fake: 0.497 \n"}
,{"stream_name":"stdout","time":3208.909140861,"data":"(epoch: 7, iters: 5300, time: 0.133, data: 0.003) G_GAN: 2.059 G_LPIPS: 55.533 D_real: 1.020 D_fake: 0.280 \n"}
,{"stream_name":"stdout","time":3208.909144661,"data":"(epoch: 7, iters: 5320, time: 0.134, data: 0.003) G_GAN: 1.730 G_LPIPS: 52.255 D_real: 0.793 D_fake: 0.066 \n"}
,{"stream_name":"stdout","time":3208.909148687,"data":"(epoch: 7, iters: 5340, time: 0.133, data: 0.003) G_GAN: 2.485 G_LPIPS: 55.272 D_real: 0.604 D_fake: 0.033 \n"}
,{"stream_name":"stdout","time":3208.909152674,"data":"(epoch: 7, iters: 5360, time: 0.133, data: 0.003) G_GAN: 2.227 G_LPIPS: 56.501 D_real: 0.286 D_fake: 0.087 \n"}
,{"stream_name":"stdout","time":3208.909156334,"data":"(epoch: 7, iters: 5380, time: 0.135, data: 0.003) G_GAN: 1.705 G_LPIPS: 54.174 D_real: 0.378 D_fake: 0.178 \n"}
,{"stream_name":"stdout","time":3208.909160023,"data":"(epoch: 7, iters: 5400, time: 0.134, data: 0.003) G_GAN: 1.566 G_LPIPS: 53.109 D_real: 0.209 D_fake: 0.243 \n"}
,{"stream_name":"stdout","time":3208.909163592,"data":"(epoch: 7, iters: 5420, time: 0.136, data: 0.004) G_GAN: 3.048 G_LPIPS: 56.063 D_real: 0.237 D_fake: 0.024 \n"}
,{"stream_name":"stdout","time":3208.909167161,"data":"(epoch: 7, iters: 5440, time: 0.135, data: 0.003) G_GAN: 2.610 G_LPIPS: 56.010 D_real: 0.197 D_fake: 0.091 \n"}
,{"stream_name":"stdout","time":3208.909171147,"data":"(epoch: 7, iters: 5460, time: 0.133, data: 0.003) G_GAN: 2.072 G_LPIPS: 56.133 D_real: 0.490 D_fake: 0.400 \n"}
,{"stream_name":"stdout","time":3208.909174915,"data":"(epoch: 7, iters: 5480, time: 0.135, data: 0.003) G_GAN: 2.997 G_LPIPS: 56.242 D_real: 0.048 D_fake: 0.347 \n"}
,{"stream_name":"stdout","time":3208.909178922,"data":"(epoch: 7, iters: 5500, time: 0.134, data: 0.003) G_GAN: 2.251 G_LPIPS: 58.760 D_real: 0.181 D_fake: 0.185 \n"}
,{"stream_name":"stdout","time":3208.909182665,"data":"(epoch: 7, iters: 5520, time: 0.183, data: 0.003) G_GAN: 2.336 G_LPIPS: 55.989 D_real: 0.430 D_fake: 0.087 \n"}
,{"stream_name":"stdout","time":3208.909186322,"data":"(epoch: 7, iters: 5540, time: 0.133, data: 0.003) G_GAN: 1.939 G_LPIPS: 58.890 D_real: 0.194 D_fake: 0.334 \n"}
,{"stream_name":"stdout","time":3208.909190169,"data":"(epoch: 7, iters: 5560, time: 0.135, data: 0.003) G_GAN: 2.356 G_LPIPS: 55.868 D_real: 0.203 D_fake: 0.202 \n"}
,{"stream_name":"stdout","time":3208.909196374,"data":"(epoch: 7, iters: 5580, time: 0.086, data: 0.003) G_GAN: 3.819 G_LPIPS: 65.393 D_real: 0.000 D_fake: 0.550 \n"}
,{"stream_name":"stdout","time":3208.909200285,"data":"saving the model at the end of epoch 7, iters 27900\n"}
,{"stream_name":"stdout","time":3208.909204078,"data":"End of epoch 7 / 20 \t Time Taken: 505 sec\n"}
,{"stream_name":"stdout","time":3208.909208022,"data":"learning rate 0.0001000 -\u003e 0.0001000\n"}
,{"stream_name":"stdout","time":3354.077407638,"data":"(epoch: 8, iters: 20, time: 0.229, data: 0.272) G_GAN: 2.241 G_LPIPS: 55.287 D_real: 0.261 D_fake: 0.175 \n"}
,{"stream_name":"stdout","time":3354.077446887,"data":"(epoch: 8, iters: 40, time: 0.133, data: 0.003) G_GAN: 3.427 G_LPIPS: 58.093 D_real: 0.311 D_fake: 0.032 \n"}
,{"stream_name":"stdout","time":3354.077452898,"data":"(epoch: 8, iters: 60, time: 0.134, data: 0.003) G_GAN: 1.347 G_LPIPS: 53.606 D_real: 0.374 D_fake: 0.157 \n"}
,{"stream_name":"stdout","time":3354.077457503,"data":"(epoch: 8, iters: 80, time: 0.133, data: 0.003) G_GAN: 1.453 G_LPIPS: 57.510 D_real: 0.658 D_fake: 0.076 \n"}
,{"stream_name":"stdout","time":3354.077462156,"data":"(epoch: 8, iters: 100, time: 0.150, data: 0.003) G_GAN: 2.476 G_LPIPS: 57.185 D_real: 0.162 D_fake: 0.097 \n"}
,{"stream_name":"stdout","time":3354.077466483,"data":"(epoch: 8, iters: 120, time: 0.133, data: 0.003) G_GAN: 2.682 G_LPIPS: 57.232 D_real: 0.015 D_fake: 1.587 \n"}
,{"stream_name":"stdout","time":3354.077470885,"data":"(epoch: 8, iters: 140, time: 0.136, data: 0.003) G_GAN: 2.502 G_LPIPS: 55.039 D_real: 0.291 D_fake: 0.264 \n"}
,{"stream_name":"stdout","time":3354.077475479,"data":"(epoch: 8, iters: 160, time: 0.135, data: 0.003) G_GAN: 1.826 G_LPIPS: 52.883 D_real: 0.193 D_fake: 0.337 \n"}
,{"stream_name":"stdout","time":3354.077479896,"data":"(epoch: 8, iters: 180, time: 0.135, data: 0.003) G_GAN: 1.572 G_LPIPS: 55.878 D_real: 0.217 D_fake: 0.229 \n"}
,{"stream_name":"stdout","time":3354.077484024,"data":"(epoch: 8, iters: 200, time: 0.134, data: 0.003) G_GAN: 2.747 G_LPIPS: 56.877 D_real: 0.020 D_fake: 0.463 \n"}
,{"stream_name":"stdout","time":3354.077488611,"data":"(epoch: 8, iters: 220, time: 0.133, data: 0.003) G_GAN: 2.865 G_LPIPS: 51.002 D_real: 0.183 D_fake: 0.286 \n"}
,{"stream_name":"stdout","time":3354.077492588,"data":"(epoch: 8, iters: 240, time: 0.134, data: 0.004) G_GAN: 3.348 G_LPIPS: 57.849 D_real: 0.032 D_fake: 0.130 \n"}
,{"stream_name":"stdout","time":3354.077497632,"data":"(epoch: 8, iters: 260, time: 0.134, data: 0.003) G_GAN: 3.275 G_LPIPS: 52.650 D_real: 0.141 D_fake: 0.124 \n"}
,{"stream_name":"stdout","time":3354.077502168,"data":"(epoch: 8, iters: 280, time: 0.134, data: 0.003) G_GAN: 2.421 G_LPIPS: 53.287 D_real: 0.140 D_fake: 0.131 \n"}
,{"stream_name":"stdout","time":3354.077506571,"data":"(epoch: 8, iters: 300, time: 0.135, data: 0.003) G_GAN: 1.592 G_LPIPS: 56.176 D_real: 0.528 D_fake: 0.201 \n"}
,{"stream_name":"stdout","time":3354.077511028,"data":"(epoch: 8, iters: 320, time: 0.133, data: 0.003) G_GAN: 1.172 G_LPIPS: 50.106 D_real: 0.365 D_fake: 0.168 \n"}
,{"stream_name":"stdout","time":3354.077516008,"data":"(epoch: 8, iters: 340, time: 0.144, data: 0.003) G_GAN: 2.740 G_LPIPS: 56.698 D_real: 0.498 D_fake: 0.036 \n"}
,{"stream_name":"stdout","time":3354.077520711,"data":"(epoch: 8, iters: 360, time: 0.136, data: 0.003) G_GAN: 1.337 G_LPIPS: 55.905 D_real: 0.073 D_fake: 0.438 \n"}
,{"stream_name":"stdout","time":3354.077525682,"data":"(epoch: 8, iters: 380, time: 0.136, data: 0.004) G_GAN: 0.363 G_LPIPS: 52.447 D_real: 1.327 D_fake: 0.052 \n"}
,{"stream_name":"stdout","time":3354.077531552,"data":"(epoch: 8, iters: 400, time: 0.135, data: 0.003) G_GAN: 2.548 G_LPIPS: 53.259 D_real: 0.236 D_fake: 0.056 \n"}
,{"stream_name":"stdout","time":3354.077550428,"data":"(epoch: 8, iters: 420, time: 0.135, data: 0.003) G_GAN: 2.314 G_LPIPS: 54.774 D_real: 0.182 D_fake: 0.165 \n"}
,{"stream_name":"stdout","time":3354.077554473,"data":"(epoch: 8, iters: 440, time: 0.135, data: 0.003) G_GAN: 1.776 G_LPIPS: 55.867 D_real: 0.411 D_fake: 0.068 \n"}
,{"stream_name":"stdout","time":3354.07757894,"data":"(epoch: 8, iters: 460, time: 0.135, data: 0.003) G_GAN: 1.261 G_LPIPS: 52.450 D_real: 0.227 D_fake: 0.140 \n"}
,{"stream_name":"stdout","time":3354.077584833,"data":"(epoch: 8, iters: 480, time: 0.133, data: 0.003) G_GAN: 2.111 G_LPIPS: 58.834 D_real: 0.019 D_fake: 0.372 \n"}
,{"stream_name":"stdout","time":3354.077588188,"data":"(epoch: 8, iters: 500, time: 0.135, data: 0.003) G_GAN: 1.556 G_LPIPS: 55.441 D_real: 0.438 D_fake: 0.079 \n"}
,{"stream_name":"stdout","time":3354.077591646,"data":"(epoch: 8, iters: 520, time: 0.136, data: 0.003) G_GAN: 3.079 G_LPIPS: 59.959 D_real: 0.091 D_fake: 0.039 \n"}
,{"stream_name":"stdout","time":3354.077594857,"data":"(epoch: 8, iters: 540, time: 0.137, data: 0.003) G_GAN: 3.232 G_LPIPS: 57.729 D_real: 0.026 D_fake: 0.853 \n"}
,{"stream_name":"stdout","time":3354.077598436,"data":"(epoch: 8, iters: 560, time: 0.134, data: 0.003) G_GAN: 1.561 G_LPIPS: 56.353 D_real: 0.697 D_fake: 0.031 \n"}
,{"stream_name":"stdout","time":3354.07760183,"data":"(epoch: 8, iters: 580, time: 0.134, data: 0.004) G_GAN: 2.962 G_LPIPS: 58.496 D_real: 0.413 D_fake: 0.031 \n"}
,{"stream_name":"stdout","time":3354.077605077,"data":"(epoch: 8, iters: 600, time: 0.136, data: 0.004) G_GAN: 1.252 G_LPIPS: 46.174 D_real: 1.153 D_fake: 0.218 \n"}
,{"stream_name":"stdout","time":3354.077608405,"data":"(epoch: 8, iters: 620, time: 0.135, data: 0.003) G_GAN: 1.322 G_LPIPS: 50.936 D_real: 0.272 D_fake: 0.295 \n"}
,{"stream_name":"stdout","time":3354.077611408,"data":"(epoch: 8, iters: 640, time: 0.134, data: 0.003) G_GAN: 2.052 G_LPIPS: 52.951 D_real: 0.179 D_fake: 0.260 \n"}
,{"stream_name":"stdout","time":3354.077615431,"data":"(epoch: 8, iters: 660, time: 0.135, data: 0.003) G_GAN: 2.307 G_LPIPS: 54.155 D_real: 0.622 D_fake: 0.050 \n"}
,{"stream_name":"stdout","time":3354.077618786,"data":"(epoch: 8, iters: 680, time: 0.136, data: 0.003) G_GAN: 2.826 G_LPIPS: 53.040 D_real: 0.075 D_fake: 0.266 \n"}
,{"stream_name":"stdout","time":3354.077622291,"data":"(epoch: 8, iters: 700, time: 0.136, data: 0.003) G_GAN: 2.634 G_LPIPS: 53.773 D_real: 0.651 D_fake: 0.071 \n"}
,{"stream_name":"stdout","time":3354.077625846,"data":"(epoch: 8, iters: 720, time: 0.134, data: 0.003) G_GAN: 2.995 G_LPIPS: 51.948 D_real: 0.113 D_fake: 0.784 \n"}
,{"stream_name":"stdout","time":3354.077629658,"data":"(epoch: 8, iters: 740, time: 0.135, data: 0.004) G_GAN: 2.691 G_LPIPS: 54.272 D_real: 0.133 D_fake: 0.858 \n"}
,{"stream_name":"stdout","time":3354.077633435,"data":"(epoch: 8, iters: 760, time: 0.135, data: 0.003) G_GAN: 1.674 G_LPIPS: 55.188 D_real: 0.121 D_fake: 0.421 \n"}
,{"stream_name":"stdout","time":3354.077638019,"data":"(epoch: 8, iters: 780, time: 0.134, data: 0.003) G_GAN: 3.663 G_LPIPS: 53.527 D_real: 0.198 D_fake: 0.037 \n"}
,{"stream_name":"stdout","time":3354.077641698,"data":"(epoch: 8, iters: 800, time: 0.134, data: 0.003) G_GAN: 2.285 G_LPIPS: 58.809 D_real: 0.046 D_fake: 0.222 \n"}
,{"stream_name":"stdout","time":3354.077645426,"data":"(epoch: 8, iters: 820, time: 0.184, data: 0.003) G_GAN: 1.197 G_LPIPS: 55.937 D_real: 0.831 D_fake: 0.138 \n"}
,{"stream_name":"stdout","time":3354.077649133,"data":"(epoch: 8, iters: 840, time: 0.135, data: 0.003) G_GAN: 2.389 G_LPIPS: 59.420 D_real: 0.349 D_fake: 0.056 \n"}
,{"stream_name":"stdout","time":3354.077653033,"data":"(epoch: 8, iters: 860, time: 0.135, data: 0.003) G_GAN: 2.423 G_LPIPS: 55.789 D_real: 0.298 D_fake: 0.095 \n"}
,{"stream_name":"stdout","time":3354.077656873,"data":"(epoch: 8, iters: 880, time: 0.134, data: 0.003) G_GAN: 3.576 G_LPIPS: 59.208 D_real: 0.078 D_fake: 0.098 \n"}
,{"stream_name":"stdout","time":3354.077665759,"data":"(epoch: 8, iters: 900, time: 0.172, data: 0.003) G_GAN: 3.351 G_LPIPS: 51.937 D_real: 0.070 D_fake: 1.055 \n"}
,{"stream_name":"stdout","time":3354.077669838,"data":"(epoch: 8, iters: 920, time: 0.134, data: 0.004) G_GAN: 2.064 G_LPIPS: 52.040 D_real: 0.334 D_fake: 0.618 \n"}
,{"stream_name":"stdout","time":3354.077673234,"data":"(epoch: 8, iters: 940, time: 0.136, data: 0.004) G_GAN: 2.383 G_LPIPS: 59.376 D_real: 0.056 D_fake: 0.340 \n"}
,{"stream_name":"stdout","time":3354.077677154,"data":"(epoch: 8, iters: 960, time: 0.134, data: 0.003) G_GAN: 2.296 G_LPIPS: 50.287 D_real: 0.907 D_fake: 0.444 \n"}
,{"stream_name":"stdout","time":3354.077680319,"data":"(epoch: 8, iters: 980, time: 0.141, data: 0.003) G_GAN: 2.422 G_LPIPS: 60.299 D_real: 0.067 D_fake: 0.085 \n"}
,{"stream_name":"stdout","time":3354.077684174,"data":"(epoch: 8, iters: 1000, time: 0.134, data: 0.003) G_GAN: 2.389 G_LPIPS: 56.281 D_real: 0.100 D_fake: 0.118 \n"}
,{"stream_name":"stdout","time":3354.077688059,"data":"(epoch: 8, iters: 1020, time: 0.135, data: 0.003) G_GAN: 2.142 G_LPIPS: 51.605 D_real: 0.318 D_fake: 0.098 \n"}
,{"stream_name":"stdout","time":3354.077692169,"data":"(epoch: 8, iters: 1040, time: 0.134, data: 0.003) G_GAN: 2.367 G_LPIPS: 53.318 D_real: 0.081 D_fake: 0.157 \n"}
,{"stream_name":"stdout","time":3354.077696019,"data":"(epoch: 8, iters: 1060, time: 0.135, data: 0.003) G_GAN: 2.537 G_LPIPS: 57.883 D_real: 0.094 D_fake: 0.344 \n"}
,{"stream_name":"stdout","time":3354.077699612,"data":"(epoch: 8, iters: 1080, time: 0.134, data: 0.003) G_GAN: 2.462 G_LPIPS: 59.302 D_real: 0.010 D_fake: 0.355 \n"}
,{"stream_name":"stdout","time":3354.077703109,"data":"(epoch: 8, iters: 1100, time: 0.135, data: 0.004) G_GAN: 3.060 G_LPIPS: 56.520 D_real: 0.134 D_fake: 0.842 \n"}
,{"stream_name":"stdout","time":3354.077707866,"data":"(epoch: 8, iters: 1120, time: 0.134, data: 0.003) G_GAN: 3.370 G_LPIPS: 54.312 D_real: 0.033 D_fake: 0.268 \n"}
,{"stream_name":"stdout","time":3354.077715168,"data":"(epoch: 8, iters: 1140, time: 0.134, data: 0.003) G_GAN: 2.880 G_LPIPS: 58.465 D_real: 0.014 D_fake: 0.450 \n"}
,{"stream_name":"stdout","time":3354.077719904,"data":"(epoch: 8, iters: 1160, time: 0.135, data: 0.003) G_GAN: 3.364 G_LPIPS: 61.104 D_real: 0.039 D_fake: 0.081 \n"}
,{"stream_name":"stdout","time":3354.077722465,"data":"(epoch: 8, iters: 1180, time: 0.138, data: 0.003) G_GAN: 2.874 G_LPIPS: 54.136 D_real: 0.610 D_fake: 0.027 \n"}
,{"stream_name":"stdout","time":3354.077724726,"data":"(epoch: 8, iters: 1200, time: 0.136, data: 0.004) G_GAN: 2.822 G_LPIPS: 57.919 D_real: 0.029 D_fake: 0.383 \n"}
,{"stream_name":"stdout","time":3354.077727004,"data":"(epoch: 8, iters: 1220, time: 0.136, data: 0.003) G_GAN: 3.083 G_LPIPS: 56.533 D_real: 0.052 D_fake: 0.259 \n"}
,{"stream_name":"stdout","time":3354.077729272,"data":"(epoch: 8, iters: 1240, time: 0.135, data: 0.003) G_GAN: 3.057 G_LPIPS: 56.841 D_real: 0.064 D_fake: 1.297 \n"}
,{"stream_name":"stdout","time":3354.077731621,"data":"(epoch: 8, iters: 1260, time: 0.135, data: 0.003) G_GAN: 1.742 G_LPIPS: 53.606 D_real: 0.172 D_fake: 1.064 \n"}
,{"stream_name":"stdout","time":3354.077733879,"data":"(epoch: 8, iters: 1280, time: 0.134, data: 0.003) G_GAN: 3.227 G_LPIPS: 50.182 D_real: 0.068 D_fake: 0.999 \n"}
,{"stream_name":"stdout","time":3354.077736126,"data":"(epoch: 8, iters: 1300, time: 0.135, data: 0.004) G_GAN: 2.002 G_LPIPS: 58.220 D_real: 0.729 D_fake: 0.036 \n"}
,{"stream_name":"stdout","time":3354.077738383,"data":"(epoch: 8, iters: 1320, time: 0.135, data: 0.003) G_GAN: 1.770 G_LPIPS: 53.528 D_real: 0.489 D_fake: 0.084 \n"}
,{"stream_name":"stdout","time":3354.077740729,"data":"(epoch: 8, iters: 1340, time: 0.136, data: 0.003) G_GAN: 2.346 G_LPIPS: 59.715 D_real: 0.173 D_fake: 0.494 \n"}
,{"stream_name":"stdout","time":3354.07774612,"data":"(epoch: 8, iters: 1360, time: 0.186, data: 0.003) G_GAN: 2.933 G_LPIPS: 55.799 D_real: 0.024 D_fake: 0.959 \n"}
,{"stream_name":"stdout","time":3354.077748567,"data":"(epoch: 8, iters: 1380, time: 0.135, data: 0.003) G_GAN: 2.140 G_LPIPS: 54.552 D_real: 0.401 D_fake: 0.533 \n"}
,{"stream_name":"stdout","time":3354.077750851,"data":"(epoch: 8, iters: 1400, time: 0.135, data: 0.003) G_GAN: 2.747 G_LPIPS: 49.540 D_real: 0.105 D_fake: 0.795 \n"}
,{"stream_name":"stdout","time":3354.077753199,"data":"(epoch: 8, iters: 1420, time: 0.136, data: 0.003) G_GAN: 2.314 G_LPIPS: 52.040 D_real: 0.130 D_fake: 0.773 \n"}
,{"stream_name":"stdout","time":3354.077755459,"data":"(epoch: 8, iters: 1440, time: 0.184, data: 0.004) G_GAN: 2.146 G_LPIPS: 54.329 D_real: 0.176 D_fake: 0.146 \n"}
,{"stream_name":"stdout","time":3354.077757726,"data":"(epoch: 8, iters: 1460, time: 0.134, data: 0.003) G_GAN: 1.920 G_LPIPS: 52.765 D_real: 0.474 D_fake: 0.121 \n"}
,{"stream_name":"stdout","time":3354.077759998,"data":"(epoch: 8, iters: 1480, time: 0.134, data: 0.003) G_GAN: 1.777 G_LPIPS: 57.712 D_real: 0.180 D_fake: 0.128 \n"}
,{"stream_name":"stdout","time":3354.077762384,"data":"(epoch: 8, iters: 1500, time: 0.134, data: 0.003) G_GAN: 2.327 G_LPIPS: 47.949 D_real: 0.224 D_fake: 0.359 \n"}
,{"stream_name":"stdout","time":3354.077764641,"data":"(epoch: 8, iters: 1520, time: 0.135, data: 0.004) G_GAN: 2.376 G_LPIPS: 56.099 D_real: 0.099 D_fake: 0.560 \n"}
,{"stream_name":"stdout","time":3499.117189984,"data":"(epoch: 8, iters: 1540, time: 0.134, data: 0.003) G_GAN: 1.775 G_LPIPS: 56.121 D_real: 0.388 D_fake: 0.092 \n"}
,{"stream_name":"stdout","time":3499.11725261,"data":"(epoch: 8, iters: 1560, time: 0.135, data: 0.003) G_GAN: 2.187 G_LPIPS: 55.323 D_real: 0.028 D_fake: 0.531 \n"}
,{"stream_name":"stdout","time":3499.117259682,"data":"(epoch: 8, iters: 1580, time: 0.135, data: 0.003) G_GAN: 2.618 G_LPIPS: 51.563 D_real: 0.135 D_fake: 0.351 \n"}
,{"stream_name":"stdout","time":3499.117264473,"data":"(epoch: 8, iters: 1600, time: 0.135, data: 0.003) G_GAN: 1.872 G_LPIPS: 53.445 D_real: 0.187 D_fake: 0.378 \n"}
,{"stream_name":"stdout","time":3499.117269006,"data":"(epoch: 8, iters: 1620, time: 0.132, data: 0.003) G_GAN: 1.526 G_LPIPS: 54.856 D_real: 0.074 D_fake: 0.437 \n"}
,{"stream_name":"stdout","time":3499.117273894,"data":"(epoch: 8, iters: 1640, time: 0.137, data: 0.003) G_GAN: 0.718 G_LPIPS: 54.634 D_real: 0.888 D_fake: 0.057 \n"}
,{"stream_name":"stdout","time":3499.117278451,"data":"(epoch: 8, iters: 1660, time: 0.135, data: 0.004) G_GAN: 2.452 G_LPIPS: 58.831 D_real: 0.066 D_fake: 0.199 \n"}
,{"stream_name":"stdout","time":3499.117282936,"data":"(epoch: 8, iters: 1680, time: 0.135, data: 0.003) G_GAN: 3.280 G_LPIPS: 55.973 D_real: 0.048 D_fake: 0.251 \n"}
,{"stream_name":"stdout","time":3499.117287373,"data":"(epoch: 8, iters: 1700, time: 0.135, data: 0.003) G_GAN: 1.176 G_LPIPS: 52.825 D_real: 0.570 D_fake: 0.306 \n"}
,{"stream_name":"stdout","time":3499.117291889,"data":"(epoch: 8, iters: 1720, time: 0.134, data: 0.003) G_GAN: 2.040 G_LPIPS: 54.740 D_real: 0.094 D_fake: 0.911 \n"}
,{"stream_name":"stdout","time":3499.117296379,"data":"(epoch: 8, iters: 1740, time: 0.135, data: 0.004) G_GAN: 1.073 G_LPIPS: 55.614 D_real: 0.693 D_fake: 0.274 \n"}
,{"stream_name":"stdout","time":3499.117306067,"data":"(epoch: 8, iters: 1760, time: 0.136, data: 0.003) G_GAN: 1.808 G_LPIPS: 51.752 D_real: 0.183 D_fake: 0.388 \n"}
,{"stream_name":"stdout","time":3499.117309294,"data":"(epoch: 8, iters: 1780, time: 0.135, data: 0.003) G_GAN: 2.393 G_LPIPS: 55.909 D_real: 0.167 D_fake: 0.593 \n"}
,{"stream_name":"stdout","time":3499.117312356,"data":"(epoch: 8, iters: 1800, time: 0.136, data: 0.003) G_GAN: 1.737 G_LPIPS: 54.720 D_real: 0.053 D_fake: 0.999 \n"}
,{"stream_name":"stdout","time":3499.117342259,"data":"(epoch: 8, iters: 1820, time: 0.135, data: 0.003) G_GAN: 2.374 G_LPIPS: 55.220 D_real: 0.486 D_fake: 0.050 \n"}
,{"stream_name":"stdout","time":3499.117347522,"data":"(epoch: 8, iters: 1840, time: 0.134, data: 0.003) G_GAN: 3.278 G_LPIPS: 54.766 D_real: 0.376 D_fake: 0.017 \n"}
,{"stream_name":"stdout","time":3499.117351622,"data":"(epoch: 8, iters: 1860, time: 0.136, data: 0.004) G_GAN: 3.595 G_LPIPS: 57.577 D_real: 0.138 D_fake: 0.055 \n"}
,{"stream_name":"stdout","time":3499.117355144,"data":"(epoch: 8, iters: 1880, time: 0.136, data: 0.003) G_GAN: 2.296 G_LPIPS: 52.209 D_real: 1.128 D_fake: 0.033 \n"}
,{"stream_name":"stdout","time":3499.117358702,"data":"(epoch: 8, iters: 1900, time: 0.183, data: 0.003) G_GAN: 1.608 G_LPIPS: 54.674 D_real: 0.199 D_fake: 0.270 \n"}
,{"stream_name":"stdout","time":3499.117363493,"data":"(epoch: 8, iters: 1920, time: 0.134, data: 0.003) G_GAN: 1.636 G_LPIPS: 54.212 D_real: 0.113 D_fake: 0.365 \n"}
,{"stream_name":"stdout","time":3499.117366994,"data":"(epoch: 8, iters: 1940, time: 0.135, data: 0.003) G_GAN: 1.686 G_LPIPS: 53.837 D_real: 0.175 D_fake: 0.365 \n"}
,{"stream_name":"stdout","time":3499.117370592,"data":"(epoch: 8, iters: 1960, time: 0.134, data: 0.003) G_GAN: 2.098 G_LPIPS: 58.399 D_real: 0.103 D_fake: 0.436 \n"}
,{"stream_name":"stdout","time":3499.117374069,"data":"(epoch: 8, iters: 1980, time: 0.136, data: 0.003) G_GAN: 2.064 G_LPIPS: 51.376 D_real: 0.074 D_fake: 1.010 \n"}
,{"stream_name":"stdout","time":3499.117377554,"data":"(epoch: 8, iters: 2000, time: 0.135, data: 0.003) G_GAN: 3.060 G_LPIPS: 60.390 D_real: 0.013 D_fake: 0.931 \n"}
,{"stream_name":"stdout","time":3499.117381109,"data":"(epoch: 8, iters: 2020, time: 0.137, data: 0.003) G_GAN: 3.265 G_LPIPS: 53.660 D_real: 0.623 D_fake: 0.019 \n"}
,{"stream_name":"stdout","time":3499.117384679,"data":"(epoch: 8, iters: 2040, time: 0.140, data: 0.003) G_GAN: 2.898 G_LPIPS: 52.281 D_real: 0.148 D_fake: 0.701 \n"}
,{"stream_name":"stdout","time":3499.117388424,"data":"(epoch: 8, iters: 2060, time: 0.139, data: 0.003) G_GAN: 2.359 G_LPIPS: 55.742 D_real: 0.078 D_fake: 0.409 \n"}
,{"stream_name":"stdout","time":3499.117392024,"data":"(epoch: 8, iters: 2080, time: 0.135, data: 0.003) G_GAN: 3.272 G_LPIPS: 59.102 D_real: 0.091 D_fake: 0.097 \n"}
,{"stream_name":"stdout","time":3499.117395478,"data":"(epoch: 8, iters: 2100, time: 0.151, data: 0.003) G_GAN: 1.975 G_LPIPS: 55.630 D_real: 0.123 D_fake: 0.441 \n"}
,{"stream_name":"stdout","time":3499.117399356,"data":"saving the latest model (epoch 8, total_iters 30000)\n"}
,{"stream_name":"stdout","time":3499.117403342,"data":"(epoch: 8, iters: 2120, time: 0.138, data: 0.003) G_GAN: 0.705 G_LPIPS: 52.147 D_real: 1.687 D_fake: 0.196 \n"}
,{"stream_name":"stdout","time":3499.117407201,"data":"(epoch: 8, iters: 2140, time: 0.135, data: 0.004) G_GAN: 2.560 G_LPIPS: 59.325 D_real: 0.053 D_fake: 0.211 \n"}
,{"stream_name":"stdout","time":3499.117410714,"data":"(epoch: 8, iters: 2160, time: 0.135, data: 0.003) G_GAN: 1.064 G_LPIPS: 48.895 D_real: 1.078 D_fake: 0.254 \n"}
,{"stream_name":"stdout","time":3499.117414315,"data":"(epoch: 8, iters: 2180, time: 0.135, data: 0.003) G_GAN: 2.009 G_LPIPS: 56.596 D_real: 0.092 D_fake: 0.163 \n"}
,{"stream_name":"stdout","time":3499.117418476,"data":"(epoch: 8, iters: 2200, time: 0.136, data: 0.003) G_GAN: 2.754 G_LPIPS: 57.451 D_real: 0.033 D_fake: 0.165 \n"}
,{"stream_name":"stdout","time":3499.117422681,"data":"(epoch: 8, iters: 2220, time: 0.136, data: 0.003) G_GAN: 2.152 G_LPIPS: 53.955 D_real: 0.470 D_fake: 0.085 \n"}
,{"stream_name":"stdout","time":3499.117426649,"data":"(epoch: 8, iters: 2240, time: 0.137, data: 0.003) G_GAN: 1.384 G_LPIPS: 56.406 D_real: 0.028 D_fake: 0.268 \n"}
,{"stream_name":"stdout","time":3499.117434433,"data":"(epoch: 8, iters: 2260, time: 0.136, data: 0.003) G_GAN: 1.596 G_LPIPS: 53.789 D_real: 0.102 D_fake: 0.874 \n"}
,{"stream_name":"stdout","time":3499.117437517,"data":"(epoch: 8, iters: 2280, time: 0.136, data: 0.003) G_GAN: 2.644 G_LPIPS: 54.835 D_real: 0.053 D_fake: 0.197 \n"}
,{"stream_name":"stdout","time":3499.117441002,"data":"(epoch: 8, iters: 2300, time: 0.136, data: 0.003) G_GAN: 2.695 G_LPIPS: 52.367 D_real: 0.356 D_fake: 0.340 \n"}
,{"stream_name":"stdout","time":3499.117444244,"data":"(epoch: 8, iters: 2320, time: 0.136, data: 0.003) G_GAN: 2.188 G_LPIPS: 56.071 D_real: 0.153 D_fake: 0.324 \n"}
,{"stream_name":"stdout","time":3499.117447812,"data":"(epoch: 8, iters: 2340, time: 0.135, data: 0.003) G_GAN: 3.689 G_LPIPS: 56.865 D_real: 0.099 D_fake: 0.040 \n"}
,{"stream_name":"stdout","time":3499.117450997,"data":"(epoch: 8, iters: 2360, time: 0.184, data: 0.003) G_GAN: 2.676 G_LPIPS: 57.501 D_real: 0.338 D_fake: 0.153 \n"}
,{"stream_name":"stdout","time":3499.117454868,"data":"(epoch: 8, iters: 2380, time: 0.136, data: 0.003) G_GAN: 2.240 G_LPIPS: 56.972 D_real: 0.172 D_fake: 0.195 \n"}
,{"stream_name":"stdout","time":3499.117458251,"data":"(epoch: 8, iters: 2400, time: 0.136, data: 0.003) G_GAN: 2.079 G_LPIPS: 51.698 D_real: 0.272 D_fake: 0.458 \n"}
,{"stream_name":"stdout","time":3499.117461605,"data":"(epoch: 8, iters: 2420, time: 0.135, data: 0.003) G_GAN: 2.160 G_LPIPS: 56.438 D_real: 0.292 D_fake: 0.439 \n"}
,{"stream_name":"stdout","time":3499.117465022,"data":"(epoch: 8, iters: 2440, time: 0.135, data: 0.003) G_GAN: 2.024 G_LPIPS: 53.080 D_real: 0.142 D_fake: 0.221 \n"}
,{"stream_name":"stdout","time":3499.117468891,"data":"(epoch: 8, iters: 2460, time: 0.136, data: 0.003) G_GAN: 1.468 G_LPIPS: 49.202 D_real: 0.197 D_fake: 0.312 \n"}
,{"stream_name":"stdout","time":3499.117471971,"data":"(epoch: 8, iters: 2480, time: 0.135, data: 0.003) G_GAN: 3.011 G_LPIPS: 52.997 D_real: 0.018 D_fake: 0.280 \n"}
,{"stream_name":"stdout","time":3499.117475649,"data":"(epoch: 8, iters: 2500, time: 0.136, data: 0.003) G_GAN: 2.345 G_LPIPS: 51.203 D_real: 0.197 D_fake: 0.242 \n"}
,{"stream_name":"stdout","time":3499.117479449,"data":"(epoch: 8, iters: 2520, time: 0.134, data: 0.003) G_GAN: 3.713 G_LPIPS: 58.492 D_real: 0.008 D_fake: 0.104 \n"}
,{"stream_name":"stdout","time":3499.117482976,"data":"(epoch: 8, iters: 2540, time: 0.136, data: 0.003) G_GAN: 3.238 G_LPIPS: 51.253 D_real: 0.557 D_fake: 0.058 \n"}
,{"stream_name":"stdout","time":3499.117486469,"data":"(epoch: 8, iters: 2560, time: 0.136, data: 0.004) G_GAN: 3.544 G_LPIPS: 56.809 D_real: 0.020 D_fake: 0.171 \n"}
,{"stream_name":"stdout","time":3499.117498173,"data":"(epoch: 8, iters: 2580, time: 0.135, data: 0.003) G_GAN: 2.427 G_LPIPS: 59.589 D_real: 0.007 D_fake: 0.394 \n"}
,{"stream_name":"stdout","time":3499.117501912,"data":"(epoch: 8, iters: 2600, time: 0.137, data: 0.003) G_GAN: 3.097 G_LPIPS: 58.413 D_real: 0.010 D_fake: 0.342 \n"}
,{"stream_name":"stdout","time":3499.117505804,"data":"(epoch: 8, iters: 2620, time: 0.136, data: 0.004) G_GAN: 2.564 G_LPIPS: 53.503 D_real: 0.241 D_fake: 0.182 \n"}
,{"stream_name":"stdout","time":3499.117509073,"data":"(epoch: 8, iters: 2640, time: 0.135, data: 0.003) G_GAN: 2.223 G_LPIPS: 52.569 D_real: 0.179 D_fake: 0.377 \n"}
,{"stream_name":"stdout","time":3499.117512205,"data":"(epoch: 8, iters: 2660, time: 0.187, data: 0.003) G_GAN: 3.281 G_LPIPS: 56.439 D_real: 0.030 D_fake: 0.123 \n"}
,{"stream_name":"stdout","time":3499.117516124,"data":"(epoch: 8, iters: 2680, time: 0.136, data: 0.003) G_GAN: 1.498 G_LPIPS: 57.317 D_real: 0.628 D_fake: 0.133 \n"}
,{"stream_name":"stdout","time":3499.117519482,"data":"(epoch: 8, iters: 2700, time: 0.136, data: 0.003) G_GAN: 1.334 G_LPIPS: 54.815 D_real: 0.545 D_fake: 0.176 \n"}
,{"stream_name":"stdout","time":3499.117526371,"data":"(epoch: 8, iters: 2720, time: 0.136, data: 0.003) G_GAN: 2.579 G_LPIPS: 55.730 D_real: 0.565 D_fake: 0.030 \n"}
,{"stream_name":"stdout","time":3499.117529977,"data":"(epoch: 8, iters: 2740, time: 0.136, data: 0.004) G_GAN: 1.406 G_LPIPS: 56.674 D_real: 2.330 D_fake: 0.033 \n"}
,{"stream_name":"stdout","time":3499.117533916,"data":"(epoch: 8, iters: 2760, time: 0.137, data: 0.003) G_GAN: 1.829 G_LPIPS: 55.112 D_real: 0.027 D_fake: 0.484 \n"}
,{"stream_name":"stdout","time":3499.117537879,"data":"(epoch: 8, iters: 2780, time: 0.135, data: 0.003) G_GAN: 2.045 G_LPIPS: 59.874 D_real: 0.050 D_fake: 0.246 \n"}
,{"stream_name":"stdout","time":3499.117541551,"data":"(epoch: 8, iters: 2800, time: 0.135, data: 0.003) G_GAN: 2.204 G_LPIPS: 61.799 D_real: 0.006 D_fake: 0.393 \n"}
,{"stream_name":"stdout","time":3499.117545828,"data":"(epoch: 8, iters: 2820, time: 0.134, data: 0.003) G_GAN: 2.750 G_LPIPS: 55.447 D_real: 0.061 D_fake: 0.190 \n"}
,{"stream_name":"stdout","time":3499.11754922,"data":"(epoch: 8, iters: 2840, time: 0.136, data: 0.003) G_GAN: 2.612 G_LPIPS: 61.294 D_real: 0.072 D_fake: 0.171 \n"}
,{"stream_name":"stdout","time":3499.117552384,"data":"(epoch: 8, iters: 2860, time: 0.136, data: 0.003) G_GAN: 0.864 G_LPIPS: 51.718 D_real: 0.857 D_fake: 0.073 \n"}
,{"stream_name":"stdout","time":3499.117556312,"data":"(epoch: 8, iters: 2880, time: 0.136, data: 0.003) G_GAN: 3.008 G_LPIPS: 57.267 D_real: 0.163 D_fake: 0.093 \n"}
,{"stream_name":"stdout","time":3499.117590238,"data":"(epoch: 8, iters: 2900, time: 0.136, data: 0.004) G_GAN: 0.864 G_LPIPS: 52.630 D_real: 0.522 D_fake: 0.351 \n"}
,{"stream_name":"stdout","time":3499.117598968,"data":"(epoch: 8, iters: 2920, time: 0.135, data: 0.003) G_GAN: 4.091 G_LPIPS: 58.214 D_real: 0.346 D_fake: 0.041 \n"}
,{"stream_name":"stdout","time":3499.117602566,"data":"(epoch: 8, iters: 2940, time: 0.137, data: 0.003) G_GAN: 3.308 G_LPIPS: 62.141 D_real: 0.057 D_fake: 0.096 \n"}
,{"stream_name":"stdout","time":3499.117606056,"data":"(epoch: 8, iters: 2960, time: 0.169, data: 0.003) G_GAN: 1.534 G_LPIPS: 51.514 D_real: 0.986 D_fake: 0.109 \n"}
,{"stream_name":"stdout","time":3499.117610198,"data":"(epoch: 8, iters: 2980, time: 0.137, data: 0.003) G_GAN: 2.563 G_LPIPS: 54.587 D_real: 0.329 D_fake: 0.057 \n"}
,{"stream_name":"stdout","time":3499.11761423,"data":"(epoch: 8, iters: 3000, time: 0.136, data: 0.003) G_GAN: 4.215 G_LPIPS: 59.530 D_real: 0.059 D_fake: 1.642 \n"}
,{"stream_name":"stdout","time":3499.117618328,"data":"(epoch: 8, iters: 3020, time: 0.136, data: 0.003) G_GAN: 2.450 G_LPIPS: 55.164 D_real: 0.145 D_fake: 0.438 \n"}
,{"stream_name":"stdout","time":3499.117621911,"data":"(epoch: 8, iters: 3040, time: 0.135, data: 0.003) G_GAN: 3.221 G_LPIPS: 59.805 D_real: 0.049 D_fake: 0.110 \n"}
,{"stream_name":"stdout","time":3646.094300674,"data":"(epoch: 8, iters: 3060, time: 0.137, data: 0.003) G_GAN: 2.993 G_LPIPS: 54.905 D_real: 0.109 D_fake: 0.238 \n"}
,{"stream_name":"stdout","time":3646.094340439,"data":"(epoch: 8, iters: 3080, time: 0.140, data: 0.003) G_GAN: 3.268 G_LPIPS: 55.320 D_real: 0.512 D_fake: 0.035 \n"}
,{"stream_name":"stdout","time":3646.09434474,"data":"(epoch: 8, iters: 3100, time: 0.136, data: 0.003) G_GAN: 1.835 G_LPIPS: 51.299 D_real: 0.053 D_fake: 0.717 \n"}
,{"stream_name":"stdout","time":3646.094348147,"data":"(epoch: 8, iters: 3120, time: 0.137, data: 0.004) G_GAN: 1.098 G_LPIPS: 55.517 D_real: 0.423 D_fake: 0.107 \n"}
,{"stream_name":"stdout","time":3646.094351267,"data":"(epoch: 8, iters: 3140, time: 0.138, data: 0.003) G_GAN: 1.686 G_LPIPS: 53.395 D_real: 0.408 D_fake: 0.597 \n"}
,{"stream_name":"stdout","time":3646.094354503,"data":"(epoch: 8, iters: 3160, time: 0.135, data: 0.004) G_GAN: 2.680 G_LPIPS: 56.174 D_real: 0.022 D_fake: 0.419 \n"}
,{"stream_name":"stdout","time":3646.094368189,"data":"(epoch: 8, iters: 3180, time: 0.137, data: 0.003) G_GAN: 2.028 G_LPIPS: 53.072 D_real: 0.284 D_fake: 0.387 \n"}
,{"stream_name":"stdout","time":3646.094370846,"data":"(epoch: 8, iters: 3200, time: 0.135, data: 0.003) G_GAN: 1.923 G_LPIPS: 57.850 D_real: 0.515 D_fake: 0.078 \n"}
,{"stream_name":"stdout","time":3646.094373419,"data":"(epoch: 8, iters: 3220, time: 0.136, data: 0.003) G_GAN: 2.184 G_LPIPS: 54.501 D_real: 0.073 D_fake: 0.198 \n"}
,{"stream_name":"stdout","time":3646.094375764,"data":"(epoch: 8, iters: 3240, time: 0.136, data: 0.003) G_GAN: 2.369 G_LPIPS: 52.819 D_real: 0.052 D_fake: 0.643 \n"}
,{"stream_name":"stdout","time":3646.094378013,"data":"(epoch: 8, iters: 3260, time: 0.136, data: 0.003) G_GAN: 1.963 G_LPIPS: 56.317 D_real: 0.439 D_fake: 0.107 \n"}
,{"stream_name":"stdout","time":3646.094380273,"data":"(epoch: 8, iters: 3280, time: 0.136, data: 0.003) G_GAN: 2.647 G_LPIPS: 58.102 D_real: 0.176 D_fake: 0.148 \n"}
,{"stream_name":"stdout","time":3646.094382544,"data":"(epoch: 8, iters: 3300, time: 0.135, data: 0.003) G_GAN: 1.582 G_LPIPS: 51.503 D_real: 0.174 D_fake: 0.410 \n"}
,{"stream_name":"stdout","time":3646.094384886,"data":"(epoch: 8, iters: 3320, time: 0.137, data: 0.003) G_GAN: 1.583 G_LPIPS: 51.129 D_real: 0.205 D_fake: 0.374 \n"}
,{"stream_name":"stdout","time":3646.094387156,"data":"(epoch: 8, iters: 3340, time: 0.135, data: 0.003) G_GAN: 3.420 G_LPIPS: 54.755 D_real: 0.182 D_fake: 0.121 \n"}
,{"stream_name":"stdout","time":3646.094389446,"data":"(epoch: 8, iters: 3360, time: 0.135, data: 0.003) G_GAN: 4.015 G_LPIPS: 57.755 D_real: 0.016 D_fake: 0.161 \n"}
,{"stream_name":"stdout","time":3646.094391703,"data":"(epoch: 8, iters: 3380, time: 0.136, data: 0.003) G_GAN: 1.393 G_LPIPS: 53.606 D_real: 1.915 D_fake: 0.045 \n"}
,{"stream_name":"stdout","time":3646.09439404,"data":"(epoch: 8, iters: 3400, time: 0.137, data: 0.004) G_GAN: 2.632 G_LPIPS: 58.369 D_real: 0.017 D_fake: 0.132 \n"}
,{"stream_name":"stdout","time":3646.094396297,"data":"(epoch: 8, iters: 3420, time: 0.137, data: 0.003) G_GAN: 2.641 G_LPIPS: 56.255 D_real: 0.152 D_fake: 0.104 \n"}
,{"stream_name":"stdout","time":3646.094399583,"data":"(epoch: 8, iters: 3440, time: 0.137, data: 0.003) G_GAN: 1.698 G_LPIPS: 56.912 D_real: 0.424 D_fake: 0.334 \n"}
,{"stream_name":"stdout","time":3646.094401899,"data":"(epoch: 8, iters: 3460, time: 0.170, data: 0.003) G_GAN: 2.725 G_LPIPS: 50.813 D_real: 0.023 D_fake: 0.631 \n"}
,{"stream_name":"stdout","time":3646.094404224,"data":"(epoch: 8, iters: 3480, time: 0.138, data: 0.003) G_GAN: 3.083 G_LPIPS: 47.964 D_real: 0.327 D_fake: 1.135 \n"}
,{"stream_name":"stdout","time":3646.094406489,"data":"(epoch: 8, iters: 3500, time: 0.141, data: 0.003) G_GAN: 1.806 G_LPIPS: 47.332 D_real: 1.172 D_fake: 0.030 \n"}
,{"stream_name":"stdout","time":3646.094408766,"data":"(epoch: 8, iters: 3520, time: 0.138, data: 0.004) G_GAN: 2.638 G_LPIPS: 53.440 D_real: 0.038 D_fake: 0.979 \n"}
,{"stream_name":"stdout","time":3646.094411016,"data":"(epoch: 8, iters: 3540, time: 0.136, data: 0.003) G_GAN: 1.399 G_LPIPS: 56.126 D_real: 0.334 D_fake: 1.042 \n"}
,{"stream_name":"stdout","time":3646.094413385,"data":"(epoch: 8, iters: 3560, time: 0.137, data: 0.004) G_GAN: 2.821 G_LPIPS: 53.712 D_real: 0.256 D_fake: 0.165 \n"}
,{"stream_name":"stdout","time":3646.094415795,"data":"(epoch: 8, iters: 3580, time: 0.137, data: 0.003) G_GAN: 3.985 G_LPIPS: 61.182 D_real: 0.133 D_fake: 0.074 \n"}
,{"stream_name":"stdout","time":3646.094418078,"data":"(epoch: 8, iters: 3600, time: 0.188, data: 0.003) G_GAN: 3.115 G_LPIPS: 55.208 D_real: 0.007 D_fake: 0.387 \n"}
,{"stream_name":"stdout","time":3646.094420377,"data":"(epoch: 8, iters: 3620, time: 0.137, data: 0.003) G_GAN: 1.808 G_LPIPS: 47.761 D_real: 0.529 D_fake: 0.159 \n"}
,{"stream_name":"stdout","time":3646.094424916,"data":"(epoch: 8, iters: 3640, time: 0.136, data: 0.003) G_GAN: 3.025 G_LPIPS: 56.087 D_real: 0.127 D_fake: 0.401 \n"}
,{"stream_name":"stdout","time":3646.094427349,"data":"(epoch: 8, iters: 3660, time: 0.136, data: 0.003) G_GAN: 1.042 G_LPIPS: 53.619 D_real: 1.101 D_fake: 0.120 \n"}
,{"stream_name":"stdout","time":3646.094429657,"data":"(epoch: 8, iters: 3680, time: 0.138, data: 0.003) G_GAN: 2.843 G_LPIPS: 50.724 D_real: 0.288 D_fake: 0.071 \n"}
,{"stream_name":"stdout","time":3646.094431906,"data":"(epoch: 8, iters: 3700, time: 0.136, data: 0.003) G_GAN: 2.935 G_LPIPS: 58.853 D_real: 0.056 D_fake: 0.127 \n"}
,{"stream_name":"stdout","time":3646.094434156,"data":"(epoch: 8, iters: 3720, time: 0.136, data: 0.003) G_GAN: 2.876 G_LPIPS: 52.384 D_real: 0.038 D_fake: 0.188 \n"}
,{"stream_name":"stdout","time":3646.094436426,"data":"(epoch: 8, iters: 3740, time: 0.189, data: 0.003) G_GAN: 3.020 G_LPIPS: 54.940 D_real: 0.055 D_fake: 0.142 \n"}
,{"stream_name":"stdout","time":3646.094438686,"data":"(epoch: 8, iters: 3760, time: 0.137, data: 0.003) G_GAN: 3.130 G_LPIPS: 60.821 D_real: 0.012 D_fake: 0.183 \n"}
,{"stream_name":"stdout","time":3646.094440944,"data":"(epoch: 8, iters: 3780, time: 0.136, data: 0.003) G_GAN: 1.205 G_LPIPS: 51.979 D_real: 1.262 D_fake: 0.045 \n"}
,{"stream_name":"stdout","time":3646.094443201,"data":"(epoch: 8, iters: 3800, time: 0.137, data: 0.003) G_GAN: 2.917 G_LPIPS: 52.737 D_real: 0.585 D_fake: 0.023 \n"}
,{"stream_name":"stdout","time":3646.094445693,"data":"(epoch: 8, iters: 3820, time: 0.137, data: 0.003) G_GAN: 0.852 G_LPIPS: 51.355 D_real: 1.165 D_fake: 0.170 \n"}
,{"stream_name":"stdout","time":3646.094447987,"data":"(epoch: 8, iters: 3840, time: 0.138, data: 0.004) G_GAN: 3.345 G_LPIPS: 58.947 D_real: 0.014 D_fake: 0.419 \n"}
,{"stream_name":"stdout","time":3646.094450261,"data":"(epoch: 8, iters: 3860, time: 0.138, data: 0.003) G_GAN: 3.613 G_LPIPS: 54.409 D_real: 0.026 D_fake: 0.541 \n"}
,{"stream_name":"stdout","time":3646.09445252,"data":"(epoch: 8, iters: 3880, time: 0.188, data: 0.003) G_GAN: 2.102 G_LPIPS: 54.633 D_real: 0.326 D_fake: 0.286 \n"}
,{"stream_name":"stdout","time":3646.094454791,"data":"(epoch: 8, iters: 3900, time: 0.137, data: 0.003) G_GAN: 2.712 G_LPIPS: 57.466 D_real: 0.071 D_fake: 0.100 \n"}
,{"stream_name":"stdout","time":3646.094457046,"data":"(epoch: 8, iters: 3920, time: 0.135, data: 0.003) G_GAN: 1.845 G_LPIPS: 52.103 D_real: 0.355 D_fake: 0.775 \n"}
,{"stream_name":"stdout","time":3646.094459304,"data":"(epoch: 8, iters: 3940, time: 0.137, data: 0.003) G_GAN: 2.303 G_LPIPS: 53.551 D_real: 0.161 D_fake: 0.655 \n"}
,{"stream_name":"stdout","time":3646.094461559,"data":"(epoch: 8, iters: 3960, time: 0.138, data: 0.004) G_GAN: 1.492 G_LPIPS: 53.895 D_real: 0.069 D_fake: 0.572 \n"}
,{"stream_name":"stdout","time":3646.09446398,"data":"(epoch: 8, iters: 3980, time: 0.138, data: 0.003) G_GAN: 2.333 G_LPIPS: 51.684 D_real: 0.240 D_fake: 0.286 \n"}
,{"stream_name":"stdout","time":3646.094466356,"data":"(epoch: 8, iters: 4000, time: 0.137, data: 0.003) G_GAN: 1.286 G_LPIPS: 55.519 D_real: 0.580 D_fake: 0.227 \n"}
,{"stream_name":"stdout","time":3646.094468613,"data":"(epoch: 8, iters: 4020, time: 0.191, data: 0.003) G_GAN: 3.449 G_LPIPS: 55.799 D_real: 0.020 D_fake: 0.181 \n"}
,{"stream_name":"stdout","time":3646.094470859,"data":"(epoch: 8, iters: 4040, time: 0.140, data: 0.004) G_GAN: 2.607 G_LPIPS: 55.248 D_real: 0.095 D_fake: 0.182 \n"}
,{"stream_name":"stdout","time":3646.094473114,"data":"(epoch: 8, iters: 4060, time: 0.137, data: 0.004) G_GAN: 3.395 G_LPIPS: 52.475 D_real: 0.166 D_fake: 0.129 \n"}
,{"stream_name":"stdout","time":3646.094475365,"data":"(epoch: 8, iters: 4080, time: 0.137, data: 0.003) G_GAN: 1.292 G_LPIPS: 56.386 D_real: 0.570 D_fake: 0.075 \n"}
,{"stream_name":"stdout","time":3646.094479471,"data":"(epoch: 8, iters: 4100, time: 0.153, data: 0.003) G_GAN: 2.313 G_LPIPS: 56.247 D_real: 0.113 D_fake: 0.273 \n"}
,{"stream_name":"stdout","time":3646.094481867,"data":"(epoch: 8, iters: 4120, time: 0.138, data: 0.003) G_GAN: 0.763 G_LPIPS: 54.385 D_real: 0.664 D_fake: 0.166 \n"}
,{"stream_name":"stdout","time":3646.094484143,"data":"(epoch: 8, iters: 4140, time: 0.137, data: 0.003) G_GAN: 2.133 G_LPIPS: 54.484 D_real: 0.151 D_fake: 0.633 \n"}
,{"stream_name":"stdout","time":3646.094486446,"data":"(epoch: 8, iters: 4160, time: 0.188, data: 0.004) G_GAN: 2.442 G_LPIPS: 53.098 D_real: 0.078 D_fake: 0.386 \n"}
,{"stream_name":"stdout","time":3646.094488708,"data":"(epoch: 8, iters: 4180, time: 0.138, data: 0.003) G_GAN: 1.492 G_LPIPS: 49.144 D_real: 0.488 D_fake: 0.446 \n"}
,{"stream_name":"stdout","time":3646.094491271,"data":"(epoch: 8, iters: 4200, time: 0.137, data: 0.003) G_GAN: 1.395 G_LPIPS: 53.663 D_real: 0.620 D_fake: 0.226 \n"}
,{"stream_name":"stdout","time":3646.094493552,"data":"(epoch: 8, iters: 4220, time: 0.138, data: 0.003) G_GAN: 2.775 G_LPIPS: 52.084 D_real: 0.134 D_fake: 0.139 \n"}
,{"stream_name":"stdout","time":3646.094495813,"data":"(epoch: 8, iters: 4240, time: 0.139, data: 0.004) G_GAN: 2.892 G_LPIPS: 59.950 D_real: 0.133 D_fake: 0.081 \n"}
,{"stream_name":"stdout","time":3646.094498064,"data":"(epoch: 8, iters: 4260, time: 0.138, data: 0.003) G_GAN: 2.817 G_LPIPS: 57.558 D_real: 0.020 D_fake: 0.185 \n"}
,{"stream_name":"stdout","time":3646.09450031,"data":"(epoch: 8, iters: 4280, time: 0.136, data: 0.003) G_GAN: 2.285 G_LPIPS: 55.256 D_real: 0.262 D_fake: 0.172 \n"}
,{"stream_name":"stdout","time":3646.094502564,"data":"(epoch: 8, iters: 4300, time: 0.189, data: 0.004) G_GAN: 3.326 G_LPIPS: 55.820 D_real: 0.079 D_fake: 0.504 \n"}
,{"stream_name":"stdout","time":3646.094522223,"data":"(epoch: 8, iters: 4320, time: 0.137, data: 0.003) G_GAN: 2.137 G_LPIPS: 50.908 D_real: 0.203 D_fake: 0.366 \n"}
,{"stream_name":"stdout","time":3646.094526473,"data":"(epoch: 8, iters: 4340, time: 0.137, data: 0.003) G_GAN: 1.686 G_LPIPS: 57.799 D_real: 0.233 D_fake: 0.263 \n"}
,{"stream_name":"stdout","time":3646.094529979,"data":"(epoch: 8, iters: 4360, time: 0.139, data: 0.003) G_GAN: 2.070 G_LPIPS: 58.480 D_real: 0.062 D_fake: 0.114 \n"}
,{"stream_name":"stdout","time":3646.094533273,"data":"(epoch: 8, iters: 4380, time: 0.136, data: 0.003) G_GAN: 2.159 G_LPIPS: 57.749 D_real: 0.018 D_fake: 0.159 \n"}
,{"stream_name":"stdout","time":3646.094537351,"data":"(epoch: 8, iters: 4400, time: 0.138, data: 0.003) G_GAN: 3.437 G_LPIPS: 60.366 D_real: 0.060 D_fake: 0.096 \n"}
,{"stream_name":"stdout","time":3646.094540857,"data":"(epoch: 8, iters: 4420, time: 0.137, data: 0.003) G_GAN: 2.308 G_LPIPS: 52.965 D_real: 0.151 D_fake: 0.184 \n"}
,{"stream_name":"stdout","time":3646.094544503,"data":"(epoch: 8, iters: 4440, time: 0.187, data: 0.003) G_GAN: 1.919 G_LPIPS: 50.710 D_real: 0.549 D_fake: 0.041 \n"}
,{"stream_name":"stdout","time":3646.094548268,"data":"(epoch: 8, iters: 4460, time: 0.137, data: 0.003) G_GAN: 2.502 G_LPIPS: 57.467 D_real: 0.047 D_fake: 0.131 \n"}
,{"stream_name":"stdout","time":3646.094551311,"data":"(epoch: 8, iters: 4480, time: 0.137, data: 0.003) G_GAN: 2.648 G_LPIPS: 55.457 D_real: 0.040 D_fake: 0.190 \n"}
,{"stream_name":"stdout","time":3646.094554454,"data":"(epoch: 8, iters: 4500, time: 0.138, data: 0.003) G_GAN: 1.805 G_LPIPS: 54.981 D_real: 0.242 D_fake: 0.377 \n"}
,{"stream_name":"stdout","time":3646.094557601,"data":"(epoch: 8, iters: 4520, time: 0.137, data: 0.003) G_GAN: 4.362 G_LPIPS: 53.341 D_real: 0.011 D_fake: 1.095 \n"}
,{"stream_name":"stdout","time":3646.094560903,"data":"(epoch: 8, iters: 4540, time: 0.137, data: 0.003) G_GAN: 1.109 G_LPIPS: 55.052 D_real: 1.653 D_fake: 0.066 \n"}
,{"stream_name":"stdout","time":3646.094568422,"data":"(epoch: 8, iters: 4560, time: 0.137, data: 0.003) G_GAN: 1.240 G_LPIPS: 55.510 D_real: 0.183 D_fake: 0.192 \n"}
,{"stream_name":"stdout","time":3744.615884507,"data":"(epoch: 8, iters: 4580, time: 0.187, data: 0.003) G_GAN: 2.644 G_LPIPS: 55.871 D_real: 0.045 D_fake: 0.201 \n"}
,{"stream_name":"stdout","time":3744.615918926,"data":"(epoch: 8, iters: 4600, time: 0.137, data: 0.003) G_GAN: 3.127 G_LPIPS: 53.278 D_real: 0.061 D_fake: 0.066 \n"}
,{"stream_name":"stdout","time":3744.615924992,"data":"(epoch: 8, iters: 4620, time: 0.138, data: 0.003) G_GAN: 2.589 G_LPIPS: 55.168 D_real: 0.091 D_fake: 0.200 \n"}
,{"stream_name":"stdout","time":3744.615929906,"data":"(epoch: 8, iters: 4640, time: 0.137, data: 0.003) G_GAN: 1.263 G_LPIPS: 54.746 D_real: 0.916 D_fake: 0.071 \n"}
,{"stream_name":"stdout","time":3744.615934525,"data":"(epoch: 8, iters: 4660, time: 0.138, data: 0.003) G_GAN: 1.229 G_LPIPS: 53.147 D_real: 0.269 D_fake: 0.443 \n"}
,{"stream_name":"stdout","time":3744.615939159,"data":"(epoch: 8, iters: 4680, time: 0.138, data: 0.003) G_GAN: 2.953 G_LPIPS: 59.186 D_real: 0.025 D_fake: 0.631 \n"}
,{"stream_name":"stdout","time":3744.615943909,"data":"(epoch: 8, iters: 4700, time: 0.140, data: 0.003) G_GAN: 2.250 G_LPIPS: 56.327 D_real: 0.267 D_fake: 0.251 \n"}
,{"stream_name":"stdout","time":3744.615948971,"data":"(epoch: 8, iters: 4720, time: 0.188, data: 0.003) G_GAN: 1.680 G_LPIPS: 53.827 D_real: 1.042 D_fake: 0.049 \n"}
,{"stream_name":"stdout","time":3744.61595391,"data":"(epoch: 8, iters: 4740, time: 0.135, data: 0.003) G_GAN: 1.017 G_LPIPS: 51.656 D_real: 0.266 D_fake: 0.331 \n"}
,{"stream_name":"stdout","time":3744.615958563,"data":"(epoch: 8, iters: 4760, time: 0.139, data: 0.003) G_GAN: 2.979 G_LPIPS: 55.716 D_real: 0.018 D_fake: 0.790 \n"}
,{"stream_name":"stdout","time":3744.615963188,"data":"(epoch: 8, iters: 4780, time: 0.138, data: 0.003) G_GAN: 3.074 G_LPIPS: 60.659 D_real: 0.016 D_fake: 0.643 \n"}
,{"stream_name":"stdout","time":3744.615968372,"data":"(epoch: 8, iters: 4800, time: 0.137, data: 0.003) G_GAN: 2.370 G_LPIPS: 56.006 D_real: 0.161 D_fake: 0.585 \n"}
,{"stream_name":"stdout","time":3744.615973295,"data":"(epoch: 8, iters: 4820, time: 0.137, data: 0.003) G_GAN: 2.169 G_LPIPS: 56.359 D_real: 0.362 D_fake: 0.367 \n"}
,{"stream_name":"stdout","time":3744.615977816,"data":"(epoch: 8, iters: 4840, time: 0.139, data: 0.003) G_GAN: 1.411 G_LPIPS: 51.017 D_real: 0.784 D_fake: 0.201 \n"}
,{"stream_name":"stdout","time":3744.615982471,"data":"(epoch: 8, iters: 4860, time: 0.187, data: 0.003) G_GAN: 1.142 G_LPIPS: 51.687 D_real: 0.801 D_fake: 0.153 \n"}
,{"stream_name":"stdout","time":3744.615987077,"data":"(epoch: 8, iters: 4880, time: 0.138, data: 0.003) G_GAN: 1.851 G_LPIPS: 53.240 D_real: 0.035 D_fake: 0.356 \n"}
,{"stream_name":"stdout","time":3744.615991864,"data":"(epoch: 8, iters: 4900, time: 0.138, data: 0.003) G_GAN: 2.039 G_LPIPS: 51.084 D_real: 0.042 D_fake: 0.206 \n"}
,{"stream_name":"stdout","time":3744.615996828,"data":"(epoch: 8, iters: 4920, time: 0.138, data: 0.003) G_GAN: 2.069 G_LPIPS: 54.016 D_real: 0.107 D_fake: 0.465 \n"}
,{"stream_name":"stdout","time":3744.616001654,"data":"(epoch: 8, iters: 4940, time: 0.138, data: 0.003) G_GAN: 2.190 G_LPIPS: 50.283 D_real: 0.537 D_fake: 0.037 \n"}
,{"stream_name":"stdout","time":3744.616007389,"data":"(epoch: 8, iters: 4960, time: 0.138, data: 0.004) G_GAN: 2.246 G_LPIPS: 54.952 D_real: 0.448 D_fake: 0.604 \n"}
,{"stream_name":"stdout","time":3744.616011961,"data":"(epoch: 8, iters: 4980, time: 0.138, data: 0.003) G_GAN: 1.133 G_LPIPS: 54.446 D_real: 0.907 D_fake: 0.089 \n"}
,{"stream_name":"stdout","time":3744.616016662,"data":"(epoch: 8, iters: 5000, time: 0.189, data: 0.003) G_GAN: 1.580 G_LPIPS: 58.158 D_real: 0.289 D_fake: 0.384 \n"}
,{"stream_name":"stdout","time":3744.616029576,"data":"(epoch: 8, iters: 5020, time: 0.138, data: 0.003) G_GAN: 1.541 G_LPIPS: 54.479 D_real: 0.191 D_fake: 0.498 \n"}
,{"stream_name":"stdout","time":3744.616033383,"data":"(epoch: 8, iters: 5040, time: 0.138, data: 0.003) G_GAN: 3.030 G_LPIPS: 54.784 D_real: 0.084 D_fake: 0.141 \n"}
,{"stream_name":"stdout","time":3744.616037091,"data":"(epoch: 8, iters: 5060, time: 0.138, data: 0.003) G_GAN: 1.552 G_LPIPS: 54.240 D_real: 0.164 D_fake: 0.386 \n"}
,{"stream_name":"stdout","time":3744.616041026,"data":"(epoch: 8, iters: 5080, time: 0.137, data: 0.003) G_GAN: 2.431 G_LPIPS: 53.434 D_real: 0.030 D_fake: 0.326 \n"}
,{"stream_name":"stdout","time":3744.616044583,"data":"(epoch: 8, iters: 5100, time: 0.139, data: 0.003) G_GAN: 1.732 G_LPIPS: 50.906 D_real: 0.388 D_fake: 0.129 \n"}
,{"stream_name":"stdout","time":3744.616048341,"data":"(epoch: 8, iters: 5120, time: 0.138, data: 0.003) G_GAN: 3.295 G_LPIPS: 52.345 D_real: 0.091 D_fake: 0.441 \n"}
,{"stream_name":"stdout","time":3744.616052083,"data":"(epoch: 8, iters: 5140, time: 0.188, data: 0.003) G_GAN: 2.081 G_LPIPS: 56.853 D_real: 0.428 D_fake: 0.049 \n"}
,{"stream_name":"stdout","time":3744.616055759,"data":"(epoch: 8, iters: 5160, time: 0.138, data: 0.003) G_GAN: 1.094 G_LPIPS: 57.042 D_real: 0.407 D_fake: 0.351 \n"}
,{"stream_name":"stdout","time":3744.616059653,"data":"(epoch: 8, iters: 5180, time: 0.139, data: 0.003) G_GAN: 2.373 G_LPIPS: 51.685 D_real: 0.238 D_fake: 0.120 \n"}
,{"stream_name":"stdout","time":3744.616063384,"data":"(epoch: 8, iters: 5200, time: 0.138, data: 0.004) G_GAN: 2.351 G_LPIPS: 51.979 D_real: 0.142 D_fake: 0.543 \n"}
,{"stream_name":"stdout","time":3744.616066926,"data":"(epoch: 8, iters: 5220, time: 0.138, data: 0.003) G_GAN: 1.872 G_LPIPS: 56.298 D_real: 0.462 D_fake: 0.283 \n"}
,{"stream_name":"stdout","time":3744.616070554,"data":"(epoch: 8, iters: 5240, time: 0.136, data: 0.003) G_GAN: 1.493 G_LPIPS: 49.957 D_real: 0.417 D_fake: 0.177 \n"}
,{"stream_name":"stdout","time":3744.616074393,"data":"(epoch: 8, iters: 5260, time: 0.138, data: 0.003) G_GAN: 2.553 G_LPIPS: 51.832 D_real: 0.138 D_fake: 0.671 \n"}
,{"stream_name":"stdout","time":3744.616077985,"data":"(epoch: 8, iters: 5280, time: 0.168, data: 0.003) G_GAN: 3.167 G_LPIPS: 53.532 D_real: 0.083 D_fake: 0.487 \n"}
,{"stream_name":"stdout","time":3744.616081944,"data":"(epoch: 8, iters: 5300, time: 0.138, data: 0.003) G_GAN: 3.565 G_LPIPS: 54.926 D_real: 0.575 D_fake: 0.017 \n"}
,{"stream_name":"stdout","time":3744.616085491,"data":"(epoch: 8, iters: 5320, time: 0.139, data: 0.003) G_GAN: 1.104 G_LPIPS: 57.231 D_real: 0.753 D_fake: 0.158 \n"}
,{"stream_name":"stdout","time":3744.616089587,"data":"(epoch: 8, iters: 5340, time: 0.137, data: 0.003) G_GAN: 1.514 G_LPIPS: 49.953 D_real: 0.202 D_fake: 0.517 \n"}
,{"stream_name":"stdout","time":3744.616093228,"data":"(epoch: 8, iters: 5360, time: 0.138, data: 0.003) G_GAN: 2.647 G_LPIPS: 58.125 D_real: 0.036 D_fake: 0.479 \n"}
,{"stream_name":"stdout","time":3744.61609696,"data":"(epoch: 8, iters: 5380, time: 0.138, data: 0.003) G_GAN: 2.244 G_LPIPS: 54.857 D_real: 0.544 D_fake: 0.099 \n"}
,{"stream_name":"stdout","time":3744.616100583,"data":"(epoch: 8, iters: 5400, time: 0.140, data: 0.003) G_GAN: 2.350 G_LPIPS: 57.198 D_real: 0.271 D_fake: 0.101 \n"}
,{"stream_name":"stdout","time":3744.616104538,"data":"(epoch: 8, iters: 5420, time: 0.138, data: 0.003) G_GAN: 1.144 G_LPIPS: 55.162 D_real: 0.965 D_fake: 0.108 \n"}
,{"stream_name":"stdout","time":3744.616108218,"data":"(epoch: 8, iters: 5440, time: 0.140, data: 0.003) G_GAN: 1.694 G_LPIPS: 53.876 D_real: 0.349 D_fake: 0.106 \n"}
,{"stream_name":"stdout","time":3744.616111976,"data":"(epoch: 8, iters: 5460, time: 0.141, data: 0.003) G_GAN: 0.731 G_LPIPS: 55.265 D_real: 0.418 D_fake: 0.492 \n"}
,{"stream_name":"stdout","time":3744.616118701,"data":"(epoch: 8, iters: 5480, time: 0.138, data: 0.003) G_GAN: 1.602 G_LPIPS: 54.222 D_real: 0.273 D_fake: 0.068 \n"}
,{"stream_name":"stdout","time":3744.616122458,"data":"(epoch: 8, iters: 5500, time: 0.138, data: 0.003) G_GAN: 2.407 G_LPIPS: 61.141 D_real: 0.234 D_fake: 0.438 \n"}
,{"stream_name":"stdout","time":3744.616126166,"data":"(epoch: 8, iters: 5520, time: 0.138, data: 0.003) G_GAN: 1.928 G_LPIPS: 57.340 D_real: 0.116 D_fake: 0.260 \n"}
,{"stream_name":"stdout","time":3744.616130148,"data":"(epoch: 8, iters: 5540, time: 0.138, data: 0.003) G_GAN: 3.684 G_LPIPS: 54.927 D_real: 0.066 D_fake: 1.542 \n"}
,{"stream_name":"stdout","time":3744.616133865,"data":"(epoch: 8, iters: 5560, time: 0.138, data: 0.003) G_GAN: 2.648 G_LPIPS: 54.676 D_real: 0.203 D_fake: 0.152 \n"}
,{"stream_name":"stdout","time":3744.616137751,"data":"(epoch: 8, iters: 5580, time: 0.090, data: 0.003) G_GAN: 2.204 G_LPIPS: 55.965 D_real: 0.400 D_fake: 0.132 \n"}
,{"stream_name":"stdout","time":3744.616141593,"data":"saving the model at the end of epoch 8, iters 33480\n"}
,{"stream_name":"stdout","time":3744.616145207,"data":"End of epoch 8 / 20 \t Time Taken: 535 sec\n"}
,{"stream_name":"stdout","time":3744.616149208,"data":"learning rate 0.0001000 -\u003e 0.0001000\n"}
,{"stream_name":"stdout","time":3894.966818891,"data":"(epoch: 9, iters: 20, time: 0.137, data: 0.282) G_GAN: 2.367 G_LPIPS: 56.636 D_real: 0.064 D_fake: 1.409 \n"}
,{"stream_name":"stdout","time":3894.966862301,"data":"(epoch: 9, iters: 40, time: 0.139, data: 0.001) G_GAN: 2.842 G_LPIPS: 57.819 D_real: 0.044 D_fake: 1.237 \n"}
,{"stream_name":"stdout","time":3894.966866989,"data":"(epoch: 9, iters: 60, time: 0.139, data: 0.003) G_GAN: 1.734 G_LPIPS: 52.710 D_real: 0.482 D_fake: 0.366 \n"}
,{"stream_name":"stdout","time":3894.96687065,"data":"(epoch: 9, iters: 80, time: 0.138, data: 0.003) G_GAN: 1.790 G_LPIPS: 49.353 D_real: 1.191 D_fake: 0.758 \n"}
,{"stream_name":"stdout","time":3894.966873924,"data":"(epoch: 9, iters: 100, time: 0.138, data: 0.003) G_GAN: 2.667 G_LPIPS: 60.052 D_real: 0.054 D_fake: 0.262 \n"}
,{"stream_name":"stdout","time":3894.966877209,"data":"(epoch: 9, iters: 120, time: 0.154, data: 0.003) G_GAN: 2.599 G_LPIPS: 54.033 D_real: 0.079 D_fake: 0.645 \n"}
,{"stream_name":"stdout","time":3894.966880196,"data":"(epoch: 9, iters: 140, time: 0.140, data: 0.003) G_GAN: 1.969 G_LPIPS: 57.231 D_real: 0.310 D_fake: 0.138 \n"}
,{"stream_name":"stdout","time":3894.966883153,"data":"(epoch: 9, iters: 160, time: 0.138, data: 0.003) G_GAN: 0.964 G_LPIPS: 52.736 D_real: 0.391 D_fake: 0.192 \n"}
,{"stream_name":"stdout","time":3894.966886123,"data":"(epoch: 9, iters: 180, time: 0.137, data: 0.003) G_GAN: 2.960 G_LPIPS: 54.566 D_real: 0.065 D_fake: 0.177 \n"}
,{"stream_name":"stdout","time":3894.96688915,"data":"(epoch: 9, iters: 200, time: 0.139, data: 0.004) G_GAN: 0.890 G_LPIPS: 52.814 D_real: 1.156 D_fake: 0.087 \n"}
,{"stream_name":"stdout","time":3894.966892099,"data":"(epoch: 9, iters: 220, time: 0.139, data: 0.003) G_GAN: 1.295 G_LPIPS: 51.506 D_real: 0.261 D_fake: 0.112 \n"}
,{"stream_name":"stdout","time":3894.966895135,"data":"(epoch: 9, iters: 240, time: 0.139, data: 0.003) G_GAN: 2.532 G_LPIPS: 54.623 D_real: 0.033 D_fake: 0.137 \n"}
,{"stream_name":"stdout","time":3894.966898074,"data":"(epoch: 9, iters: 260, time: 0.138, data: 0.003) G_GAN: 1.988 G_LPIPS: 56.911 D_real: 0.267 D_fake: 0.491 \n"}
,{"stream_name":"stdout","time":3894.966901068,"data":"(epoch: 9, iters: 280, time: 0.139, data: 0.003) G_GAN: 2.204 G_LPIPS: 57.688 D_real: 0.066 D_fake: 0.288 \n"}
,{"stream_name":"stdout","time":3894.966904083,"data":"(epoch: 9, iters: 300, time: 0.138, data: 0.003) G_GAN: 2.872 G_LPIPS: 57.205 D_real: 0.018 D_fake: 0.208 \n"}
,{"stream_name":"stdout","time":3894.966917538,"data":"(epoch: 9, iters: 320, time: 0.141, data: 0.003) G_GAN: 2.756 G_LPIPS: 52.582 D_real: 0.043 D_fake: 0.762 \n"}
,{"stream_name":"stdout","time":3894.966920068,"data":"(epoch: 9, iters: 340, time: 0.139, data: 0.003) G_GAN: 2.856 G_LPIPS: 57.173 D_real: 0.357 D_fake: 0.052 \n"}
,{"stream_name":"stdout","time":3894.966922407,"data":"(epoch: 9, iters: 360, time: 0.138, data: 0.003) G_GAN: 2.430 G_LPIPS: 56.200 D_real: 0.091 D_fake: 1.290 \n"}
,{"stream_name":"stdout","time":3894.966924975,"data":"(epoch: 9, iters: 380, time: 0.186, data: 0.003) G_GAN: 4.020 G_LPIPS: 49.715 D_real: 0.043 D_fake: 1.145 \n"}
,{"stream_name":"stdout","time":3894.966928436,"data":"(epoch: 9, iters: 400, time: 0.139, data: 0.003) G_GAN: 1.979 G_LPIPS: 57.695 D_real: 0.124 D_fake: 0.973 \n"}
,{"stream_name":"stdout","time":3894.966930742,"data":"(epoch: 9, iters: 420, time: 0.138, data: 0.003) G_GAN: 1.867 G_LPIPS: 53.010 D_real: 0.245 D_fake: 0.333 \n"}
,{"stream_name":"stdout","time":3894.966933076,"data":"(epoch: 9, iters: 440, time: 0.137, data: 0.003) G_GAN: 2.346 G_LPIPS: 55.590 D_real: 0.032 D_fake: 0.854 \n"}
,{"stream_name":"stdout","time":3894.96693532,"data":"(epoch: 9, iters: 460, time: 0.139, data: 0.003) G_GAN: 2.420 G_LPIPS: 58.228 D_real: 0.003 D_fake: 0.852 \n"}
,{"stream_name":"stdout","time":3894.966937564,"data":"(epoch: 9, iters: 480, time: 0.139, data: 0.003) G_GAN: 1.590 G_LPIPS: 50.249 D_real: 0.112 D_fake: 0.450 \n"}
,{"stream_name":"stdout","time":3894.966939816,"data":"(epoch: 9, iters: 500, time: 0.139, data: 0.003) G_GAN: 2.128 G_LPIPS: 54.718 D_real: 0.107 D_fake: 0.491 \n"}
,{"stream_name":"stdout","time":3894.966942153,"data":"(epoch: 9, iters: 520, time: 0.157, data: 0.003) G_GAN: 2.180 G_LPIPS: 54.717 D_real: 0.258 D_fake: 0.179 \n"}
,{"stream_name":"stdout","time":3894.966944412,"data":"(epoch: 9, iters: 540, time: 0.139, data: 0.003) G_GAN: 1.745 G_LPIPS: 55.512 D_real: 0.265 D_fake: 0.456 \n"}
,{"stream_name":"stdout","time":3894.966946681,"data":"(epoch: 9, iters: 560, time: 0.137, data: 0.003) G_GAN: 3.835 G_LPIPS: 54.983 D_real: 0.101 D_fake: 0.092 \n"}
,{"stream_name":"stdout","time":3894.966948919,"data":"(epoch: 9, iters: 580, time: 0.188, data: 0.003) G_GAN: 2.765 G_LPIPS: 51.405 D_real: 0.116 D_fake: 0.187 \n"}
,{"stream_name":"stdout","time":3894.966951236,"data":"(epoch: 9, iters: 600, time: 0.138, data: 0.003) G_GAN: 3.236 G_LPIPS: 56.674 D_real: 0.042 D_fake: 0.796 \n"}
,{"stream_name":"stdout","time":3894.966953488,"data":"(epoch: 9, iters: 620, time: 0.139, data: 0.003) G_GAN: 1.915 G_LPIPS: 55.097 D_real: 0.426 D_fake: 0.265 \n"}
,{"stream_name":"stdout","time":3894.966955733,"data":"(epoch: 9, iters: 640, time: 0.138, data: 0.003) G_GAN: 2.402 G_LPIPS: 57.719 D_real: 0.033 D_fake: 1.273 \n"}
,{"stream_name":"stdout","time":3894.966957974,"data":"(epoch: 9, iters: 660, time: 0.138, data: 0.003) G_GAN: 1.260 G_LPIPS: 52.416 D_real: 1.412 D_fake: 0.032 \n"}
,{"stream_name":"stdout","time":3894.966960296,"data":"(epoch: 9, iters: 680, time: 0.139, data: 0.003) G_GAN: 1.092 G_LPIPS: 52.465 D_real: 1.054 D_fake: 0.112 \n"}
,{"stream_name":"stdout","time":3894.96696254,"data":"(epoch: 9, iters: 700, time: 0.139, data: 0.003) G_GAN: 2.639 G_LPIPS: 58.286 D_real: 0.003 D_fake: 0.586 \n"}
,{"stream_name":"stdout","time":3894.966964816,"data":"(epoch: 9, iters: 720, time: 0.139, data: 0.003) G_GAN: 2.132 G_LPIPS: 52.626 D_real: 0.251 D_fake: 0.973 \n"}
,{"stream_name":"stdout","time":3894.966967055,"data":"(epoch: 9, iters: 740, time: 0.138, data: 0.003) G_GAN: 2.320 G_LPIPS: 57.124 D_real: 0.105 D_fake: 0.193 \n"}
,{"stream_name":"stdout","time":3894.966969296,"data":"(epoch: 9, iters: 760, time: 0.138, data: 0.003) G_GAN: 1.913 G_LPIPS: 55.049 D_real: 0.137 D_fake: 0.598 \n"}
,{"stream_name":"stdout","time":3894.966974281,"data":"(epoch: 9, iters: 780, time: 0.139, data: 0.003) G_GAN: 2.272 G_LPIPS: 50.995 D_real: 0.114 D_fake: 0.408 \n"}
,{"stream_name":"stdout","time":3894.966976789,"data":"(epoch: 9, iters: 800, time: 0.138, data: 0.003) G_GAN: 2.536 G_LPIPS: 59.884 D_real: 0.037 D_fake: 0.247 \n"}
,{"stream_name":"stdout","time":3894.966979064,"data":"(epoch: 9, iters: 820, time: 0.139, data: 0.003) G_GAN: 2.204 G_LPIPS: 55.384 D_real: 0.094 D_fake: 0.403 \n"}
,{"stream_name":"stdout","time":3894.966981324,"data":"(epoch: 9, iters: 840, time: 0.185, data: 0.003) G_GAN: 2.476 G_LPIPS: 53.506 D_real: 0.195 D_fake: 0.160 \n"}
,{"stream_name":"stdout","time":3894.966983574,"data":"(epoch: 9, iters: 860, time: 0.139, data: 0.003) G_GAN: 2.061 G_LPIPS: 50.377 D_real: 0.090 D_fake: 0.336 \n"}
,{"stream_name":"stdout","time":3894.966985884,"data":"(epoch: 9, iters: 880, time: 0.139, data: 0.003) G_GAN: 2.409 G_LPIPS: 54.346 D_real: 0.429 D_fake: 0.080 \n"}
,{"stream_name":"stdout","time":3894.966988133,"data":"(epoch: 9, iters: 900, time: 0.139, data: 0.003) G_GAN: 2.500 G_LPIPS: 50.845 D_real: 0.102 D_fake: 0.369 \n"}
,{"stream_name":"stdout","time":3894.966990386,"data":"(epoch: 9, iters: 920, time: 0.139, data: 0.003) G_GAN: 2.820 G_LPIPS: 60.225 D_real: 0.083 D_fake: 0.088 \n"}
,{"stream_name":"stdout","time":3894.966992644,"data":"(epoch: 9, iters: 940, time: 0.138, data: 0.003) G_GAN: 1.186 G_LPIPS: 59.755 D_real: 0.636 D_fake: 0.286 \n"}
,{"stream_name":"stdout","time":3894.966994885,"data":"(epoch: 9, iters: 960, time: 0.139, data: 0.003) G_GAN: 2.907 G_LPIPS: 53.444 D_real: 0.171 D_fake: 0.100 \n"}
,{"stream_name":"stdout","time":3894.966997138,"data":"(epoch: 9, iters: 980, time: 0.139, data: 0.002) G_GAN: 3.001 G_LPIPS: 55.629 D_real: 0.077 D_fake: 0.102 \n"}
,{"stream_name":"stdout","time":3894.966999388,"data":"(epoch: 9, iters: 1000, time: 0.140, data: 0.003) G_GAN: 2.209 G_LPIPS: 53.823 D_real: 0.255 D_fake: 0.135 \n"}
,{"stream_name":"stdout","time":3894.967001654,"data":"(epoch: 9, iters: 1020, time: 0.138, data: 0.003) G_GAN: 3.085 G_LPIPS: 57.466 D_real: 0.557 D_fake: 0.025 \n"}
,{"stream_name":"stdout","time":3894.967003942,"data":"(epoch: 9, iters: 1040, time: 0.139, data: 0.003) G_GAN: 5.003 G_LPIPS: 61.340 D_real: 0.050 D_fake: 0.034 \n"}
,{"stream_name":"stdout","time":3894.967006203,"data":"(epoch: 9, iters: 1060, time: 0.139, data: 0.003) G_GAN: 1.792 G_LPIPS: 50.540 D_real: 0.983 D_fake: 0.089 \n"}
,{"stream_name":"stdout","time":3894.967008452,"data":"(epoch: 9, iters: 1080, time: 0.140, data: 0.003) G_GAN: 1.978 G_LPIPS: 55.654 D_real: 0.244 D_fake: 0.248 \n"}
,{"stream_name":"stdout","time":3894.967010703,"data":"(epoch: 9, iters: 1100, time: 0.138, data: 0.003) G_GAN: 2.659 G_LPIPS: 54.760 D_real: 0.086 D_fake: 0.462 \n"}
,{"stream_name":"stdout","time":3894.967012938,"data":"(epoch: 9, iters: 1120, time: 0.140, data: 0.003) G_GAN: 3.355 G_LPIPS: 55.738 D_real: 0.017 D_fake: 0.754 \n"}
,{"stream_name":"stdout","time":3894.967015202,"data":"(epoch: 9, iters: 1140, time: 0.141, data: 0.003) G_GAN: 2.797 G_LPIPS: 55.703 D_real: 0.245 D_fake: 0.195 \n"}
,{"stream_name":"stdout","time":3894.967017653,"data":"(epoch: 9, iters: 1160, time: 0.189, data: 0.003) G_GAN: 3.449 G_LPIPS: 50.850 D_real: 0.063 D_fake: 0.699 \n"}
,{"stream_name":"stdout","time":3894.967019923,"data":"(epoch: 9, iters: 1180, time: 0.140, data: 0.003) G_GAN: 2.064 G_LPIPS: 52.360 D_real: 0.350 D_fake: 0.427 \n"}
,{"stream_name":"stdout","time":3894.967022208,"data":"(epoch: 9, iters: 1200, time: 0.141, data: 0.003) G_GAN: 2.314 G_LPIPS: 59.150 D_real: 0.217 D_fake: 0.160 \n"}
,{"stream_name":"stdout","time":3894.967024468,"data":"(epoch: 9, iters: 1220, time: 0.141, data: 0.003) G_GAN: 1.785 G_LPIPS: 51.494 D_real: 0.319 D_fake: 0.266 \n"}
,{"stream_name":"stdout","time":3894.967026747,"data":"(epoch: 9, iters: 1240, time: 0.140, data: 0.003) G_GAN: 1.816 G_LPIPS: 52.250 D_real: 0.098 D_fake: 0.500 \n"}
,{"stream_name":"stdout","time":3894.967030918,"data":"(epoch: 9, iters: 1260, time: 0.141, data: 0.003) G_GAN: 1.880 G_LPIPS: 51.178 D_real: 0.846 D_fake: 0.066 \n"}
,{"stream_name":"stdout","time":3894.967033324,"data":"(epoch: 9, iters: 1280, time: 0.140, data: 0.003) G_GAN: 2.220 G_LPIPS: 52.328 D_real: 0.140 D_fake: 0.331 \n"}
,{"stream_name":"stdout","time":3894.967035627,"data":"(epoch: 9, iters: 1300, time: 0.140, data: 0.004) G_GAN: 2.348 G_LPIPS: 60.074 D_real: 0.063 D_fake: 0.259 \n"}
,{"stream_name":"stdout","time":3894.967037906,"data":"(epoch: 9, iters: 1320, time: 0.140, data: 0.003) G_GAN: 2.055 G_LPIPS: 55.611 D_real: 0.030 D_fake: 0.637 \n"}
,{"stream_name":"stdout","time":3894.967040174,"data":"(epoch: 9, iters: 1340, time: 0.141, data: 0.003) G_GAN: 2.169 G_LPIPS: 61.928 D_real: 0.001 D_fake: 1.159 \n"}
,{"stream_name":"stdout","time":3894.967042471,"data":"(epoch: 9, iters: 1360, time: 0.140, data: 0.003) G_GAN: 2.354 G_LPIPS: 59.002 D_real: 0.301 D_fake: 0.116 \n"}
,{"stream_name":"stdout","time":3894.967044733,"data":"(epoch: 9, iters: 1380, time: 0.140, data: 0.003) G_GAN: 1.479 G_LPIPS: 51.637 D_real: 0.355 D_fake: 0.187 \n"}
,{"stream_name":"stdout","time":3894.967046984,"data":"(epoch: 9, iters: 1400, time: 0.140, data: 0.003) G_GAN: 2.591 G_LPIPS: 51.992 D_real: 0.120 D_fake: 0.091 \n"}
,{"stream_name":"stdout","time":3894.967049237,"data":"(epoch: 9, iters: 1420, time: 0.140, data: 0.003) G_GAN: 1.108 G_LPIPS: 53.593 D_real: 0.619 D_fake: 0.093 \n"}
,{"stream_name":"stdout","time":3894.967051496,"data":"(epoch: 9, iters: 1440, time: 0.138, data: 0.003) G_GAN: 2.061 G_LPIPS: 55.020 D_real: 0.654 D_fake: 0.069 \n"}
,{"stream_name":"stdout","time":3894.967053762,"data":"(epoch: 9, iters: 1460, time: 0.140, data: 0.003) G_GAN: 1.777 G_LPIPS: 57.640 D_real: 0.353 D_fake: 0.093 \n"}
,{"stream_name":"stdout","time":3894.967056011,"data":"(epoch: 9, iters: 1480, time: 0.189, data: 0.003) G_GAN: 1.935 G_LPIPS: 59.523 D_real: 0.070 D_fake: 0.252 \n"}
,{"stream_name":"stdout","time":3894.967058273,"data":"(epoch: 9, iters: 1500, time: 0.139, data: 0.003) G_GAN: 1.956 G_LPIPS: 55.471 D_real: 0.682 D_fake: 0.065 \n"}
,{"stream_name":"stdout","time":3894.967060551,"data":"(epoch: 9, iters: 1520, time: 0.140, data: 0.003) G_GAN: 1.790 G_LPIPS: 54.850 D_real: 0.243 D_fake: 0.197 \n"}
,{"stream_name":"stdout","time":4047.699860779,"data":"saving the latest model (epoch 9, total_iters 35000)\n"}
,{"stream_name":"stdout","time":4047.69990392,"data":"(epoch: 9, iters: 1540, time: 0.141, data: 0.003) G_GAN: 2.917 G_LPIPS: 56.734 D_real: 0.059 D_fake: 0.880 \n"}
,{"stream_name":"stdout","time":4047.699911135,"data":"(epoch: 9, iters: 1560, time: 0.140, data: 0.003) G_GAN: 1.787 G_LPIPS: 53.902 D_real: 0.856 D_fake: 0.072 \n"}
,{"stream_name":"stdout","time":4047.699915937,"data":"(epoch: 9, iters: 1580, time: 0.139, data: 0.003) G_GAN: 1.770 G_LPIPS: 53.875 D_real: 0.259 D_fake: 0.145 \n"}
,{"stream_name":"stdout","time":4047.69992051,"data":"(epoch: 9, iters: 1600, time: 0.140, data: 0.003) G_GAN: 2.400 G_LPIPS: 54.402 D_real: 0.086 D_fake: 0.423 \n"}
,{"stream_name":"stdout","time":4047.699925033,"data":"(epoch: 9, iters: 1620, time: 0.140, data: 0.003) G_GAN: 1.129 G_LPIPS: 54.322 D_real: 0.275 D_fake: 0.249 \n"}
,{"stream_name":"stdout","time":4047.699929587,"data":"(epoch: 9, iters: 1640, time: 0.140, data: 0.003) G_GAN: 1.661 G_LPIPS: 54.011 D_real: 0.078 D_fake: 0.175 \n"}
,{"stream_name":"stdout","time":4047.699939102,"data":"(epoch: 9, iters: 1660, time: 0.140, data: 0.003) G_GAN: 1.324 G_LPIPS: 53.914 D_real: 0.288 D_fake: 0.417 \n"}
,{"stream_name":"stdout","time":4047.69995675,"data":"(epoch: 9, iters: 1680, time: 0.139, data: 0.003) G_GAN: 1.813 G_LPIPS: 57.954 D_real: 0.933 D_fake: 0.021 \n"}
,{"stream_name":"stdout","time":4047.699975264,"data":"(epoch: 9, iters: 1700, time: 0.141, data: 0.003) G_GAN: 2.222 G_LPIPS: 54.981 D_real: 0.122 D_fake: 0.207 \n"}
,{"stream_name":"stdout","time":4047.699979649,"data":"(epoch: 9, iters: 1720, time: 0.140, data: 0.003) G_GAN: 3.122 G_LPIPS: 57.299 D_real: 0.121 D_fake: 0.166 \n"}
,{"stream_name":"stdout","time":4047.699984224,"data":"(epoch: 9, iters: 1740, time: 0.189, data: 0.003) G_GAN: 2.841 G_LPIPS: 51.179 D_real: 0.193 D_fake: 0.119 \n"}
,{"stream_name":"stdout","time":4047.699987873,"data":"(epoch: 9, iters: 1760, time: 0.140, data: 0.004) G_GAN: 2.004 G_LPIPS: 50.307 D_real: 0.850 D_fake: 0.054 \n"}
,{"stream_name":"stdout","time":4047.699991534,"data":"(epoch: 9, iters: 1780, time: 0.140, data: 0.003) G_GAN: 2.014 G_LPIPS: 51.255 D_real: 0.352 D_fake: 0.184 \n"}
,{"stream_name":"stdout","time":4047.699995422,"data":"(epoch: 9, iters: 1800, time: 0.141, data: 0.003) G_GAN: 2.359 G_LPIPS: 55.748 D_real: 0.055 D_fake: 0.407 \n"}
,{"stream_name":"stdout","time":4047.699999179,"data":"(epoch: 9, iters: 1820, time: 0.140, data: 0.003) G_GAN: 2.757 G_LPIPS: 51.185 D_real: 0.178 D_fake: 0.069 \n"}
,{"stream_name":"stdout","time":4047.700003162,"data":"(epoch: 9, iters: 1840, time: 0.140, data: 0.003) G_GAN: 1.844 G_LPIPS: 50.866 D_real: 0.721 D_fake: 0.095 \n"}
,{"stream_name":"stdout","time":4047.700007072,"data":"(epoch: 9, iters: 1860, time: 0.140, data: 0.003) G_GAN: 2.870 G_LPIPS: 58.553 D_real: 0.055 D_fake: 0.228 \n"}
,{"stream_name":"stdout","time":4047.70001104,"data":"(epoch: 9, iters: 1880, time: 0.140, data: 0.003) G_GAN: 2.359 G_LPIPS: 56.543 D_real: 0.040 D_fake: 0.311 \n"}
,{"stream_name":"stdout","time":4047.7000162,"data":"(epoch: 9, iters: 1900, time: 0.140, data: 0.003) G_GAN: 1.530 G_LPIPS: 56.757 D_real: 0.096 D_fake: 0.473 \n"}
,{"stream_name":"stdout","time":4047.700019959,"data":"(epoch: 9, iters: 1920, time: 0.140, data: 0.003) G_GAN: 2.029 G_LPIPS: 52.820 D_real: 0.146 D_fake: 0.634 \n"}
,{"stream_name":"stdout","time":4047.700023619,"data":"(epoch: 9, iters: 1940, time: 0.141, data: 0.003) G_GAN: 2.879 G_LPIPS: 50.285 D_real: 0.079 D_fake: 0.261 \n"}
,{"stream_name":"stdout","time":4047.700027254,"data":"(epoch: 9, iters: 1960, time: 0.139, data: 0.003) G_GAN: 2.874 G_LPIPS: 57.818 D_real: 0.104 D_fake: 0.106 \n"}
,{"stream_name":"stdout","time":4047.700031119,"data":"(epoch: 9, iters: 1980, time: 0.137, data: 0.004) G_GAN: 1.540 G_LPIPS: 49.083 D_real: 0.306 D_fake: 0.211 \n"}
,{"stream_name":"stdout","time":4047.700035022,"data":"(epoch: 9, iters: 2000, time: 0.140, data: 0.003) G_GAN: 3.189 G_LPIPS: 60.272 D_real: 0.195 D_fake: 0.100 \n"}
,{"stream_name":"stdout","time":4047.700039047,"data":"(epoch: 9, iters: 2020, time: 0.140, data: 0.003) G_GAN: 1.008 G_LPIPS: 54.352 D_real: 1.579 D_fake: 0.050 \n"}
,{"stream_name":"stdout","time":4047.70004262,"data":"(epoch: 9, iters: 2040, time: 0.140, data: 0.003) G_GAN: 1.870 G_LPIPS: 54.015 D_real: 0.324 D_fake: 0.248 \n"}
,{"stream_name":"stdout","time":4047.700046498,"data":"(epoch: 9, iters: 2060, time: 0.189, data: 0.003) G_GAN: 2.116 G_LPIPS: 57.873 D_real: 0.235 D_fake: 0.103 \n"}
,{"stream_name":"stdout","time":4047.700050099,"data":"(epoch: 9, iters: 2080, time: 0.140, data: 0.003) G_GAN: 2.913 G_LPIPS: 58.121 D_real: 0.064 D_fake: 0.222 \n"}
,{"stream_name":"stdout","time":4047.70005354,"data":"(epoch: 9, iters: 2100, time: 0.139, data: 0.003) G_GAN: 1.288 G_LPIPS: 52.907 D_real: 0.803 D_fake: 0.126 \n"}
,{"stream_name":"stdout","time":4047.700057491,"data":"(epoch: 9, iters: 2120, time: 0.140, data: 0.003) G_GAN: 1.639 G_LPIPS: 54.864 D_real: 0.183 D_fake: 0.311 \n"}
,{"stream_name":"stdout","time":4047.700061573,"data":"(epoch: 9, iters: 2140, time: 0.140, data: 0.003) G_GAN: 3.142 G_LPIPS: 51.146 D_real: 0.131 D_fake: 0.352 \n"}
,{"stream_name":"stdout","time":4047.700070379,"data":"(epoch: 9, iters: 2160, time: 0.139, data: 0.003) G_GAN: 1.457 G_LPIPS: 58.979 D_real: 0.303 D_fake: 0.125 \n"}
,{"stream_name":"stdout","time":4047.700073992,"data":"(epoch: 9, iters: 2180, time: 0.140, data: 0.003) G_GAN: 2.128 G_LPIPS: 54.016 D_real: 0.122 D_fake: 0.117 \n"}
,{"stream_name":"stdout","time":4047.700077487,"data":"(epoch: 9, iters: 2200, time: 0.139, data: 0.003) G_GAN: 3.224 G_LPIPS: 52.159 D_real: 0.026 D_fake: 0.757 \n"}
,{"stream_name":"stdout","time":4047.70008102,"data":"(epoch: 9, iters: 2220, time: 0.140, data: 0.003) G_GAN: 1.798 G_LPIPS: 53.227 D_real: 0.595 D_fake: 0.197 \n"}
,{"stream_name":"stdout","time":4047.700084445,"data":"(epoch: 9, iters: 2240, time: 0.140, data: 0.003) G_GAN: 2.356 G_LPIPS: 54.653 D_real: 0.316 D_fake: 0.362 \n"}
,{"stream_name":"stdout","time":4047.700087949,"data":"(epoch: 9, iters: 2260, time: 0.140, data: 0.003) G_GAN: 1.264 G_LPIPS: 51.655 D_real: 0.683 D_fake: 0.092 \n"}
,{"stream_name":"stdout","time":4047.700091876,"data":"(epoch: 9, iters: 2280, time: 0.138, data: 0.003) G_GAN: 1.347 G_LPIPS: 53.392 D_real: 0.523 D_fake: 0.278 \n"}
,{"stream_name":"stdout","time":4047.700095557,"data":"(epoch: 9, iters: 2300, time: 0.140, data: 0.003) G_GAN: 1.514 G_LPIPS: 58.039 D_real: 0.597 D_fake: 0.161 \n"}
,{"stream_name":"stdout","time":4047.700099022,"data":"(epoch: 9, iters: 2320, time: 0.139, data: 0.003) G_GAN: 2.336 G_LPIPS: 55.181 D_real: 0.162 D_fake: 0.053 \n"}
,{"stream_name":"stdout","time":4047.700102461,"data":"(epoch: 9, iters: 2340, time: 0.139, data: 0.003) G_GAN: 1.512 G_LPIPS: 55.067 D_real: 0.460 D_fake: 0.085 \n"}
,{"stream_name":"stdout","time":4047.700105899,"data":"(epoch: 9, iters: 2360, time: 0.140, data: 0.003) G_GAN: 2.829 G_LPIPS: 56.850 D_real: 0.064 D_fake: 0.460 \n"}
,{"stream_name":"stdout","time":4047.700109561,"data":"(epoch: 9, iters: 2380, time: 0.188, data: 0.003) G_GAN: 2.440 G_LPIPS: 56.847 D_real: 0.045 D_fake: 0.830 \n"}
,{"stream_name":"stdout","time":4047.700118069,"data":"(epoch: 9, iters: 2400, time: 0.143, data: 0.003) G_GAN: 3.024 G_LPIPS: 57.535 D_real: 0.020 D_fake: 0.768 \n"}
,{"stream_name":"stdout","time":4047.700121101,"data":"(epoch: 9, iters: 2420, time: 0.141, data: 0.003) G_GAN: 1.642 G_LPIPS: 60.642 D_real: 0.043 D_fake: 0.128 \n"}
,{"stream_name":"stdout","time":4047.700123507,"data":"(epoch: 9, iters: 2440, time: 0.141, data: 0.003) G_GAN: 1.843 G_LPIPS: 56.893 D_real: 0.020 D_fake: 0.646 \n"}
,{"stream_name":"stdout","time":4047.700125762,"data":"(epoch: 9, iters: 2460, time: 0.139, data: 0.003) G_GAN: 2.433 G_LPIPS: 54.568 D_real: 0.102 D_fake: 0.138 \n"}
,{"stream_name":"stdout","time":4047.700128025,"data":"(epoch: 9, iters: 2480, time: 0.139, data: 0.003) G_GAN: 1.733 G_LPIPS: 55.192 D_real: 0.035 D_fake: 0.524 \n"}
,{"stream_name":"stdout","time":4047.700130375,"data":"(epoch: 9, iters: 2500, time: 0.140, data: 0.002) G_GAN: 0.872 G_LPIPS: 53.700 D_real: 0.919 D_fake: 0.063 \n"}
,{"stream_name":"stdout","time":4047.700133017,"data":"(epoch: 9, iters: 2520, time: 0.157, data: 0.003) G_GAN: 1.197 G_LPIPS: 47.517 D_real: 0.260 D_fake: 0.193 \n"}
,{"stream_name":"stdout","time":4047.700135639,"data":"(epoch: 9, iters: 2540, time: 0.140, data: 0.003) G_GAN: 1.138 G_LPIPS: 53.618 D_real: 0.643 D_fake: 0.172 \n"}
,{"stream_name":"stdout","time":4047.700137893,"data":"(epoch: 9, iters: 2560, time: 0.140, data: 0.003) G_GAN: 1.092 G_LPIPS: 54.008 D_real: 1.182 D_fake: 0.047 \n"}
,{"stream_name":"stdout","time":4047.700140151,"data":"(epoch: 9, iters: 2580, time: 0.139, data: 0.004) G_GAN: 1.464 G_LPIPS: 56.725 D_real: 0.538 D_fake: 0.117 \n"}
,{"stream_name":"stdout","time":4047.700142404,"data":"(epoch: 9, iters: 2600, time: 0.140, data: 0.003) G_GAN: 2.886 G_LPIPS: 56.390 D_real: 0.051 D_fake: 0.685 \n"}
,{"stream_name":"stdout","time":4047.700147725,"data":"(epoch: 9, iters: 2620, time: 0.141, data: 0.003) G_GAN: 2.091 G_LPIPS: 54.488 D_real: 0.309 D_fake: 0.137 \n"}
,{"stream_name":"stdout","time":4047.70015013,"data":"(epoch: 9, iters: 2640, time: 0.140, data: 0.003) G_GAN: 1.933 G_LPIPS: 54.794 D_real: 0.134 D_fake: 0.181 \n"}
,{"stream_name":"stdout","time":4047.700152894,"data":"(epoch: 9, iters: 2660, time: 0.140, data: 0.004) G_GAN: 2.641 G_LPIPS: 57.474 D_real: 0.054 D_fake: 0.379 \n"}
,{"stream_name":"stdout","time":4047.700155197,"data":"(epoch: 9, iters: 2680, time: 0.140, data: 0.003) G_GAN: 2.329 G_LPIPS: 58.174 D_real: 0.010 D_fake: 0.350 \n"}
,{"stream_name":"stdout","time":4047.700157532,"data":"(epoch: 9, iters: 2700, time: 0.140, data: 0.003) G_GAN: 3.097 G_LPIPS: 57.561 D_real: 0.206 D_fake: 0.226 \n"}
,{"stream_name":"stdout","time":4047.700159787,"data":"(epoch: 9, iters: 2720, time: 0.141, data: 0.003) G_GAN: 2.133 G_LPIPS: 55.431 D_real: 0.051 D_fake: 0.517 \n"}
,{"stream_name":"stdout","time":4047.700162036,"data":"(epoch: 9, iters: 2740, time: 0.141, data: 0.003) G_GAN: 2.259 G_LPIPS: 57.064 D_real: 0.156 D_fake: 0.293 \n"}
,{"stream_name":"stdout","time":4047.700177969,"data":"(epoch: 9, iters: 2760, time: 0.140, data: 0.003) G_GAN: 2.514 G_LPIPS: 56.112 D_real: 0.125 D_fake: 0.265 \n"}
,{"stream_name":"stdout","time":4047.700182107,"data":"(epoch: 9, iters: 2780, time: 0.138, data: 0.003) G_GAN: 1.790 G_LPIPS: 50.480 D_real: 0.053 D_fake: 1.418 \n"}
,{"stream_name":"stdout","time":4047.700186159,"data":"(epoch: 9, iters: 2800, time: 0.141, data: 0.003) G_GAN: 2.852 G_LPIPS: 54.221 D_real: 0.156 D_fake: 0.387 \n"}
,{"stream_name":"stdout","time":4047.700189775,"data":"(epoch: 9, iters: 2820, time: 0.189, data: 0.003) G_GAN: 2.028 G_LPIPS: 55.113 D_real: 0.282 D_fake: 0.251 \n"}
,{"stream_name":"stdout","time":4047.700194218,"data":"(epoch: 9, iters: 2840, time: 0.142, data: 0.003) G_GAN: 2.462 G_LPIPS: 53.913 D_real: 0.034 D_fake: 0.544 \n"}
,{"stream_name":"stdout","time":4047.700198079,"data":"(epoch: 9, iters: 2860, time: 0.141, data: 0.003) G_GAN: 2.923 G_LPIPS: 57.961 D_real: 0.207 D_fake: 0.068 \n"}
,{"stream_name":"stdout","time":4047.700200965,"data":"(epoch: 9, iters: 2880, time: 0.141, data: 0.004) G_GAN: 1.163 G_LPIPS: 55.844 D_real: 0.785 D_fake: 0.188 \n"}
,{"stream_name":"stdout","time":4047.700204294,"data":"(epoch: 9, iters: 2900, time: 0.140, data: 0.003) G_GAN: 3.407 G_LPIPS: 57.301 D_real: 0.070 D_fake: 0.199 \n"}
,{"stream_name":"stdout","time":4047.700207691,"data":"(epoch: 9, iters: 2920, time: 0.140, data: 0.003) G_GAN: 2.380 G_LPIPS: 58.534 D_real: 0.123 D_fake: 0.199 \n"}
,{"stream_name":"stdout","time":4047.700211015,"data":"(epoch: 9, iters: 2940, time: 0.141, data: 0.003) G_GAN: 1.658 G_LPIPS: 50.776 D_real: 0.621 D_fake: 0.118 \n"}
,{"stream_name":"stdout","time":4047.700214119,"data":"(epoch: 9, iters: 2960, time: 0.140, data: 0.003) G_GAN: 1.979 G_LPIPS: 51.479 D_real: 1.791 D_fake: 0.044 \n"}
,{"stream_name":"stdout","time":4047.700217316,"data":"(epoch: 9, iters: 2980, time: 0.141, data: 0.003) G_GAN: 2.211 G_LPIPS: 52.934 D_real: 0.416 D_fake: 0.108 \n"}
,{"stream_name":"stdout","time":4047.700220355,"data":"(epoch: 9, iters: 3000, time: 0.145, data: 0.003) G_GAN: 3.159 G_LPIPS: 58.629 D_real: 0.018 D_fake: 0.079 \n"}
,{"stream_name":"stdout","time":4047.700223631,"data":"(epoch: 9, iters: 3020, time: 0.141, data: 0.003) G_GAN: 2.865 G_LPIPS: 57.037 D_real: 0.224 D_fake: 0.173 \n"}
,{"stream_name":"stdout","time":4201.952733996,"data":"(epoch: 9, iters: 3040, time: 0.143, data: 0.003) G_GAN: 2.228 G_LPIPS: 56.808 D_real: 0.472 D_fake: 0.122 \n"}
,{"stream_name":"stdout","time":4201.952796841,"data":"(epoch: 9, iters: 3060, time: 0.141, data: 0.003) G_GAN: 2.181 G_LPIPS: 54.209 D_real: 0.594 D_fake: 0.115 \n"}
,{"stream_name":"stdout","time":4201.952818513,"data":"(epoch: 9, iters: 3080, time: 0.142, data: 0.003) G_GAN: 1.848 G_LPIPS: 55.870 D_real: 0.009 D_fake: 0.190 \n"}
,{"stream_name":"stdout","time":4201.95282303,"data":"(epoch: 9, iters: 3100, time: 0.140, data: 0.004) G_GAN: 1.481 G_LPIPS: 52.308 D_real: 0.706 D_fake: 0.093 \n"}
,{"stream_name":"stdout","time":4201.952826973,"data":"(epoch: 9, iters: 3120, time: 0.142, data: 0.003) G_GAN: 3.750 G_LPIPS: 51.191 D_real: 0.336 D_fake: 0.555 \n"}
,{"stream_name":"stdout","time":4201.952830728,"data":"(epoch: 9, iters: 3140, time: 0.140, data: 0.003) G_GAN: 2.089 G_LPIPS: 55.529 D_real: 1.234 D_fake: 0.048 \n"}
,{"stream_name":"stdout","time":4201.952834742,"data":"(epoch: 9, iters: 3160, time: 0.141, data: 0.003) G_GAN: 6.029 G_LPIPS: 52.358 D_real: 0.195 D_fake: 0.834 \n"}
,{"stream_name":"stdout","time":4201.952843381,"data":"(epoch: 9, iters: 3180, time: 0.140, data: 0.003) G_GAN: 2.797 G_LPIPS: 53.823 D_real: 0.131 D_fake: 0.546 \n"}
,{"stream_name":"stdout","time":4201.952846502,"data":"(epoch: 9, iters: 3200, time: 0.141, data: 0.003) G_GAN: 1.435 G_LPIPS: 62.128 D_real: 0.441 D_fake: 0.178 \n"}
,{"stream_name":"stdout","time":4201.952849055,"data":"(epoch: 9, iters: 3220, time: 0.143, data: 0.003) G_GAN: 1.644 G_LPIPS: 55.023 D_real: 1.164 D_fake: 0.133 \n"}
,{"stream_name":"stdout","time":4201.952851481,"data":"(epoch: 9, iters: 3240, time: 0.141, data: 0.003) G_GAN: 1.382 G_LPIPS: 52.690 D_real: 0.198 D_fake: 0.311 \n"}
,{"stream_name":"stdout","time":4201.952853981,"data":"(epoch: 9, iters: 3260, time: 0.190, data: 0.004) G_GAN: 1.455 G_LPIPS: 52.023 D_real: 0.294 D_fake: 0.506 \n"}
,{"stream_name":"stdout","time":4201.952856377,"data":"(epoch: 9, iters: 3280, time: 0.141, data: 0.004) G_GAN: 1.977 G_LPIPS: 59.330 D_real: 0.102 D_fake: 0.487 \n"}
,{"stream_name":"stdout","time":4201.952858781,"data":"(epoch: 9, iters: 3300, time: 0.140, data: 0.003) G_GAN: 1.394 G_LPIPS: 56.173 D_real: 0.306 D_fake: 0.381 \n"}
,{"stream_name":"stdout","time":4201.952861175,"data":"(epoch: 9, iters: 3320, time: 0.172, data: 0.003) G_GAN: 1.298 G_LPIPS: 54.070 D_real: 0.627 D_fake: 0.215 \n"}
,{"stream_name":"stdout","time":4201.952863569,"data":"(epoch: 9, iters: 3340, time: 0.141, data: 0.004) G_GAN: 1.369 G_LPIPS: 57.317 D_real: 0.524 D_fake: 0.318 \n"}
,{"stream_name":"stdout","time":4201.95286597,"data":"(epoch: 9, iters: 3360, time: 0.139, data: 0.004) G_GAN: 2.428 G_LPIPS: 58.409 D_real: 0.029 D_fake: 0.892 \n"}
,{"stream_name":"stdout","time":4201.952868632,"data":"(epoch: 9, iters: 3380, time: 0.141, data: 0.003) G_GAN: 3.245 G_LPIPS: 56.267 D_real: 0.103 D_fake: 0.277 \n"}
,{"stream_name":"stdout","time":4201.952871087,"data":"(epoch: 9, iters: 3400, time: 0.140, data: 0.003) G_GAN: 1.883 G_LPIPS: 57.389 D_real: 0.362 D_fake: 0.153 \n"}
,{"stream_name":"stdout","time":4201.952874531,"data":"(epoch: 9, iters: 3420, time: 0.140, data: 0.003) G_GAN: 0.538 G_LPIPS: 56.646 D_real: 1.227 D_fake: 0.290 \n"}
,{"stream_name":"stdout","time":4201.952877345,"data":"(epoch: 9, iters: 3440, time: 0.188, data: 0.003) G_GAN: 1.580 G_LPIPS: 55.524 D_real: 0.336 D_fake: 0.186 \n"}
,{"stream_name":"stdout","time":4201.952893575,"data":"(epoch: 9, iters: 3460, time: 0.140, data: 0.003) G_GAN: 0.549 G_LPIPS: 54.927 D_real: 1.804 D_fake: 0.151 \n"}
,{"stream_name":"stdout","time":4201.952898253,"data":"(epoch: 9, iters: 3480, time: 0.142, data: 0.003) G_GAN: 2.671 G_LPIPS: 50.170 D_real: 0.205 D_fake: 0.147 \n"}
,{"stream_name":"stdout","time":4201.952902501,"data":"(epoch: 9, iters: 3500, time: 0.189, data: 0.003) G_GAN: 1.655 G_LPIPS: 53.049 D_real: 0.322 D_fake: 0.113 \n"}
,{"stream_name":"stdout","time":4201.952907067,"data":"(epoch: 9, iters: 3520, time: 0.141, data: 0.003) G_GAN: 2.770 G_LPIPS: 50.919 D_real: 0.145 D_fake: 0.117 \n"}
,{"stream_name":"stdout","time":4201.952915437,"data":"(epoch: 9, iters: 3540, time: 0.141, data: 0.003) G_GAN: 3.262 G_LPIPS: 57.573 D_real: 0.008 D_fake: 0.402 \n"}
,{"stream_name":"stdout","time":4201.952919301,"data":"(epoch: 9, iters: 3560, time: 0.191, data: 0.003) G_GAN: 1.991 G_LPIPS: 49.796 D_real: 0.345 D_fake: 0.296 \n"}
,{"stream_name":"stdout","time":4201.952923009,"data":"(epoch: 9, iters: 3580, time: 0.142, data: 0.003) G_GAN: 2.788 G_LPIPS: 56.786 D_real: 0.090 D_fake: 0.215 \n"}
,{"stream_name":"stdout","time":4201.952926813,"data":"(epoch: 9, iters: 3600, time: 0.141, data: 0.003) G_GAN: 2.743 G_LPIPS: 52.541 D_real: 0.192 D_fake: 0.085 \n"}
,{"stream_name":"stdout","time":4201.95293059,"data":"(epoch: 9, iters: 3620, time: 0.189, data: 0.003) G_GAN: 2.180 G_LPIPS: 55.316 D_real: 0.135 D_fake: 0.166 \n"}
,{"stream_name":"stdout","time":4201.952934347,"data":"(epoch: 9, iters: 3640, time: 0.141, data: 0.003) G_GAN: 2.025 G_LPIPS: 55.708 D_real: 0.043 D_fake: 0.772 \n"}
,{"stream_name":"stdout","time":4201.952938079,"data":"(epoch: 9, iters: 3660, time: 0.142, data: 0.003) G_GAN: 1.778 G_LPIPS: 53.638 D_real: 0.524 D_fake: 0.067 \n"}
,{"stream_name":"stdout","time":4201.952941833,"data":"(epoch: 9, iters: 3680, time: 0.173, data: 0.004) G_GAN: 2.193 G_LPIPS: 58.093 D_real: 0.268 D_fake: 0.115 \n"}
,{"stream_name":"stdout","time":4201.95295682,"data":"(epoch: 9, iters: 3700, time: 0.143, data: 0.003) G_GAN: 2.058 G_LPIPS: 54.404 D_real: 0.217 D_fake: 0.138 \n"}
,{"stream_name":"stdout","time":4201.952964962,"data":"(epoch: 9, iters: 3720, time: 0.142, data: 0.003) G_GAN: 1.303 G_LPIPS: 51.432 D_real: 0.390 D_fake: 0.354 \n"}
,{"stream_name":"stdout","time":4201.952967461,"data":"(epoch: 9, iters: 3740, time: 0.140, data: 0.004) G_GAN: 3.814 G_LPIPS: 59.949 D_real: 0.037 D_fake: 0.087 \n"}
,{"stream_name":"stdout","time":4201.952969715,"data":"(epoch: 9, iters: 3760, time: 0.140, data: 0.003) G_GAN: 2.054 G_LPIPS: 54.111 D_real: 0.399 D_fake: 0.197 \n"}
,{"stream_name":"stdout","time":4201.952971983,"data":"(epoch: 9, iters: 3780, time: 0.146, data: 0.003) G_GAN: 2.738 G_LPIPS: 50.618 D_real: 0.128 D_fake: 0.278 \n"}
,{"stream_name":"stdout","time":4201.952974518,"data":"(epoch: 9, iters: 3800, time: 0.140, data: 0.003) G_GAN: 3.185 G_LPIPS: 53.008 D_real: 0.092 D_fake: 0.345 \n"}
,{"stream_name":"stdout","time":4201.952988378,"data":"(epoch: 9, iters: 3820, time: 0.141, data: 0.003) G_GAN: 3.432 G_LPIPS: 55.844 D_real: 0.052 D_fake: 0.089 \n"}
,{"stream_name":"stdout","time":4201.952992493,"data":"(epoch: 9, iters: 3840, time: 0.141, data: 0.003) G_GAN: 3.954 G_LPIPS: 57.357 D_real: 0.009 D_fake: 0.079 \n"}
,{"stream_name":"stdout","time":4201.952996619,"data":"(epoch: 9, iters: 3860, time: 0.139, data: 0.003) G_GAN: 1.742 G_LPIPS: 53.902 D_real: 0.419 D_fake: 0.225 \n"}
,{"stream_name":"stdout","time":4201.953000247,"data":"(epoch: 9, iters: 3880, time: 0.143, data: 0.003) G_GAN: 2.619 G_LPIPS: 57.661 D_real: 0.256 D_fake: 0.052 \n"}
,{"stream_name":"stdout","time":4201.953004697,"data":"(epoch: 9, iters: 3900, time: 0.140, data: 0.003) G_GAN: 1.587 G_LPIPS: 49.848 D_real: 0.272 D_fake: 0.157 \n"}
,{"stream_name":"stdout","time":4201.953008265,"data":"(epoch: 9, iters: 3920, time: 0.140, data: 0.003) G_GAN: 3.124 G_LPIPS: 56.454 D_real: 0.049 D_fake: 0.105 \n"}
,{"stream_name":"stdout","time":4201.95301176,"data":"(epoch: 9, iters: 3940, time: 0.142, data: 0.003) G_GAN: 1.325 G_LPIPS: 53.217 D_real: 0.911 D_fake: 0.041 \n"}
,{"stream_name":"stdout","time":4201.953017342,"data":"(epoch: 9, iters: 3960, time: 0.141, data: 0.003) G_GAN: 1.767 G_LPIPS: 54.997 D_real: 0.053 D_fake: 0.241 \n"}
,{"stream_name":"stdout","time":4201.953020882,"data":"(epoch: 9, iters: 3980, time: 0.141, data: 0.003) G_GAN: 3.108 G_LPIPS: 56.902 D_real: 0.064 D_fake: 0.792 \n"}
,{"stream_name":"stdout","time":4201.953027731,"data":"(epoch: 9, iters: 4000, time: 0.143, data: 0.004) G_GAN: 2.654 G_LPIPS: 52.228 D_real: 0.149 D_fake: 0.525 \n"}
,{"stream_name":"stdout","time":4201.953031334,"data":"(epoch: 9, iters: 4020, time: 0.141, data: 0.003) G_GAN: 2.542 G_LPIPS: 54.816 D_real: 0.063 D_fake: 1.242 \n"}
,{"stream_name":"stdout","time":4201.953034817,"data":"(epoch: 9, iters: 4040, time: 0.141, data: 0.003) G_GAN: 3.063 G_LPIPS: 58.671 D_real: 0.070 D_fake: 0.233 \n"}
,{"stream_name":"stdout","time":4201.953038384,"data":"(epoch: 9, iters: 4060, time: 0.142, data: 0.003) G_GAN: 2.852 G_LPIPS: 55.224 D_real: 0.238 D_fake: 0.073 \n"}
,{"stream_name":"stdout","time":4201.953041905,"data":"(epoch: 9, iters: 4080, time: 0.142, data: 0.003) G_GAN: 1.437 G_LPIPS: 54.954 D_real: 0.223 D_fake: 0.212 \n"}
,{"stream_name":"stdout","time":4201.95304544,"data":"(epoch: 9, iters: 4100, time: 0.141, data: 0.003) G_GAN: 2.562 G_LPIPS: 55.985 D_real: 0.194 D_fake: 0.313 \n"}
,{"stream_name":"stdout","time":4201.953048931,"data":"(epoch: 9, iters: 4120, time: 0.142, data: 0.003) G_GAN: 2.620 G_LPIPS: 53.146 D_real: 0.115 D_fake: 0.420 \n"}
,{"stream_name":"stdout","time":4201.953052351,"data":"(epoch: 9, iters: 4140, time: 0.143, data: 0.003) G_GAN: 3.131 G_LPIPS: 51.731 D_real: 0.154 D_fake: 0.272 \n"}
,{"stream_name":"stdout","time":4201.953055815,"data":"(epoch: 9, iters: 4160, time: 0.143, data: 0.003) G_GAN: 2.569 G_LPIPS: 55.577 D_real: 0.074 D_fake: 0.144 \n"}
,{"stream_name":"stdout","time":4201.95305991,"data":"(epoch: 9, iters: 4180, time: 0.142, data: 0.003) G_GAN: 2.450 G_LPIPS: 54.795 D_real: 0.038 D_fake: 0.655 \n"}
,{"stream_name":"stdout","time":4201.953068028,"data":"(epoch: 9, iters: 4200, time: 0.142, data: 0.003) G_GAN: 2.636 G_LPIPS: 55.399 D_real: 0.065 D_fake: 0.249 \n"}
,{"stream_name":"stdout","time":4201.95307105,"data":"(epoch: 9, iters: 4220, time: 0.141, data: 0.003) G_GAN: 2.939 G_LPIPS: 52.698 D_real: 0.031 D_fake: 0.223 \n"}
,{"stream_name":"stdout","time":4201.95308531,"data":"(epoch: 9, iters: 4240, time: 0.141, data: 0.003) G_GAN: 1.905 G_LPIPS: 56.311 D_real: 0.652 D_fake: 0.104 \n"}
,{"stream_name":"stdout","time":4201.953089613,"data":"(epoch: 9, iters: 4260, time: 0.148, data: 0.003) G_GAN: 1.760 G_LPIPS: 57.999 D_real: 0.043 D_fake: 0.209 \n"}
,{"stream_name":"stdout","time":4201.9530937,"data":"(epoch: 9, iters: 4280, time: 0.141, data: 0.003) G_GAN: 2.306 G_LPIPS: 56.563 D_real: 0.201 D_fake: 0.152 \n"}
,{"stream_name":"stdout","time":4201.953097803,"data":"(epoch: 9, iters: 4300, time: 0.142, data: 0.003) G_GAN: 2.382 G_LPIPS: 55.523 D_real: 0.251 D_fake: 0.222 \n"}
,{"stream_name":"stdout","time":4201.953101788,"data":"(epoch: 9, iters: 4320, time: 0.142, data: 0.003) G_GAN: 3.468 G_LPIPS: 58.361 D_real: 0.045 D_fake: 0.737 \n"}
,{"stream_name":"stdout","time":4201.953105347,"data":"(epoch: 9, iters: 4340, time: 0.142, data: 0.003) G_GAN: 3.154 G_LPIPS: 55.662 D_real: 1.632 D_fake: 0.010 \n"}
,{"stream_name":"stdout","time":4201.953108885,"data":"(epoch: 9, iters: 4360, time: 0.143, data: 0.003) G_GAN: 2.638 G_LPIPS: 55.535 D_real: 0.031 D_fake: 1.144 \n"}
,{"stream_name":"stdout","time":4201.953112583,"data":"(epoch: 9, iters: 4380, time: 0.142, data: 0.003) G_GAN: 3.120 G_LPIPS: 59.473 D_real: 0.058 D_fake: 0.081 \n"}
,{"stream_name":"stdout","time":4201.953116072,"data":"(epoch: 9, iters: 4400, time: 0.142, data: 0.003) G_GAN: 1.164 G_LPIPS: 54.005 D_real: 0.538 D_fake: 0.152 \n"}
,{"stream_name":"stdout","time":4201.95311973,"data":"(epoch: 9, iters: 4420, time: 0.142, data: 0.003) G_GAN: 0.799 G_LPIPS: 57.711 D_real: 1.008 D_fake: 0.039 \n"}
,{"stream_name":"stdout","time":4201.95312325,"data":"(epoch: 9, iters: 4440, time: 0.141, data: 0.003) G_GAN: 2.541 G_LPIPS: 55.428 D_real: 0.012 D_fake: 1.723 \n"}
,{"stream_name":"stdout","time":4201.953129898,"data":"(epoch: 9, iters: 4460, time: 0.142, data: 0.003) G_GAN: 3.429 G_LPIPS: 61.650 D_real: 0.034 D_fake: 0.259 \n"}
,{"stream_name":"stdout","time":4201.953133442,"data":"(epoch: 9, iters: 4480, time: 0.143, data: 0.003) G_GAN: 3.011 G_LPIPS: 56.670 D_real: 0.061 D_fake: 0.760 \n"}
,{"stream_name":"stdout","time":4201.953136996,"data":"(epoch: 9, iters: 4500, time: 0.143, data: 0.003) G_GAN: 3.553 G_LPIPS: 52.945 D_real: 0.050 D_fake: 1.495 \n"}
,{"stream_name":"stdout","time":4201.953140581,"data":"(epoch: 9, iters: 4520, time: 0.159, data: 0.003) G_GAN: 2.580 G_LPIPS: 57.301 D_real: 0.342 D_fake: 0.147 \n"}
,{"stream_name":"stdout","time":4201.953144093,"data":"(epoch: 9, iters: 4540, time: 0.141, data: 0.003) G_GAN: 3.081 G_LPIPS: 54.381 D_real: 0.021 D_fake: 0.233 \n"}
,{"stream_name":"stdout","time":4308.393024482,"data":"(epoch: 9, iters: 4560, time: 0.142, data: 0.003) G_GAN: 2.392 G_LPIPS: 57.106 D_real: 0.052 D_fake: 0.265 \n"}
,{"stream_name":"stdout","time":4308.393059344,"data":"(epoch: 9, iters: 4580, time: 0.143, data: 0.003) G_GAN: 2.169 G_LPIPS: 57.173 D_real: 0.214 D_fake: 0.128 \n"}
,{"stream_name":"stdout","time":4308.393065446,"data":"(epoch: 9, iters: 4600, time: 0.143, data: 0.003) G_GAN: 1.821 G_LPIPS: 55.763 D_real: 0.086 D_fake: 0.303 \n"}
,{"stream_name":"stdout","time":4308.393070422,"data":"(epoch: 9, iters: 4620, time: 0.143, data: 0.003) G_GAN: 2.914 G_LPIPS: 56.602 D_real: 0.319 D_fake: 0.069 \n"}
,{"stream_name":"stdout","time":4308.3930759,"data":"(epoch: 9, iters: 4640, time: 0.143, data: 0.003) G_GAN: 2.097 G_LPIPS: 54.306 D_real: 0.123 D_fake: 0.228 \n"}
,{"stream_name":"stdout","time":4308.393081057,"data":"(epoch: 9, iters: 4660, time: 0.143, data: 0.003) G_GAN: 1.683 G_LPIPS: 56.648 D_real: 0.118 D_fake: 1.005 \n"}
,{"stream_name":"stdout","time":4308.393086012,"data":"(epoch: 9, iters: 4680, time: 0.143, data: 0.003) G_GAN: 3.014 G_LPIPS: 50.827 D_real: 0.039 D_fake: 1.330 \n"}
,{"stream_name":"stdout","time":4308.393091203,"data":"(epoch: 9, iters: 4700, time: 0.141, data: 0.003) G_GAN: 3.113 G_LPIPS: 52.792 D_real: 0.682 D_fake: 0.036 \n"}
,{"stream_name":"stdout","time":4308.393096083,"data":"(epoch: 9, iters: 4720, time: 0.142, data: 0.003) G_GAN: 2.364 G_LPIPS: 57.668 D_real: 0.175 D_fake: 0.126 \n"}
,{"stream_name":"stdout","time":4308.393101124,"data":"(epoch: 9, iters: 4740, time: 0.142, data: 0.003) G_GAN: 1.946 G_LPIPS: 55.735 D_real: 0.036 D_fake: 0.471 \n"}
,{"stream_name":"stdout","time":4308.393106143,"data":"(epoch: 9, iters: 4760, time: 0.141, data: 0.003) G_GAN: 3.292 G_LPIPS: 55.472 D_real: 0.031 D_fake: 0.583 \n"}
,{"stream_name":"stdout","time":4308.393110989,"data":"(epoch: 9, iters: 4780, time: 0.142, data: 0.003) G_GAN: 2.038 G_LPIPS: 57.053 D_real: 0.237 D_fake: 0.202 \n"}
,{"stream_name":"stdout","time":4308.393116131,"data":"(epoch: 9, iters: 4800, time: 0.142, data: 0.003) G_GAN: 0.897 G_LPIPS: 52.931 D_real: 2.168 D_fake: 0.049 \n"}
,{"stream_name":"stdout","time":4308.393121251,"data":"(epoch: 9, iters: 4820, time: 0.143, data: 0.003) G_GAN: 3.139 G_LPIPS: 61.243 D_real: 0.014 D_fake: 0.846 \n"}
,{"stream_name":"stdout","time":4308.393126214,"data":"(epoch: 9, iters: 4840, time: 0.142, data: 0.004) G_GAN: 0.453 G_LPIPS: 52.518 D_real: 2.211 D_fake: 0.185 \n"}
,{"stream_name":"stdout","time":4308.393131009,"data":"(epoch: 9, iters: 4860, time: 0.141, data: 0.003) G_GAN: 1.577 G_LPIPS: 48.421 D_real: 0.296 D_fake: 0.265 \n"}
,{"stream_name":"stdout","time":4308.393136057,"data":"(epoch: 9, iters: 4880, time: 0.143, data: 0.003) G_GAN: 2.031 G_LPIPS: 55.754 D_real: 0.334 D_fake: 0.117 \n"}
,{"stream_name":"stdout","time":4308.393140885,"data":"(epoch: 9, iters: 4900, time: 0.143, data: 0.003) G_GAN: 3.109 G_LPIPS: 51.573 D_real: 0.127 D_fake: 0.133 \n"}
,{"stream_name":"stdout","time":4308.393153153,"data":"(epoch: 9, iters: 4920, time: 0.142, data: 0.003) G_GAN: 3.129 G_LPIPS: 57.094 D_real: 0.053 D_fake: 0.132 \n"}
,{"stream_name":"stdout","time":4308.393158241,"data":"(epoch: 9, iters: 4940, time: 0.144, data: 0.004) G_GAN: 3.172 G_LPIPS: 53.572 D_real: 0.081 D_fake: 0.112 \n"}
,{"stream_name":"stdout","time":4308.393162163,"data":"(epoch: 9, iters: 4960, time: 0.142, data: 0.004) G_GAN: 1.752 G_LPIPS: 53.310 D_real: 0.657 D_fake: 0.072 \n"}
,{"stream_name":"stdout","time":4308.393165929,"data":"(epoch: 9, iters: 4980, time: 0.195, data: 0.003) G_GAN: 2.304 G_LPIPS: 55.113 D_real: 0.017 D_fake: 0.254 \n"}
,{"stream_name":"stdout","time":4308.393169879,"data":"(epoch: 9, iters: 5000, time: 0.142, data: 0.004) G_GAN: 1.360 G_LPIPS: 51.654 D_real: 0.574 D_fake: 0.183 \n"}
,{"stream_name":"stdout","time":4308.393173723,"data":"(epoch: 9, iters: 5020, time: 0.144, data: 0.003) G_GAN: 0.561 G_LPIPS: 53.707 D_real: 0.843 D_fake: 0.113 \n"}
,{"stream_name":"stdout","time":4308.393177713,"data":"(epoch: 9, iters: 5040, time: 0.196, data: 0.003) G_GAN: 2.875 G_LPIPS: 58.578 D_real: 0.027 D_fake: 0.089 \n"}
,{"stream_name":"stdout","time":4308.393181663,"data":"(epoch: 9, iters: 5060, time: 0.143, data: 0.003) G_GAN: 1.759 G_LPIPS: 58.479 D_real: 0.204 D_fake: 0.137 \n"}
,{"stream_name":"stdout","time":4308.393185615,"data":"(epoch: 9, iters: 5080, time: 0.142, data: 0.003) G_GAN: 2.076 G_LPIPS: 57.002 D_real: 1.322 D_fake: 0.021 \n"}
,{"stream_name":"stdout","time":4308.393189451,"data":"(epoch: 9, iters: 5100, time: 0.194, data: 0.003) G_GAN: 1.090 G_LPIPS: 52.586 D_real: 1.341 D_fake: 0.278 \n"}
,{"stream_name":"stdout","time":4308.393193756,"data":"(epoch: 9, iters: 5120, time: 0.143, data: 0.003) G_GAN: 2.916 G_LPIPS: 57.457 D_real: 0.106 D_fake: 0.239 \n"}
,{"stream_name":"stdout","time":4308.393197662,"data":"(epoch: 9, iters: 5140, time: 0.143, data: 0.003) G_GAN: 1.859 G_LPIPS: 57.322 D_real: 0.072 D_fake: 0.642 \n"}
,{"stream_name":"stdout","time":4308.393201773,"data":"(epoch: 9, iters: 5160, time: 0.193, data: 0.003) G_GAN: 2.105 G_LPIPS: 56.914 D_real: 0.151 D_fake: 0.844 \n"}
,{"stream_name":"stdout","time":4308.393205638,"data":"(epoch: 9, iters: 5180, time: 0.144, data: 0.003) G_GAN: 2.172 G_LPIPS: 53.175 D_real: 0.058 D_fake: 0.670 \n"}
,{"stream_name":"stdout","time":4308.393209545,"data":"(epoch: 9, iters: 5200, time: 0.144, data: 0.003) G_GAN: 3.313 G_LPIPS: 50.845 D_real: 0.265 D_fake: 0.093 \n"}
,{"stream_name":"stdout","time":4308.393213461,"data":"(epoch: 9, iters: 5220, time: 0.176, data: 0.003) G_GAN: 2.055 G_LPIPS: 52.256 D_real: 0.072 D_fake: 1.188 \n"}
,{"stream_name":"stdout","time":4308.393217425,"data":"(epoch: 9, iters: 5240, time: 0.144, data: 0.003) G_GAN: 2.382 G_LPIPS: 51.366 D_real: 0.210 D_fake: 0.378 \n"}
,{"stream_name":"stdout","time":4308.393221249,"data":"(epoch: 9, iters: 5260, time: 0.145, data: 0.003) G_GAN: 2.221 G_LPIPS: 55.455 D_real: 0.117 D_fake: 0.107 \n"}
,{"stream_name":"stdout","time":4308.393225229,"data":"(epoch: 9, iters: 5280, time: 0.143, data: 0.003) G_GAN: 1.732 G_LPIPS: 50.222 D_real: 0.041 D_fake: 0.514 \n"}
,{"stream_name":"stdout","time":4308.393229107,"data":"(epoch: 9, iters: 5300, time: 0.144, data: 0.003) G_GAN: 1.426 G_LPIPS: 60.714 D_real: 0.884 D_fake: 0.114 \n"}
,{"stream_name":"stdout","time":4308.393233453,"data":"(epoch: 9, iters: 5320, time: 0.146, data: 0.003) G_GAN: 0.913 G_LPIPS: 56.414 D_real: 1.759 D_fake: 0.061 \n"}
,{"stream_name":"stdout","time":4308.393237282,"data":"(epoch: 9, iters: 5340, time: 0.145, data: 0.003) G_GAN: 2.910 G_LPIPS: 60.900 D_real: 0.013 D_fake: 0.138 \n"}
,{"stream_name":"stdout","time":4308.393241272,"data":"(epoch: 9, iters: 5360, time: 0.145, data: 0.003) G_GAN: 1.951 G_LPIPS: 57.207 D_real: 0.220 D_fake: 0.210 \n"}
,{"stream_name":"stdout","time":4308.393248216,"data":"(epoch: 9, iters: 5380, time: 0.143, data: 0.003) G_GAN: 3.132 G_LPIPS: 54.936 D_real: 0.021 D_fake: 0.528 \n"}
,{"stream_name":"stdout","time":4308.393252124,"data":"(epoch: 9, iters: 5400, time: 0.143, data: 0.003) G_GAN: 3.207 G_LPIPS: 49.366 D_real: 0.285 D_fake: 0.081 \n"}
,{"stream_name":"stdout","time":4308.393256023,"data":"(epoch: 9, iters: 5420, time: 0.144, data: 0.003) G_GAN: 2.880 G_LPIPS: 58.748 D_real: 0.120 D_fake: 0.753 \n"}
,{"stream_name":"stdout","time":4308.393259803,"data":"(epoch: 9, iters: 5440, time: 0.143, data: 0.003) G_GAN: 2.172 G_LPIPS: 55.229 D_real: 0.096 D_fake: 0.209 \n"}
,{"stream_name":"stdout","time":4308.393263897,"data":"(epoch: 9, iters: 5460, time: 0.144, data: 0.003) G_GAN: 2.858 G_LPIPS: 56.386 D_real: 0.021 D_fake: 0.167 \n"}
,{"stream_name":"stdout","time":4308.393267838,"data":"(epoch: 9, iters: 5480, time: 0.143, data: 0.004) G_GAN: 0.328 G_LPIPS: 44.724 D_real: 1.070 D_fake: 0.051 \n"}
,{"stream_name":"stdout","time":4308.393271855,"data":"(epoch: 9, iters: 5500, time: 0.143, data: 0.003) G_GAN: 3.744 G_LPIPS: 57.664 D_real: 0.017 D_fake: 2.797 \n"}
,{"stream_name":"stdout","time":4308.393275857,"data":"(epoch: 9, iters: 5520, time: 0.144, data: 0.003) G_GAN: 2.944 G_LPIPS: 54.527 D_real: 0.137 D_fake: 0.083 \n"}
,{"stream_name":"stdout","time":4308.393279869,"data":"(epoch: 9, iters: 5540, time: 0.143, data: 0.003) G_GAN: 2.237 G_LPIPS: 57.721 D_real: 0.171 D_fake: 0.280 \n"}
,{"stream_name":"stdout","time":4308.393283747,"data":"(epoch: 9, iters: 5560, time: 0.143, data: 0.003) G_GAN: 2.004 G_LPIPS: 58.445 D_real: 0.014 D_fake: 0.199 \n"}
,{"stream_name":"stdout","time":4308.393287663,"data":"(epoch: 9, iters: 5580, time: 0.095, data: 0.003) G_GAN: 0.322 G_LPIPS: 47.883 D_real: 1.157 D_fake: 0.443 \n"}
,{"stream_name":"stdout","time":4308.393291913,"data":"saving the model at the end of epoch 9, iters 39060\n"}
,{"stream_name":"stdout","time":4308.393296049,"data":"End of epoch 9 / 20 \t Time Taken: 563 sec\n"}
,{"stream_name":"stdout","time":4308.393300229,"data":"learning rate 0.0001000 -\u003e 0.0000909\n"}
,{"stream_name":"stdout","time":4468.599445694,"data":"(epoch: 10, iters: 20, time: 0.141, data: 0.261) G_GAN: 1.868 G_LPIPS: 51.515 D_real: 0.432 D_fake: 0.306 \n"}
,{"stream_name":"stdout","time":4468.599484716,"data":"(epoch: 10, iters: 40, time: 0.141, data: 0.003) G_GAN: 0.516 G_LPIPS: 56.667 D_real: 1.316 D_fake: 0.213 \n"}
,{"stream_name":"stdout","time":4468.599489069,"data":"(epoch: 10, iters: 60, time: 0.142, data: 0.003) G_GAN: 2.328 G_LPIPS: 56.620 D_real: 0.210 D_fake: 0.664 \n"}
,{"stream_name":"stdout","time":4468.599493726,"data":"(epoch: 10, iters: 80, time: 0.143, data: 0.003) G_GAN: 2.712 G_LPIPS: 51.816 D_real: 0.085 D_fake: 0.308 \n"}
,{"stream_name":"stdout","time":4468.599497747,"data":"(epoch: 10, iters: 100, time: 0.142, data: 0.003) G_GAN: 1.002 G_LPIPS: 54.431 D_real: 1.603 D_fake: 0.081 \n"}
,{"stream_name":"stdout","time":4468.599500871,"data":"(epoch: 10, iters: 120, time: 0.143, data: 0.003) G_GAN: 2.131 G_LPIPS: 53.363 D_real: 0.365 D_fake: 0.069 \n"}
,{"stream_name":"stdout","time":4468.599504049,"data":"(epoch: 10, iters: 140, time: 0.160, data: 0.004) G_GAN: 2.998 G_LPIPS: 55.907 D_real: 0.063 D_fake: 0.162 \n"}
,{"stream_name":"stdout","time":4468.599507062,"data":"(epoch: 10, iters: 160, time: 0.142, data: 0.003) G_GAN: 3.092 G_LPIPS: 58.188 D_real: 0.036 D_fake: 0.351 \n"}
,{"stream_name":"stdout","time":4468.599510041,"data":"(epoch: 10, iters: 180, time: 0.144, data: 0.003) G_GAN: 2.252 G_LPIPS: 56.044 D_real: 0.142 D_fake: 0.993 \n"}
,{"stream_name":"stdout","time":4468.599513017,"data":"(epoch: 10, iters: 200, time: 0.144, data: 0.003) G_GAN: 3.421 G_LPIPS: 55.029 D_real: 0.014 D_fake: 0.838 \n"}
,{"stream_name":"stdout","time":4468.599529141,"data":"(epoch: 10, iters: 220, time: 0.143, data: 0.003) G_GAN: 2.390 G_LPIPS: 52.839 D_real: 0.224 D_fake: 0.289 \n"}
,{"stream_name":"stdout","time":4468.599531919,"data":"(epoch: 10, iters: 240, time: 0.143, data: 0.003) G_GAN: 3.759 G_LPIPS: 57.893 D_real: 0.197 D_fake: 0.041 \n"}
,{"stream_name":"stdout","time":4468.59953428,"data":"(epoch: 10, iters: 260, time: 0.144, data: 0.003) G_GAN: 2.436 G_LPIPS: 54.708 D_real: 0.126 D_fake: 0.334 \n"}
,{"stream_name":"stdout","time":4468.599536616,"data":"(epoch: 10, iters: 280, time: 0.146, data: 0.003) G_GAN: 2.742 G_LPIPS: 55.676 D_real: 0.226 D_fake: 0.264 \n"}
,{"stream_name":"stdout","time":4468.599538957,"data":"(epoch: 10, iters: 300, time: 0.145, data: 0.004) G_GAN: 1.148 G_LPIPS: 52.375 D_real: 1.014 D_fake: 0.119 \n"}
,{"stream_name":"stdout","time":4468.599541233,"data":"(epoch: 10, iters: 320, time: 0.144, data: 0.003) G_GAN: 2.161 G_LPIPS: 55.380 D_real: 0.138 D_fake: 0.219 \n"}
,{"stream_name":"stdout","time":4468.599543579,"data":"(epoch: 10, iters: 340, time: 0.145, data: 0.003) G_GAN: 2.646 G_LPIPS: 56.764 D_real: 0.018 D_fake: 0.202 \n"}
,{"stream_name":"stdout","time":4468.599545927,"data":"(epoch: 10, iters: 360, time: 0.146, data: 0.003) G_GAN: 2.477 G_LPIPS: 57.171 D_real: 0.046 D_fake: 0.355 \n"}
,{"stream_name":"stdout","time":4468.599548212,"data":"(epoch: 10, iters: 380, time: 0.144, data: 0.003) G_GAN: 1.682 G_LPIPS: 54.452 D_real: 0.430 D_fake: 0.118 \n"}
,{"stream_name":"stdout","time":4468.599551731,"data":"(epoch: 10, iters: 400, time: 0.143, data: 0.003) G_GAN: 2.264 G_LPIPS: 58.257 D_real: 0.021 D_fake: 0.300 \n"}
,{"stream_name":"stdout","time":4468.599554186,"data":"(epoch: 10, iters: 420, time: 0.144, data: 0.003) G_GAN: 2.530 G_LPIPS: 50.138 D_real: 0.232 D_fake: 0.080 \n"}
,{"stream_name":"stdout","time":4468.59955645,"data":"(epoch: 10, iters: 440, time: 0.145, data: 0.003) G_GAN: 3.176 G_LPIPS: 56.300 D_real: 0.156 D_fake: 0.065 \n"}
,{"stream_name":"stdout","time":4468.599588336,"data":"(epoch: 10, iters: 460, time: 0.144, data: 0.003) G_GAN: 2.355 G_LPIPS: 48.224 D_real: 0.054 D_fake: 0.365 \n"}
,{"stream_name":"stdout","time":4468.599595262,"data":"(epoch: 10, iters: 480, time: 0.145, data: 0.003) G_GAN: 3.102 G_LPIPS: 62.129 D_real: 0.001 D_fake: 0.376 \n"}
,{"stream_name":"stdout","time":4468.599599474,"data":"(epoch: 10, iters: 500, time: 0.143, data: 0.004) G_GAN: 1.466 G_LPIPS: 50.287 D_real: 0.449 D_fake: 0.145 \n"}
,{"stream_name":"stdout","time":4468.599603067,"data":"(epoch: 10, iters: 520, time: 0.144, data: 0.003) G_GAN: 1.574 G_LPIPS: 55.327 D_real: 0.496 D_fake: 0.160 \n"}
,{"stream_name":"stdout","time":4468.599606606,"data":"(epoch: 10, iters: 540, time: 0.144, data: 0.003) G_GAN: 2.179 G_LPIPS: 54.678 D_real: 0.180 D_fake: 0.338 \n"}
,{"stream_name":"stdout","time":4468.599610815,"data":"(epoch: 10, iters: 560, time: 0.143, data: 0.003) G_GAN: 2.062 G_LPIPS: 56.332 D_real: 0.078 D_fake: 0.144 \n"}
,{"stream_name":"stdout","time":4468.599614447,"data":"(epoch: 10, iters: 580, time: 0.144, data: 0.003) G_GAN: 3.030 G_LPIPS: 51.807 D_real: 0.266 D_fake: 0.042 \n"}
,{"stream_name":"stdout","time":4468.599618168,"data":"(epoch: 10, iters: 600, time: 0.144, data: 0.004) G_GAN: 2.026 G_LPIPS: 54.029 D_real: 0.307 D_fake: 0.048 \n"}
,{"stream_name":"stdout","time":4468.599622096,"data":"(epoch: 10, iters: 620, time: 0.145, data: 0.004) G_GAN: 2.021 G_LPIPS: 61.127 D_real: 0.075 D_fake: 0.299 \n"}
,{"stream_name":"stdout","time":4468.599625769,"data":"(epoch: 10, iters: 640, time: 0.144, data: 0.003) G_GAN: 1.997 G_LPIPS: 51.905 D_real: 0.969 D_fake: 0.023 \n"}
,{"stream_name":"stdout","time":4468.599629603,"data":"(epoch: 10, iters: 660, time: 0.143, data: 0.004) G_GAN: 2.751 G_LPIPS: 51.442 D_real: 1.028 D_fake: 0.025 \n"}
,{"stream_name":"stdout","time":4468.599637934,"data":"(epoch: 10, iters: 680, time: 0.144, data: 0.003) G_GAN: 2.181 G_LPIPS: 56.914 D_real: 0.444 D_fake: 0.167 \n"}
,{"stream_name":"stdout","time":4468.599642046,"data":"(epoch: 10, iters: 700, time: 0.143, data: 0.003) G_GAN: 2.369 G_LPIPS: 58.462 D_real: 0.246 D_fake: 0.245 \n"}
,{"stream_name":"stdout","time":4468.599645979,"data":"(epoch: 10, iters: 720, time: 0.144, data: 0.003) G_GAN: 2.249 G_LPIPS: 52.577 D_real: 0.153 D_fake: 0.167 \n"}
,{"stream_name":"stdout","time":4468.599649932,"data":"(epoch: 10, iters: 740, time: 0.195, data: 0.003) G_GAN: 2.520 G_LPIPS: 59.894 D_real: 0.014 D_fake: 0.258 \n"}
,{"stream_name":"stdout","time":4468.599654614,"data":"(epoch: 10, iters: 760, time: 0.143, data: 0.003) G_GAN: 1.419 G_LPIPS: 55.469 D_real: 0.352 D_fake: 0.313 \n"}
,{"stream_name":"stdout","time":4468.599658538,"data":"(epoch: 10, iters: 780, time: 0.143, data: 0.003) G_GAN: 2.566 G_LPIPS: 53.826 D_real: 0.066 D_fake: 0.168 \n"}
,{"stream_name":"stdout","time":4468.599662453,"data":"(epoch: 10, iters: 800, time: 0.143, data: 0.003) G_GAN: 2.582 G_LPIPS: 58.658 D_real: 0.005 D_fake: 0.576 \n"}
,{"stream_name":"stdout","time":4468.599666061,"data":"(epoch: 10, iters: 820, time: 0.144, data: 0.004) G_GAN: 2.737 G_LPIPS: 51.430 D_real: 0.059 D_fake: 0.292 \n"}
,{"stream_name":"stdout","time":4468.599670079,"data":"(epoch: 10, iters: 840, time: 0.143, data: 0.003) G_GAN: 2.370 G_LPIPS: 49.777 D_real: 0.173 D_fake: 0.357 \n"}
,{"stream_name":"stdout","time":4468.599674104,"data":"(epoch: 10, iters: 860, time: 0.143, data: 0.003) G_GAN: 1.255 G_LPIPS: 53.739 D_real: 0.533 D_fake: 0.122 \n"}
,{"stream_name":"stdout","time":4468.599677736,"data":"(epoch: 10, iters: 880, time: 0.144, data: 0.003) G_GAN: 2.036 G_LPIPS: 54.700 D_real: 0.094 D_fake: 1.200 \n"}
,{"stream_name":"stdout","time":4468.599681501,"data":"(epoch: 10, iters: 900, time: 0.144, data: 0.003) G_GAN: 1.927 G_LPIPS: 53.296 D_real: 0.034 D_fake: 0.303 \n"}
,{"stream_name":"stdout","time":4468.599685023,"data":"(epoch: 10, iters: 920, time: 0.145, data: 0.003) G_GAN: 2.545 G_LPIPS: 57.710 D_real: 0.146 D_fake: 0.280 \n"}
,{"stream_name":"stdout","time":4468.599688583,"data":"(epoch: 10, iters: 940, time: 0.163, data: 0.003) G_GAN: 3.428 G_LPIPS: 56.889 D_real: 0.035 D_fake: 0.131 \n"}
,{"stream_name":"stdout","time":4468.599692151,"data":"saving the latest model (epoch 10, total_iters 40000)\n"}
,{"stream_name":"stdout","time":4468.599695635,"data":"(epoch: 10, iters: 960, time: 0.143, data: 0.003) G_GAN: 1.748 G_LPIPS: 54.615 D_real: 0.290 D_fake: 0.167 \n"}
,{"stream_name":"stdout","time":4468.599699229,"data":"(epoch: 10, iters: 980, time: 0.142, data: 0.003) G_GAN: 1.713 G_LPIPS: 52.599 D_real: 0.630 D_fake: 0.100 \n"}
,{"stream_name":"stdout","time":4468.599707408,"data":"(epoch: 10, iters: 1000, time: 0.145, data: 0.003) G_GAN: 2.497 G_LPIPS: 56.732 D_real: 0.081 D_fake: 0.261 \n"}
,{"stream_name":"stdout","time":4468.599710313,"data":"(epoch: 10, iters: 1020, time: 0.193, data: 0.003) G_GAN: 2.501 G_LPIPS: 56.520 D_real: 0.428 D_fake: 0.066 \n"}
,{"stream_name":"stdout","time":4468.599712731,"data":"(epoch: 10, iters: 1040, time: 0.144, data: 0.003) G_GAN: 2.835 G_LPIPS: 59.112 D_real: 0.038 D_fake: 1.196 \n"}
,{"stream_name":"stdout","time":4468.599714986,"data":"(epoch: 10, iters: 1060, time: 0.145, data: 0.003) G_GAN: 2.851 G_LPIPS: 54.772 D_real: 0.030 D_fake: 0.236 \n"}
,{"stream_name":"stdout","time":4468.599717324,"data":"(epoch: 10, iters: 1080, time: 0.144, data: 0.003) G_GAN: 0.571 G_LPIPS: 56.443 D_real: 1.173 D_fake: 0.227 \n"}
,{"stream_name":"stdout","time":4468.599719601,"data":"(epoch: 10, iters: 1100, time: 0.145, data: 0.003) G_GAN: 1.737 G_LPIPS: 52.192 D_real: 0.070 D_fake: 0.320 \n"}
,{"stream_name":"stdout","time":4468.599724775,"data":"(epoch: 10, iters: 1120, time: 0.145, data: 0.003) G_GAN: 2.011 G_LPIPS: 53.843 D_real: 0.090 D_fake: 0.326 \n"}
,{"stream_name":"stdout","time":4468.59972769,"data":"(epoch: 10, iters: 1140, time: 0.145, data: 0.003) G_GAN: 2.544 G_LPIPS: 55.529 D_real: 0.121 D_fake: 0.129 \n"}
,{"stream_name":"stdout","time":4468.599730066,"data":"(epoch: 10, iters: 1160, time: 0.144, data: 0.003) G_GAN: 2.222 G_LPIPS: 59.729 D_real: 0.181 D_fake: 0.184 \n"}
,{"stream_name":"stdout","time":4468.599732342,"data":"(epoch: 10, iters: 1180, time: 0.145, data: 0.003) G_GAN: 2.951 G_LPIPS: 57.772 D_real: 0.019 D_fake: 0.105 \n"}
,{"stream_name":"stdout","time":4468.599734692,"data":"(epoch: 10, iters: 1200, time: 0.145, data: 0.003) G_GAN: 2.575 G_LPIPS: 51.980 D_real: 0.325 D_fake: 0.096 \n"}
,{"stream_name":"stdout","time":4468.599736939,"data":"(epoch: 10, iters: 1220, time: 0.145, data: 0.003) G_GAN: 2.392 G_LPIPS: 55.476 D_real: 0.109 D_fake: 0.283 \n"}
,{"stream_name":"stdout","time":4468.599739186,"data":"(epoch: 10, iters: 1240, time: 0.193, data: 0.003) G_GAN: 1.209 G_LPIPS: 54.038 D_real: 0.256 D_fake: 0.532 \n"}
,{"stream_name":"stdout","time":4468.599747687,"data":"(epoch: 10, iters: 1260, time: 0.149, data: 0.003) G_GAN: 2.476 G_LPIPS: 55.955 D_real: 0.130 D_fake: 0.170 \n"}
,{"stream_name":"stdout","time":4468.599750032,"data":"(epoch: 10, iters: 1280, time: 0.143, data: 0.003) G_GAN: 2.766 G_LPIPS: 59.595 D_real: 0.001 D_fake: 0.323 \n"}
,{"stream_name":"stdout","time":4468.599752302,"data":"(epoch: 10, iters: 1300, time: 0.144, data: 0.003) G_GAN: 2.224 G_LPIPS: 57.808 D_real: 0.320 D_fake: 0.122 \n"}
,{"stream_name":"stdout","time":4468.599754631,"data":"(epoch: 10, iters: 1320, time: 0.144, data: 0.003) G_GAN: 2.498 G_LPIPS: 58.580 D_real: 0.213 D_fake: 0.245 \n"}
,{"stream_name":"stdout","time":4468.599756872,"data":"(epoch: 10, iters: 1340, time: 0.144, data: 0.003) G_GAN: 1.648 G_LPIPS: 54.659 D_real: 0.078 D_fake: 1.136 \n"}
,{"stream_name":"stdout","time":4468.599759216,"data":"(epoch: 10, iters: 1360, time: 0.145, data: 0.003) G_GAN: 3.737 G_LPIPS: 49.560 D_real: 0.029 D_fake: 1.275 \n"}
,{"stream_name":"stdout","time":4468.599761473,"data":"(epoch: 10, iters: 1380, time: 0.145, data: 0.003) G_GAN: 1.634 G_LPIPS: 54.839 D_real: 0.776 D_fake: 0.190 \n"}
,{"stream_name":"stdout","time":4468.599763835,"data":"(epoch: 10, iters: 1400, time: 0.144, data: 0.003) G_GAN: 0.702 G_LPIPS: 55.280 D_real: 0.776 D_fake: 0.142 \n"}
,{"stream_name":"stdout","time":4468.59976609,"data":"(epoch: 10, iters: 1420, time: 0.144, data: 0.004) G_GAN: 2.341 G_LPIPS: 59.226 D_real: 0.072 D_fake: 0.164 \n"}
,{"stream_name":"stdout","time":4468.599768339,"data":"(epoch: 10, iters: 1440, time: 0.145, data: 0.003) G_GAN: 1.720 G_LPIPS: 55.865 D_real: 0.039 D_fake: 0.206 \n"}
,{"stream_name":"stdout","time":4468.599770689,"data":"(epoch: 10, iters: 1460, time: 0.193, data: 0.003) G_GAN: 3.660 G_LPIPS: 60.024 D_real: 0.057 D_fake: 0.080 \n"}
,{"stream_name":"stdout","time":4468.599772959,"data":"(epoch: 10, iters: 1480, time: 0.144, data: 0.004) G_GAN: 3.248 G_LPIPS: 60.278 D_real: 0.108 D_fake: 0.127 \n"}
,{"stream_name":"stdout","time":4468.599775243,"data":"(epoch: 10, iters: 1500, time: 0.143, data: 0.003) G_GAN: 2.332 G_LPIPS: 57.206 D_real: 0.272 D_fake: 0.144 \n"}
,{"stream_name":"stdout","time":4629.171083422,"data":"(epoch: 10, iters: 1520, time: 0.144, data: 0.003) G_GAN: 3.242 G_LPIPS: 52.832 D_real: 0.240 D_fake: 0.121 \n"}
,{"stream_name":"stdout","time":4629.171122209,"data":"(epoch: 10, iters: 1540, time: 0.144, data: 0.003) G_GAN: 2.342 G_LPIPS: 56.347 D_real: 0.210 D_fake: 0.151 \n"}
,{"stream_name":"stdout","time":4629.171132948,"data":"(epoch: 10, iters: 1560, time: 0.145, data: 0.003) G_GAN: 3.358 G_LPIPS: 54.641 D_real: 0.048 D_fake: 0.073 \n"}
,{"stream_name":"stdout","time":4629.171147247,"data":"(epoch: 10, iters: 1580, time: 0.147, data: 0.003) G_GAN: 2.610 G_LPIPS: 54.999 D_real: 0.008 D_fake: 0.397 \n"}
,{"stream_name":"stdout","time":4629.171149906,"data":"(epoch: 10, iters: 1600, time: 0.145, data: 0.004) G_GAN: 1.509 G_LPIPS: 57.138 D_real: 0.611 D_fake: 0.095 \n"}
,{"stream_name":"stdout","time":4629.171152297,"data":"(epoch: 10, iters: 1620, time: 0.145, data: 0.003) G_GAN: 2.714 G_LPIPS: 55.966 D_real: 0.039 D_fake: 0.255 \n"}
,{"stream_name":"stdout","time":4629.171154592,"data":"(epoch: 10, iters: 1640, time: 0.146, data: 0.003) G_GAN: 2.213 G_LPIPS: 55.802 D_real: 0.025 D_fake: 0.468 \n"}
,{"stream_name":"stdout","time":4629.171157094,"data":"(epoch: 10, iters: 1660, time: 0.144, data: 0.003) G_GAN: 2.044 G_LPIPS: 52.507 D_real: 0.073 D_fake: 0.814 \n"}
,{"stream_name":"stdout","time":4629.171159447,"data":"(epoch: 10, iters: 1680, time: 0.145, data: 0.003) G_GAN: 0.947 G_LPIPS: 49.002 D_real: 0.607 D_fake: 0.103 \n"}
,{"stream_name":"stdout","time":4629.171161722,"data":"(epoch: 10, iters: 1700, time: 0.145, data: 0.003) G_GAN: 4.318 G_LPIPS: 51.324 D_real: 0.010 D_fake: 0.910 \n"}
,{"stream_name":"stdout","time":4629.171163988,"data":"(epoch: 10, iters: 1720, time: 0.145, data: 0.003) G_GAN: 2.487 G_LPIPS: 55.263 D_real: 0.719 D_fake: 0.053 \n"}
,{"stream_name":"stdout","time":4629.171166301,"data":"(epoch: 10, iters: 1740, time: 0.142, data: 0.003) G_GAN: 2.526 G_LPIPS: 54.546 D_real: 0.088 D_fake: 0.704 \n"}
,{"stream_name":"stdout","time":4629.171168657,"data":"(epoch: 10, iters: 1760, time: 0.146, data: 0.003) G_GAN: 1.393 G_LPIPS: 51.453 D_real: 0.567 D_fake: 0.173 \n"}
,{"stream_name":"stdout","time":4629.171170919,"data":"(epoch: 10, iters: 1780, time: 0.145, data: 0.003) G_GAN: 2.886 G_LPIPS: 53.458 D_real: 0.241 D_fake: 0.050 \n"}
,{"stream_name":"stdout","time":4629.171173176,"data":"(epoch: 10, iters: 1800, time: 0.145, data: 0.003) G_GAN: 2.167 G_LPIPS: 49.137 D_real: 0.947 D_fake: 0.042 \n"}
,{"stream_name":"stdout","time":4629.171176422,"data":"(epoch: 10, iters: 1820, time: 0.146, data: 0.003) G_GAN: 1.974 G_LPIPS: 57.313 D_real: 0.349 D_fake: 0.137 \n"}
,{"stream_name":"stdout","time":4629.171192892,"data":"(epoch: 10, iters: 1840, time: 0.146, data: 0.004) G_GAN: 2.366 G_LPIPS: 56.434 D_real: 0.027 D_fake: 0.498 \n"}
,{"stream_name":"stdout","time":4629.171197144,"data":"(epoch: 10, iters: 1860, time: 0.145, data: 0.004) G_GAN: 2.687 G_LPIPS: 59.673 D_real: 0.128 D_fake: 0.122 \n"}
,{"stream_name":"stdout","time":4629.171201254,"data":"(epoch: 10, iters: 1880, time: 0.145, data: 0.003) G_GAN: 2.838 G_LPIPS: 60.811 D_real: 0.032 D_fake: 0.198 \n"}
,{"stream_name":"stdout","time":4629.171206586,"data":"(epoch: 10, iters: 1900, time: 0.196, data: 0.003) G_GAN: 2.684 G_LPIPS: 57.264 D_real: 0.007 D_fake: 0.818 \n"}
,{"stream_name":"stdout","time":4629.171210991,"data":"(epoch: 10, iters: 1920, time: 0.145, data: 0.003) G_GAN: 2.083 G_LPIPS: 57.387 D_real: 0.401 D_fake: 0.366 \n"}
,{"stream_name":"stdout","time":4629.1712149,"data":"(epoch: 10, iters: 1940, time: 0.144, data: 0.003) G_GAN: 2.330 G_LPIPS: 59.083 D_real: 0.353 D_fake: 0.079 \n"}
,{"stream_name":"stdout","time":4629.171218418,"data":"(epoch: 10, iters: 1960, time: 0.145, data: 0.003) G_GAN: 2.353 G_LPIPS: 51.249 D_real: 0.018 D_fake: 1.438 \n"}
,{"stream_name":"stdout","time":4629.171221967,"data":"(epoch: 10, iters: 1980, time: 0.144, data: 0.003) G_GAN: 2.609 G_LPIPS: 56.478 D_real: 0.025 D_fake: 0.424 \n"}
,{"stream_name":"stdout","time":4629.17122551,"data":"(epoch: 10, iters: 2000, time: 0.145, data: 0.003) G_GAN: 0.795 G_LPIPS: 55.782 D_real: 0.599 D_fake: 0.396 \n"}
,{"stream_name":"stdout","time":4629.171228959,"data":"(epoch: 10, iters: 2020, time: 0.144, data: 0.003) G_GAN: 2.545 G_LPIPS: 57.519 D_real: 0.062 D_fake: 0.280 \n"}
,{"stream_name":"stdout","time":4629.171236803,"data":"(epoch: 10, iters: 2040, time: 0.144, data: 0.003) G_GAN: 3.029 G_LPIPS: 51.668 D_real: 0.021 D_fake: 0.326 \n"}
,{"stream_name":"stdout","time":4629.171245813,"data":"(epoch: 10, iters: 2060, time: 0.145, data: 0.003) G_GAN: 2.507 G_LPIPS: 59.706 D_real: 0.101 D_fake: 0.330 \n"}
,{"stream_name":"stdout","time":4629.171248546,"data":"(epoch: 10, iters: 2080, time: 0.144, data: 0.003) G_GAN: 2.391 G_LPIPS: 57.078 D_real: 0.020 D_fake: 0.676 \n"}
,{"stream_name":"stdout","time":4629.171250809,"data":"(epoch: 10, iters: 2100, time: 0.144, data: 0.003) G_GAN: 1.184 G_LPIPS: 50.884 D_real: 0.890 D_fake: 0.157 \n"}
,{"stream_name":"stdout","time":4629.171253155,"data":"(epoch: 10, iters: 2120, time: 0.197, data: 0.004) G_GAN: 1.614 G_LPIPS: 56.119 D_real: 0.554 D_fake: 0.055 \n"}
,{"stream_name":"stdout","time":4629.171255441,"data":"(epoch: 10, iters: 2140, time: 0.145, data: 0.003) G_GAN: 1.325 G_LPIPS: 52.936 D_real: 0.410 D_fake: 0.275 \n"}
,{"stream_name":"stdout","time":4629.171257709,"data":"(epoch: 10, iters: 2160, time: 0.145, data: 0.003) G_GAN: 2.566 G_LPIPS: 55.891 D_real: 0.294 D_fake: 0.232 \n"}
,{"stream_name":"stdout","time":4629.171259977,"data":"(epoch: 10, iters: 2180, time: 0.146, data: 0.004) G_GAN: 2.510 G_LPIPS: 59.086 D_real: 0.150 D_fake: 0.123 \n"}
,{"stream_name":"stdout","time":4629.171262251,"data":"(epoch: 10, iters: 2200, time: 0.144, data: 0.003) G_GAN: 5.039 G_LPIPS: 52.041 D_real: 0.067 D_fake: 1.310 \n"}
,{"stream_name":"stdout","time":4629.171264513,"data":"(epoch: 10, iters: 2220, time: 0.145, data: 0.003) G_GAN: 3.248 G_LPIPS: 55.668 D_real: 0.083 D_fake: 0.070 \n"}
,{"stream_name":"stdout","time":4629.17126685,"data":"(epoch: 10, iters: 2240, time: 0.144, data: 0.003) G_GAN: 3.288 G_LPIPS: 53.414 D_real: 0.053 D_fake: 0.982 \n"}
,{"stream_name":"stdout","time":4629.171269104,"data":"(epoch: 10, iters: 2260, time: 0.147, data: 0.003) G_GAN: 3.136 G_LPIPS: 55.924 D_real: 0.207 D_fake: 0.058 \n"}
,{"stream_name":"stdout","time":4629.171271662,"data":"(epoch: 10, iters: 2280, time: 0.145, data: 0.003) G_GAN: 2.565 G_LPIPS: 55.015 D_real: 0.031 D_fake: 0.822 \n"}
,{"stream_name":"stdout","time":4629.171273972,"data":"(epoch: 10, iters: 2300, time: 0.145, data: 0.003) G_GAN: 2.350 G_LPIPS: 56.546 D_real: 0.084 D_fake: 0.423 \n"}
,{"stream_name":"stdout","time":4629.171276249,"data":"(epoch: 10, iters: 2320, time: 0.149, data: 0.003) G_GAN: 3.684 G_LPIPS: 57.586 D_real: 0.031 D_fake: 0.648 \n"}
,{"stream_name":"stdout","time":4629.171279003,"data":"(epoch: 10, iters: 2340, time: 0.194, data: 0.003) G_GAN: 1.028 G_LPIPS: 56.158 D_real: 2.253 D_fake: 0.027 \n"}
,{"stream_name":"stdout","time":4629.171294729,"data":"(epoch: 10, iters: 2360, time: 0.144, data: 0.003) G_GAN: 1.246 G_LPIPS: 52.559 D_real: 0.301 D_fake: 0.190 \n"}
,{"stream_name":"stdout","time":4629.171298904,"data":"(epoch: 10, iters: 2380, time: 0.145, data: 0.003) G_GAN: 2.407 G_LPIPS: 53.876 D_real: 1.336 D_fake: 0.028 \n"}
,{"stream_name":"stdout","time":4629.171303134,"data":"(epoch: 10, iters: 2400, time: 0.146, data: 0.003) G_GAN: 1.338 G_LPIPS: 55.422 D_real: 0.337 D_fake: 0.404 \n"}
,{"stream_name":"stdout","time":4629.171307301,"data":"(epoch: 10, iters: 2420, time: 0.147, data: 0.003) G_GAN: 1.870 G_LPIPS: 55.766 D_real: 0.636 D_fake: 0.045 \n"}
,{"stream_name":"stdout","time":4629.171311137,"data":"(epoch: 10, iters: 2440, time: 0.146, data: 0.003) G_GAN: 1.946 G_LPIPS: 49.333 D_real: 0.156 D_fake: 0.445 \n"}
,{"stream_name":"stdout","time":4629.171314779,"data":"(epoch: 10, iters: 2460, time: 0.146, data: 0.003) G_GAN: 1.920 G_LPIPS: 51.835 D_real: 0.275 D_fake: 0.081 \n"}
,{"stream_name":"stdout","time":4629.171318237,"data":"(epoch: 10, iters: 2480, time: 0.146, data: 0.003) G_GAN: 1.608 G_LPIPS: 51.120 D_real: 0.438 D_fake: 0.322 \n"}
,{"stream_name":"stdout","time":4629.171325142,"data":"(epoch: 10, iters: 2500, time: 0.146, data: 0.003) G_GAN: 1.618 G_LPIPS: 57.798 D_real: 0.269 D_fake: 1.322 \n"}
,{"stream_name":"stdout","time":4629.171328682,"data":"(epoch: 10, iters: 2520, time: 0.146, data: 0.003) G_GAN: 2.244 G_LPIPS: 51.415 D_real: 0.202 D_fake: 0.145 \n"}
,{"stream_name":"stdout","time":4629.171332167,"data":"(epoch: 10, iters: 2540, time: 0.146, data: 0.004) G_GAN: 2.229 G_LPIPS: 52.344 D_real: 0.075 D_fake: 0.383 \n"}
,{"stream_name":"stdout","time":4629.171335635,"data":"(epoch: 10, iters: 2560, time: 0.196, data: 0.003) G_GAN: 3.339 G_LPIPS: 57.932 D_real: 0.013 D_fake: 0.669 \n"}
,{"stream_name":"stdout","time":4629.171339149,"data":"(epoch: 10, iters: 2580, time: 0.146, data: 0.004) G_GAN: 2.918 G_LPIPS: 54.995 D_real: 0.019 D_fake: 2.057 \n"}
,{"stream_name":"stdout","time":4629.171342612,"data":"(epoch: 10, iters: 2600, time: 0.146, data: 0.003) G_GAN: 0.846 G_LPIPS: 51.703 D_real: 1.835 D_fake: 0.035 \n"}
,{"stream_name":"stdout","time":4629.171346114,"data":"(epoch: 10, iters: 2620, time: 0.145, data: 0.003) G_GAN: 2.003 G_LPIPS: 58.186 D_real: 0.161 D_fake: 0.056 \n"}
,{"stream_name":"stdout","time":4629.171349604,"data":"(epoch: 10, iters: 2640, time: 0.145, data: 0.003) G_GAN: 2.593 G_LPIPS: 58.191 D_real: 0.209 D_fake: 0.064 \n"}
,{"stream_name":"stdout","time":4629.171355546,"data":"(epoch: 10, iters: 2660, time: 0.147, data: 0.004) G_GAN: 2.426 G_LPIPS: 56.344 D_real: 0.442 D_fake: 0.067 \n"}
,{"stream_name":"stdout","time":4629.171362342,"data":"(epoch: 10, iters: 2680, time: 0.145, data: 0.003) G_GAN: 2.120 G_LPIPS: 56.181 D_real: 0.214 D_fake: 0.444 \n"}
,{"stream_name":"stdout","time":4629.171364697,"data":"(epoch: 10, iters: 2700, time: 0.146, data: 0.003) G_GAN: 1.590 G_LPIPS: 51.990 D_real: 0.892 D_fake: 0.270 \n"}
,{"stream_name":"stdout","time":4629.171366974,"data":"(epoch: 10, iters: 2720, time: 0.146, data: 0.004) G_GAN: 3.061 G_LPIPS: 51.859 D_real: 0.090 D_fake: 0.293 \n"}
,{"stream_name":"stdout","time":4629.171369247,"data":"(epoch: 10, iters: 2740, time: 0.145, data: 0.003) G_GAN: 2.728 G_LPIPS: 57.161 D_real: 0.090 D_fake: 0.142 \n"}
,{"stream_name":"stdout","time":4629.171371517,"data":"(epoch: 10, iters: 2760, time: 0.145, data: 0.003) G_GAN: 1.544 G_LPIPS: 52.218 D_real: 0.276 D_fake: 0.327 \n"}
,{"stream_name":"stdout","time":4629.171373822,"data":"(epoch: 10, iters: 2780, time: 0.198, data: 0.003) G_GAN: 2.131 G_LPIPS: 50.434 D_real: 0.055 D_fake: 0.294 \n"}
,{"stream_name":"stdout","time":4629.171387892,"data":"(epoch: 10, iters: 2800, time: 0.146, data: 0.003) G_GAN: 1.673 G_LPIPS: 54.740 D_real: 0.298 D_fake: 0.194 \n"}
,{"stream_name":"stdout","time":4629.171391948,"data":"(epoch: 10, iters: 2820, time: 0.147, data: 0.003) G_GAN: 2.609 G_LPIPS: 54.578 D_real: 0.770 D_fake: 0.037 \n"}
,{"stream_name":"stdout","time":4629.171396237,"data":"(epoch: 10, iters: 2840, time: 0.145, data: 0.003) G_GAN: 1.886 G_LPIPS: 50.444 D_real: 0.259 D_fake: 0.228 \n"}
,{"stream_name":"stdout","time":4629.171400549,"data":"(epoch: 10, iters: 2860, time: 0.146, data: 0.003) G_GAN: 2.860 G_LPIPS: 50.858 D_real: 0.410 D_fake: 0.026 \n"}
,{"stream_name":"stdout","time":4629.17140457,"data":"(epoch: 10, iters: 2880, time: 0.146, data: 0.004) G_GAN: 2.665 G_LPIPS: 56.808 D_real: 0.158 D_fake: 0.248 \n"}
,{"stream_name":"stdout","time":4629.171408126,"data":"(epoch: 10, iters: 2900, time: 0.146, data: 0.003) G_GAN: 3.148 G_LPIPS: 60.701 D_real: 0.039 D_fake: 0.096 \n"}
,{"stream_name":"stdout","time":4629.171411621,"data":"(epoch: 10, iters: 2920, time: 0.146, data: 0.003) G_GAN: 2.102 G_LPIPS: 56.186 D_real: 0.198 D_fake: 0.090 \n"}
,{"stream_name":"stdout","time":4629.171415231,"data":"(epoch: 10, iters: 2940, time: 0.165, data: 0.003) G_GAN: 0.943 G_LPIPS: 55.771 D_real: 0.865 D_fake: 0.163 \n"}
,{"stream_name":"stdout","time":4629.171422613,"data":"(epoch: 10, iters: 2960, time: 0.147, data: 0.003) G_GAN: 2.564 G_LPIPS: 51.401 D_real: 0.169 D_fake: 0.134 \n"}
,{"stream_name":"stdout","time":4629.171426121,"data":"(epoch: 10, iters: 2980, time: 0.145, data: 0.003) G_GAN: 1.688 G_LPIPS: 55.376 D_real: 0.096 D_fake: 0.409 \n"}
,{"stream_name":"stdout","time":4629.171429622,"data":"(epoch: 10, iters: 3000, time: 0.146, data: 0.003) G_GAN: 1.871 G_LPIPS: 60.422 D_real: 0.009 D_fake: 0.220 \n"}
,{"stream_name":"stdout","time":4629.171433123,"data":"(epoch: 10, iters: 3020, time: 0.147, data: 0.003) G_GAN: 2.453 G_LPIPS: 55.250 D_real: 0.033 D_fake: 0.205 \n"}
,{"stream_name":"stdout","time":4791.889238324,"data":"(epoch: 10, iters: 3040, time: 0.145, data: 0.003) G_GAN: 0.945 G_LPIPS: 54.407 D_real: 1.079 D_fake: 0.175 \n"}
,{"stream_name":"stdout","time":4791.889293035,"data":"(epoch: 10, iters: 3060, time: 0.148, data: 0.003) G_GAN: 1.917 G_LPIPS: 50.499 D_real: 0.010 D_fake: 1.926 \n"}
,{"stream_name":"stdout","time":4791.889297762,"data":"(epoch: 10, iters: 3080, time: 0.147, data: 0.003) G_GAN: 3.467 G_LPIPS: 53.281 D_real: 0.167 D_fake: 0.067 \n"}
,{"stream_name":"stdout","time":4791.889301162,"data":"(epoch: 10, iters: 3100, time: 0.147, data: 0.003) G_GAN: 1.635 G_LPIPS: 49.428 D_real: 0.727 D_fake: 0.084 \n"}
,{"stream_name":"stdout","time":4791.889304294,"data":"(epoch: 10, iters: 3120, time: 0.145, data: 0.003) G_GAN: 2.009 G_LPIPS: 56.461 D_real: 0.346 D_fake: 0.505 \n"}
,{"stream_name":"stdout","time":4791.88930757,"data":"(epoch: 10, iters: 3140, time: 0.146, data: 0.003) G_GAN: 1.663 G_LPIPS: 56.342 D_real: 1.461 D_fake: 0.085 \n"}
,{"stream_name":"stdout","time":4791.889310668,"data":"(epoch: 10, iters: 3160, time: 0.194, data: 0.003) G_GAN: 2.281 G_LPIPS: 56.551 D_real: 0.121 D_fake: 0.250 \n"}
,{"stream_name":"stdout","time":4791.889313727,"data":"(epoch: 10, iters: 3180, time: 0.145, data: 0.003) G_GAN: 3.209 G_LPIPS: 56.566 D_real: 0.217 D_fake: 0.052 \n"}
,{"stream_name":"stdout","time":4791.889316665,"data":"(epoch: 10, iters: 3200, time: 0.146, data: 0.003) G_GAN: 2.457 G_LPIPS: 54.625 D_real: 0.254 D_fake: 0.146 \n"}
,{"stream_name":"stdout","time":4791.889319698,"data":"(epoch: 10, iters: 3220, time: 0.146, data: 0.004) G_GAN: 2.487 G_LPIPS: 53.581 D_real: 0.017 D_fake: 0.378 \n"}
,{"stream_name":"stdout","time":4791.889322704,"data":"(epoch: 10, iters: 3240, time: 0.145, data: 0.003) G_GAN: 2.113 G_LPIPS: 57.044 D_real: 0.628 D_fake: 0.046 \n"}
,{"stream_name":"stdout","time":4791.889325657,"data":"(epoch: 10, iters: 3260, time: 0.145, data: 0.003) G_GAN: 3.115 G_LPIPS: 56.646 D_real: 0.052 D_fake: 0.083 \n"}
,{"stream_name":"stdout","time":4791.889328585,"data":"(epoch: 10, iters: 3280, time: 0.147, data: 0.003) G_GAN: 3.306 G_LPIPS: 53.368 D_real: 0.962 D_fake: 0.023 \n"}
,{"stream_name":"stdout","time":4791.889331587,"data":"(epoch: 10, iters: 3300, time: 0.146, data: 0.004) G_GAN: 2.717 G_LPIPS: 56.091 D_real: 0.178 D_fake: 0.112 \n"}
,{"stream_name":"stdout","time":4791.889334507,"data":"(epoch: 10, iters: 3320, time: 0.146, data: 0.003) G_GAN: 3.015 G_LPIPS: 56.144 D_real: 0.166 D_fake: 0.207 \n"}
,{"stream_name":"stdout","time":4791.889337447,"data":"(epoch: 10, iters: 3340, time: 0.151, data: 0.003) G_GAN: 2.174 G_LPIPS: 54.438 D_real: 0.506 D_fake: 0.058 \n"}
,{"stream_name":"stdout","time":4791.889340375,"data":"(epoch: 10, iters: 3360, time: 0.145, data: 0.003) G_GAN: 1.492 G_LPIPS: 54.236 D_real: 0.091 D_fake: 0.332 \n"}
,{"stream_name":"stdout","time":4791.889343433,"data":"(epoch: 10, iters: 3380, time: 0.196, data: 0.003) G_GAN: 1.905 G_LPIPS: 55.206 D_real: 0.009 D_fake: 0.915 \n"}
,{"stream_name":"stdout","time":4791.889346457,"data":"(epoch: 10, iters: 3400, time: 0.145, data: 0.003) G_GAN: 2.917 G_LPIPS: 55.363 D_real: 0.059 D_fake: 0.173 \n"}
,{"stream_name":"stdout","time":4791.889362229,"data":"(epoch: 10, iters: 3420, time: 0.146, data: 0.003) G_GAN: 2.119 G_LPIPS: 52.686 D_real: 0.159 D_fake: 0.110 \n"}
,{"stream_name":"stdout","time":4791.88936478,"data":"(epoch: 10, iters: 3440, time: 0.147, data: 0.003) G_GAN: 2.923 G_LPIPS: 55.658 D_real: 0.004 D_fake: 1.262 \n"}
,{"stream_name":"stdout","time":4791.88936708,"data":"(epoch: 10, iters: 3460, time: 0.146, data: 0.003) G_GAN: 0.485 G_LPIPS: 47.711 D_real: 0.691 D_fake: 0.233 \n"}
,{"stream_name":"stdout","time":4791.889369341,"data":"(epoch: 10, iters: 3480, time: 0.147, data: 0.003) G_GAN: 1.653 G_LPIPS: 55.110 D_real: 0.151 D_fake: 0.255 \n"}
,{"stream_name":"stdout","time":4791.889371672,"data":"(epoch: 10, iters: 3500, time: 0.146, data: 0.003) G_GAN: 2.239 G_LPIPS: 52.251 D_real: 0.190 D_fake: 0.157 \n"}
,{"stream_name":"stdout","time":4791.889373934,"data":"(epoch: 10, iters: 3520, time: 0.146, data: 0.003) G_GAN: 3.009 G_LPIPS: 56.195 D_real: 0.030 D_fake: 0.085 \n"}
,{"stream_name":"stdout","time":4791.889376285,"data":"(epoch: 10, iters: 3540, time: 0.145, data: 0.003) G_GAN: 2.254 G_LPIPS: 51.931 D_real: 0.114 D_fake: 0.236 \n"}
,{"stream_name":"stdout","time":4791.889378684,"data":"(epoch: 10, iters: 3560, time: 0.148, data: 0.003) G_GAN: 1.494 G_LPIPS: 55.274 D_real: 0.363 D_fake: 0.177 \n"}
,{"stream_name":"stdout","time":4791.889380936,"data":"(epoch: 10, iters: 3580, time: 0.147, data: 0.003) G_GAN: 1.545 G_LPIPS: 56.958 D_real: 0.079 D_fake: 0.520 \n"}
,{"stream_name":"stdout","time":4791.889383199,"data":"(epoch: 10, iters: 3600, time: 0.146, data: 0.003) G_GAN: 3.517 G_LPIPS: 61.655 D_real: 0.021 D_fake: 0.475 \n"}
,{"stream_name":"stdout","time":4791.889385459,"data":"(epoch: 10, iters: 3620, time: 0.146, data: 0.003) G_GAN: 2.730 G_LPIPS: 57.909 D_real: 0.679 D_fake: 0.077 \n"}
,{"stream_name":"stdout","time":4791.889387719,"data":"(epoch: 10, iters: 3640, time: 0.146, data: 0.003) G_GAN: 1.501 G_LPIPS: 52.042 D_real: 0.914 D_fake: 0.077 \n"}
,{"stream_name":"stdout","time":4791.889389971,"data":"(epoch: 10, iters: 3660, time: 0.147, data: 0.003) G_GAN: 2.022 G_LPIPS: 55.198 D_real: 0.171 D_fake: 0.086 \n"}
,{"stream_name":"stdout","time":4791.889392219,"data":"(epoch: 10, iters: 3680, time: 0.147, data: 0.003) G_GAN: 0.731 G_LPIPS: 55.581 D_real: 0.601 D_fake: 0.204 \n"}
,{"stream_name":"stdout","time":4791.88939448,"data":"(epoch: 10, iters: 3700, time: 0.196, data: 0.003) G_GAN: 1.490 G_LPIPS: 50.005 D_real: 0.469 D_fake: 0.135 \n"}
,{"stream_name":"stdout","time":4791.889396763,"data":"(epoch: 10, iters: 3720, time: 0.145, data: 0.003) G_GAN: 1.482 G_LPIPS: 56.216 D_real: 1.143 D_fake: 0.165 \n"}
,{"stream_name":"stdout","time":4791.889399019,"data":"(epoch: 10, iters: 3740, time: 0.147, data: 0.003) G_GAN: 1.125 G_LPIPS: 53.930 D_real: 1.269 D_fake: 0.119 \n"}
,{"stream_name":"stdout","time":4791.88940127,"data":"(epoch: 10, iters: 3760, time: 0.146, data: 0.003) G_GAN: 2.119 G_LPIPS: 56.268 D_real: 0.306 D_fake: 0.124 \n"}
,{"stream_name":"stdout","time":4791.889403598,"data":"(epoch: 10, iters: 3780, time: 0.146, data: 0.003) G_GAN: 2.830 G_LPIPS: 51.956 D_real: 0.034 D_fake: 0.171 \n"}
,{"stream_name":"stdout","time":4791.889406105,"data":"(epoch: 10, iters: 3800, time: 0.193, data: 0.004) G_GAN: 2.119 G_LPIPS: 55.303 D_real: 0.027 D_fake: 0.454 \n"}
,{"stream_name":"stdout","time":4791.88940839,"data":"(epoch: 10, iters: 3820, time: 0.147, data: 0.003) G_GAN: 1.410 G_LPIPS: 52.621 D_real: 1.046 D_fake: 0.050 \n"}
,{"stream_name":"stdout","time":4791.88941065,"data":"(epoch: 10, iters: 3840, time: 0.146, data: 0.003) G_GAN: 2.004 G_LPIPS: 56.601 D_real: 0.418 D_fake: 0.140 \n"}
,{"stream_name":"stdout","time":4791.889412905,"data":"(epoch: 10, iters: 3860, time: 0.144, data: 0.003) G_GAN: 1.516 G_LPIPS: 53.615 D_real: 0.428 D_fake: 0.629 \n"}
,{"stream_name":"stdout","time":4791.889417496,"data":"(epoch: 10, iters: 3880, time: 0.146, data: 0.004) G_GAN: 2.444 G_LPIPS: 55.308 D_real: 0.090 D_fake: 0.536 \n"}
,{"stream_name":"stdout","time":4791.889419982,"data":"(epoch: 10, iters: 3900, time: 0.147, data: 0.004) G_GAN: 1.518 G_LPIPS: 52.237 D_real: 0.603 D_fake: 0.085 \n"}
,{"stream_name":"stdout","time":4791.889422245,"data":"(epoch: 10, iters: 3920, time: 0.147, data: 0.003) G_GAN: 1.985 G_LPIPS: 59.633 D_real: 0.011 D_fake: 0.272 \n"}
,{"stream_name":"stdout","time":4791.889424523,"data":"(epoch: 10, iters: 3940, time: 0.146, data: 0.003) G_GAN: 1.660 G_LPIPS: 57.250 D_real: 0.116 D_fake: 0.573 \n"}
,{"stream_name":"stdout","time":4791.889426792,"data":"(epoch: 10, iters: 3960, time: 0.194, data: 0.003) G_GAN: 2.354 G_LPIPS: 52.652 D_real: 0.073 D_fake: 0.214 \n"}
,{"stream_name":"stdout","time":4791.889429059,"data":"(epoch: 10, iters: 3980, time: 0.147, data: 0.003) G_GAN: 1.311 G_LPIPS: 56.225 D_real: 0.809 D_fake: 0.088 \n"}
,{"stream_name":"stdout","time":4791.889431328,"data":"(epoch: 10, iters: 4000, time: 0.146, data: 0.003) G_GAN: 2.321 G_LPIPS: 59.526 D_real: 0.025 D_fake: 0.312 \n"}
,{"stream_name":"stdout","time":4791.889433604,"data":"(epoch: 10, iters: 4020, time: 0.147, data: 0.003) G_GAN: 1.074 G_LPIPS: 50.241 D_real: 0.691 D_fake: 0.178 \n"}
,{"stream_name":"stdout","time":4791.88943589,"data":"(epoch: 10, iters: 4040, time: 0.146, data: 0.003) G_GAN: 2.778 G_LPIPS: 54.626 D_real: 0.152 D_fake: 0.123 \n"}
,{"stream_name":"stdout","time":4791.889438152,"data":"(epoch: 10, iters: 4060, time: 0.147, data: 0.003) G_GAN: 3.287 G_LPIPS: 59.820 D_real: 0.230 D_fake: 0.069 \n"}
,{"stream_name":"stdout","time":4791.88945766,"data":"(epoch: 10, iters: 4080, time: 0.146, data: 0.003) G_GAN: 2.790 G_LPIPS: 52.348 D_real: 0.150 D_fake: 0.159 \n"}
,{"stream_name":"stdout","time":4791.889475025,"data":"(epoch: 10, iters: 4100, time: 0.146, data: 0.003) G_GAN: 2.493 G_LPIPS: 57.923 D_real: 0.008 D_fake: 0.555 \n"}
,{"stream_name":"stdout","time":4791.88947943,"data":"(epoch: 10, iters: 4120, time: 0.148, data: 0.003) G_GAN: 2.262 G_LPIPS: 57.123 D_real: 0.184 D_fake: 0.281 \n"}
,{"stream_name":"stdout","time":4791.889483636,"data":"(epoch: 10, iters: 4140, time: 0.147, data: 0.003) G_GAN: 1.562 G_LPIPS: 50.452 D_real: 0.711 D_fake: 0.092 \n"}
,{"stream_name":"stdout","time":4791.889487529,"data":"(epoch: 10, iters: 4160, time: 0.147, data: 0.003) G_GAN: 1.409 G_LPIPS: 52.916 D_real: 0.669 D_fake: 0.056 \n"}
,{"stream_name":"stdout","time":4791.889492152,"data":"(epoch: 10, iters: 4180, time: 0.148, data: 0.004) G_GAN: 2.242 G_LPIPS: 54.645 D_real: 0.112 D_fake: 0.743 \n"}
,{"stream_name":"stdout","time":4791.889495995,"data":"(epoch: 10, iters: 4200, time: 0.147, data: 0.004) G_GAN: 3.332 G_LPIPS: 57.132 D_real: 0.081 D_fake: 0.097 \n"}
,{"stream_name":"stdout","time":4791.889499524,"data":"(epoch: 10, iters: 4220, time: 0.146, data: 0.003) G_GAN: 2.120 G_LPIPS: 54.134 D_real: 0.272 D_fake: 0.200 \n"}
,{"stream_name":"stdout","time":4791.889503081,"data":"(epoch: 10, iters: 4240, time: 0.146, data: 0.003) G_GAN: 1.496 G_LPIPS: 48.392 D_real: 0.936 D_fake: 0.092 \n"}
,{"stream_name":"stdout","time":4791.889506614,"data":"(epoch: 10, iters: 4260, time: 0.146, data: 0.003) G_GAN: 2.885 G_LPIPS: 57.584 D_real: 0.261 D_fake: 0.251 \n"}
,{"stream_name":"stdout","time":4791.889510021,"data":"(epoch: 10, iters: 4280, time: 0.147, data: 0.003) G_GAN: 3.384 G_LPIPS: 59.007 D_real: 0.067 D_fake: 0.242 \n"}
,{"stream_name":"stdout","time":4791.889513355,"data":"(epoch: 10, iters: 4300, time: 0.147, data: 0.003) G_GAN: 2.007 G_LPIPS: 52.423 D_real: 0.490 D_fake: 0.293 \n"}
,{"stream_name":"stdout","time":4791.889517074,"data":"(epoch: 10, iters: 4320, time: 0.194, data: 0.003) G_GAN: 3.230 G_LPIPS: 52.905 D_real: 0.030 D_fake: 0.511 \n"}
,{"stream_name":"stdout","time":4791.889525979,"data":"(epoch: 10, iters: 4340, time: 0.146, data: 0.003) G_GAN: 3.656 G_LPIPS: 56.587 D_real: 0.479 D_fake: 0.045 \n"}
,{"stream_name":"stdout","time":4791.889529854,"data":"(epoch: 10, iters: 4360, time: 0.146, data: 0.003) G_GAN: 3.382 G_LPIPS: 58.592 D_real: 0.006 D_fake: 0.736 \n"}
,{"stream_name":"stdout","time":4791.889533931,"data":"(epoch: 10, iters: 4380, time: 0.149, data: 0.003) G_GAN: 1.837 G_LPIPS: 55.544 D_real: 0.019 D_fake: 0.326 \n"}
,{"stream_name":"stdout","time":4791.889537554,"data":"(epoch: 10, iters: 4400, time: 0.148, data: 0.003) G_GAN: 1.977 G_LPIPS: 56.643 D_real: 0.334 D_fake: 0.090 \n"}
,{"stream_name":"stdout","time":4791.889541075,"data":"(epoch: 10, iters: 4420, time: 0.146, data: 0.003) G_GAN: 1.780 G_LPIPS: 55.015 D_real: 0.418 D_fake: 0.132 \n"}
,{"stream_name":"stdout","time":4791.889545196,"data":"(epoch: 10, iters: 4440, time: 0.147, data: 0.003) G_GAN: 2.619 G_LPIPS: 60.046 D_real: 0.009 D_fake: 0.703 \n"}
,{"stream_name":"stdout","time":4791.889548744,"data":"(epoch: 10, iters: 4460, time: 0.148, data: 0.003) G_GAN: 0.845 G_LPIPS: 56.398 D_real: 1.249 D_fake: 0.050 \n"}
,{"stream_name":"stdout","time":4791.889552148,"data":"(epoch: 10, iters: 4480, time: 0.147, data: 0.004) G_GAN: 1.441 G_LPIPS: 49.270 D_real: 0.073 D_fake: 0.505 \n"}
,{"stream_name":"stdout","time":4791.88955655,"data":"(epoch: 10, iters: 4500, time: 0.147, data: 0.003) G_GAN: 1.994 G_LPIPS: 56.999 D_real: 0.483 D_fake: 0.111 \n"}
,{"stream_name":"stdout","time":4791.88956021,"data":"(epoch: 10, iters: 4520, time: 0.147, data: 0.003) G_GAN: 0.678 G_LPIPS: 56.049 D_real: 1.655 D_fake: 0.074 \n"}
,{"stream_name":"stdout","time":4791.889564484,"data":"(epoch: 10, iters: 4540, time: 0.148, data: 0.003) G_GAN: 1.870 G_LPIPS: 56.891 D_real: 0.122 D_fake: 0.470 \n"}
,{"stream_name":"stdout","time":4903.513637009,"data":"(epoch: 10, iters: 4560, time: 0.148, data: 0.004) G_GAN: 1.679 G_LPIPS: 51.964 D_real: 0.050 D_fake: 0.219 \n"}
,{"stream_name":"stdout","time":4903.513682162,"data":"(epoch: 10, iters: 4580, time: 0.147, data: 0.003) G_GAN: 3.084 G_LPIPS: 52.863 D_real: 0.030 D_fake: 0.115 \n"}
,{"stream_name":"stdout","time":4903.513686474,"data":"(epoch: 10, iters: 4600, time: 0.154, data: 0.003) G_GAN: 1.473 G_LPIPS: 51.633 D_real: 0.830 D_fake: 0.120 \n"}
,{"stream_name":"stdout","time":4903.513689694,"data":"(epoch: 10, iters: 4620, time: 0.146, data: 0.003) G_GAN: 3.177 G_LPIPS: 63.378 D_real: 0.005 D_fake: 0.082 \n"}
,{"stream_name":"stdout","time":4903.513693012,"data":"(epoch: 10, iters: 4640, time: 0.147, data: 0.003) G_GAN: 2.699 G_LPIPS: 55.263 D_real: 0.128 D_fake: 0.314 \n"}
,{"stream_name":"stdout","time":4903.513696339,"data":"(epoch: 10, iters: 4660, time: 0.146, data: 0.003) G_GAN: 2.935 G_LPIPS: 52.612 D_real: 1.073 D_fake: 0.050 \n"}
,{"stream_name":"stdout","time":4903.513699539,"data":"(epoch: 10, iters: 4680, time: 0.195, data: 0.003) G_GAN: 2.124 G_LPIPS: 57.061 D_real: 0.023 D_fake: 0.355 \n"}
,{"stream_name":"stdout","time":4903.513702576,"data":"(epoch: 10, iters: 4700, time: 0.148, data: 0.003) G_GAN: 2.437 G_LPIPS: 51.839 D_real: 0.188 D_fake: 0.109 \n"}
,{"stream_name":"stdout","time":4903.513705535,"data":"(epoch: 10, iters: 4720, time: 0.148, data: 0.003) G_GAN: 3.486 G_LPIPS: 60.887 D_real: 0.079 D_fake: 0.060 \n"}
,{"stream_name":"stdout","time":4903.513708495,"data":"(epoch: 10, iters: 4740, time: 0.153, data: 0.003) G_GAN: 1.829 G_LPIPS: 56.770 D_real: 0.087 D_fake: 0.321 \n"}
,{"stream_name":"stdout","time":4903.513711456,"data":"(epoch: 10, iters: 4760, time: 0.148, data: 0.003) G_GAN: 0.875 G_LPIPS: 50.322 D_real: 0.799 D_fake: 0.338 \n"}
,{"stream_name":"stdout","time":4903.513723886,"data":"(epoch: 10, iters: 4780, time: 0.195, data: 0.003) G_GAN: 0.902 G_LPIPS: 60.735 D_real: 0.776 D_fake: 0.053 \n"}
,{"stream_name":"stdout","time":4903.513726421,"data":"(epoch: 10, iters: 4800, time: 0.147, data: 0.003) G_GAN: 0.491 G_LPIPS: 55.633 D_real: 1.346 D_fake: 0.413 \n"}
,{"stream_name":"stdout","time":4903.513728738,"data":"(epoch: 10, iters: 4820, time: 0.147, data: 0.003) G_GAN: 2.402 G_LPIPS: 59.113 D_real: 0.027 D_fake: 0.102 \n"}
,{"stream_name":"stdout","time":4903.513731126,"data":"(epoch: 10, iters: 4840, time: 0.147, data: 0.003) G_GAN: 2.608 G_LPIPS: 57.633 D_real: 0.011 D_fake: 0.176 \n"}
,{"stream_name":"stdout","time":4903.513733744,"data":"(epoch: 10, iters: 4860, time: 0.147, data: 0.003) G_GAN: 2.445 G_LPIPS: 56.867 D_real: 0.027 D_fake: 0.851 \n"}
,{"stream_name":"stdout","time":4903.513736509,"data":"(epoch: 10, iters: 4880, time: 0.147, data: 0.004) G_GAN: 2.769 G_LPIPS: 56.333 D_real: 0.024 D_fake: 0.208 \n"}
,{"stream_name":"stdout","time":4903.513739954,"data":"(epoch: 10, iters: 4900, time: 0.146, data: 0.003) G_GAN: 1.922 G_LPIPS: 50.117 D_real: 0.332 D_fake: 0.263 \n"}
,{"stream_name":"stdout","time":4903.513743224,"data":"(epoch: 10, iters: 4920, time: 0.148, data: 0.003) G_GAN: 1.377 G_LPIPS: 51.456 D_real: 0.626 D_fake: 0.212 \n"}
,{"stream_name":"stdout","time":4903.513746904,"data":"(epoch: 10, iters: 4940, time: 0.163, data: 0.003) G_GAN: 1.557 G_LPIPS: 55.085 D_real: 0.061 D_fake: 0.602 \n"}
,{"stream_name":"stdout","time":4903.513749299,"data":"(epoch: 10, iters: 4960, time: 0.147, data: 0.003) G_GAN: 2.578 G_LPIPS: 54.532 D_real: 0.288 D_fake: 0.096 \n"}
,{"stream_name":"stdout","time":4903.513751596,"data":"(epoch: 10, iters: 4980, time: 0.147, data: 0.003) G_GAN: 2.668 G_LPIPS: 58.034 D_real: 0.134 D_fake: 0.133 \n"}
,{"stream_name":"stdout","time":4903.513753934,"data":"(epoch: 10, iters: 5000, time: 0.146, data: 0.003) G_GAN: 1.777 G_LPIPS: 58.062 D_real: 0.163 D_fake: 0.631 \n"}
,{"stream_name":"stdout","time":4903.513756277,"data":"(epoch: 10, iters: 5020, time: 0.147, data: 0.003) G_GAN: 2.236 G_LPIPS: 54.181 D_real: 0.577 D_fake: 0.025 \n"}
,{"stream_name":"stdout","time":4903.513758542,"data":"(epoch: 10, iters: 5040, time: 0.145, data: 0.003) G_GAN: 2.627 G_LPIPS: 52.916 D_real: 0.171 D_fake: 0.070 \n"}
,{"stream_name":"stdout","time":4903.513760804,"data":"(epoch: 10, iters: 5060, time: 0.148, data: 0.004) G_GAN: 1.262 G_LPIPS: 54.747 D_real: 0.512 D_fake: 0.105 \n"}
,{"stream_name":"stdout","time":4903.513763167,"data":"(epoch: 10, iters: 5080, time: 0.149, data: 0.003) G_GAN: 3.689 G_LPIPS: 59.309 D_real: 0.057 D_fake: 0.100 \n"}
,{"stream_name":"stdout","time":4903.513765428,"data":"(epoch: 10, iters: 5100, time: 0.147, data: 0.003) G_GAN: 3.380 G_LPIPS: 48.483 D_real: 0.130 D_fake: 0.705 \n"}
,{"stream_name":"stdout","time":4903.513767708,"data":"(epoch: 10, iters: 5120, time: 0.147, data: 0.003) G_GAN: 2.092 G_LPIPS: 53.233 D_real: 0.167 D_fake: 0.453 \n"}
,{"stream_name":"stdout","time":4903.513770054,"data":"(epoch: 10, iters: 5140, time: 0.196, data: 0.003) G_GAN: 2.755 G_LPIPS: 57.160 D_real: 0.051 D_fake: 0.110 \n"}
,{"stream_name":"stdout","time":4903.513772317,"data":"(epoch: 10, iters: 5160, time: 0.149, data: 0.003) G_GAN: 2.753 G_LPIPS: 50.632 D_real: 0.152 D_fake: 0.208 \n"}
,{"stream_name":"stdout","time":4903.513774583,"data":"(epoch: 10, iters: 5180, time: 0.148, data: 0.003) G_GAN: 1.743 G_LPIPS: 53.531 D_real: 0.450 D_fake: 0.537 \n"}
,{"stream_name":"stdout","time":4903.513776851,"data":"(epoch: 10, iters: 5200, time: 0.149, data: 0.003) G_GAN: 2.733 G_LPIPS: 55.735 D_real: 0.005 D_fake: 0.140 \n"}
,{"stream_name":"stdout","time":4903.513779121,"data":"(epoch: 10, iters: 5220, time: 0.148, data: 0.003) G_GAN: 0.820 G_LPIPS: 51.645 D_real: 0.495 D_fake: 0.273 \n"}
,{"stream_name":"stdout","time":4903.513784067,"data":"(epoch: 10, iters: 5240, time: 0.200, data: 0.003) G_GAN: 1.932 G_LPIPS: 55.160 D_real: 0.341 D_fake: 0.107 \n"}
,{"stream_name":"stdout","time":4903.513786512,"data":"(epoch: 10, iters: 5260, time: 0.147, data: 0.003) G_GAN: 2.337 G_LPIPS: 56.056 D_real: 0.779 D_fake: 0.115 \n"}
,{"stream_name":"stdout","time":4903.513788846,"data":"(epoch: 10, iters: 5280, time: 0.150, data: 0.003) G_GAN: 0.750 G_LPIPS: 54.330 D_real: 1.744 D_fake: 0.028 \n"}
,{"stream_name":"stdout","time":4903.513791147,"data":"(epoch: 10, iters: 5300, time: 0.149, data: 0.003) G_GAN: 1.287 G_LPIPS: 57.802 D_real: 0.545 D_fake: 0.092 \n"}
,{"stream_name":"stdout","time":4903.513793787,"data":"(epoch: 10, iters: 5320, time: 0.147, data: 0.003) G_GAN: 2.785 G_LPIPS: 56.142 D_real: 0.062 D_fake: 0.187 \n"}
,{"stream_name":"stdout","time":4903.513796101,"data":"(epoch: 10, iters: 5340, time: 0.147, data: 0.003) G_GAN: 2.333 G_LPIPS: 57.378 D_real: 0.131 D_fake: 0.332 \n"}
,{"stream_name":"stdout","time":4903.513798377,"data":"(epoch: 10, iters: 5360, time: 0.146, data: 0.003) G_GAN: 2.125 G_LPIPS: 57.511 D_real: 0.215 D_fake: 0.094 \n"}
,{"stream_name":"stdout","time":4903.51380066,"data":"(epoch: 10, iters: 5380, time: 0.147, data: 0.003) G_GAN: 2.607 G_LPIPS: 54.533 D_real: 0.063 D_fake: 0.264 \n"}
,{"stream_name":"stdout","time":4903.513802949,"data":"(epoch: 10, iters: 5400, time: 0.147, data: 0.003) G_GAN: 2.119 G_LPIPS: 48.781 D_real: 0.105 D_fake: 0.406 \n"}
,{"stream_name":"stdout","time":4903.513805232,"data":"(epoch: 10, iters: 5420, time: 0.147, data: 0.003) G_GAN: 2.290 G_LPIPS: 55.376 D_real: 0.049 D_fake: 0.478 \n"}
,{"stream_name":"stdout","time":4903.513807509,"data":"(epoch: 10, iters: 5440, time: 0.151, data: 0.003) G_GAN: 3.438 G_LPIPS: 50.843 D_real: 0.096 D_fake: 0.048 \n"}
,{"stream_name":"stdout","time":4903.5138098,"data":"(epoch: 10, iters: 5460, time: 0.147, data: 0.003) G_GAN: 2.386 G_LPIPS: 51.843 D_real: 0.152 D_fake: 0.189 \n"}
,{"stream_name":"stdout","time":4903.513812077,"data":"(epoch: 10, iters: 5480, time: 0.148, data: 0.003) G_GAN: 2.120 G_LPIPS: 53.720 D_real: 0.456 D_fake: 0.085 \n"}
,{"stream_name":"stdout","time":4903.513814358,"data":"(epoch: 10, iters: 5500, time: 0.148, data: 0.003) G_GAN: 2.710 G_LPIPS: 57.903 D_real: 0.004 D_fake: 0.274 \n"}
,{"stream_name":"stdout","time":4903.513816671,"data":"(epoch: 10, iters: 5520, time: 0.148, data: 0.003) G_GAN: 2.403 G_LPIPS: 56.382 D_real: 0.007 D_fake: 2.356 \n"}
,{"stream_name":"stdout","time":4903.513818941,"data":"(epoch: 10, iters: 5540, time: 0.147, data: 0.003) G_GAN: 2.254 G_LPIPS: 57.083 D_real: 0.212 D_fake: 0.095 \n"}
,{"stream_name":"stdout","time":4903.513821229,"data":"(epoch: 10, iters: 5560, time: 0.148, data: 0.003) G_GAN: 2.806 G_LPIPS: 50.730 D_real: 0.367 D_fake: 0.096 \n"}
,{"stream_name":"stdout","time":4903.513823509,"data":"(epoch: 10, iters: 5580, time: 0.100, data: 0.003) G_GAN: 1.385 G_LPIPS: 59.118 D_real: 0.905 D_fake: 0.108 \n"}
,{"stream_name":"stdout","time":4903.513825809,"data":"saving the model at the end of epoch 10, iters 44640\n"}
,{"stream_name":"stdout","time":4903.513828037,"data":"End of epoch 10 / 20 \t Time Taken: 595 sec\n"}
,{"stream_name":"stdout","time":4903.513830638,"data":"learning rate 0.0000909 -\u003e 0.0000818\n"}
,{"stream_name":"stdout","time":5071.737630424,"data":"(epoch: 11, iters: 20, time: 0.229, data: 0.268) G_GAN: 2.142 G_LPIPS: 53.644 D_real: 0.361 D_fake: 0.083 \n"}
,{"stream_name":"stdout","time":5071.737674802,"data":"(epoch: 11, iters: 40, time: 0.152, data: 0.003) G_GAN: 1.898 G_LPIPS: 52.910 D_real: 0.044 D_fake: 0.750 \n"}
,{"stream_name":"stdout","time":5071.737679427,"data":"(epoch: 11, iters: 60, time: 0.148, data: 0.003) G_GAN: 3.295 G_LPIPS: 50.273 D_real: 0.265 D_fake: 0.953 \n"}
,{"stream_name":"stdout","time":5071.737695317,"data":"(epoch: 11, iters: 80, time: 0.148, data: 0.003) G_GAN: 3.341 G_LPIPS: 57.381 D_real: 0.142 D_fake: 0.199 \n"}
,{"stream_name":"stdout","time":5071.737697926,"data":"(epoch: 11, iters: 100, time: 0.148, data: 0.003) G_GAN: 2.695 G_LPIPS: 59.188 D_real: 0.027 D_fake: 0.184 \n"}
,{"stream_name":"stdout","time":5071.737700542,"data":"(epoch: 11, iters: 120, time: 0.198, data: 0.003) G_GAN: 1.813 G_LPIPS: 52.000 D_real: 0.635 D_fake: 0.098 \n"}
,{"stream_name":"stdout","time":5071.737702917,"data":"(epoch: 11, iters: 140, time: 0.149, data: 0.003) G_GAN: 2.397 G_LPIPS: 57.321 D_real: 0.022 D_fake: 0.584 \n"}
,{"stream_name":"stdout","time":5071.737705189,"data":"(epoch: 11, iters: 160, time: 0.172, data: 0.003) G_GAN: 2.063 G_LPIPS: 55.271 D_real: 0.418 D_fake: 0.145 \n"}
,{"stream_name":"stdout","time":5071.737707454,"data":"(epoch: 11, iters: 180, time: 0.149, data: 0.003) G_GAN: 0.881 G_LPIPS: 54.744 D_real: 1.607 D_fake: 0.139 \n"}
,{"stream_name":"stdout","time":5071.73770973,"data":"(epoch: 11, iters: 200, time: 0.148, data: 0.003) G_GAN: 1.901 G_LPIPS: 56.312 D_real: 0.378 D_fake: 0.079 \n"}
,{"stream_name":"stdout","time":5071.737712079,"data":"(epoch: 11, iters: 220, time: 0.149, data: 0.003) G_GAN: 2.637 G_LPIPS: 52.194 D_real: 0.010 D_fake: 0.389 \n"}
,{"stream_name":"stdout","time":5071.737714346,"data":"(epoch: 11, iters: 240, time: 0.148, data: 0.003) G_GAN: 3.340 G_LPIPS: 62.404 D_real: 0.017 D_fake: 0.166 \n"}
,{"stream_name":"stdout","time":5071.73771669,"data":"(epoch: 11, iters: 260, time: 0.147, data: 0.003) G_GAN: 0.644 G_LPIPS: 51.110 D_real: 1.565 D_fake: 0.090 \n"}
,{"stream_name":"stdout","time":5071.737719093,"data":"(epoch: 11, iters: 280, time: 0.148, data: 0.003) G_GAN: 0.730 G_LPIPS: 52.280 D_real: 0.954 D_fake: 0.119 \n"}
,{"stream_name":"stdout","time":5071.737721372,"data":"(epoch: 11, iters: 300, time: 0.148, data: 0.003) G_GAN: 1.631 G_LPIPS: 57.641 D_real: 0.466 D_fake: 0.083 \n"}
,{"stream_name":"stdout","time":5071.737723645,"data":"(epoch: 11, iters: 320, time: 0.148, data: 0.003) G_GAN: 3.362 G_LPIPS: 56.778 D_real: 0.024 D_fake: 0.130 \n"}
,{"stream_name":"stdout","time":5071.737725998,"data":"(epoch: 11, iters: 340, time: 0.148, data: 0.003) G_GAN: 2.885 G_LPIPS: 57.150 D_real: 0.023 D_fake: 0.756 \n"}
,{"stream_name":"stdout","time":5071.737728292,"data":"(epoch: 11, iters: 360, time: 0.148, data: 0.003) G_GAN: 1.324 G_LPIPS: 52.175 D_real: 0.835 D_fake: 0.220 \n"}
,{"stream_name":"stdout","time":5071.737730783,"data":"saving the latest model (epoch 11, total_iters 45000)\n"}
,{"stream_name":"stdout","time":5071.73773546,"data":"(epoch: 11, iters: 380, time: 0.148, data: 0.003) G_GAN: 2.037 G_LPIPS: 54.253 D_real: 0.359 D_fake: 0.105 \n"}
,{"stream_name":"stdout","time":5071.737738858,"data":"(epoch: 11, iters: 400, time: 0.149, data: 0.003) G_GAN: 1.955 G_LPIPS: 58.033 D_real: 0.162 D_fake: 0.199 \n"}
,{"stream_name":"stdout","time":5071.737741282,"data":"(epoch: 11, iters: 420, time: 0.148, data: 0.003) G_GAN: 3.172 G_LPIPS: 57.216 D_real: 0.036 D_fake: 0.171 \n"}
,{"stream_name":"stdout","time":5071.737743635,"data":"(epoch: 11, iters: 440, time: 0.150, data: 0.003) G_GAN: 1.613 G_LPIPS: 55.665 D_real: 0.263 D_fake: 0.324 \n"}
,{"stream_name":"stdout","time":5071.737745927,"data":"(epoch: 11, iters: 460, time: 0.149, data: 0.003) G_GAN: 2.092 G_LPIPS: 57.361 D_real: 0.293 D_fake: 0.143 \n"}
,{"stream_name":"stdout","time":5071.737748201,"data":"(epoch: 11, iters: 480, time: 0.199, data: 0.003) G_GAN: 3.915 G_LPIPS: 62.725 D_real: 0.036 D_fake: 0.048 \n"}
,{"stream_name":"stdout","time":5071.737750554,"data":"(epoch: 11, iters: 500, time: 0.149, data: 0.003) G_GAN: 2.093 G_LPIPS: 51.864 D_real: 1.170 D_fake: 0.046 \n"}
,{"stream_name":"stdout","time":5071.737752831,"data":"(epoch: 11, iters: 520, time: 0.145, data: 0.003) G_GAN: 2.077 G_LPIPS: 59.160 D_real: 0.123 D_fake: 0.511 \n"}
,{"stream_name":"stdout","time":5071.737757899,"data":"(epoch: 11, iters: 540, time: 0.149, data: 0.003) G_GAN: 3.119 G_LPIPS: 50.395 D_real: 0.144 D_fake: 0.617 \n"}
,{"stream_name":"stdout","time":5071.737760312,"data":"(epoch: 11, iters: 560, time: 0.149, data: 0.003) G_GAN: 2.026 G_LPIPS: 59.282 D_real: 0.304 D_fake: 0.110 \n"}
,{"stream_name":"stdout","time":5071.737762779,"data":"(epoch: 11, iters: 580, time: 0.149, data: 0.003) G_GAN: 2.018 G_LPIPS: 55.471 D_real: 0.055 D_fake: 0.279 \n"}
,{"stream_name":"stdout","time":5071.73776513,"data":"(epoch: 11, iters: 600, time: 0.147, data: 0.003) G_GAN: 2.985 G_LPIPS: 53.187 D_real: 0.063 D_fake: 0.123 \n"}
,{"stream_name":"stdout","time":5071.737767405,"data":"(epoch: 11, iters: 620, time: 0.150, data: 0.003) G_GAN: 2.850 G_LPIPS: 53.648 D_real: 0.102 D_fake: 0.460 \n"}
,{"stream_name":"stdout","time":5071.73776968,"data":"(epoch: 11, iters: 640, time: 0.148, data: 0.003) G_GAN: 1.875 G_LPIPS: 55.215 D_real: 0.270 D_fake: 0.184 \n"}
,{"stream_name":"stdout","time":5071.737772286,"data":"(epoch: 11, iters: 660, time: 0.149, data: 0.003) G_GAN: 2.041 G_LPIPS: 48.188 D_real: 0.459 D_fake: 0.150 \n"}
,{"stream_name":"stdout","time":5071.737774567,"data":"(epoch: 11, iters: 680, time: 0.148, data: 0.003) G_GAN: 1.362 G_LPIPS: 52.783 D_real: 0.348 D_fake: 0.213 \n"}
,{"stream_name":"stdout","time":5071.737776842,"data":"(epoch: 11, iters: 700, time: 0.152, data: 0.003) G_GAN: 2.240 G_LPIPS: 58.826 D_real: 0.111 D_fake: 0.123 \n"}
,{"stream_name":"stdout","time":5071.73777911,"data":"(epoch: 11, iters: 720, time: 0.148, data: 0.003) G_GAN: 1.555 G_LPIPS: 54.912 D_real: 1.265 D_fake: 0.025 \n"}
,{"stream_name":"stdout","time":5071.737781407,"data":"(epoch: 11, iters: 740, time: 0.149, data: 0.003) G_GAN: 1.840 G_LPIPS: 56.782 D_real: 0.379 D_fake: 0.121 \n"}
,{"stream_name":"stdout","time":5071.737783944,"data":"(epoch: 11, iters: 760, time: 0.150, data: 0.003) G_GAN: 2.363 G_LPIPS: 52.166 D_real: 0.125 D_fake: 0.243 \n"}
,{"stream_name":"stdout","time":5071.737786267,"data":"(epoch: 11, iters: 780, time: 0.196, data: 0.003) G_GAN: 1.027 G_LPIPS: 55.936 D_real: 0.344 D_fake: 0.222 \n"}
,{"stream_name":"stdout","time":5071.737788587,"data":"(epoch: 11, iters: 800, time: 0.148, data: 0.003) G_GAN: 2.335 G_LPIPS: 56.248 D_real: 1.435 D_fake: 0.012 \n"}
,{"stream_name":"stdout","time":5071.737790889,"data":"(epoch: 11, iters: 820, time: 0.149, data: 0.003) G_GAN: 2.179 G_LPIPS: 53.964 D_real: 0.200 D_fake: 0.112 \n"}
,{"stream_name":"stdout","time":5071.737793174,"data":"(epoch: 11, iters: 840, time: 0.151, data: 0.003) G_GAN: 3.078 G_LPIPS: 57.857 D_real: 0.096 D_fake: 0.110 \n"}
,{"stream_name":"stdout","time":5071.737795464,"data":"(epoch: 11, iters: 860, time: 0.148, data: 0.003) G_GAN: 2.702 G_LPIPS: 53.913 D_real: 0.090 D_fake: 0.156 \n"}
,{"stream_name":"stdout","time":5071.737797752,"data":"(epoch: 11, iters: 880, time: 0.148, data: 0.003) G_GAN: 1.891 G_LPIPS: 55.588 D_real: 0.159 D_fake: 0.314 \n"}
,{"stream_name":"stdout","time":5071.737800075,"data":"(epoch: 11, iters: 900, time: 0.150, data: 0.003) G_GAN: 2.048 G_LPIPS: 54.897 D_real: 0.103 D_fake: 0.322 \n"}
,{"stream_name":"stdout","time":5071.737802354,"data":"(epoch: 11, iters: 920, time: 0.148, data: 0.003) G_GAN: 2.238 G_LPIPS: 54.352 D_real: 0.139 D_fake: 0.396 \n"}
,{"stream_name":"stdout","time":5071.737804644,"data":"(epoch: 11, iters: 940, time: 0.149, data: 0.003) G_GAN: 2.159 G_LPIPS: 54.564 D_real: 0.262 D_fake: 0.169 \n"}
,{"stream_name":"stdout","time":5071.73781124,"data":"(epoch: 11, iters: 960, time: 0.149, data: 0.003) G_GAN: 1.038 G_LPIPS: 54.957 D_real: 0.378 D_fake: 0.587 \n"}
,{"stream_name":"stdout","time":5071.737813539,"data":"(epoch: 11, iters: 980, time: 0.148, data: 0.003) G_GAN: 2.325 G_LPIPS: 53.474 D_real: 0.099 D_fake: 0.498 \n"}
,{"stream_name":"stdout","time":5071.737818165,"data":"(epoch: 11, iters: 1000, time: 0.149, data: 0.003) G_GAN: 2.168 G_LPIPS: 59.618 D_real: 0.025 D_fake: 0.460 \n"}
,{"stream_name":"stdout","time":5071.737820547,"data":"(epoch: 11, iters: 1020, time: 0.197, data: 0.003) G_GAN: 2.095 G_LPIPS: 57.999 D_real: 0.262 D_fake: 0.157 \n"}
,{"stream_name":"stdout","time":5071.737822928,"data":"(epoch: 11, iters: 1040, time: 0.149, data: 0.003) G_GAN: 1.840 G_LPIPS: 53.056 D_real: 0.516 D_fake: 0.106 \n"}
,{"stream_name":"stdout","time":5071.737825325,"data":"(epoch: 11, iters: 1060, time: 0.149, data: 0.003) G_GAN: 2.497 G_LPIPS: 57.911 D_real: 0.139 D_fake: 0.130 \n"}
,{"stream_name":"stdout","time":5071.7378276,"data":"(epoch: 11, iters: 1080, time: 0.148, data: 0.003) G_GAN: 1.913 G_LPIPS: 54.148 D_real: 0.031 D_fake: 0.517 \n"}
,{"stream_name":"stdout","time":5071.737829867,"data":"(epoch: 11, iters: 1100, time: 0.151, data: 0.003) G_GAN: 2.322 G_LPIPS: 54.373 D_real: 0.019 D_fake: 1.330 \n"}
,{"stream_name":"stdout","time":5071.737832147,"data":"(epoch: 11, iters: 1120, time: 0.148, data: 0.003) G_GAN: 2.721 G_LPIPS: 47.525 D_real: 0.196 D_fake: 0.073 \n"}
,{"stream_name":"stdout","time":5071.737834735,"data":"(epoch: 11, iters: 1140, time: 0.149, data: 0.003) G_GAN: 2.056 G_LPIPS: 52.313 D_real: 0.068 D_fake: 0.295 \n"}
,{"stream_name":"stdout","time":5071.73783703,"data":"(epoch: 11, iters: 1160, time: 0.149, data: 0.003) G_GAN: 1.482 G_LPIPS: 56.675 D_real: 0.405 D_fake: 0.244 \n"}
,{"stream_name":"stdout","time":5071.737839296,"data":"(epoch: 11, iters: 1180, time: 0.148, data: 0.003) G_GAN: 1.985 G_LPIPS: 55.835 D_real: 0.028 D_fake: 0.267 \n"}
,{"stream_name":"stdout","time":5071.737841562,"data":"(epoch: 11, iters: 1200, time: 0.148, data: 0.003) G_GAN: 2.546 G_LPIPS: 56.888 D_real: 0.140 D_fake: 0.173 \n"}
,{"stream_name":"stdout","time":5071.737843869,"data":"(epoch: 11, iters: 1220, time: 0.149, data: 0.003) G_GAN: 1.723 G_LPIPS: 56.261 D_real: 0.454 D_fake: 0.320 \n"}
,{"stream_name":"stdout","time":5071.737846134,"data":"(epoch: 11, iters: 1240, time: 0.149, data: 0.003) G_GAN: 1.786 G_LPIPS: 60.539 D_real: 0.144 D_fake: 0.156 \n"}
,{"stream_name":"stdout","time":5071.737848406,"data":"(epoch: 11, iters: 1260, time: 0.151, data: 0.003) G_GAN: 0.902 G_LPIPS: 54.862 D_real: 1.127 D_fake: 0.408 \n"}
,{"stream_name":"stdout","time":5071.737850694,"data":"(epoch: 11, iters: 1280, time: 0.149, data: 0.003) G_GAN: 1.427 G_LPIPS: 53.897 D_real: 0.460 D_fake: 0.183 \n"}
,{"stream_name":"stdout","time":5071.737852975,"data":"(epoch: 11, iters: 1300, time: 0.150, data: 0.003) G_GAN: 3.042 G_LPIPS: 58.064 D_real: 0.024 D_fake: 0.496 \n"}
,{"stream_name":"stdout","time":5071.737855245,"data":"(epoch: 11, iters: 1320, time: 0.149, data: 0.003) G_GAN: 2.245 G_LPIPS: 50.292 D_real: 0.176 D_fake: 0.330 \n"}
,{"stream_name":"stdout","time":5071.7378576,"data":"(epoch: 11, iters: 1340, time: 0.149, data: 0.003) G_GAN: 3.026 G_LPIPS: 54.948 D_real: 0.255 D_fake: 0.083 \n"}
,{"stream_name":"stdout","time":5071.737859878,"data":"(epoch: 11, iters: 1360, time: 0.217, data: 0.003) G_GAN: 1.444 G_LPIPS: 56.587 D_real: 0.242 D_fake: 0.539 \n"}
,{"stream_name":"stdout","time":5071.737862193,"data":"(epoch: 11, iters: 1380, time: 0.149, data: 0.003) G_GAN: 3.391 G_LPIPS: 54.720 D_real: 0.053 D_fake: 0.664 \n"}
,{"stream_name":"stdout","time":5071.737864458,"data":"(epoch: 11, iters: 1400, time: 0.148, data: 0.003) G_GAN: 2.938 G_LPIPS: 56.827 D_real: 0.165 D_fake: 0.135 \n"}
,{"stream_name":"stdout","time":5071.737866828,"data":"(epoch: 11, iters: 1420, time: 0.150, data: 0.003) G_GAN: 3.260 G_LPIPS: 56.390 D_real: 0.023 D_fake: 0.352 \n"}
,{"stream_name":"stdout","time":5071.737869127,"data":"(epoch: 11, iters: 1440, time: 0.149, data: 0.003) G_GAN: 2.507 G_LPIPS: 55.187 D_real: 0.115 D_fake: 0.359 \n"}
,{"stream_name":"stdout","time":5071.737873307,"data":"(epoch: 11, iters: 1460, time: 0.197, data: 0.003) G_GAN: 2.566 G_LPIPS: 59.522 D_real: 0.406 D_fake: 0.211 \n"}
,{"stream_name":"stdout","time":5071.73787569,"data":"(epoch: 11, iters: 1480, time: 0.150, data: 0.003) G_GAN: 2.889 G_LPIPS: 59.308 D_real: 0.016 D_fake: 0.649 \n"}
,{"stream_name":"stdout","time":5071.73787808,"data":"(epoch: 11, iters: 1500, time: 0.149, data: 0.003) G_GAN: 2.908 G_LPIPS: 57.867 D_real: 1.779 D_fake: 0.017 \n"}
,{"stream_name":"stdout","time":5240.130235342,"data":"(epoch: 11, iters: 1520, time: 0.149, data: 0.003) G_GAN: 2.347 G_LPIPS: 55.154 D_real: 0.278 D_fake: 0.128 \n"}
,{"stream_name":"stdout","time":5240.130271222,"data":"(epoch: 11, iters: 1540, time: 0.150, data: 0.003) G_GAN: 1.348 G_LPIPS: 48.302 D_real: 0.224 D_fake: 0.335 \n"}
,{"stream_name":"stdout","time":5240.130277144,"data":"(epoch: 11, iters: 1560, time: 0.150, data: 0.003) G_GAN: 2.637 G_LPIPS: 56.531 D_real: 0.319 D_fake: 0.042 \n"}
,{"stream_name":"stdout","time":5240.130281687,"data":"(epoch: 11, iters: 1580, time: 0.151, data: 0.003) G_GAN: 2.867 G_LPIPS: 57.955 D_real: 0.339 D_fake: 0.052 \n"}
,{"stream_name":"stdout","time":5240.130286404,"data":"(epoch: 11, iters: 1600, time: 0.149, data: 0.003) G_GAN: 1.600 G_LPIPS: 50.988 D_real: 0.476 D_fake: 0.151 \n"}
,{"stream_name":"stdout","time":5240.130291432,"data":"(epoch: 11, iters: 1620, time: 0.151, data: 0.003) G_GAN: 2.667 G_LPIPS: 55.553 D_real: 0.011 D_fake: 0.449 \n"}
,{"stream_name":"stdout","time":5240.130295726,"data":"(epoch: 11, iters: 1640, time: 0.149, data: 0.003) G_GAN: 1.813 G_LPIPS: 50.444 D_real: 0.673 D_fake: 0.104 \n"}
,{"stream_name":"stdout","time":5240.130300797,"data":"(epoch: 11, iters: 1660, time: 0.151, data: 0.003) G_GAN: 2.974 G_LPIPS: 54.332 D_real: 0.656 D_fake: 0.051 \n"}
,{"stream_name":"stdout","time":5240.130305519,"data":"(epoch: 11, iters: 1680, time: 0.151, data: 0.003) G_GAN: 0.695 G_LPIPS: 50.419 D_real: 1.005 D_fake: 0.124 \n"}
,{"stream_name":"stdout","time":5240.130310212,"data":"(epoch: 11, iters: 1700, time: 0.199, data: 0.003) G_GAN: 1.941 G_LPIPS: 57.112 D_real: 0.469 D_fake: 0.054 \n"}
,{"stream_name":"stdout","time":5240.130315028,"data":"(epoch: 11, iters: 1720, time: 0.153, data: 0.003) G_GAN: 3.445 G_LPIPS: 57.302 D_real: 0.178 D_fake: 0.036 \n"}
,{"stream_name":"stdout","time":5240.130319692,"data":"(epoch: 11, iters: 1740, time: 0.149, data: 0.003) G_GAN: 2.777 G_LPIPS: 57.046 D_real: 0.102 D_fake: 0.112 \n"}
,{"stream_name":"stdout","time":5240.130324635,"data":"(epoch: 11, iters: 1760, time: 0.150, data: 0.003) G_GAN: 1.976 G_LPIPS: 54.713 D_real: 0.173 D_fake: 0.368 \n"}
,{"stream_name":"stdout","time":5240.130329397,"data":"(epoch: 11, iters: 1780, time: 0.149, data: 0.003) G_GAN: 2.672 G_LPIPS: 50.162 D_real: 0.091 D_fake: 0.429 \n"}
,{"stream_name":"stdout","time":5240.13033364,"data":"(epoch: 11, iters: 1800, time: 0.148, data: 0.003) G_GAN: 2.619 G_LPIPS: 51.878 D_real: 0.478 D_fake: 0.415 \n"}
,{"stream_name":"stdout","time":5240.130337788,"data":"(epoch: 11, iters: 1820, time: 0.149, data: 0.003) G_GAN: 2.850 G_LPIPS: 54.614 D_real: 0.139 D_fake: 0.682 \n"}
,{"stream_name":"stdout","time":5240.130342686,"data":"(epoch: 11, iters: 1840, time: 0.149, data: 0.003) G_GAN: 2.104 G_LPIPS: 56.780 D_real: 0.145 D_fake: 0.367 \n"}
,{"stream_name":"stdout","time":5240.13034732,"data":"(epoch: 11, iters: 1860, time: 0.150, data: 0.003) G_GAN: 2.440 G_LPIPS: 56.370 D_real: 0.021 D_fake: 0.429 \n"}
,{"stream_name":"stdout","time":5240.130351937,"data":"(epoch: 11, iters: 1880, time: 0.152, data: 0.003) G_GAN: 2.561 G_LPIPS: 53.491 D_real: 0.111 D_fake: 1.234 \n"}
,{"stream_name":"stdout","time":5240.13035774,"data":"(epoch: 11, iters: 1900, time: 0.149, data: 0.003) G_GAN: 2.784 G_LPIPS: 59.370 D_real: 0.104 D_fake: 0.620 \n"}
,{"stream_name":"stdout","time":5240.130376866,"data":"(epoch: 11, iters: 1920, time: 0.150, data: 0.003) G_GAN: 2.409 G_LPIPS: 55.337 D_real: 0.025 D_fake: 0.314 \n"}
,{"stream_name":"stdout","time":5240.130380846,"data":"(epoch: 11, iters: 1940, time: 0.199, data: 0.003) G_GAN: 0.858 G_LPIPS: 54.195 D_real: 0.661 D_fake: 0.401 \n"}
,{"stream_name":"stdout","time":5240.130384199,"data":"(epoch: 11, iters: 1960, time: 0.150, data: 0.003) G_GAN: 1.962 G_LPIPS: 52.335 D_real: 0.280 D_fake: 0.183 \n"}
,{"stream_name":"stdout","time":5240.130387475,"data":"(epoch: 11, iters: 1980, time: 0.150, data: 0.003) G_GAN: 1.990 G_LPIPS: 54.994 D_real: 0.352 D_fake: 0.094 \n"}
,{"stream_name":"stdout","time":5240.130391122,"data":"(epoch: 11, iters: 2000, time: 0.151, data: 0.003) G_GAN: 1.562 G_LPIPS: 54.788 D_real: 0.560 D_fake: 0.151 \n"}
,{"stream_name":"stdout","time":5240.1303948,"data":"(epoch: 11, iters: 2020, time: 0.150, data: 0.003) G_GAN: 1.109 G_LPIPS: 52.147 D_real: 0.483 D_fake: 0.317 \n"}
,{"stream_name":"stdout","time":5240.130398423,"data":"(epoch: 11, iters: 2040, time: 0.150, data: 0.003) G_GAN: 1.924 G_LPIPS: 55.620 D_real: 0.028 D_fake: 1.558 \n"}
,{"stream_name":"stdout","time":5240.13040271,"data":"(epoch: 11, iters: 2060, time: 0.155, data: 0.003) G_GAN: 2.138 G_LPIPS: 53.555 D_real: 0.106 D_fake: 0.271 \n"}
,{"stream_name":"stdout","time":5240.130406714,"data":"(epoch: 11, iters: 2080, time: 0.149, data: 0.003) G_GAN: 3.048 G_LPIPS: 62.878 D_real: 0.004 D_fake: 0.175 \n"}
,{"stream_name":"stdout","time":5240.130410116,"data":"(epoch: 11, iters: 2100, time: 0.151, data: 0.003) G_GAN: 2.405 G_LPIPS: 50.558 D_real: 0.161 D_fake: 0.237 \n"}
,{"stream_name":"stdout","time":5240.130414007,"data":"(epoch: 11, iters: 2120, time: 0.150, data: 0.003) G_GAN: 2.679 G_LPIPS: 55.022 D_real: 0.386 D_fake: 0.099 \n"}
,{"stream_name":"stdout","time":5240.130417644,"data":"(epoch: 11, iters: 2140, time: 0.151, data: 0.003) G_GAN: 3.287 G_LPIPS: 52.647 D_real: 0.102 D_fake: 0.084 \n"}
,{"stream_name":"stdout","time":5240.130421438,"data":"(epoch: 11, iters: 2160, time: 0.150, data: 0.004) G_GAN: 2.611 G_LPIPS: 55.288 D_real: 0.118 D_fake: 0.196 \n"}
,{"stream_name":"stdout","time":5240.130425263,"data":"(epoch: 11, iters: 2180, time: 0.199, data: 0.003) G_GAN: 2.154 G_LPIPS: 49.951 D_real: 0.076 D_fake: 0.758 \n"}
,{"stream_name":"stdout","time":5240.130429112,"data":"(epoch: 11, iters: 2200, time: 0.150, data: 0.003) G_GAN: 3.069 G_LPIPS: 51.383 D_real: 0.137 D_fake: 0.102 \n"}
,{"stream_name":"stdout","time":5240.130433079,"data":"(epoch: 11, iters: 2220, time: 0.150, data: 0.003) G_GAN: 3.085 G_LPIPS: 56.043 D_real: 0.080 D_fake: 0.109 \n"}
,{"stream_name":"stdout","time":5240.130436837,"data":"(epoch: 11, iters: 2240, time: 0.153, data: 0.003) G_GAN: 2.475 G_LPIPS: 53.773 D_real: 0.316 D_fake: 0.277 \n"}
,{"stream_name":"stdout","time":5240.130440462,"data":"(epoch: 11, iters: 2260, time: 0.149, data: 0.003) G_GAN: 2.254 G_LPIPS: 53.092 D_real: 0.352 D_fake: 0.150 \n"}
,{"stream_name":"stdout","time":5240.130444496,"data":"(epoch: 11, iters: 2280, time: 0.150, data: 0.003) G_GAN: 1.992 G_LPIPS: 52.311 D_real: 0.202 D_fake: 0.167 \n"}
,{"stream_name":"stdout","time":5240.130448208,"data":"(epoch: 11, iters: 2300, time: 0.150, data: 0.003) G_GAN: 2.604 G_LPIPS: 57.789 D_real: 0.665 D_fake: 0.019 \n"}
,{"stream_name":"stdout","time":5240.130451974,"data":"(epoch: 11, iters: 2320, time: 0.149, data: 0.003) G_GAN: 2.188 G_LPIPS: 55.916 D_real: 0.109 D_fake: 0.118 \n"}
,{"stream_name":"stdout","time":5240.130455719,"data":"(epoch: 11, iters: 2340, time: 0.149, data: 0.003) G_GAN: 1.877 G_LPIPS: 56.586 D_real: 0.175 D_fake: 0.145 \n"}
,{"stream_name":"stdout","time":5240.130464987,"data":"(epoch: 11, iters: 2360, time: 0.150, data: 0.003) G_GAN: 2.183 G_LPIPS: 51.412 D_real: 0.206 D_fake: 0.143 \n"}
,{"stream_name":"stdout","time":5240.130468591,"data":"(epoch: 11, iters: 2380, time: 0.149, data: 0.003) G_GAN: 1.768 G_LPIPS: 56.271 D_real: 0.191 D_fake: 0.715 \n"}
,{"stream_name":"stdout","time":5240.130473562,"data":"(epoch: 11, iters: 2400, time: 0.149, data: 0.004) G_GAN: 1.297 G_LPIPS: 58.102 D_real: 0.243 D_fake: 0.107 \n"}
,{"stream_name":"stdout","time":5240.130476864,"data":"(epoch: 11, iters: 2420, time: 0.204, data: 0.003) G_GAN: 1.145 G_LPIPS: 51.379 D_real: 0.704 D_fake: 0.612 \n"}
,{"stream_name":"stdout","time":5240.13048016,"data":"(epoch: 11, iters: 2440, time: 0.149, data: 0.003) G_GAN: 3.489 G_LPIPS: 58.619 D_real: 0.033 D_fake: 0.146 \n"}
,{"stream_name":"stdout","time":5240.1304852,"data":"(epoch: 11, iters: 2460, time: 0.149, data: 0.003) G_GAN: 1.580 G_LPIPS: 50.439 D_real: 0.808 D_fake: 0.173 \n"}
,{"stream_name":"stdout","time":5240.130488744,"data":"(epoch: 11, iters: 2480, time: 0.150, data: 0.003) G_GAN: 2.707 G_LPIPS: 53.331 D_real: 0.203 D_fake: 0.138 \n"}
,{"stream_name":"stdout","time":5240.130492817,"data":"(epoch: 11, iters: 2500, time: 0.149, data: 0.003) G_GAN: 2.266 G_LPIPS: 55.633 D_real: 0.106 D_fake: 0.722 \n"}
,{"stream_name":"stdout","time":5240.130496539,"data":"(epoch: 11, iters: 2520, time: 0.149, data: 0.003) G_GAN: 2.384 G_LPIPS: 55.578 D_real: 0.235 D_fake: 0.261 \n"}
,{"stream_name":"stdout","time":5240.130500384,"data":"(epoch: 11, iters: 2540, time: 0.150, data: 0.003) G_GAN: 1.657 G_LPIPS: 58.223 D_real: 0.703 D_fake: 0.061 \n"}
,{"stream_name":"stdout","time":5240.130504256,"data":"(epoch: 11, iters: 2560, time: 0.150, data: 0.003) G_GAN: 2.748 G_LPIPS: 57.596 D_real: 0.049 D_fake: 0.172 \n"}
,{"stream_name":"stdout","time":5240.130507677,"data":"(epoch: 11, iters: 2580, time: 0.151, data: 0.004) G_GAN: 3.708 G_LPIPS: 58.134 D_real: 0.143 D_fake: 0.055 \n"}
,{"stream_name":"stdout","time":5240.130511786,"data":"(epoch: 11, iters: 2600, time: 0.152, data: 0.003) G_GAN: 3.057 G_LPIPS: 57.266 D_real: 0.158 D_fake: 0.133 \n"}
,{"stream_name":"stdout","time":5240.130515406,"data":"(epoch: 11, iters: 2620, time: 0.149, data: 0.003) G_GAN: 3.178 G_LPIPS: 49.767 D_real: 0.142 D_fake: 0.303 \n"}
,{"stream_name":"stdout","time":5240.130518716,"data":"(epoch: 11, iters: 2640, time: 0.152, data: 0.003) G_GAN: 1.767 G_LPIPS: 53.118 D_real: 0.119 D_fake: 0.581 \n"}
,{"stream_name":"stdout","time":5240.130523376,"data":"(epoch: 11, iters: 2660, time: 0.201, data: 0.004) G_GAN: 2.910 G_LPIPS: 55.243 D_real: 0.042 D_fake: 0.141 \n"}
,{"stream_name":"stdout","time":5240.130526941,"data":"(epoch: 11, iters: 2680, time: 0.149, data: 0.003) G_GAN: 2.301 G_LPIPS: 51.832 D_real: 0.189 D_fake: 0.144 \n"}
,{"stream_name":"stdout","time":5240.130536711,"data":"(epoch: 11, iters: 2700, time: 0.150, data: 0.003) G_GAN: 3.139 G_LPIPS: 60.166 D_real: 0.125 D_fake: 0.072 \n"}
,{"stream_name":"stdout","time":5240.130539702,"data":"(epoch: 11, iters: 2720, time: 0.151, data: 0.004) G_GAN: 2.622 G_LPIPS: 59.403 D_real: 0.044 D_fake: 0.286 \n"}
,{"stream_name":"stdout","time":5240.130541996,"data":"(epoch: 11, iters: 2740, time: 0.150, data: 0.003) G_GAN: 2.834 G_LPIPS: 58.316 D_real: 0.035 D_fake: 0.260 \n"}
,{"stream_name":"stdout","time":5240.130544257,"data":"(epoch: 11, iters: 2760, time: 0.150, data: 0.003) G_GAN: 1.356 G_LPIPS: 52.388 D_real: 0.708 D_fake: 0.089 \n"}
,{"stream_name":"stdout","time":5240.130546625,"data":"(epoch: 11, iters: 2780, time: 0.156, data: 0.003) G_GAN: 1.929 G_LPIPS: 49.729 D_real: 0.466 D_fake: 0.116 \n"}
,{"stream_name":"stdout","time":5240.130549035,"data":"(epoch: 11, iters: 2800, time: 0.149, data: 0.003) G_GAN: 1.525 G_LPIPS: 50.007 D_real: 0.395 D_fake: 0.277 \n"}
,{"stream_name":"stdout","time":5240.130587444,"data":"(epoch: 11, iters: 2820, time: 0.150, data: 0.003) G_GAN: 2.298 G_LPIPS: 56.069 D_real: 0.059 D_fake: 0.816 \n"}
,{"stream_name":"stdout","time":5240.130596049,"data":"(epoch: 11, iters: 2840, time: 0.150, data: 0.003) G_GAN: 2.183 G_LPIPS: 54.448 D_real: 0.401 D_fake: 0.088 \n"}
,{"stream_name":"stdout","time":5240.130599794,"data":"(epoch: 11, iters: 2860, time: 0.150, data: 0.003) G_GAN: 4.762 G_LPIPS: 56.277 D_real: 0.005 D_fake: 0.016 \n"}
,{"stream_name":"stdout","time":5240.130603648,"data":"(epoch: 11, iters: 2880, time: 0.151, data: 0.003) G_GAN: 3.202 G_LPIPS: 62.268 D_real: 0.003 D_fake: 0.557 \n"}
,{"stream_name":"stdout","time":5240.130607919,"data":"(epoch: 11, iters: 2900, time: 0.150, data: 0.004) G_GAN: 2.303 G_LPIPS: 58.005 D_real: 0.346 D_fake: 0.076 \n"}
,{"stream_name":"stdout","time":5240.130611531,"data":"(epoch: 11, iters: 2920, time: 0.150, data: 0.003) G_GAN: 2.653 G_LPIPS: 61.030 D_real: 0.011 D_fake: 0.312 \n"}
,{"stream_name":"stdout","time":5240.130614887,"data":"(epoch: 11, iters: 2940, time: 0.154, data: 0.003) G_GAN: 1.778 G_LPIPS: 52.914 D_real: 0.608 D_fake: 0.099 \n"}
,{"stream_name":"stdout","time":5240.130618151,"data":"(epoch: 11, iters: 2960, time: 0.158, data: 0.003) G_GAN: 1.170 G_LPIPS: 51.077 D_real: 0.414 D_fake: 0.194 \n"}
,{"stream_name":"stdout","time":5240.130621336,"data":"(epoch: 11, iters: 2980, time: 0.150, data: 0.003) G_GAN: 2.634 G_LPIPS: 50.111 D_real: 0.228 D_fake: 0.911 \n"}
,{"stream_name":"stdout","time":5240.130624741,"data":"(epoch: 11, iters: 3000, time: 0.201, data: 0.003) G_GAN: 2.447 G_LPIPS: 54.812 D_real: 0.699 D_fake: 0.120 \n"}
,{"stream_name":"stdout","time":5240.130627954,"data":"(epoch: 11, iters: 3020, time: 0.149, data: 0.003) G_GAN: 3.318 G_LPIPS: 50.445 D_real: 0.043 D_fake: 0.136 \n"}
,{"stream_name":"stdout","time":5411.062907815,"data":"(epoch: 11, iters: 3040, time: 0.150, data: 0.003) G_GAN: 2.377 G_LPIPS: 55.459 D_real: 0.859 D_fake: 0.022 \n"}
,{"stream_name":"stdout","time":5411.062948687,"data":"(epoch: 11, iters: 3060, time: 0.149, data: 0.003) G_GAN: 2.478 G_LPIPS: 58.294 D_real: 0.278 D_fake: 0.074 \n"}
,{"stream_name":"stdout","time":5411.062955011,"data":"(epoch: 11, iters: 3080, time: 0.151, data: 0.003) G_GAN: 3.489 G_LPIPS: 52.443 D_real: 0.146 D_fake: 0.733 \n"}
,{"stream_name":"stdout","time":5411.062960199,"data":"(epoch: 11, iters: 3100, time: 0.151, data: 0.003) G_GAN: 2.914 G_LPIPS: 55.081 D_real: 0.099 D_fake: 0.523 \n"}
,{"stream_name":"stdout","time":5411.062965145,"data":"(epoch: 11, iters: 3120, time: 0.150, data: 0.003) G_GAN: 1.901 G_LPIPS: 55.971 D_real: 1.390 D_fake: 0.039 \n"}
,{"stream_name":"stdout","time":5411.062970023,"data":"(epoch: 11, iters: 3140, time: 0.156, data: 0.003) G_GAN: 3.401 G_LPIPS: 58.416 D_real: 0.034 D_fake: 0.090 \n"}
,{"stream_name":"stdout","time":5411.062974853,"data":"(epoch: 11, iters: 3160, time: 0.150, data: 0.003) G_GAN: 0.985 G_LPIPS: 50.347 D_real: 1.562 D_fake: 0.048 \n"}
,{"stream_name":"stdout","time":5411.062979571,"data":"(epoch: 11, iters: 3180, time: 0.150, data: 0.003) G_GAN: 3.464 G_LPIPS: 57.181 D_real: 0.163 D_fake: 0.057 \n"}
,{"stream_name":"stdout","time":5411.062984401,"data":"(epoch: 11, iters: 3200, time: 0.149, data: 0.003) G_GAN: 1.782 G_LPIPS: 52.851 D_real: 0.403 D_fake: 0.113 \n"}
,{"stream_name":"stdout","time":5411.062989095,"data":"(epoch: 11, iters: 3220, time: 0.150, data: 0.003) G_GAN: 0.501 G_LPIPS: 51.711 D_real: 1.185 D_fake: 0.053 \n"}
,{"stream_name":"stdout","time":5411.062994607,"data":"(epoch: 11, iters: 3240, time: 0.199, data: 0.003) G_GAN: 1.731 G_LPIPS: 52.012 D_real: 1.175 D_fake: 0.047 \n"}
,{"stream_name":"stdout","time":5411.063000099,"data":"(epoch: 11, iters: 3260, time: 0.151, data: 0.003) G_GAN: 2.055 G_LPIPS: 53.398 D_real: 0.365 D_fake: 0.107 \n"}
,{"stream_name":"stdout","time":5411.063018135,"data":"(epoch: 11, iters: 3280, time: 0.150, data: 0.003) G_GAN: 2.794 G_LPIPS: 55.306 D_real: 0.116 D_fake: 0.195 \n"}
,{"stream_name":"stdout","time":5411.063022927,"data":"(epoch: 11, iters: 3300, time: 0.150, data: 0.003) G_GAN: 2.143 G_LPIPS: 57.613 D_real: 0.128 D_fake: 0.854 \n"}
,{"stream_name":"stdout","time":5411.063026723,"data":"(epoch: 11, iters: 3320, time: 0.153, data: 0.003) G_GAN: 2.276 G_LPIPS: 55.899 D_real: 0.134 D_fake: 0.898 \n"}
,{"stream_name":"stdout","time":5411.063030521,"data":"(epoch: 11, iters: 3340, time: 0.151, data: 0.003) G_GAN: 1.329 G_LPIPS: 49.188 D_real: 0.952 D_fake: 0.046 \n"}
,{"stream_name":"stdout","time":5411.063034632,"data":"(epoch: 11, iters: 3360, time: 0.172, data: 0.003) G_GAN: 1.975 G_LPIPS: 54.249 D_real: 0.191 D_fake: 0.264 \n"}
,{"stream_name":"stdout","time":5411.063038495,"data":"(epoch: 11, iters: 3380, time: 0.150, data: 0.003) G_GAN: 2.437 G_LPIPS: 53.558 D_real: 0.312 D_fake: 0.103 \n"}
,{"stream_name":"stdout","time":5411.063042283,"data":"(epoch: 11, iters: 3400, time: 0.151, data: 0.003) G_GAN: 1.259 G_LPIPS: 52.183 D_real: 0.604 D_fake: 0.352 \n"}
,{"stream_name":"stdout","time":5411.063047487,"data":"(epoch: 11, iters: 3420, time: 0.150, data: 0.003) G_GAN: 2.464 G_LPIPS: 64.038 D_real: 0.273 D_fake: 0.127 \n"}
,{"stream_name":"stdout","time":5411.063051389,"data":"(epoch: 11, iters: 3440, time: 0.151, data: 0.003) G_GAN: 2.606 G_LPIPS: 50.033 D_real: 0.018 D_fake: 0.509 \n"}
,{"stream_name":"stdout","time":5411.06305514,"data":"(epoch: 11, iters: 3460, time: 0.152, data: 0.003) G_GAN: 2.761 G_LPIPS: 53.069 D_real: 0.185 D_fake: 0.211 \n"}
,{"stream_name":"stdout","time":5411.063058845,"data":"(epoch: 11, iters: 3480, time: 0.203, data: 0.003) G_GAN: 1.333 G_LPIPS: 54.398 D_real: 0.857 D_fake: 0.108 \n"}
,{"stream_name":"stdout","time":5411.063062507,"data":"(epoch: 11, iters: 3500, time: 0.151, data: 0.003) G_GAN: 3.294 G_LPIPS: 53.341 D_real: 0.067 D_fake: 0.071 \n"}
,{"stream_name":"stdout","time":5411.063066251,"data":"(epoch: 11, iters: 3520, time: 0.152, data: 0.003) G_GAN: 3.314 G_LPIPS: 58.069 D_real: 0.155 D_fake: 0.213 \n"}
,{"stream_name":"stdout","time":5411.063069963,"data":"(epoch: 11, iters: 3540, time: 0.152, data: 0.003) G_GAN: 2.613 G_LPIPS: 53.818 D_real: 0.165 D_fake: 0.244 \n"}
,{"stream_name":"stdout","time":5411.063084394,"data":"(epoch: 11, iters: 3560, time: 0.151, data: 0.003) G_GAN: 3.488 G_LPIPS: 54.834 D_real: 0.342 D_fake: 0.056 \n"}
,{"stream_name":"stdout","time":5411.063087946,"data":"(epoch: 11, iters: 3580, time: 0.151, data: 0.003) G_GAN: 2.909 G_LPIPS: 50.493 D_real: 0.043 D_fake: 0.865 \n"}
,{"stream_name":"stdout","time":5411.063092883,"data":"(epoch: 11, iters: 3600, time: 0.152, data: 0.003) G_GAN: 2.015 G_LPIPS: 53.620 D_real: 0.060 D_fake: 0.404 \n"}
,{"stream_name":"stdout","time":5411.063096499,"data":"(epoch: 11, iters: 3620, time: 0.151, data: 0.003) G_GAN: 1.386 G_LPIPS: 57.139 D_real: 0.493 D_fake: 0.235 \n"}
,{"stream_name":"stdout","time":5411.063101663,"data":"(epoch: 11, iters: 3640, time: 0.150, data: 0.003) G_GAN: 2.504 G_LPIPS: 58.129 D_real: 0.084 D_fake: 0.905 \n"}
,{"stream_name":"stdout","time":5411.063105755,"data":"(epoch: 11, iters: 3660, time: 0.150, data: 0.003) G_GAN: 3.157 G_LPIPS: 52.143 D_real: 0.041 D_fake: 0.190 \n"}
,{"stream_name":"stdout","time":5411.063109705,"data":"(epoch: 11, iters: 3680, time: 0.150, data: 0.003) G_GAN: 2.609 G_LPIPS: 55.550 D_real: 0.607 D_fake: 0.204 \n"}
,{"stream_name":"stdout","time":5411.063113921,"data":"(epoch: 11, iters: 3700, time: 0.151, data: 0.003) G_GAN: 0.733 G_LPIPS: 53.395 D_real: 0.770 D_fake: 0.248 \n"}
,{"stream_name":"stdout","time":5411.063117797,"data":"(epoch: 11, iters: 3720, time: 0.201, data: 0.003) G_GAN: 2.088 G_LPIPS: 57.951 D_real: 0.158 D_fake: 0.270 \n"}
,{"stream_name":"stdout","time":5411.063126958,"data":"(epoch: 11, iters: 3740, time: 0.152, data: 0.003) G_GAN: 1.405 G_LPIPS: 54.122 D_real: 0.530 D_fake: 0.094 \n"}
,{"stream_name":"stdout","time":5411.063131127,"data":"(epoch: 11, iters: 3760, time: 0.152, data: 0.003) G_GAN: 2.817 G_LPIPS: 54.431 D_real: 0.465 D_fake: 0.049 \n"}
,{"stream_name":"stdout","time":5411.063134773,"data":"(epoch: 11, iters: 3780, time: 0.151, data: 0.003) G_GAN: 2.648 G_LPIPS: 57.465 D_real: 0.197 D_fake: 0.248 \n"}
,{"stream_name":"stdout","time":5411.063155124,"data":"(epoch: 11, iters: 3800, time: 0.152, data: 0.004) G_GAN: 2.873 G_LPIPS: 60.338 D_real: 0.052 D_fake: 0.501 \n"}
,{"stream_name":"stdout","time":5411.063158912,"data":"(epoch: 11, iters: 3820, time: 0.151, data: 0.003) G_GAN: 2.134 G_LPIPS: 52.303 D_real: 0.412 D_fake: 0.093 \n"}
,{"stream_name":"stdout","time":5411.063162864,"data":"(epoch: 11, iters: 3840, time: 0.150, data: 0.003) G_GAN: 1.414 G_LPIPS: 52.755 D_real: 0.537 D_fake: 0.155 \n"}
,{"stream_name":"stdout","time":5411.063166661,"data":"(epoch: 11, iters: 3860, time: 0.152, data: 0.003) G_GAN: 2.274 G_LPIPS: 57.611 D_real: 0.100 D_fake: 0.143 \n"}
,{"stream_name":"stdout","time":5411.063170345,"data":"(epoch: 11, iters: 3880, time: 0.152, data: 0.003) G_GAN: 1.940 G_LPIPS: 54.845 D_real: 0.281 D_fake: 0.141 \n"}
,{"stream_name":"stdout","time":5411.063174131,"data":"(epoch: 11, iters: 3900, time: 0.153, data: 0.003) G_GAN: 0.998 G_LPIPS: 53.862 D_real: 0.527 D_fake: 0.276 \n"}
,{"stream_name":"stdout","time":5411.063177853,"data":"(epoch: 11, iters: 3920, time: 0.151, data: 0.003) G_GAN: 2.126 G_LPIPS: 54.760 D_real: 0.100 D_fake: 0.296 \n"}
,{"stream_name":"stdout","time":5411.063181659,"data":"(epoch: 11, iters: 3940, time: 0.156, data: 0.003) G_GAN: 3.427 G_LPIPS: 58.651 D_real: 0.033 D_fake: 0.133 \n"}
,{"stream_name":"stdout","time":5411.063207297,"data":"(epoch: 11, iters: 3960, time: 0.200, data: 0.003) G_GAN: 1.805 G_LPIPS: 60.463 D_real: 0.487 D_fake: 0.159 \n"}
,{"stream_name":"stdout","time":5411.063212059,"data":"(epoch: 11, iters: 3980, time: 0.151, data: 0.003) G_GAN: 1.473 G_LPIPS: 56.607 D_real: 0.585 D_fake: 0.119 \n"}
,{"stream_name":"stdout","time":5411.063216511,"data":"(epoch: 11, iters: 4000, time: 0.152, data: 0.003) G_GAN: 3.387 G_LPIPS: 57.428 D_real: 0.109 D_fake: 0.071 \n"}
,{"stream_name":"stdout","time":5411.063220708,"data":"(epoch: 11, iters: 4020, time: 0.151, data: 0.003) G_GAN: 2.581 G_LPIPS: 51.290 D_real: 0.066 D_fake: 0.524 \n"}
,{"stream_name":"stdout","time":5411.063224818,"data":"(epoch: 11, iters: 4040, time: 0.151, data: 0.003) G_GAN: 1.960 G_LPIPS: 52.242 D_real: 0.237 D_fake: 0.258 \n"}
,{"stream_name":"stdout","time":5411.063229282,"data":"(epoch: 11, iters: 4060, time: 0.150, data: 0.003) G_GAN: 0.833 G_LPIPS: 50.064 D_real: 1.967 D_fake: 0.054 \n"}
,{"stream_name":"stdout","time":5411.063233256,"data":"(epoch: 11, iters: 4080, time: 0.150, data: 0.003) G_GAN: 2.346 G_LPIPS: 51.651 D_real: 0.166 D_fake: 0.477 \n"}
,{"stream_name":"stdout","time":5411.063237326,"data":"(epoch: 11, iters: 4100, time: 0.151, data: 0.003) G_GAN: 2.116 G_LPIPS: 56.261 D_real: 0.244 D_fake: 0.367 \n"}
,{"stream_name":"stdout","time":5411.0632418,"data":"(epoch: 11, iters: 4120, time: 0.158, data: 0.003) G_GAN: 2.373 G_LPIPS: 48.771 D_real: 0.162 D_fake: 0.311 \n"}
,{"stream_name":"stdout","time":5411.063246029,"data":"(epoch: 11, iters: 4140, time: 0.152, data: 0.003) G_GAN: 4.844 G_LPIPS: 53.964 D_real: 1.016 D_fake: 0.716 \n"}
,{"stream_name":"stdout","time":5411.063250343,"data":"(epoch: 11, iters: 4160, time: 0.152, data: 0.004) G_GAN: 1.751 G_LPIPS: 51.538 D_real: 0.380 D_fake: 0.917 \n"}
,{"stream_name":"stdout","time":5411.063255371,"data":"(epoch: 11, iters: 4180, time: 0.151, data: 0.003) G_GAN: 1.572 G_LPIPS: 59.373 D_real: 0.392 D_fake: 0.360 \n"}
,{"stream_name":"stdout","time":5411.063265177,"data":"(epoch: 11, iters: 4200, time: 0.152, data: 0.003) G_GAN: 2.221 G_LPIPS: 54.885 D_real: 0.088 D_fake: 0.632 \n"}
,{"stream_name":"stdout","time":5411.063270062,"data":"(epoch: 11, iters: 4220, time: 0.152, data: 0.003) G_GAN: 2.466 G_LPIPS: 52.797 D_real: 0.334 D_fake: 0.253 \n"}
,{"stream_name":"stdout","time":5411.063274577,"data":"(epoch: 11, iters: 4240, time: 0.201, data: 0.003) G_GAN: 4.372 G_LPIPS: 62.616 D_real: 0.037 D_fake: 0.031 \n"}
,{"stream_name":"stdout","time":5411.06327856,"data":"(epoch: 11, iters: 4260, time: 0.152, data: 0.003) G_GAN: 5.023 G_LPIPS: 58.937 D_real: 0.049 D_fake: 0.044 \n"}
,{"stream_name":"stdout","time":5411.063282352,"data":"(epoch: 11, iters: 4280, time: 0.151, data: 0.003) G_GAN: 2.687 G_LPIPS: 55.212 D_real: 0.397 D_fake: 0.085 \n"}
,{"stream_name":"stdout","time":5411.063286163,"data":"(epoch: 11, iters: 4300, time: 0.153, data: 0.003) G_GAN: 2.477 G_LPIPS: 56.071 D_real: 0.083 D_fake: 0.476 \n"}
,{"stream_name":"stdout","time":5411.063289897,"data":"(epoch: 11, iters: 4320, time: 0.151, data: 0.003) G_GAN: 2.436 G_LPIPS: 52.206 D_real: 0.420 D_fake: 0.547 \n"}
,{"stream_name":"stdout","time":5411.063293651,"data":"(epoch: 11, iters: 4340, time: 0.153, data: 0.004) G_GAN: 2.435 G_LPIPS: 52.341 D_real: 0.440 D_fake: 0.221 \n"}
,{"stream_name":"stdout","time":5411.063297701,"data":"(epoch: 11, iters: 4360, time: 0.151, data: 0.004) G_GAN: 2.891 G_LPIPS: 62.126 D_real: 0.159 D_fake: 0.160 \n"}
,{"stream_name":"stdout","time":5411.0633024,"data":"(epoch: 11, iters: 4380, time: 0.152, data: 0.003) G_GAN: 2.014 G_LPIPS: 56.946 D_real: 1.574 D_fake: 0.016 \n"}
,{"stream_name":"stdout","time":5411.063306913,"data":"(epoch: 11, iters: 4400, time: 0.153, data: 0.003) G_GAN: 2.507 G_LPIPS: 58.110 D_real: 0.367 D_fake: 0.116 \n"}
,{"stream_name":"stdout","time":5411.063311087,"data":"(epoch: 11, iters: 4420, time: 0.152, data: 0.003) G_GAN: 2.083 G_LPIPS: 60.055 D_real: 0.017 D_fake: 0.232 \n"}
,{"stream_name":"stdout","time":5411.063315651,"data":"(epoch: 11, iters: 4440, time: 0.152, data: 0.003) G_GAN: 1.938 G_LPIPS: 55.393 D_real: 0.280 D_fake: 0.339 \n"}
,{"stream_name":"stdout","time":5411.063320039,"data":"(epoch: 11, iters: 4460, time: 0.151, data: 0.003) G_GAN: 2.742 G_LPIPS: 55.674 D_real: 0.031 D_fake: 0.482 \n"}
,{"stream_name":"stdout","time":5411.063324402,"data":"(epoch: 11, iters: 4480, time: 0.151, data: 0.003) G_GAN: 3.003 G_LPIPS: 54.845 D_real: 0.646 D_fake: 0.047 \n"}
,{"stream_name":"stdout","time":5411.063329236,"data":"(epoch: 11, iters: 4500, time: 0.152, data: 0.003) G_GAN: 3.032 G_LPIPS: 55.717 D_real: 1.346 D_fake: 0.021 \n"}
,{"stream_name":"stdout","time":5411.063333672,"data":"(epoch: 11, iters: 4520, time: 0.152, data: 0.003) G_GAN: 2.123 G_LPIPS: 57.477 D_real: 0.174 D_fake: 0.216 \n"}
,{"stream_name":"stdout","time":5411.063338977,"data":"(epoch: 11, iters: 4540, time: 0.153, data: 0.003) G_GAN: 2.960 G_LPIPS: 52.250 D_real: 0.096 D_fake: 0.136 \n"}
,{"stream_name":"stdout","time":5529.101376866,"data":"(epoch: 11, iters: 4560, time: 0.205, data: 0.003) G_GAN: 1.887 G_LPIPS: 56.626 D_real: 0.018 D_fake: 0.356 \n"}
,{"stream_name":"stdout","time":5529.101412063,"data":"(epoch: 11, iters: 4580, time: 0.152, data: 0.004) G_GAN: 2.937 G_LPIPS: 61.156 D_real: 0.007 D_fake: 0.312 \n"}
,{"stream_name":"stdout","time":5529.10141726,"data":"(epoch: 11, iters: 4600, time: 0.152, data: 0.003) G_GAN: 2.419 G_LPIPS: 54.143 D_real: 0.116 D_fake: 0.143 \n"}
,{"stream_name":"stdout","time":5529.101421239,"data":"(epoch: 11, iters: 4620, time: 0.153, data: 0.003) G_GAN: 1.742 G_LPIPS: 52.208 D_real: 0.078 D_fake: 0.709 \n"}
,{"stream_name":"stdout","time":5529.101425012,"data":"(epoch: 11, iters: 4640, time: 0.152, data: 0.003) G_GAN: 2.277 G_LPIPS: 51.144 D_real: 0.212 D_fake: 0.128 \n"}
,{"stream_name":"stdout","time":5529.101437724,"data":"(epoch: 11, iters: 4660, time: 0.153, data: 0.003) G_GAN: 2.273 G_LPIPS: 59.555 D_real: 0.061 D_fake: 0.344 \n"}
,{"stream_name":"stdout","time":5529.101441063,"data":"(epoch: 11, iters: 4680, time: 0.157, data: 0.003) G_GAN: 2.009 G_LPIPS: 55.098 D_real: 0.384 D_fake: 0.115 \n"}
,{"stream_name":"stdout","time":5529.101443889,"data":"(epoch: 11, iters: 4700, time: 0.153, data: 0.003) G_GAN: 3.070 G_LPIPS: 56.032 D_real: 0.121 D_fake: 0.071 \n"}
,{"stream_name":"stdout","time":5529.101447083,"data":"(epoch: 11, iters: 4720, time: 0.153, data: 0.003) G_GAN: 2.867 G_LPIPS: 53.784 D_real: 0.408 D_fake: 0.061 \n"}
,{"stream_name":"stdout","time":5529.101449985,"data":"(epoch: 11, iters: 4740, time: 0.205, data: 0.003) G_GAN: 1.841 G_LPIPS: 52.527 D_real: 0.276 D_fake: 0.120 \n"}
,{"stream_name":"stdout","time":5529.101452686,"data":"(epoch: 11, iters: 4760, time: 0.152, data: 0.003) G_GAN: 2.473 G_LPIPS: 56.967 D_real: 0.047 D_fake: 0.862 \n"}
,{"stream_name":"stdout","time":5529.101455455,"data":"(epoch: 11, iters: 4780, time: 0.151, data: 0.004) G_GAN: 1.477 G_LPIPS: 52.009 D_real: 0.630 D_fake: 0.201 \n"}
,{"stream_name":"stdout","time":5529.101458149,"data":"(epoch: 11, iters: 4800, time: 0.153, data: 0.003) G_GAN: 0.939 G_LPIPS: 53.732 D_real: 0.881 D_fake: 0.162 \n"}
,{"stream_name":"stdout","time":5529.10146084,"data":"(epoch: 11, iters: 4820, time: 0.152, data: 0.003) G_GAN: 2.708 G_LPIPS: 56.753 D_real: 0.016 D_fake: 0.234 \n"}
,{"stream_name":"stdout","time":5529.101463562,"data":"(epoch: 11, iters: 4840, time: 0.157, data: 0.003) G_GAN: 2.323 G_LPIPS: 56.329 D_real: 0.393 D_fake: 0.108 \n"}
,{"stream_name":"stdout","time":5529.101466312,"data":"(epoch: 11, iters: 4860, time: 0.152, data: 0.003) G_GAN: 3.492 G_LPIPS: 59.535 D_real: 0.022 D_fake: 0.441 \n"}
,{"stream_name":"stdout","time":5529.101468993,"data":"(epoch: 11, iters: 4880, time: 0.152, data: 0.003) G_GAN: 2.962 G_LPIPS: 54.188 D_real: 0.015 D_fake: 0.819 \n"}
,{"stream_name":"stdout","time":5529.101471687,"data":"(epoch: 11, iters: 4900, time: 0.151, data: 0.003) G_GAN: 2.434 G_LPIPS: 57.761 D_real: 0.037 D_fake: 0.157 \n"}
,{"stream_name":"stdout","time":5529.101474373,"data":"(epoch: 11, iters: 4920, time: 0.203, data: 0.003) G_GAN: 3.389 G_LPIPS: 53.124 D_real: 0.097 D_fake: 0.128 \n"}
,{"stream_name":"stdout","time":5529.101478443,"data":"(epoch: 11, iters: 4940, time: 0.153, data: 0.003) G_GAN: 2.773 G_LPIPS: 55.774 D_real: 0.154 D_fake: 0.422 \n"}
,{"stream_name":"stdout","time":5529.101481152,"data":"(epoch: 11, iters: 4960, time: 0.151, data: 0.003) G_GAN: 2.512 G_LPIPS: 53.482 D_real: 0.448 D_fake: 0.480 \n"}
,{"stream_name":"stdout","time":5529.101483827,"data":"(epoch: 11, iters: 4980, time: 0.154, data: 0.003) G_GAN: 2.986 G_LPIPS: 53.303 D_real: 0.151 D_fake: 0.277 \n"}
,{"stream_name":"stdout","time":5529.101486558,"data":"(epoch: 11, iters: 5000, time: 0.152, data: 0.003) G_GAN: 1.591 G_LPIPS: 56.102 D_real: 0.557 D_fake: 0.314 \n"}
,{"stream_name":"stdout","time":5529.101501804,"data":"(epoch: 11, iters: 5020, time: 0.152, data: 0.003) G_GAN: 1.323 G_LPIPS: 52.655 D_real: 1.313 D_fake: 0.071 \n"}
,{"stream_name":"stdout","time":5529.10150428,"data":"(epoch: 11, iters: 5040, time: 0.152, data: 0.003) G_GAN: 1.420 G_LPIPS: 55.635 D_real: 0.090 D_fake: 0.329 \n"}
,{"stream_name":"stdout","time":5529.101506759,"data":"(epoch: 11, iters: 5060, time: 0.153, data: 0.003) G_GAN: 2.244 G_LPIPS: 52.929 D_real: 0.149 D_fake: 0.251 \n"}
,{"stream_name":"stdout","time":5529.101509161,"data":"(epoch: 11, iters: 5080, time: 0.152, data: 0.003) G_GAN: 2.351 G_LPIPS: 53.466 D_real: 0.060 D_fake: 0.223 \n"}
,{"stream_name":"stdout","time":5529.101511562,"data":"(epoch: 11, iters: 5100, time: 0.201, data: 0.003) G_GAN: 3.032 G_LPIPS: 56.384 D_real: 0.058 D_fake: 0.194 \n"}
,{"stream_name":"stdout","time":5529.101516475,"data":"(epoch: 11, iters: 5120, time: 0.152, data: 0.003) G_GAN: 0.388 G_LPIPS: 47.212 D_real: 1.421 D_fake: 0.142 \n"}
,{"stream_name":"stdout","time":5529.101519089,"data":"(epoch: 11, iters: 5140, time: 0.153, data: 0.003) G_GAN: 1.380 G_LPIPS: 56.257 D_real: 0.662 D_fake: 0.206 \n"}
,{"stream_name":"stdout","time":5529.101528858,"data":"(epoch: 11, iters: 5160, time: 0.152, data: 0.003) G_GAN: 3.157 G_LPIPS: 59.597 D_real: 0.077 D_fake: 0.116 \n"}
,{"stream_name":"stdout","time":5529.101531579,"data":"(epoch: 11, iters: 5180, time: 0.154, data: 0.003) G_GAN: 3.235 G_LPIPS: 58.803 D_real: 0.294 D_fake: 0.039 \n"}
,{"stream_name":"stdout","time":5529.101534036,"data":"(epoch: 11, iters: 5200, time: 0.153, data: 0.003) G_GAN: 2.919 G_LPIPS: 59.002 D_real: 0.000 D_fake: 0.358 \n"}
,{"stream_name":"stdout","time":5529.101536448,"data":"(epoch: 11, iters: 5220, time: 0.154, data: 0.003) G_GAN: 2.507 G_LPIPS: 53.973 D_real: 0.004 D_fake: 0.127 \n"}
,{"stream_name":"stdout","time":5529.10153889,"data":"(epoch: 11, iters: 5240, time: 0.152, data: 0.003) G_GAN: 2.275 G_LPIPS: 60.580 D_real: 0.130 D_fake: 0.148 \n"}
,{"stream_name":"stdout","time":5529.101541293,"data":"(epoch: 11, iters: 5260, time: 0.155, data: 0.003) G_GAN: 3.455 G_LPIPS: 60.211 D_real: 0.247 D_fake: 0.035 \n"}
,{"stream_name":"stdout","time":5529.101543698,"data":"(epoch: 11, iters: 5280, time: 0.202, data: 0.003) G_GAN: 3.426 G_LPIPS: 62.271 D_real: 0.003 D_fake: 0.196 \n"}
,{"stream_name":"stdout","time":5529.10154613,"data":"(epoch: 11, iters: 5300, time: 0.154, data: 0.003) G_GAN: 3.221 G_LPIPS: 53.942 D_real: 0.521 D_fake: 0.045 \n"}
,{"stream_name":"stdout","time":5529.101549041,"data":"(epoch: 11, iters: 5320, time: 0.153, data: 0.003) G_GAN: 2.486 G_LPIPS: 53.543 D_real: 0.172 D_fake: 0.513 \n"}
,{"stream_name":"stdout","time":5529.101551481,"data":"(epoch: 11, iters: 5340, time: 0.152, data: 0.003) G_GAN: 2.685 G_LPIPS: 56.310 D_real: 0.104 D_fake: 0.794 \n"}
,{"stream_name":"stdout","time":5529.101553883,"data":"(epoch: 11, iters: 5360, time: 0.171, data: 0.003) G_GAN: 1.878 G_LPIPS: 54.636 D_real: 0.530 D_fake: 0.068 \n"}
,{"stream_name":"stdout","time":5529.101556319,"data":"saving the latest model (epoch 11, total_iters 50000)\n"}
,{"stream_name":"stdout","time":5529.101597664,"data":"(epoch: 11, iters: 5380, time: 0.153, data: 0.003) G_GAN: 1.659 G_LPIPS: 53.576 D_real: 0.085 D_fake: 0.475 \n"}
,{"stream_name":"stdout","time":5529.101603352,"data":"(epoch: 11, iters: 5400, time: 0.153, data: 0.003) G_GAN: 1.969 G_LPIPS: 57.730 D_real: 0.371 D_fake: 0.170 \n"}
,{"stream_name":"stdout","time":5529.10160891,"data":"(epoch: 11, iters: 5420, time: 0.153, data: 0.003) G_GAN: 2.179 G_LPIPS: 59.113 D_real: 0.087 D_fake: 0.637 \n"}
,{"stream_name":"stdout","time":5529.101615598,"data":"(epoch: 11, iters: 5440, time: 0.153, data: 0.003) G_GAN: 1.769 G_LPIPS: 55.431 D_real: 0.105 D_fake: 0.308 \n"}
,{"stream_name":"stdout","time":5529.101618201,"data":"(epoch: 11, iters: 5460, time: 0.152, data: 0.003) G_GAN: 2.003 G_LPIPS: 51.098 D_real: 0.475 D_fake: 0.242 \n"}
,{"stream_name":"stdout","time":5529.101620655,"data":"(epoch: 11, iters: 5480, time: 0.152, data: 0.003) G_GAN: 1.323 G_LPIPS: 50.673 D_real: 1.410 D_fake: 0.051 \n"}
,{"stream_name":"stdout","time":5529.101623139,"data":"(epoch: 11, iters: 5500, time: 0.153, data: 0.003) G_GAN: 0.927 G_LPIPS: 58.056 D_real: 0.452 D_fake: 0.294 \n"}
,{"stream_name":"stdout","time":5529.101625582,"data":"(epoch: 11, iters: 5520, time: 0.155, data: 0.003) G_GAN: 1.903 G_LPIPS: 53.809 D_real: 0.145 D_fake: 0.179 \n"}
,{"stream_name":"stdout","time":5529.101628016,"data":"(epoch: 11, iters: 5540, time: 0.153, data: 0.004) G_GAN: 3.259 G_LPIPS: 57.282 D_real: 0.071 D_fake: 0.083 \n"}
,{"stream_name":"stdout","time":5529.101633475,"data":"(epoch: 11, iters: 5560, time: 0.151, data: 0.003) G_GAN: 3.671 G_LPIPS: 54.614 D_real: 0.019 D_fake: 0.310 \n"}
,{"stream_name":"stdout","time":5529.101636109,"data":"(epoch: 11, iters: 5580, time: 0.104, data: 0.003) G_GAN: 4.011 G_LPIPS: 57.899 D_real: 0.283 D_fake: 0.810 \n"}
,{"stream_name":"stdout","time":5529.101638577,"data":"saving the model at the end of epoch 11, iters 50220\n"}
,{"stream_name":"stdout","time":5529.10164101,"data":"End of epoch 11 / 20 \t Time Taken: 625 sec\n"}
,{"stream_name":"stdout","time":5529.101643742,"data":"learning rate 0.0000818 -\u003e 0.0000727\n"}
,{"stream_name":"stdout","time":5703.826503014,"data":"(epoch: 12, iters: 20, time: 0.230, data: 0.271) G_GAN: 3.306 G_LPIPS: 56.900 D_real: 0.030 D_fake: 0.114 \n"}
,{"stream_name":"stdout","time":5703.826542588,"data":"(epoch: 12, iters: 40, time: 0.151, data: 0.003) G_GAN: 0.835 G_LPIPS: 54.244 D_real: 0.436 D_fake: 0.278 \n"}
,{"stream_name":"stdout","time":5703.826547155,"data":"(epoch: 12, iters: 60, time: 0.153, data: 0.003) G_GAN: 0.710 G_LPIPS: 54.144 D_real: 0.963 D_fake: 0.170 \n"}
,{"stream_name":"stdout","time":5703.826550466,"data":"(epoch: 12, iters: 80, time: 0.153, data: 0.003) G_GAN: 1.392 G_LPIPS: 52.887 D_real: 0.413 D_fake: 0.115 \n"}
,{"stream_name":"stdout","time":5703.826553582,"data":"(epoch: 12, iters: 100, time: 0.151, data: 0.003) G_GAN: 3.615 G_LPIPS: 52.391 D_real: 0.754 D_fake: 0.015 \n"}
,{"stream_name":"stdout","time":5703.826557033,"data":"(epoch: 12, iters: 120, time: 0.153, data: 0.004) G_GAN: 2.337 G_LPIPS: 55.712 D_real: 0.030 D_fake: 0.284 \n"}
,{"stream_name":"stdout","time":5703.826560485,"data":"(epoch: 12, iters: 140, time: 0.153, data: 0.003) G_GAN: 1.678 G_LPIPS: 57.497 D_real: 0.197 D_fake: 0.462 \n"}
,{"stream_name":"stdout","time":5703.826589973,"data":"(epoch: 12, iters: 160, time: 0.152, data: 0.003) G_GAN: 2.500 G_LPIPS: 59.430 D_real: 0.102 D_fake: 0.245 \n"}
,{"stream_name":"stdout","time":5703.826596952,"data":"(epoch: 12, iters: 180, time: 0.172, data: 0.004) G_GAN: 2.385 G_LPIPS: 53.441 D_real: 0.031 D_fake: 1.092 \n"}
,{"stream_name":"stdout","time":5703.826601571,"data":"(epoch: 12, iters: 200, time: 0.201, data: 0.003) G_GAN: 2.232 G_LPIPS: 57.976 D_real: 0.053 D_fake: 0.298 \n"}
,{"stream_name":"stdout","time":5703.826606131,"data":"(epoch: 12, iters: 220, time: 0.155, data: 0.003) G_GAN: 2.626 G_LPIPS: 53.507 D_real: 0.062 D_fake: 0.320 \n"}
,{"stream_name":"stdout","time":5703.826610807,"data":"(epoch: 12, iters: 240, time: 0.154, data: 0.003) G_GAN: 2.387 G_LPIPS: 52.732 D_real: 0.201 D_fake: 0.193 \n"}
,{"stream_name":"stdout","time":5703.826615446,"data":"(epoch: 12, iters: 260, time: 0.155, data: 0.003) G_GAN: 2.723 G_LPIPS: 55.570 D_real: 0.163 D_fake: 0.146 \n"}
,{"stream_name":"stdout","time":5703.826623035,"data":"(epoch: 12, iters: 280, time: 0.157, data: 0.003) G_GAN: 1.914 G_LPIPS: 52.462 D_real: 0.382 D_fake: 0.321 \n"}
,{"stream_name":"stdout","time":5703.826626575,"data":"(epoch: 12, iters: 300, time: 0.154, data: 0.004) G_GAN: 3.322 G_LPIPS: 61.502 D_real: 0.042 D_fake: 0.051 \n"}
,{"stream_name":"stdout","time":5703.826629629,"data":"(epoch: 12, iters: 320, time: 0.153, data: 0.003) G_GAN: 2.013 G_LPIPS: 57.358 D_real: 0.180 D_fake: 0.301 \n"}
,{"stream_name":"stdout","time":5703.826632805,"data":"(epoch: 12, iters: 340, time: 0.152, data: 0.003) G_GAN: 3.021 G_LPIPS: 58.630 D_real: 0.026 D_fake: 0.163 \n"}
,{"stream_name":"stdout","time":5703.826636055,"data":"(epoch: 12, iters: 360, time: 0.153, data: 0.003) G_GAN: 2.432 G_LPIPS: 56.739 D_real: 0.035 D_fake: 0.395 \n"}
,{"stream_name":"stdout","time":5703.826639244,"data":"(epoch: 12, iters: 380, time: 0.152, data: 0.003) G_GAN: 3.238 G_LPIPS: 60.463 D_real: 0.016 D_fake: 0.074 \n"}
,{"stream_name":"stdout","time":5703.826657932,"data":"(epoch: 12, iters: 400, time: 0.152, data: 0.003) G_GAN: 3.388 G_LPIPS: 58.592 D_real: 0.172 D_fake: 0.096 \n"}
,{"stream_name":"stdout","time":5703.826660525,"data":"(epoch: 12, iters: 420, time: 0.152, data: 0.003) G_GAN: 1.884 G_LPIPS: 54.728 D_real: 0.472 D_fake: 0.090 \n"}
,{"stream_name":"stdout","time":5703.826662908,"data":"(epoch: 12, iters: 440, time: 0.153, data: 0.003) G_GAN: 1.770 G_LPIPS: 52.932 D_real: 0.209 D_fake: 0.412 \n"}
,{"stream_name":"stdout","time":5703.826665193,"data":"(epoch: 12, iters: 460, time: 0.153, data: 0.003) G_GAN: 1.509 G_LPIPS: 55.073 D_real: 0.356 D_fake: 0.355 \n"}
,{"stream_name":"stdout","time":5703.826667691,"data":"(epoch: 12, iters: 480, time: 0.152, data: 0.003) G_GAN: 2.255 G_LPIPS: 58.047 D_real: 0.151 D_fake: 0.277 \n"}
,{"stream_name":"stdout","time":5703.826670055,"data":"(epoch: 12, iters: 500, time: 0.153, data: 0.003) G_GAN: 1.630 G_LPIPS: 52.909 D_real: 0.856 D_fake: 0.067 \n"}
,{"stream_name":"stdout","time":5703.826672328,"data":"(epoch: 12, iters: 520, time: 0.203, data: 0.003) G_GAN: 3.185 G_LPIPS: 53.654 D_real: 0.220 D_fake: 0.034 \n"}
,{"stream_name":"stdout","time":5703.826674611,"data":"(epoch: 12, iters: 540, time: 0.160, data: 0.003) G_GAN: 1.861 G_LPIPS: 54.851 D_real: 0.321 D_fake: 0.140 \n"}
,{"stream_name":"stdout","time":5703.826676973,"data":"(epoch: 12, iters: 560, time: 0.154, data: 0.003) G_GAN: 2.264 G_LPIPS: 51.178 D_real: 1.261 D_fake: 0.028 \n"}
,{"stream_name":"stdout","time":5703.826679335,"data":"(epoch: 12, iters: 580, time: 0.153, data: 0.003) G_GAN: 3.861 G_LPIPS: 58.876 D_real: 0.157 D_fake: 0.020 \n"}
,{"stream_name":"stdout","time":5703.826681813,"data":"(epoch: 12, iters: 600, time: 0.153, data: 0.003) G_GAN: 2.088 G_LPIPS: 55.265 D_real: 0.095 D_fake: 0.329 \n"}
,{"stream_name":"stdout","time":5703.826684079,"data":"(epoch: 12, iters: 620, time: 0.153, data: 0.003) G_GAN: 1.549 G_LPIPS: 59.420 D_real: 0.813 D_fake: 0.062 \n"}
,{"stream_name":"stdout","time":5703.826686428,"data":"(epoch: 12, iters: 640, time: 0.154, data: 0.003) G_GAN: 2.257 G_LPIPS: 57.123 D_real: 0.045 D_fake: 0.190 \n"}
,{"stream_name":"stdout","time":5703.826688703,"data":"(epoch: 12, iters: 660, time: 0.153, data: 0.003) G_GAN: 2.476 G_LPIPS: 57.836 D_real: 0.042 D_fake: 0.607 \n"}
,{"stream_name":"stdout","time":5703.826691071,"data":"(epoch: 12, iters: 680, time: 0.153, data: 0.003) G_GAN: 1.942 G_LPIPS: 58.586 D_real: 0.247 D_fake: 0.161 \n"}
,{"stream_name":"stdout","time":5703.826693336,"data":"(epoch: 12, iters: 700, time: 0.202, data: 0.003) G_GAN: 2.329 G_LPIPS: 54.237 D_real: 0.563 D_fake: 0.039 \n"}
,{"stream_name":"stdout","time":5703.826695599,"data":"(epoch: 12, iters: 720, time: 0.151, data: 0.003) G_GAN: 1.946 G_LPIPS: 50.687 D_real: 0.367 D_fake: 0.084 \n"}
,{"stream_name":"stdout","time":5703.826697858,"data":"(epoch: 12, iters: 740, time: 0.152, data: 0.003) G_GAN: 1.645 G_LPIPS: 60.164 D_real: 0.372 D_fake: 0.226 \n"}
,{"stream_name":"stdout","time":5703.826700478,"data":"(epoch: 12, iters: 760, time: 0.153, data: 0.003) G_GAN: 2.814 G_LPIPS: 53.916 D_real: 0.020 D_fake: 0.261 \n"}
,{"stream_name":"stdout","time":5703.826702781,"data":"(epoch: 12, iters: 780, time: 0.153, data: 0.003) G_GAN: 2.113 G_LPIPS: 57.123 D_real: 0.126 D_fake: 0.302 \n"}
,{"stream_name":"stdout","time":5703.82670505,"data":"(epoch: 12, iters: 800, time: 0.154, data: 0.003) G_GAN: 2.716 G_LPIPS: 57.837 D_real: 0.013 D_fake: 0.498 \n"}
,{"stream_name":"stdout","time":5703.826707314,"data":"(epoch: 12, iters: 820, time: 0.154, data: 0.003) G_GAN: 3.764 G_LPIPS: 60.813 D_real: 0.038 D_fake: 0.094 \n"}
,{"stream_name":"stdout","time":5703.826709562,"data":"(epoch: 12, iters: 840, time: 0.187, data: 0.003) G_GAN: 1.936 G_LPIPS: 51.929 D_real: 0.283 D_fake: 0.226 \n"}
,{"stream_name":"stdout","time":5703.826714964,"data":"(epoch: 12, iters: 860, time: 0.154, data: 0.003) G_GAN: 2.206 G_LPIPS: 56.636 D_real: 0.354 D_fake: 0.114 \n"}
,{"stream_name":"stdout","time":5703.826717388,"data":"(epoch: 12, iters: 880, time: 0.202, data: 0.003) G_GAN: 1.883 G_LPIPS: 54.320 D_real: 0.364 D_fake: 0.179 \n"}
,{"stream_name":"stdout","time":5703.826719686,"data":"(epoch: 12, iters: 900, time: 0.154, data: 0.003) G_GAN: 1.844 G_LPIPS: 55.214 D_real: 0.188 D_fake: 0.269 \n"}
,{"stream_name":"stdout","time":5703.826721967,"data":"(epoch: 12, iters: 920, time: 0.155, data: 0.003) G_GAN: 3.054 G_LPIPS: 58.398 D_real: 0.065 D_fake: 0.365 \n"}
,{"stream_name":"stdout","time":5703.826724236,"data":"(epoch: 12, iters: 940, time: 0.154, data: 0.003) G_GAN: 2.983 G_LPIPS: 53.919 D_real: 0.006 D_fake: 0.916 \n"}
,{"stream_name":"stdout","time":5703.826726521,"data":"(epoch: 12, iters: 960, time: 0.154, data: 0.003) G_GAN: 1.465 G_LPIPS: 55.801 D_real: 0.474 D_fake: 0.135 \n"}
,{"stream_name":"stdout","time":5703.82672878,"data":"(epoch: 12, iters: 980, time: 0.155, data: 0.003) G_GAN: 2.754 G_LPIPS: 57.298 D_real: 0.122 D_fake: 0.156 \n"}
,{"stream_name":"stdout","time":5703.826731047,"data":"(epoch: 12, iters: 1000, time: 0.154, data: 0.003) G_GAN: 3.461 G_LPIPS: 57.993 D_real: 0.146 D_fake: 0.357 \n"}
,{"stream_name":"stdout","time":5703.826733321,"data":"(epoch: 12, iters: 1020, time: 0.154, data: 0.003) G_GAN: 3.113 G_LPIPS: 59.587 D_real: 0.612 D_fake: 0.070 \n"}
,{"stream_name":"stdout","time":5703.826735588,"data":"(epoch: 12, iters: 1040, time: 0.154, data: 0.003) G_GAN: 1.329 G_LPIPS: 49.730 D_real: 0.793 D_fake: 0.101 \n"}
,{"stream_name":"stdout","time":5703.826737927,"data":"(epoch: 12, iters: 1060, time: 0.153, data: 0.003) G_GAN: 1.156 G_LPIPS: 51.565 D_real: 0.287 D_fake: 0.259 \n"}
,{"stream_name":"stdout","time":5703.82674021,"data":"(epoch: 12, iters: 1080, time: 0.154, data: 0.003) G_GAN: 1.607 G_LPIPS: 56.342 D_real: 0.461 D_fake: 0.499 \n"}
,{"stream_name":"stdout","time":5703.826742475,"data":"(epoch: 12, iters: 1100, time: 0.154, data: 0.003) G_GAN: 3.449 G_LPIPS: 56.215 D_real: 0.068 D_fake: 0.316 \n"}
,{"stream_name":"stdout","time":5703.82674474,"data":"(epoch: 12, iters: 1120, time: 0.154, data: 0.003) G_GAN: 1.316 G_LPIPS: 54.161 D_real: 0.562 D_fake: 0.349 \n"}
,{"stream_name":"stdout","time":5703.826747455,"data":"(epoch: 12, iters: 1140, time: 0.153, data: 0.003) G_GAN: 2.100 G_LPIPS: 55.697 D_real: 0.074 D_fake: 0.465 \n"}
,{"stream_name":"stdout","time":5703.826749743,"data":"(epoch: 12, iters: 1160, time: 0.153, data: 0.003) G_GAN: 1.865 G_LPIPS: 53.431 D_real: 1.094 D_fake: 0.066 \n"}
,{"stream_name":"stdout","time":5703.826752007,"data":"(epoch: 12, iters: 1180, time: 0.153, data: 0.003) G_GAN: 2.582 G_LPIPS: 52.712 D_real: 0.612 D_fake: 0.063 \n"}
,{"stream_name":"stdout","time":5703.826754266,"data":"(epoch: 12, iters: 1200, time: 0.153, data: 0.003) G_GAN: 1.687 G_LPIPS: 54.654 D_real: 0.210 D_fake: 0.274 \n"}
,{"stream_name":"stdout","time":5703.826756523,"data":"(epoch: 12, iters: 1220, time: 0.154, data: 0.003) G_GAN: 1.484 G_LPIPS: 56.833 D_real: 0.626 D_fake: 0.032 \n"}
,{"stream_name":"stdout","time":5703.826758808,"data":"(epoch: 12, iters: 1240, time: 0.153, data: 0.003) G_GAN: 2.738 G_LPIPS: 56.949 D_real: 0.052 D_fake: 0.097 \n"}
,{"stream_name":"stdout","time":5703.826761131,"data":"(epoch: 12, iters: 1260, time: 0.154, data: 0.003) G_GAN: 2.269 G_LPIPS: 54.612 D_real: 0.271 D_fake: 0.171 \n"}
,{"stream_name":"stdout","time":5703.826763395,"data":"(epoch: 12, iters: 1280, time: 0.153, data: 0.003) G_GAN: 2.981 G_LPIPS: 54.404 D_real: 0.033 D_fake: 0.196 \n"}
,{"stream_name":"stdout","time":5703.826765657,"data":"(epoch: 12, iters: 1300, time: 0.152, data: 0.003) G_GAN: 2.486 G_LPIPS: 61.495 D_real: 0.018 D_fake: 0.240 \n"}
,{"stream_name":"stdout","time":5703.826769935,"data":"(epoch: 12, iters: 1320, time: 0.153, data: 0.003) G_GAN: 2.245 G_LPIPS: 59.151 D_real: 0.093 D_fake: 0.361 \n"}
,{"stream_name":"stdout","time":5703.826772334,"data":"(epoch: 12, iters: 1340, time: 0.155, data: 0.003) G_GAN: 2.401 G_LPIPS: 56.179 D_real: 0.566 D_fake: 0.052 \n"}
,{"stream_name":"stdout","time":5703.826774654,"data":"(epoch: 12, iters: 1360, time: 0.156, data: 0.003) G_GAN: 2.317 G_LPIPS: 56.410 D_real: 1.137 D_fake: 0.029 \n"}
,{"stream_name":"stdout","time":5703.82677692,"data":"(epoch: 12, iters: 1380, time: 0.153, data: 0.003) G_GAN: 2.498 G_LPIPS: 53.420 D_real: 0.525 D_fake: 0.057 \n"}
,{"stream_name":"stdout","time":5703.826779308,"data":"(epoch: 12, iters: 1400, time: 0.153, data: 0.003) G_GAN: 1.350 G_LPIPS: 53.972 D_real: 0.661 D_fake: 0.147 \n"}
,{"stream_name":"stdout","time":5703.826781585,"data":"(epoch: 12, iters: 1420, time: 0.152, data: 0.003) G_GAN: 2.447 G_LPIPS: 56.499 D_real: 0.136 D_fake: 0.185 \n"}
,{"stream_name":"stdout","time":5703.826783853,"data":"(epoch: 12, iters: 1440, time: 0.153, data: 0.003) G_GAN: 1.928 G_LPIPS: 55.994 D_real: 0.034 D_fake: 0.207 \n"}
,{"stream_name":"stdout","time":5703.826786123,"data":"(epoch: 12, iters: 1460, time: 0.155, data: 0.003) G_GAN: 2.356 G_LPIPS: 49.797 D_real: 0.093 D_fake: 0.315 \n"}
,{"stream_name":"stdout","time":5703.826793045,"data":"(epoch: 12, iters: 1480, time: 0.154, data: 0.003) G_GAN: 2.307 G_LPIPS: 57.758 D_real: 0.014 D_fake: 0.449 \n"}
,{"stream_name":"stdout","time":5703.826795365,"data":"(epoch: 12, iters: 1500, time: 0.158, data: 0.003) G_GAN: 2.702 G_LPIPS: 59.970 D_real: 0.014 D_fake: 0.126 \n"}
,{"stream_name":"stdout","time":5880.317382799,"data":"(epoch: 12, iters: 1520, time: 0.154, data: 0.003) G_GAN: 4.070 G_LPIPS: 59.286 D_real: 0.028 D_fake: 0.087 \n"}
,{"stream_name":"stdout","time":5880.317435834,"data":"(epoch: 12, iters: 1540, time: 0.154, data: 0.003) G_GAN: 2.301 G_LPIPS: 57.047 D_real: 0.652 D_fake: 0.068 \n"}
,{"stream_name":"stdout","time":5880.317442691,"data":"(epoch: 12, iters: 1560, time: 0.154, data: 0.003) G_GAN: 2.376 G_LPIPS: 53.319 D_real: 0.236 D_fake: 0.166 \n"}
,{"stream_name":"stdout","time":5880.317447448,"data":"(epoch: 12, iters: 1580, time: 0.155, data: 0.003) G_GAN: 3.099 G_LPIPS: 59.967 D_real: 0.284 D_fake: 0.098 \n"}
,{"stream_name":"stdout","time":5880.317452521,"data":"(epoch: 12, iters: 1600, time: 0.153, data: 0.003) G_GAN: 2.511 G_LPIPS: 57.284 D_real: 0.129 D_fake: 0.319 \n"}
,{"stream_name":"stdout","time":5880.31746065,"data":"(epoch: 12, iters: 1620, time: 0.154, data: 0.003) G_GAN: 2.581 G_LPIPS: 53.932 D_real: 0.112 D_fake: 0.398 \n"}
,{"stream_name":"stdout","time":5880.317464124,"data":"(epoch: 12, iters: 1640, time: 0.202, data: 0.003) G_GAN: 2.911 G_LPIPS: 57.660 D_real: 0.004 D_fake: 0.353 \n"}
,{"stream_name":"stdout","time":5880.317467153,"data":"(epoch: 12, iters: 1660, time: 0.154, data: 0.003) G_GAN: 3.029 G_LPIPS: 57.960 D_real: 0.021 D_fake: 0.094 \n"}
,{"stream_name":"stdout","time":5880.317470187,"data":"(epoch: 12, iters: 1680, time: 0.155, data: 0.003) G_GAN: 2.346 G_LPIPS: 63.099 D_real: 0.005 D_fake: 0.350 \n"}
,{"stream_name":"stdout","time":5880.3174732,"data":"(epoch: 12, iters: 1700, time: 0.154, data: 0.003) G_GAN: 2.900 G_LPIPS: 56.109 D_real: 0.123 D_fake: 0.420 \n"}
,{"stream_name":"stdout","time":5880.317476134,"data":"(epoch: 12, iters: 1720, time: 0.154, data: 0.003) G_GAN: 3.124 G_LPIPS: 54.796 D_real: 0.426 D_fake: 0.116 \n"}
,{"stream_name":"stdout","time":5880.317479096,"data":"(epoch: 12, iters: 1740, time: 0.156, data: 0.003) G_GAN: 3.163 G_LPIPS: 57.225 D_real: 0.011 D_fake: 0.283 \n"}
,{"stream_name":"stdout","time":5880.317482004,"data":"(epoch: 12, iters: 1760, time: 0.154, data: 0.003) G_GAN: 2.207 G_LPIPS: 51.337 D_real: 0.108 D_fake: 0.420 \n"}
,{"stream_name":"stdout","time":5880.317516505,"data":"(epoch: 12, iters: 1780, time: 0.170, data: 0.003) G_GAN: 2.554 G_LPIPS: 54.507 D_real: 0.110 D_fake: 0.289 \n"}
,{"stream_name":"stdout","time":5880.317521683,"data":"(epoch: 12, iters: 1800, time: 0.154, data: 0.003) G_GAN: 1.979 G_LPIPS: 53.264 D_real: 0.393 D_fake: 0.167 \n"}
,{"stream_name":"stdout","time":5880.317525341,"data":"(epoch: 12, iters: 1820, time: 0.155, data: 0.003) G_GAN: 3.447 G_LPIPS: 60.442 D_real: 0.034 D_fake: 0.059 \n"}
,{"stream_name":"stdout","time":5880.317528854,"data":"(epoch: 12, iters: 1840, time: 0.155, data: 0.003) G_GAN: 2.846 G_LPIPS: 55.060 D_real: 0.055 D_fake: 0.365 \n"}
,{"stream_name":"stdout","time":5880.317532429,"data":"(epoch: 12, iters: 1860, time: 0.203, data: 0.003) G_GAN: 3.317 G_LPIPS: 51.942 D_real: 0.207 D_fake: 0.052 \n"}
,{"stream_name":"stdout","time":5880.317535949,"data":"(epoch: 12, iters: 1880, time: 0.153, data: 0.003) G_GAN: 3.254 G_LPIPS: 55.472 D_real: 0.312 D_fake: 0.028 \n"}
,{"stream_name":"stdout","time":5880.317541159,"data":"(epoch: 12, iters: 1900, time: 0.204, data: 0.003) G_GAN: 1.042 G_LPIPS: 51.186 D_real: 0.745 D_fake: 0.192 \n"}
,{"stream_name":"stdout","time":5880.317544721,"data":"(epoch: 12, iters: 1920, time: 0.155, data: 0.003) G_GAN: 3.126 G_LPIPS: 58.414 D_real: 0.037 D_fake: 0.074 \n"}
,{"stream_name":"stdout","time":5880.317547888,"data":"(epoch: 12, iters: 1940, time: 0.155, data: 0.003) G_GAN: 0.748 G_LPIPS: 54.741 D_real: 1.234 D_fake: 0.230 \n"}
,{"stream_name":"stdout","time":5880.317551485,"data":"(epoch: 12, iters: 1960, time: 0.154, data: 0.003) G_GAN: 2.509 G_LPIPS: 51.212 D_real: 0.076 D_fake: 0.137 \n"}
,{"stream_name":"stdout","time":5880.317555016,"data":"(epoch: 12, iters: 1980, time: 0.155, data: 0.003) G_GAN: 1.779 G_LPIPS: 54.672 D_real: 0.160 D_fake: 0.389 \n"}
,{"stream_name":"stdout","time":5880.317558572,"data":"(epoch: 12, iters: 2000, time: 0.154, data: 0.003) G_GAN: 2.629 G_LPIPS: 57.033 D_real: 0.023 D_fake: 0.529 \n"}
,{"stream_name":"stdout","time":5880.317562524,"data":"(epoch: 12, iters: 2020, time: 0.155, data: 0.004) G_GAN: 3.117 G_LPIPS: 54.579 D_real: 0.021 D_fake: 0.119 \n"}
,{"stream_name":"stdout","time":5880.317587342,"data":"(epoch: 12, iters: 2040, time: 0.153, data: 0.003) G_GAN: 1.859 G_LPIPS: 53.571 D_real: 1.107 D_fake: 0.060 \n"}
,{"stream_name":"stdout","time":5880.317591533,"data":"(epoch: 12, iters: 2060, time: 0.155, data: 0.003) G_GAN: 2.194 G_LPIPS: 56.157 D_real: 0.298 D_fake: 0.155 \n"}
,{"stream_name":"stdout","time":5880.317595087,"data":"(epoch: 12, iters: 2080, time: 0.154, data: 0.003) G_GAN: 1.296 G_LPIPS: 54.154 D_real: 0.776 D_fake: 0.119 \n"}
,{"stream_name":"stdout","time":5880.317598611,"data":"(epoch: 12, iters: 2100, time: 0.154, data: 0.003) G_GAN: 2.268 G_LPIPS: 51.790 D_real: 0.209 D_fake: 0.402 \n"}
,{"stream_name":"stdout","time":5880.317602109,"data":"(epoch: 12, iters: 2120, time: 0.156, data: 0.003) G_GAN: 1.225 G_LPIPS: 48.962 D_real: 1.222 D_fake: 0.072 \n"}
,{"stream_name":"stdout","time":5880.317605666,"data":"(epoch: 12, iters: 2140, time: 0.157, data: 0.003) G_GAN: 2.915 G_LPIPS: 57.707 D_real: 0.680 D_fake: 0.057 \n"}
,{"stream_name":"stdout","time":5880.317609249,"data":"(epoch: 12, iters: 2160, time: 0.155, data: 0.004) G_GAN: 1.942 G_LPIPS: 52.123 D_real: 0.381 D_fake: 0.101 \n"}
,{"stream_name":"stdout","time":5880.317612811,"data":"(epoch: 12, iters: 2180, time: 0.155, data: 0.003) G_GAN: 1.418 G_LPIPS: 53.041 D_real: 0.973 D_fake: 0.056 \n"}
,{"stream_name":"stdout","time":5880.317616338,"data":"(epoch: 12, iters: 2200, time: 0.205, data: 0.003) G_GAN: 2.604 G_LPIPS: 56.400 D_real: 0.092 D_fake: 0.376 \n"}
,{"stream_name":"stdout","time":5880.317619826,"data":"(epoch: 12, iters: 2220, time: 0.154, data: 0.003) G_GAN: 2.079 G_LPIPS: 56.728 D_real: 0.338 D_fake: 0.180 \n"}
,{"stream_name":"stdout","time":5880.317627713,"data":"(epoch: 12, iters: 2240, time: 0.154, data: 0.003) G_GAN: 1.869 G_LPIPS: 53.787 D_real: 0.368 D_fake: 0.162 \n"}
,{"stream_name":"stdout","time":5880.317635177,"data":"(epoch: 12, iters: 2260, time: 0.156, data: 0.003) G_GAN: 1.480 G_LPIPS: 51.504 D_real: 0.099 D_fake: 0.438 \n"}
,{"stream_name":"stdout","time":5880.317638084,"data":"(epoch: 12, iters: 2280, time: 0.154, data: 0.003) G_GAN: 3.018 G_LPIPS: 55.854 D_real: 0.180 D_fake: 0.034 \n"}
,{"stream_name":"stdout","time":5880.317640397,"data":"(epoch: 12, iters: 2300, time: 0.154, data: 0.003) G_GAN: 2.155 G_LPIPS: 53.719 D_real: 0.060 D_fake: 0.417 \n"}
,{"stream_name":"stdout","time":5880.317642762,"data":"(epoch: 12, iters: 2320, time: 0.157, data: 0.003) G_GAN: 2.035 G_LPIPS: 54.491 D_real: 0.095 D_fake: 0.192 \n"}
,{"stream_name":"stdout","time":5880.31764516,"data":"(epoch: 12, iters: 2340, time: 0.155, data: 0.003) G_GAN: 2.101 G_LPIPS: 54.367 D_real: 0.186 D_fake: 0.260 \n"}
,{"stream_name":"stdout","time":5880.31764741,"data":"(epoch: 12, iters: 2360, time: 0.155, data: 0.003) G_GAN: 2.979 G_LPIPS: 56.456 D_real: 0.021 D_fake: 0.279 \n"}
,{"stream_name":"stdout","time":5880.317650261,"data":"(epoch: 12, iters: 2380, time: 0.155, data: 0.003) G_GAN: 1.867 G_LPIPS: 49.933 D_real: 0.037 D_fake: 0.521 \n"}
,{"stream_name":"stdout","time":5880.317662902,"data":"(epoch: 12, iters: 2400, time: 0.156, data: 0.004) G_GAN: 2.234 G_LPIPS: 54.427 D_real: 0.017 D_fake: 1.383 \n"}
,{"stream_name":"stdout","time":5880.317667124,"data":"(epoch: 12, iters: 2420, time: 0.154, data: 0.003) G_GAN: 2.262 G_LPIPS: 55.025 D_real: 0.340 D_fake: 0.045 \n"}
,{"stream_name":"stdout","time":5880.317671283,"data":"(epoch: 12, iters: 2440, time: 0.154, data: 0.003) G_GAN: 1.452 G_LPIPS: 50.050 D_real: 1.337 D_fake: 0.051 \n"}
,{"stream_name":"stdout","time":5880.317674964,"data":"(epoch: 12, iters: 2460, time: 0.155, data: 0.003) G_GAN: 3.172 G_LPIPS: 59.249 D_real: 0.084 D_fake: 0.080 \n"}
,{"stream_name":"stdout","time":5880.317679213,"data":"(epoch: 12, iters: 2480, time: 0.155, data: 0.003) G_GAN: 2.117 G_LPIPS: 51.845 D_real: 0.104 D_fake: 0.259 \n"}
,{"stream_name":"stdout","time":5880.317682914,"data":"(epoch: 12, iters: 2500, time: 0.206, data: 0.003) G_GAN: 1.645 G_LPIPS: 56.993 D_real: 0.284 D_fake: 0.248 \n"}
,{"stream_name":"stdout","time":5880.317686388,"data":"(epoch: 12, iters: 2520, time: 0.156, data: 0.003) G_GAN: 2.709 G_LPIPS: 56.076 D_real: 0.542 D_fake: 0.058 \n"}
,{"stream_name":"stdout","time":5880.317689893,"data":"(epoch: 12, iters: 2540, time: 0.209, data: 0.003) G_GAN: 2.528 G_LPIPS: 52.725 D_real: 0.280 D_fake: 0.083 \n"}
,{"stream_name":"stdout","time":5880.31769343,"data":"(epoch: 12, iters: 2560, time: 0.155, data: 0.003) G_GAN: 2.466 G_LPIPS: 53.629 D_real: 0.038 D_fake: 0.374 \n"}
,{"stream_name":"stdout","time":5880.317696851,"data":"(epoch: 12, iters: 2580, time: 0.155, data: 0.003) G_GAN: 1.843 G_LPIPS: 53.741 D_real: 0.064 D_fake: 0.440 \n"}
,{"stream_name":"stdout","time":5880.317700371,"data":"(epoch: 12, iters: 2600, time: 0.156, data: 0.003) G_GAN: 1.911 G_LPIPS: 55.011 D_real: 0.131 D_fake: 0.366 \n"}
,{"stream_name":"stdout","time":5880.3177038,"data":"(epoch: 12, iters: 2620, time: 0.159, data: 0.003) G_GAN: 3.862 G_LPIPS: 52.807 D_real: 0.039 D_fake: 0.771 \n"}
,{"stream_name":"stdout","time":5880.317707287,"data":"(epoch: 12, iters: 2640, time: 0.154, data: 0.003) G_GAN: 3.751 G_LPIPS: 54.893 D_real: 0.048 D_fake: 1.272 \n"}
,{"stream_name":"stdout","time":5880.317711533,"data":"(epoch: 12, iters: 2660, time: 0.153, data: 0.003) G_GAN: 1.303 G_LPIPS: 52.238 D_real: 0.212 D_fake: 0.613 \n"}
,{"stream_name":"stdout","time":5880.317715068,"data":"(epoch: 12, iters: 2680, time: 0.154, data: 0.003) G_GAN: 1.292 G_LPIPS: 56.614 D_real: 1.012 D_fake: 0.112 \n"}
,{"stream_name":"stdout","time":5880.317721823,"data":"(epoch: 12, iters: 2700, time: 0.155, data: 0.003) G_GAN: 2.444 G_LPIPS: 60.097 D_real: 0.048 D_fake: 0.155 \n"}
,{"stream_name":"stdout","time":5880.317725425,"data":"(epoch: 12, iters: 2720, time: 0.155, data: 0.004) G_GAN: 1.672 G_LPIPS: 52.826 D_real: 0.050 D_fake: 0.321 \n"}
,{"stream_name":"stdout","time":5880.317728905,"data":"(epoch: 12, iters: 2740, time: 0.154, data: 0.003) G_GAN: 1.981 G_LPIPS: 55.679 D_real: 0.120 D_fake: 0.117 \n"}
,{"stream_name":"stdout","time":5880.317732412,"data":"(epoch: 12, iters: 2760, time: 0.155, data: 0.003) G_GAN: 2.712 G_LPIPS: 47.607 D_real: 0.103 D_fake: 0.152 \n"}
,{"stream_name":"stdout","time":5880.317739656,"data":"(epoch: 12, iters: 2780, time: 0.155, data: 0.003) G_GAN: 2.552 G_LPIPS: 60.079 D_real: 0.137 D_fake: 0.328 \n"}
,{"stream_name":"stdout","time":5880.317743426,"data":"(epoch: 12, iters: 2800, time: 0.203, data: 0.003) G_GAN: 2.205 G_LPIPS: 53.808 D_real: 0.327 D_fake: 0.110 \n"}
,{"stream_name":"stdout","time":5880.317746926,"data":"(epoch: 12, iters: 2820, time: 0.154, data: 0.003) G_GAN: 2.908 G_LPIPS: 57.398 D_real: 0.043 D_fake: 0.223 \n"}
,{"stream_name":"stdout","time":5880.317759431,"data":"(epoch: 12, iters: 2840, time: 0.205, data: 0.003) G_GAN: 2.128 G_LPIPS: 54.612 D_real: 0.448 D_fake: 0.037 \n"}
,{"stream_name":"stdout","time":5880.317763502,"data":"(epoch: 12, iters: 2860, time: 0.154, data: 0.003) G_GAN: 2.984 G_LPIPS: 54.337 D_real: 0.072 D_fake: 0.314 \n"}
,{"stream_name":"stdout","time":5880.317767516,"data":"(epoch: 12, iters: 2880, time: 0.154, data: 0.003) G_GAN: 1.614 G_LPIPS: 55.693 D_real: 0.679 D_fake: 0.136 \n"}
,{"stream_name":"stdout","time":5880.317774472,"data":"(epoch: 12, iters: 2900, time: 0.156, data: 0.003) G_GAN: 2.363 G_LPIPS: 57.171 D_real: 0.440 D_fake: 0.026 \n"}
,{"stream_name":"stdout","time":5880.317778081,"data":"(epoch: 12, iters: 2920, time: 0.153, data: 0.003) G_GAN: 1.334 G_LPIPS: 56.556 D_real: 1.119 D_fake: 0.064 \n"}
,{"stream_name":"stdout","time":5880.31778155,"data":"(epoch: 12, iters: 2940, time: 0.155, data: 0.003) G_GAN: 2.008 G_LPIPS: 51.459 D_real: 1.016 D_fake: 0.040 \n"}
,{"stream_name":"stdout","time":5880.317785024,"data":"(epoch: 12, iters: 2960, time: 0.158, data: 0.003) G_GAN: 1.933 G_LPIPS: 57.682 D_real: 0.236 D_fake: 0.204 \n"}
,{"stream_name":"stdout","time":5880.317788596,"data":"(epoch: 12, iters: 2980, time: 0.156, data: 0.003) G_GAN: 1.051 G_LPIPS: 48.354 D_real: 1.261 D_fake: 0.258 \n"}
,{"stream_name":"stdout","time":5880.317792193,"data":"(epoch: 12, iters: 3000, time: 0.155, data: 0.004) G_GAN: 2.407 G_LPIPS: 55.068 D_real: 0.044 D_fake: 0.835 \n"}
,{"stream_name":"stdout","time":5880.317795665,"data":"(epoch: 12, iters: 3020, time: 0.154, data: 0.003) G_GAN: 1.792 G_LPIPS: 52.159 D_real: 0.460 D_fake: 0.095 \n"}
,{"stream_name":"stdout","time":6058.710790186,"data":"(epoch: 12, iters: 3040, time: 0.153, data: 0.003) G_GAN: 0.969 G_LPIPS: 55.418 D_real: 0.680 D_fake: 0.373 \n"}
,{"stream_name":"stdout","time":6058.710844945,"data":"(epoch: 12, iters: 3060, time: 0.154, data: 0.003) G_GAN: 2.759 G_LPIPS: 52.920 D_real: 0.203 D_fake: 0.132 \n"}
,{"stream_name":"stdout","time":6058.710851453,"data":"(epoch: 12, iters: 3080, time: 0.155, data: 0.003) G_GAN: 0.805 G_LPIPS: 50.042 D_real: 0.609 D_fake: 0.467 \n"}
,{"stream_name":"stdout","time":6058.710856145,"data":"(epoch: 12, iters: 3100, time: 0.206, data: 0.003) G_GAN: 2.548 G_LPIPS: 55.759 D_real: 0.028 D_fake: 0.442 \n"}
,{"stream_name":"stdout","time":6058.710861002,"data":"(epoch: 12, iters: 3120, time: 0.156, data: 0.003) G_GAN: 1.747 G_LPIPS: 54.653 D_real: 0.127 D_fake: 0.600 \n"}
,{"stream_name":"stdout","time":6058.710870019,"data":"(epoch: 12, iters: 3140, time: 0.156, data: 0.003) G_GAN: 1.313 G_LPIPS: 56.649 D_real: 0.330 D_fake: 2.011 \n"}
,{"stream_name":"stdout","time":6058.710882704,"data":"(epoch: 12, iters: 3160, time: 0.154, data: 0.003) G_GAN: 2.067 G_LPIPS: 57.356 D_real: 0.289 D_fake: 0.269 \n"}
,{"stream_name":"stdout","time":6058.710885277,"data":"(epoch: 12, iters: 3180, time: 0.155, data: 0.003) G_GAN: 2.265 G_LPIPS: 57.967 D_real: 0.220 D_fake: 0.117 \n"}
,{"stream_name":"stdout","time":6058.710887589,"data":"(epoch: 12, iters: 3200, time: 0.156, data: 0.003) G_GAN: 2.307 G_LPIPS: 57.357 D_real: 0.074 D_fake: 0.541 \n"}
,{"stream_name":"stdout","time":6058.710889895,"data":"(epoch: 12, iters: 3220, time: 0.163, data: 0.003) G_GAN: 2.570 G_LPIPS: 53.807 D_real: 0.097 D_fake: 0.301 \n"}
,{"stream_name":"stdout","time":6058.710892435,"data":"(epoch: 12, iters: 3240, time: 0.159, data: 0.003) G_GAN: 2.251 G_LPIPS: 54.798 D_real: 0.072 D_fake: 0.416 \n"}
,{"stream_name":"stdout","time":6058.710894724,"data":"(epoch: 12, iters: 3260, time: 0.155, data: 0.003) G_GAN: 1.138 G_LPIPS: 52.658 D_real: 1.603 D_fake: 0.053 \n"}
,{"stream_name":"stdout","time":6058.710897028,"data":"(epoch: 12, iters: 3280, time: 0.155, data: 0.003) G_GAN: 1.816 G_LPIPS: 54.657 D_real: 0.424 D_fake: 0.126 \n"}
,{"stream_name":"stdout","time":6058.710899335,"data":"(epoch: 12, iters: 3300, time: 0.156, data: 0.003) G_GAN: 2.786 G_LPIPS: 57.421 D_real: 0.129 D_fake: 0.092 \n"}
,{"stream_name":"stdout","time":6058.710901857,"data":"(epoch: 12, iters: 3320, time: 0.156, data: 0.004) G_GAN: 1.605 G_LPIPS: 53.928 D_real: 0.097 D_fake: 0.598 \n"}
,{"stream_name":"stdout","time":6058.710926992,"data":"(epoch: 12, iters: 3340, time: 0.156, data: 0.003) G_GAN: 2.625 G_LPIPS: 52.921 D_real: 0.204 D_fake: 0.059 \n"}
,{"stream_name":"stdout","time":6058.710931147,"data":"(epoch: 12, iters: 3360, time: 0.205, data: 0.003) G_GAN: 2.924 G_LPIPS: 51.540 D_real: 0.097 D_fake: 0.558 \n"}
,{"stream_name":"stdout","time":6058.710935271,"data":"(epoch: 12, iters: 3380, time: 0.157, data: 0.003) G_GAN: 3.853 G_LPIPS: 52.250 D_real: 0.055 D_fake: 0.114 \n"}
,{"stream_name":"stdout","time":6058.710939143,"data":"(epoch: 12, iters: 3400, time: 0.154, data: 0.003) G_GAN: 1.655 G_LPIPS: 52.075 D_real: 0.919 D_fake: 0.072 \n"}
,{"stream_name":"stdout","time":6058.710944741,"data":"(epoch: 12, iters: 3420, time: 0.155, data: 0.003) G_GAN: 2.296 G_LPIPS: 54.594 D_real: 0.075 D_fake: 0.470 \n"}
,{"stream_name":"stdout","time":6058.710948495,"data":"(epoch: 12, iters: 3440, time: 0.154, data: 0.003) G_GAN: 1.812 G_LPIPS: 52.664 D_real: 0.045 D_fake: 0.667 \n"}
,{"stream_name":"stdout","time":6058.710952053,"data":"(epoch: 12, iters: 3460, time: 0.154, data: 0.003) G_GAN: 0.836 G_LPIPS: 51.130 D_real: 0.531 D_fake: 0.158 \n"}
,{"stream_name":"stdout","time":6058.710955724,"data":"(epoch: 12, iters: 3480, time: 0.155, data: 0.003) G_GAN: 2.556 G_LPIPS: 55.008 D_real: 0.458 D_fake: 1.012 \n"}
,{"stream_name":"stdout","time":6058.710959217,"data":"(epoch: 12, iters: 3500, time: 0.157, data: 0.003) G_GAN: 1.844 G_LPIPS: 56.316 D_real: 0.196 D_fake: 0.638 \n"}
,{"stream_name":"stdout","time":6058.710962732,"data":"(epoch: 12, iters: 3520, time: 0.155, data: 0.003) G_GAN: 2.242 G_LPIPS: 60.979 D_real: 0.291 D_fake: 0.096 \n"}
,{"stream_name":"stdout","time":6058.710966209,"data":"(epoch: 12, iters: 3540, time: 0.156, data: 0.003) G_GAN: 2.420 G_LPIPS: 59.067 D_real: 0.114 D_fake: 0.380 \n"}
,{"stream_name":"stdout","time":6058.710969724,"data":"(epoch: 12, iters: 3560, time: 0.159, data: 0.003) G_GAN: 2.346 G_LPIPS: 56.590 D_real: 0.591 D_fake: 0.170 \n"}
,{"stream_name":"stdout","time":6058.710973205,"data":"(epoch: 12, iters: 3580, time: 0.156, data: 0.003) G_GAN: 1.276 G_LPIPS: 53.634 D_real: 0.941 D_fake: 0.098 \n"}
,{"stream_name":"stdout","time":6058.710980269,"data":"(epoch: 12, iters: 3600, time: 0.155, data: 0.003) G_GAN: 1.231 G_LPIPS: 55.583 D_real: 0.459 D_fake: 0.217 \n"}
,{"stream_name":"stdout","time":6058.710983807,"data":"(epoch: 12, iters: 3620, time: 0.204, data: 0.003) G_GAN: 1.619 G_LPIPS: 55.414 D_real: 0.914 D_fake: 0.040 \n"}
,{"stream_name":"stdout","time":6058.710987358,"data":"(epoch: 12, iters: 3640, time: 0.156, data: 0.003) G_GAN: 1.391 G_LPIPS: 54.391 D_real: 0.678 D_fake: 0.133 \n"}
,{"stream_name":"stdout","time":6058.710995562,"data":"(epoch: 12, iters: 3660, time: 0.204, data: 0.003) G_GAN: 1.543 G_LPIPS: 53.014 D_real: 0.177 D_fake: 0.403 \n"}
,{"stream_name":"stdout","time":6058.710998434,"data":"(epoch: 12, iters: 3680, time: 0.155, data: 0.003) G_GAN: 1.512 G_LPIPS: 56.823 D_real: 0.841 D_fake: 0.088 \n"}
,{"stream_name":"stdout","time":6058.71100073,"data":"(epoch: 12, iters: 3700, time: 0.156, data: 0.003) G_GAN: 1.443 G_LPIPS: 51.252 D_real: 0.411 D_fake: 0.177 \n"}
,{"stream_name":"stdout","time":6058.711002998,"data":"(epoch: 12, iters: 3720, time: 0.157, data: 0.003) G_GAN: 3.386 G_LPIPS: 53.517 D_real: 0.137 D_fake: 0.055 \n"}
,{"stream_name":"stdout","time":6058.71100532,"data":"(epoch: 12, iters: 3740, time: 0.155, data: 0.003) G_GAN: 2.227 G_LPIPS: 58.240 D_real: 0.023 D_fake: 0.251 \n"}
,{"stream_name":"stdout","time":6058.711007609,"data":"(epoch: 12, iters: 3760, time: 0.155, data: 0.003) G_GAN: 2.798 G_LPIPS: 59.663 D_real: 0.004 D_fake: 0.156 \n"}
,{"stream_name":"stdout","time":6058.71101031,"data":"(epoch: 12, iters: 3780, time: 0.176, data: 0.003) G_GAN: 2.200 G_LPIPS: 56.146 D_real: 0.991 D_fake: 0.131 \n"}
,{"stream_name":"stdout","time":6058.711025816,"data":"(epoch: 12, iters: 3800, time: 0.157, data: 0.003) G_GAN: 1.931 G_LPIPS: 50.571 D_real: 0.299 D_fake: 0.108 \n"}
,{"stream_name":"stdout","time":6058.711030501,"data":"(epoch: 12, iters: 3820, time: 0.156, data: 0.003) G_GAN: 2.290 G_LPIPS: 59.478 D_real: 0.015 D_fake: 0.331 \n"}
,{"stream_name":"stdout","time":6058.711034453,"data":"(epoch: 12, iters: 3840, time: 0.155, data: 0.003) G_GAN: 2.258 G_LPIPS: 52.446 D_real: 0.309 D_fake: 0.136 \n"}
,{"stream_name":"stdout","time":6058.711038706,"data":"(epoch: 12, iters: 3860, time: 0.155, data: 0.003) G_GAN: 3.272 G_LPIPS: 57.640 D_real: 0.003 D_fake: 0.845 \n"}
,{"stream_name":"stdout","time":6058.711042734,"data":"(epoch: 12, iters: 3880, time: 0.160, data: 0.003) G_GAN: 2.123 G_LPIPS: 53.886 D_real: 0.098 D_fake: 0.327 \n"}
,{"stream_name":"stdout","time":6058.711046289,"data":"(epoch: 12, iters: 3900, time: 0.154, data: 0.003) G_GAN: 2.243 G_LPIPS: 54.801 D_real: 0.122 D_fake: 0.239 \n"}
,{"stream_name":"stdout","time":6058.711049848,"data":"(epoch: 12, iters: 3920, time: 0.154, data: 0.003) G_GAN: 1.245 G_LPIPS: 51.842 D_real: 2.667 D_fake: 0.022 \n"}
,{"stream_name":"stdout","time":6058.711053759,"data":"(epoch: 12, iters: 3940, time: 0.157, data: 0.003) G_GAN: 2.028 G_LPIPS: 57.786 D_real: 0.161 D_fake: 0.201 \n"}
,{"stream_name":"stdout","time":6058.711057749,"data":"(epoch: 12, iters: 3960, time: 0.206, data: 0.003) G_GAN: 2.306 G_LPIPS: 54.236 D_real: 0.095 D_fake: 0.162 \n"}
,{"stream_name":"stdout","time":6058.711061924,"data":"(epoch: 12, iters: 3980, time: 0.156, data: 0.003) G_GAN: 2.790 G_LPIPS: 58.605 D_real: 0.017 D_fake: 0.272 \n"}
,{"stream_name":"stdout","time":6058.711065552,"data":"(epoch: 12, iters: 4000, time: 0.157, data: 0.003) G_GAN: 1.209 G_LPIPS: 50.495 D_real: 0.840 D_fake: 0.125 \n"}
,{"stream_name":"stdout","time":6058.711069579,"data":"(epoch: 12, iters: 4020, time: 0.156, data: 0.003) G_GAN: 1.567 G_LPIPS: 56.233 D_real: 2.633 D_fake: 0.010 \n"}
,{"stream_name":"stdout","time":6058.711073332,"data":"(epoch: 12, iters: 4040, time: 0.155, data: 0.003) G_GAN: 2.349 G_LPIPS: 55.488 D_real: 0.108 D_fake: 0.287 \n"}
,{"stream_name":"stdout","time":6058.711079675,"data":"(epoch: 12, iters: 4060, time: 0.157, data: 0.003) G_GAN: 2.383 G_LPIPS: 55.470 D_real: 0.075 D_fake: 0.225 \n"}
,{"stream_name":"stdout","time":6058.711082909,"data":"(epoch: 12, iters: 4080, time: 0.155, data: 0.003) G_GAN: 3.197 G_LPIPS: 53.082 D_real: 0.050 D_fake: 0.095 \n"}
,{"stream_name":"stdout","time":6058.711086014,"data":"(epoch: 12, iters: 4100, time: 0.156, data: 0.003) G_GAN: 2.310 G_LPIPS: 58.627 D_real: 0.155 D_fake: 0.191 \n"}
,{"stream_name":"stdout","time":6058.711089144,"data":"(epoch: 12, iters: 4120, time: 0.157, data: 0.003) G_GAN: 1.494 G_LPIPS: 49.359 D_real: 0.699 D_fake: 0.070 \n"}
,{"stream_name":"stdout","time":6058.711092548,"data":"(epoch: 12, iters: 4140, time: 0.155, data: 0.003) G_GAN: 1.028 G_LPIPS: 58.837 D_real: 0.408 D_fake: 0.141 \n"}
,{"stream_name":"stdout","time":6058.711095712,"data":"(epoch: 12, iters: 4160, time: 0.163, data: 0.003) G_GAN: 2.296 G_LPIPS: 60.611 D_real: 0.062 D_fake: 0.092 \n"}
,{"stream_name":"stdout","time":6058.711099957,"data":"(epoch: 12, iters: 4180, time: 0.155, data: 0.003) G_GAN: 1.270 G_LPIPS: 54.370 D_real: 0.062 D_fake: 0.493 \n"}
,{"stream_name":"stdout","time":6058.711103235,"data":"(epoch: 12, iters: 4200, time: 0.155, data: 0.003) G_GAN: 2.535 G_LPIPS: 56.978 D_real: 0.183 D_fake: 0.053 \n"}
,{"stream_name":"stdout","time":6058.711106433,"data":"(epoch: 12, iters: 4220, time: 0.155, data: 0.003) G_GAN: 4.238 G_LPIPS: 63.025 D_real: 0.022 D_fake: 0.033 \n"}
,{"stream_name":"stdout","time":6058.711110182,"data":"(epoch: 12, iters: 4240, time: 0.156, data: 0.003) G_GAN: 2.598 G_LPIPS: 55.821 D_real: 0.523 D_fake: 0.047 \n"}
,{"stream_name":"stdout","time":6058.711114285,"data":"(epoch: 12, iters: 4260, time: 0.154, data: 0.003) G_GAN: 2.492 G_LPIPS: 59.403 D_real: 0.058 D_fake: 0.146 \n"}
,{"stream_name":"stdout","time":6058.711118585,"data":"(epoch: 12, iters: 4280, time: 0.158, data: 0.003) G_GAN: 1.772 G_LPIPS: 54.946 D_real: 0.330 D_fake: 0.181 \n"}
,{"stream_name":"stdout","time":6058.711122031,"data":"(epoch: 12, iters: 4300, time: 0.156, data: 0.003) G_GAN: 1.444 G_LPIPS: 53.004 D_real: 0.625 D_fake: 0.089 \n"}
,{"stream_name":"stdout","time":6058.711125779,"data":"(epoch: 12, iters: 4320, time: 0.156, data: 0.003) G_GAN: 2.489 G_LPIPS: 53.715 D_real: 0.081 D_fake: 0.189 \n"}
,{"stream_name":"stdout","time":6058.711129002,"data":"(epoch: 12, iters: 4340, time: 0.206, data: 0.004) G_GAN: 2.374 G_LPIPS: 55.553 D_real: 0.549 D_fake: 0.281 \n"}
,{"stream_name":"stdout","time":6058.711132252,"data":"(epoch: 12, iters: 4360, time: 0.157, data: 0.003) G_GAN: 3.104 G_LPIPS: 58.310 D_real: 0.111 D_fake: 0.071 \n"}
,{"stream_name":"stdout","time":6058.711136097,"data":"(epoch: 12, iters: 4380, time: 0.207, data: 0.003) G_GAN: 2.864 G_LPIPS: 58.738 D_real: 0.064 D_fake: 0.352 \n"}
,{"stream_name":"stdout","time":6058.711139549,"data":"(epoch: 12, iters: 4400, time: 0.156, data: 0.003) G_GAN: 2.214 G_LPIPS: 49.968 D_real: 0.263 D_fake: 0.360 \n"}
,{"stream_name":"stdout","time":6058.711142898,"data":"(epoch: 12, iters: 4420, time: 0.205, data: 0.003) G_GAN: 2.643 G_LPIPS: 59.391 D_real: 0.011 D_fake: 0.249 \n"}
,{"stream_name":"stdout","time":6058.711146745,"data":"(epoch: 12, iters: 4440, time: 0.156, data: 0.003) G_GAN: 2.688 G_LPIPS: 49.948 D_real: 0.084 D_fake: 0.704 \n"}
,{"stream_name":"stdout","time":6058.711150147,"data":"(epoch: 12, iters: 4460, time: 0.157, data: 0.003) G_GAN: 3.425 G_LPIPS: 53.025 D_real: 0.060 D_fake: 0.050 \n"}
,{"stream_name":"stdout","time":6058.711153832,"data":"(epoch: 12, iters: 4480, time: 0.160, data: 0.003) G_GAN: 2.264 G_LPIPS: 56.780 D_real: 0.009 D_fake: 0.435 \n"}
,{"stream_name":"stdout","time":6058.711157173,"data":"(epoch: 12, iters: 4500, time: 0.157, data: 0.003) G_GAN: 3.515 G_LPIPS: 58.944 D_real: 0.060 D_fake: 0.119 \n"}
,{"stream_name":"stdout","time":6058.71118096,"data":"(epoch: 12, iters: 4520, time: 0.156, data: 0.003) G_GAN: 1.796 G_LPIPS: 52.776 D_real: 0.074 D_fake: 0.780 \n"}
,{"stream_name":"stdout","time":6058.711185664,"data":"(epoch: 12, iters: 4540, time: 0.158, data: 0.003) G_GAN: 2.417 G_LPIPS: 57.822 D_real: 0.198 D_fake: 0.205 \n"}
,{"stream_name":"stdout","time":6182.235946655,"data":"(epoch: 12, iters: 4560, time: 0.157, data: 0.003) G_GAN: 0.604 G_LPIPS: 54.572 D_real: 1.182 D_fake: 0.096 \n"}
,{"stream_name":"stdout","time":6182.236001402,"data":"(epoch: 12, iters: 4580, time: 0.161, data: 0.003) G_GAN: 3.913 G_LPIPS: 56.586 D_real: 0.165 D_fake: 0.027 \n"}
,{"stream_name":"stdout","time":6182.23600825,"data":"(epoch: 12, iters: 4600, time: 0.157, data: 0.003) G_GAN: 1.947 G_LPIPS: 50.945 D_real: 0.302 D_fake: 0.199 \n"}
,{"stream_name":"stdout","time":6182.236013298,"data":"(epoch: 12, iters: 4620, time: 0.156, data: 0.003) G_GAN: 2.434 G_LPIPS: 54.895 D_real: 0.129 D_fake: 0.447 \n"}
,{"stream_name":"stdout","time":6182.236018296,"data":"(epoch: 12, iters: 4640, time: 0.156, data: 0.003) G_GAN: 1.599 G_LPIPS: 49.093 D_real: 0.808 D_fake: 0.144 \n"}
,{"stream_name":"stdout","time":6182.236023338,"data":"(epoch: 12, iters: 4660, time: 0.157, data: 0.003) G_GAN: 2.564 G_LPIPS: 51.865 D_real: 0.106 D_fake: 0.375 \n"}
,{"stream_name":"stdout","time":6182.236033466,"data":"(epoch: 12, iters: 4680, time: 0.158, data: 0.003) G_GAN: 3.564 G_LPIPS: 53.163 D_real: 0.116 D_fake: 0.040 \n"}
,{"stream_name":"stdout","time":6182.236037245,"data":"(epoch: 12, iters: 4700, time: 0.156, data: 0.003) G_GAN: 3.808 G_LPIPS: 53.858 D_real: 0.117 D_fake: 0.022 \n"}
,{"stream_name":"stdout","time":6182.236040584,"data":"(epoch: 12, iters: 4720, time: 0.158, data: 0.003) G_GAN: 1.702 G_LPIPS: 52.325 D_real: 0.462 D_fake: 0.174 \n"}
,{"stream_name":"stdout","time":6182.236043736,"data":"(epoch: 12, iters: 4740, time: 0.155, data: 0.003) G_GAN: 2.546 G_LPIPS: 56.934 D_real: 0.085 D_fake: 0.148 \n"}
,{"stream_name":"stdout","time":6182.236046886,"data":"(epoch: 12, iters: 4760, time: 0.157, data: 0.003) G_GAN: 1.271 G_LPIPS: 52.729 D_real: 0.635 D_fake: 0.025 \n"}
,{"stream_name":"stdout","time":6182.236050032,"data":"(epoch: 12, iters: 4780, time: 0.157, data: 0.003) G_GAN: 2.705 G_LPIPS: 54.048 D_real: 0.083 D_fake: 0.246 \n"}
,{"stream_name":"stdout","time":6182.236053404,"data":"saving the latest model (epoch 12, total_iters 55000)\n"}
,{"stream_name":"stdout","time":6182.236056686,"data":"(epoch: 12, iters: 4800, time: 0.156, data: 0.003) G_GAN: 1.207 G_LPIPS: 47.538 D_real: 0.707 D_fake: 0.065 \n"}
,{"stream_name":"stdout","time":6182.236060193,"data":"(epoch: 12, iters: 4820, time: 0.155, data: 0.003) G_GAN: 3.080 G_LPIPS: 47.844 D_real: 0.291 D_fake: 0.620 \n"}
,{"stream_name":"stdout","time":6182.236063536,"data":"(epoch: 12, iters: 4840, time: 0.156, data: 0.003) G_GAN: 2.420 G_LPIPS: 52.667 D_real: 0.099 D_fake: 0.309 \n"}
,{"stream_name":"stdout","time":6182.236066816,"data":"(epoch: 12, iters: 4860, time: 0.158, data: 0.003) G_GAN: 3.244 G_LPIPS: 51.839 D_real: 0.030 D_fake: 0.318 \n"}
,{"stream_name":"stdout","time":6182.236069992,"data":"(epoch: 12, iters: 4880, time: 0.159, data: 0.003) G_GAN: 2.513 G_LPIPS: 56.065 D_real: 0.187 D_fake: 0.147 \n"}
,{"stream_name":"stdout","time":6182.236073141,"data":"(epoch: 12, iters: 4900, time: 0.157, data: 0.003) G_GAN: 2.591 G_LPIPS: 56.380 D_real: 0.068 D_fake: 0.354 \n"}
,{"stream_name":"stdout","time":6182.236076298,"data":"(epoch: 12, iters: 4920, time: 0.158, data: 0.003) G_GAN: 2.184 G_LPIPS: 55.872 D_real: 0.608 D_fake: 0.063 \n"}
,{"stream_name":"stdout","time":6182.236081136,"data":"(epoch: 12, iters: 4940, time: 0.157, data: 0.003) G_GAN: 2.169 G_LPIPS: 51.888 D_real: 0.401 D_fake: 0.058 \n"}
,{"stream_name":"stdout","time":6182.236094314,"data":"(epoch: 12, iters: 4960, time: 0.156, data: 0.003) G_GAN: 1.957 G_LPIPS: 56.252 D_real: 0.035 D_fake: 0.527 \n"}
,{"stream_name":"stdout","time":6182.236097171,"data":"(epoch: 12, iters: 4980, time: 0.158, data: 0.003) G_GAN: 1.557 G_LPIPS: 53.230 D_real: 0.784 D_fake: 0.692 \n"}
,{"stream_name":"stdout","time":6182.236099716,"data":"(epoch: 12, iters: 5000, time: 0.157, data: 0.003) G_GAN: 3.643 G_LPIPS: 57.233 D_real: 0.060 D_fake: 0.060 \n"}
,{"stream_name":"stdout","time":6182.236102224,"data":"(epoch: 12, iters: 5020, time: 0.157, data: 0.003) G_GAN: 2.973 G_LPIPS: 55.380 D_real: 0.292 D_fake: 0.147 \n"}
,{"stream_name":"stdout","time":6182.23610464,"data":"(epoch: 12, iters: 5040, time: 0.207, data: 0.003) G_GAN: 2.152 G_LPIPS: 55.302 D_real: 0.086 D_fake: 0.370 \n"}
,{"stream_name":"stdout","time":6182.236107055,"data":"(epoch: 12, iters: 5060, time: 0.157, data: 0.003) G_GAN: 0.307 G_LPIPS: 45.072 D_real: 0.783 D_fake: 0.125 \n"}
,{"stream_name":"stdout","time":6182.236109462,"data":"(epoch: 12, iters: 5080, time: 0.210, data: 0.003) G_GAN: 2.061 G_LPIPS: 52.661 D_real: 0.277 D_fake: 0.048 \n"}
,{"stream_name":"stdout","time":6182.236111945,"data":"(epoch: 12, iters: 5100, time: 0.157, data: 0.003) G_GAN: 3.340 G_LPIPS: 60.489 D_real: 0.010 D_fake: 0.088 \n"}
,{"stream_name":"stdout","time":6182.236114361,"data":"(epoch: 12, iters: 5120, time: 0.208, data: 0.003) G_GAN: 3.065 G_LPIPS: 58.866 D_real: 0.193 D_fake: 0.114 \n"}
,{"stream_name":"stdout","time":6182.236116779,"data":"(epoch: 12, iters: 5140, time: 0.157, data: 0.003) G_GAN: 1.819 G_LPIPS: 51.946 D_real: 0.171 D_fake: 0.291 \n"}
,{"stream_name":"stdout","time":6182.23611921,"data":"(epoch: 12, iters: 5160, time: 0.208, data: 0.003) G_GAN: 2.872 G_LPIPS: 57.026 D_real: 0.049 D_fake: 0.141 \n"}
,{"stream_name":"stdout","time":6182.236121713,"data":"(epoch: 12, iters: 5180, time: 0.156, data: 0.003) G_GAN: 4.697 G_LPIPS: 59.945 D_real: 0.126 D_fake: 0.011 \n"}
,{"stream_name":"stdout","time":6182.236124109,"data":"(epoch: 12, iters: 5200, time: 0.208, data: 0.003) G_GAN: 2.804 G_LPIPS: 55.958 D_real: 0.317 D_fake: 0.133 \n"}
,{"stream_name":"stdout","time":6182.236126512,"data":"(epoch: 12, iters: 5220, time: 0.156, data: 0.003) G_GAN: 2.081 G_LPIPS: 53.782 D_real: 0.190 D_fake: 0.099 \n"}
,{"stream_name":"stdout","time":6182.236129873,"data":"(epoch: 12, iters: 5240, time: 0.160, data: 0.003) G_GAN: 2.112 G_LPIPS: 55.630 D_real: 0.120 D_fake: 0.607 \n"}
,{"stream_name":"stdout","time":6182.236132406,"data":"(epoch: 12, iters: 5260, time: 0.158, data: 0.003) G_GAN: 3.258 G_LPIPS: 57.183 D_real: 0.053 D_fake: 0.087 \n"}
,{"stream_name":"stdout","time":6182.236134812,"data":"(epoch: 12, iters: 5280, time: 0.157, data: 0.003) G_GAN: 4.874 G_LPIPS: 58.919 D_real: 0.060 D_fake: 1.029 \n"}
,{"stream_name":"stdout","time":6182.236137257,"data":"(epoch: 12, iters: 5300, time: 0.157, data: 0.003) G_GAN: 4.287 G_LPIPS: 54.633 D_real: 0.023 D_fake: 1.135 \n"}
,{"stream_name":"stdout","time":6182.236140114,"data":"(epoch: 12, iters: 5320, time: 0.158, data: 0.003) G_GAN: 2.156 G_LPIPS: 54.959 D_real: 0.050 D_fake: 0.950 \n"}
,{"stream_name":"stdout","time":6182.236142688,"data":"(epoch: 12, iters: 5340, time: 0.157, data: 0.003) G_GAN: 2.216 G_LPIPS: 52.462 D_real: 0.372 D_fake: 0.174 \n"}
,{"stream_name":"stdout","time":6182.236145126,"data":"(epoch: 12, iters: 5360, time: 0.159, data: 0.003) G_GAN: 1.776 G_LPIPS: 55.854 D_real: 0.293 D_fake: 0.246 \n"}
,{"stream_name":"stdout","time":6182.236147558,"data":"(epoch: 12, iters: 5380, time: 0.158, data: 0.003) G_GAN: 2.506 G_LPIPS: 60.601 D_real: 0.026 D_fake: 0.110 \n"}
,{"stream_name":"stdout","time":6182.236150022,"data":"(epoch: 12, iters: 5400, time: 0.157, data: 0.003) G_GAN: 2.218 G_LPIPS: 59.212 D_real: 0.034 D_fake: 0.323 \n"}
,{"stream_name":"stdout","time":6182.236155408,"data":"(epoch: 12, iters: 5420, time: 0.159, data: 0.003) G_GAN: 3.171 G_LPIPS: 59.567 D_real: 0.006 D_fake: 0.117 \n"}
,{"stream_name":"stdout","time":6182.236158024,"data":"(epoch: 12, iters: 5440, time: 0.158, data: 0.003) G_GAN: 3.324 G_LPIPS: 61.474 D_real: 0.018 D_fake: 0.166 \n"}
,{"stream_name":"stdout","time":6182.236160478,"data":"(epoch: 12, iters: 5460, time: 0.158, data: 0.003) G_GAN: 3.936 G_LPIPS: 55.963 D_real: 0.009 D_fake: 1.365 \n"}
,{"stream_name":"stdout","time":6182.236162935,"data":"(epoch: 12, iters: 5480, time: 0.157, data: 0.003) G_GAN: 2.040 G_LPIPS: 54.004 D_real: 0.261 D_fake: 0.135 \n"}
,{"stream_name":"stdout","time":6182.236165376,"data":"(epoch: 12, iters: 5500, time: 0.157, data: 0.003) G_GAN: 1.144 G_LPIPS: 51.819 D_real: 0.937 D_fake: 0.289 \n"}
,{"stream_name":"stdout","time":6182.236167782,"data":"(epoch: 12, iters: 5520, time: 0.157, data: 0.003) G_GAN: 1.580 G_LPIPS: 56.572 D_real: 0.445 D_fake: 0.136 \n"}
,{"stream_name":"stdout","time":6182.236170185,"data":"(epoch: 12, iters: 5540, time: 0.157, data: 0.003) G_GAN: 3.038 G_LPIPS: 56.342 D_real: 0.142 D_fake: 0.334 \n"}
,{"stream_name":"stdout","time":6182.236172604,"data":"(epoch: 12, iters: 5560, time: 0.156, data: 0.003) G_GAN: 2.230 G_LPIPS: 53.937 D_real: 0.775 D_fake: 0.079 \n"}
,{"stream_name":"stdout","time":6182.236175016,"data":"(epoch: 12, iters: 5580, time: 0.114, data: 0.003) G_GAN: 1.043 G_LPIPS: 49.243 D_real: 0.760 D_fake: 0.481 \n"}
,{"stream_name":"stdout","time":6182.236177441,"data":"saving the model at the end of epoch 12, iters 55800\n"}
,{"stream_name":"stdout","time":6182.236179776,"data":"End of epoch 12 / 20 \t Time Taken: 653 sec\n"}
,{"stream_name":"stdout","time":6182.236182418,"data":"learning rate 0.0000727 -\u003e 0.0000636\n"}
,{"stream_name":"stdout","time":6365.487731247,"data":"(epoch: 13, iters: 20, time: 0.155, data: 0.260) G_GAN: 2.742 G_LPIPS: 53.958 D_real: 0.144 D_fake: 0.132 \n"}
,{"stream_name":"stdout","time":6365.487775892,"data":"(epoch: 13, iters: 40, time: 0.166, data: 0.001) G_GAN: 2.741 G_LPIPS: 52.231 D_real: 0.149 D_fake: 0.183 \n"}
,{"stream_name":"stdout","time":6365.487786929,"data":"(epoch: 13, iters: 60, time: 0.157, data: 0.003) G_GAN: 1.647 G_LPIPS: 52.154 D_real: 0.520 D_fake: 0.171 \n"}
,{"stream_name":"stdout","time":6365.487790531,"data":"(epoch: 13, iters: 80, time: 0.157, data: 0.003) G_GAN: 2.412 G_LPIPS: 54.584 D_real: 0.013 D_fake: 0.583 \n"}
,{"stream_name":"stdout","time":6365.487793899,"data":"(epoch: 13, iters: 100, time: 0.158, data: 0.003) G_GAN: 2.661 G_LPIPS: 58.351 D_real: 0.010 D_fake: 0.360 \n"}
,{"stream_name":"stdout","time":6365.487797184,"data":"(epoch: 13, iters: 120, time: 0.157, data: 0.003) G_GAN: 2.417 G_LPIPS: 55.005 D_real: 0.322 D_fake: 0.257 \n"}
,{"stream_name":"stdout","time":6365.487800702,"data":"(epoch: 13, iters: 140, time: 0.158, data: 0.003) G_GAN: 1.170 G_LPIPS: 50.164 D_real: 0.567 D_fake: 0.255 \n"}
,{"stream_name":"stdout","time":6365.48780565,"data":"(epoch: 13, iters: 160, time: 0.158, data: 0.003) G_GAN: 2.378 G_LPIPS: 53.127 D_real: 0.888 D_fake: 0.073 \n"}
,{"stream_name":"stdout","time":6365.487808764,"data":"(epoch: 13, iters: 180, time: 0.159, data: 0.003) G_GAN: 1.856 G_LPIPS: 59.507 D_real: 0.068 D_fake: 0.194 \n"}
,{"stream_name":"stdout","time":6365.487811809,"data":"(epoch: 13, iters: 200, time: 0.177, data: 0.003) G_GAN: 2.269 G_LPIPS: 49.075 D_real: 0.033 D_fake: 0.307 \n"}
,{"stream_name":"stdout","time":6365.487814806,"data":"(epoch: 13, iters: 220, time: 0.159, data: 0.003) G_GAN: 2.633 G_LPIPS: 58.597 D_real: 0.070 D_fake: 0.134 \n"}
,{"stream_name":"stdout","time":6365.487817779,"data":"(epoch: 13, iters: 240, time: 0.159, data: 0.003) G_GAN: 1.362 G_LPIPS: 56.462 D_real: 0.201 D_fake: 0.516 \n"}
,{"stream_name":"stdout","time":6365.487833863,"data":"(epoch: 13, iters: 260, time: 0.158, data: 0.003) G_GAN: 1.518 G_LPIPS: 56.319 D_real: 0.150 D_fake: 0.204 \n"}
,{"stream_name":"stdout","time":6365.487836451,"data":"(epoch: 13, iters: 280, time: 0.158, data: 0.003) G_GAN: 3.061 G_LPIPS: 53.251 D_real: 0.189 D_fake: 0.070 \n"}
,{"stream_name":"stdout","time":6365.487838781,"data":"(epoch: 13, iters: 300, time: 0.158, data: 0.003) G_GAN: 2.266 G_LPIPS: 57.117 D_real: 0.247 D_fake: 0.244 \n"}
,{"stream_name":"stdout","time":6365.487841135,"data":"(epoch: 13, iters: 320, time: 0.159, data: 0.003) G_GAN: 2.196 G_LPIPS: 54.173 D_real: 0.197 D_fake: 0.213 \n"}
,{"stream_name":"stdout","time":6365.487843402,"data":"(epoch: 13, iters: 340, time: 0.158, data: 0.004) G_GAN: 2.142 G_LPIPS: 58.708 D_real: 0.005 D_fake: 0.326 \n"}
,{"stream_name":"stdout","time":6365.487845666,"data":"(epoch: 13, iters: 360, time: 0.158, data: 0.003) G_GAN: 3.018 G_LPIPS: 57.998 D_real: 0.038 D_fake: 0.332 \n"}
,{"stream_name":"stdout","time":6365.487848033,"data":"(epoch: 13, iters: 380, time: 0.158, data: 0.003) G_GAN: 2.597 G_LPIPS: 51.207 D_real: 0.208 D_fake: 0.224 \n"}
,{"stream_name":"stdout","time":6365.487851406,"data":"(epoch: 13, iters: 400, time: 0.161, data: 0.003) G_GAN: 1.803 G_LPIPS: 57.142 D_real: 0.214 D_fake: 0.679 \n"}
,{"stream_name":"stdout","time":6365.487853772,"data":"(epoch: 13, iters: 420, time: 0.158, data: 0.003) G_GAN: 2.092 G_LPIPS: 55.737 D_real: 0.131 D_fake: 0.152 \n"}
,{"stream_name":"stdout","time":6365.487856221,"data":"(epoch: 13, iters: 440, time: 0.158, data: 0.003) G_GAN: 1.843 G_LPIPS: 54.293 D_real: 0.068 D_fake: 0.316 \n"}
,{"stream_name":"stdout","time":6365.487858551,"data":"(epoch: 13, iters: 460, time: 0.158, data: 0.003) G_GAN: 2.010 G_LPIPS: 60.704 D_real: 0.013 D_fake: 0.473 \n"}
,{"stream_name":"stdout","time":6365.487860904,"data":"(epoch: 13, iters: 480, time: 0.208, data: 0.003) G_GAN: 2.752 G_LPIPS: 53.306 D_real: 0.010 D_fake: 0.415 \n"}
,{"stream_name":"stdout","time":6365.487863239,"data":"(epoch: 13, iters: 500, time: 0.159, data: 0.003) G_GAN: 2.559 G_LPIPS: 57.734 D_real: 0.058 D_fake: 0.547 \n"}
,{"stream_name":"stdout","time":6365.487865504,"data":"(epoch: 13, iters: 520, time: 0.208, data: 0.004) G_GAN: 1.960 G_LPIPS: 52.356 D_real: 0.278 D_fake: 0.160 \n"}
,{"stream_name":"stdout","time":6365.487867858,"data":"(epoch: 13, iters: 540, time: 0.160, data: 0.003) G_GAN: 2.633 G_LPIPS: 57.640 D_real: 0.195 D_fake: 0.169 \n"}
,{"stream_name":"stdout","time":6365.487870172,"data":"(epoch: 13, iters: 560, time: 0.210, data: 0.003) G_GAN: 2.120 G_LPIPS: 56.589 D_real: 0.144 D_fake: 0.310 \n"}
,{"stream_name":"stdout","time":6365.487872662,"data":"(epoch: 13, iters: 580, time: 0.158, data: 0.003) G_GAN: 2.965 G_LPIPS: 57.444 D_real: 0.045 D_fake: 0.260 \n"}
,{"stream_name":"stdout","time":6365.487874956,"data":"(epoch: 13, iters: 600, time: 0.206, data: 0.003) G_GAN: 2.348 G_LPIPS: 52.243 D_real: 0.206 D_fake: 0.349 \n"}
,{"stream_name":"stdout","time":6365.487877254,"data":"(epoch: 13, iters: 620, time: 0.158, data: 0.003) G_GAN: 2.796 G_LPIPS: 58.460 D_real: 0.061 D_fake: 0.374 \n"}
,{"stream_name":"stdout","time":6365.487879514,"data":"(epoch: 13, iters: 640, time: 0.158, data: 0.003) G_GAN: 1.833 G_LPIPS: 53.336 D_real: 0.370 D_fake: 0.245 \n"}
,{"stream_name":"stdout","time":6365.487881777,"data":"(epoch: 13, iters: 660, time: 0.157, data: 0.003) G_GAN: 2.185 G_LPIPS: 55.022 D_real: 0.295 D_fake: 0.990 \n"}
,{"stream_name":"stdout","time":6365.487884052,"data":"(epoch: 13, iters: 680, time: 0.158, data: 0.003) G_GAN: 1.377 G_LPIPS: 54.020 D_real: 0.398 D_fake: 0.283 \n"}
,{"stream_name":"stdout","time":6365.48788634,"data":"(epoch: 13, iters: 700, time: 0.158, data: 0.003) G_GAN: 1.733 G_LPIPS: 59.391 D_real: 0.082 D_fake: 0.513 \n"}
,{"stream_name":"stdout","time":6365.487895652,"data":"(epoch: 13, iters: 720, time: 0.159, data: 0.003) G_GAN: 3.381 G_LPIPS: 54.173 D_real: 0.318 D_fake: 0.042 \n"}
,{"stream_name":"stdout","time":6365.487898112,"data":"(epoch: 13, iters: 740, time: 0.160, data: 0.003) G_GAN: 3.106 G_LPIPS: 51.864 D_real: 0.162 D_fake: 0.095 \n"}
,{"stream_name":"stdout","time":6365.487900727,"data":"(epoch: 13, iters: 760, time: 0.158, data: 0.003) G_GAN: 3.636 G_LPIPS: 63.276 D_real: 0.005 D_fake: 0.061 \n"}
,{"stream_name":"stdout","time":6365.487903061,"data":"(epoch: 13, iters: 780, time: 0.157, data: 0.003) G_GAN: 2.891 G_LPIPS: 54.176 D_real: 0.081 D_fake: 0.145 \n"}
,{"stream_name":"stdout","time":6365.487905357,"data":"(epoch: 13, iters: 800, time: 0.158, data: 0.003) G_GAN: 3.624 G_LPIPS: 54.949 D_real: 0.277 D_fake: 0.037 \n"}
,{"stream_name":"stdout","time":6365.487907634,"data":"(epoch: 13, iters: 820, time: 0.158, data: 0.003) G_GAN: 2.671 G_LPIPS: 57.899 D_real: 0.033 D_fake: 0.551 \n"}
,{"stream_name":"stdout","time":6365.487909921,"data":"(epoch: 13, iters: 840, time: 0.158, data: 0.003) G_GAN: 2.391 G_LPIPS: 55.831 D_real: 0.016 D_fake: 0.234 \n"}
,{"stream_name":"stdout","time":6365.487912175,"data":"(epoch: 13, iters: 860, time: 0.159, data: 0.003) G_GAN: 1.248 G_LPIPS: 54.098 D_real: 0.256 D_fake: 0.546 \n"}
,{"stream_name":"stdout","time":6365.487914444,"data":"(epoch: 13, iters: 880, time: 0.157, data: 0.003) G_GAN: 2.519 G_LPIPS: 53.837 D_real: 0.070 D_fake: 0.110 \n"}
,{"stream_name":"stdout","time":6365.487917056,"data":"(epoch: 13, iters: 900, time: 0.159, data: 0.003) G_GAN: 1.980 G_LPIPS: 54.465 D_real: 0.133 D_fake: 0.404 \n"}
,{"stream_name":"stdout","time":6365.487919332,"data":"(epoch: 13, iters: 920, time: 0.158, data: 0.004) G_GAN: 1.727 G_LPIPS: 55.367 D_real: 0.202 D_fake: 0.470 \n"}
,{"stream_name":"stdout","time":6365.487921627,"data":"(epoch: 13, iters: 940, time: 0.156, data: 0.003) G_GAN: 1.961 G_LPIPS: 52.818 D_real: 0.264 D_fake: 0.103 \n"}
,{"stream_name":"stdout","time":6365.487923897,"data":"(epoch: 13, iters: 960, time: 0.157, data: 0.003) G_GAN: 1.815 G_LPIPS: 50.951 D_real: 0.492 D_fake: 0.340 \n"}
,{"stream_name":"stdout","time":6365.487926257,"data":"(epoch: 13, iters: 980, time: 0.157, data: 0.003) G_GAN: 2.558 G_LPIPS: 50.021 D_real: 0.099 D_fake: 0.393 \n"}
,{"stream_name":"stdout","time":6365.487928627,"data":"(epoch: 13, iters: 1000, time: 0.157, data: 0.003) G_GAN: 2.372 G_LPIPS: 57.805 D_real: 0.370 D_fake: 0.072 \n"}
,{"stream_name":"stdout","time":6365.487930894,"data":"(epoch: 13, iters: 1020, time: 0.158, data: 0.003) G_GAN: 2.086 G_LPIPS: 54.884 D_real: 0.127 D_fake: 0.115 \n"}
,{"stream_name":"stdout","time":6365.48793352,"data":"(epoch: 13, iters: 1040, time: 0.159, data: 0.003) G_GAN: 1.888 G_LPIPS: 53.036 D_real: 0.504 D_fake: 0.112 \n"}
,{"stream_name":"stdout","time":6365.487935972,"data":"(epoch: 13, iters: 1060, time: 0.159, data: 0.003) G_GAN: 1.533 G_LPIPS: 56.619 D_real: 0.458 D_fake: 0.483 \n"}
,{"stream_name":"stdout","time":6365.487938315,"data":"(epoch: 13, iters: 1080, time: 0.159, data: 0.003) G_GAN: 1.430 G_LPIPS: 55.371 D_real: 0.594 D_fake: 0.226 \n"}
,{"stream_name":"stdout","time":6365.487940609,"data":"(epoch: 13, iters: 1100, time: 0.160, data: 0.003) G_GAN: 2.403 G_LPIPS: 53.749 D_real: 0.200 D_fake: 0.118 \n"}
,{"stream_name":"stdout","time":6365.487942954,"data":"(epoch: 13, iters: 1120, time: 0.160, data: 0.003) G_GAN: 2.618 G_LPIPS: 58.656 D_real: 0.612 D_fake: 0.042 \n"}
,{"stream_name":"stdout","time":6365.487945626,"data":"(epoch: 13, iters: 1140, time: 0.158, data: 0.003) G_GAN: 2.884 G_LPIPS: 52.902 D_real: 0.083 D_fake: 0.243 \n"}
,{"stream_name":"stdout","time":6365.48794803,"data":"(epoch: 13, iters: 1160, time: 0.162, data: 0.003) G_GAN: 2.725 G_LPIPS: 58.721 D_real: 0.032 D_fake: 0.171 \n"}
,{"stream_name":"stdout","time":6365.487952656,"data":"(epoch: 13, iters: 1180, time: 0.158, data: 0.003) G_GAN: 2.839 G_LPIPS: 56.625 D_real: 0.164 D_fake: 0.110 \n"}
,{"stream_name":"stdout","time":6365.487955146,"data":"(epoch: 13, iters: 1200, time: 0.160, data: 0.003) G_GAN: 2.589 G_LPIPS: 60.432 D_real: 0.099 D_fake: 0.175 \n"}
,{"stream_name":"stdout","time":6365.487957549,"data":"(epoch: 13, iters: 1220, time: 0.158, data: 0.003) G_GAN: 2.451 G_LPIPS: 59.710 D_real: 0.043 D_fake: 0.493 \n"}
,{"stream_name":"stdout","time":6365.487959845,"data":"(epoch: 13, iters: 1240, time: 0.158, data: 0.003) G_GAN: 2.660 G_LPIPS: 59.934 D_real: 0.002 D_fake: 0.711 \n"}
,{"stream_name":"stdout","time":6365.487962204,"data":"(epoch: 13, iters: 1260, time: 0.158, data: 0.003) G_GAN: 1.654 G_LPIPS: 53.667 D_real: 0.421 D_fake: 0.197 \n"}
,{"stream_name":"stdout","time":6365.487964504,"data":"(epoch: 13, iters: 1280, time: 0.159, data: 0.003) G_GAN: 3.310 G_LPIPS: 51.824 D_real: 0.042 D_fake: 1.281 \n"}
,{"stream_name":"stdout","time":6365.487966786,"data":"(epoch: 13, iters: 1300, time: 0.208, data: 0.003) G_GAN: 2.094 G_LPIPS: 54.372 D_real: 0.064 D_fake: 0.216 \n"}
,{"stream_name":"stdout","time":6365.487969076,"data":"(epoch: 13, iters: 1320, time: 0.165, data: 0.003) G_GAN: 1.857 G_LPIPS: 54.736 D_real: 0.067 D_fake: 0.452 \n"}
,{"stream_name":"stdout","time":6365.487971358,"data":"(epoch: 13, iters: 1340, time: 0.158, data: 0.003) G_GAN: 1.876 G_LPIPS: 52.275 D_real: 0.726 D_fake: 0.031 \n"}
,{"stream_name":"stdout","time":6365.487973654,"data":"(epoch: 13, iters: 1360, time: 0.158, data: 0.003) G_GAN: 2.269 G_LPIPS: 55.441 D_real: 0.057 D_fake: 0.684 \n"}
,{"stream_name":"stdout","time":6365.487975935,"data":"(epoch: 13, iters: 1380, time: 0.158, data: 0.003) G_GAN: 1.440 G_LPIPS: 52.808 D_real: 1.264 D_fake: 0.125 \n"}
,{"stream_name":"stdout","time":6365.487978212,"data":"(epoch: 13, iters: 1400, time: 0.162, data: 0.003) G_GAN: 1.689 G_LPIPS: 57.228 D_real: 0.029 D_fake: 0.487 \n"}
,{"stream_name":"stdout","time":6365.487980514,"data":"(epoch: 13, iters: 1420, time: 0.208, data: 0.003) G_GAN: 3.069 G_LPIPS: 50.251 D_real: 0.142 D_fake: 0.145 \n"}
,{"stream_name":"stdout","time":6365.487982797,"data":"(epoch: 13, iters: 1440, time: 0.157, data: 0.003) G_GAN: 2.509 G_LPIPS: 58.121 D_real: 0.040 D_fake: 0.204 \n"}
,{"stream_name":"stdout","time":6365.487985082,"data":"(epoch: 13, iters: 1460, time: 0.209, data: 0.003) G_GAN: 2.572 G_LPIPS: 55.681 D_real: 0.286 D_fake: 0.106 \n"}
,{"stream_name":"stdout","time":6365.48798746,"data":"(epoch: 13, iters: 1480, time: 0.159, data: 0.003) G_GAN: 1.423 G_LPIPS: 56.644 D_real: 0.258 D_fake: 0.992 \n"}
,{"stream_name":"stdout","time":6365.487989773,"data":"(epoch: 13, iters: 1500, time: 0.212, data: 0.003) G_GAN: 2.488 G_LPIPS: 55.304 D_real: 0.774 D_fake: 0.035 \n"}
,{"stream_name":"stdout","time":6550.298664513,"data":"(epoch: 13, iters: 1520, time: 0.159, data: 0.003) G_GAN: 3.019 G_LPIPS: 55.187 D_real: 0.350 D_fake: 0.048 \n"}
,{"stream_name":"stdout","time":6550.298723161,"data":"(epoch: 13, iters: 1540, time: 0.209, data: 0.003) G_GAN: 3.298 G_LPIPS: 59.388 D_real: 0.117 D_fake: 0.178 \n"}
,{"stream_name":"stdout","time":6550.298730119,"data":"(epoch: 13, iters: 1560, time: 0.159, data: 0.003) G_GAN: 2.843 G_LPIPS: 49.028 D_real: 0.014 D_fake: 0.408 \n"}
,{"stream_name":"stdout","time":6550.298735349,"data":"(epoch: 13, iters: 1580, time: 0.159, data: 0.003) G_GAN: 3.339 G_LPIPS: 59.517 D_real: 0.006 D_fake: 0.209 \n"}
,{"stream_name":"stdout","time":6550.298745574,"data":"(epoch: 13, iters: 1600, time: 0.158, data: 0.003) G_GAN: 3.052 G_LPIPS: 55.735 D_real: 0.012 D_fake: 0.224 \n"}
,{"stream_name":"stdout","time":6550.298749318,"data":"(epoch: 13, iters: 1620, time: 0.210, data: 0.004) G_GAN: 1.567 G_LPIPS: 53.762 D_real: 0.305 D_fake: 0.392 \n"}
,{"stream_name":"stdout","time":6550.298765989,"data":"(epoch: 13, iters: 1640, time: 0.160, data: 0.004) G_GAN: 2.596 G_LPIPS: 59.643 D_real: 0.006 D_fake: 0.291 \n"}
,{"stream_name":"stdout","time":6550.298768876,"data":"(epoch: 13, iters: 1660, time: 0.158, data: 0.003) G_GAN: 1.090 G_LPIPS: 52.296 D_real: 0.663 D_fake: 0.271 \n"}
,{"stream_name":"stdout","time":6550.298793965,"data":"(epoch: 13, iters: 1680, time: 0.159, data: 0.003) G_GAN: 0.625 G_LPIPS: 53.117 D_real: 1.257 D_fake: 0.146 \n"}
,{"stream_name":"stdout","time":6550.298798655,"data":"(epoch: 13, iters: 1700, time: 0.209, data: 0.003) G_GAN: 1.150 G_LPIPS: 51.460 D_real: 0.549 D_fake: 0.403 \n"}
,{"stream_name":"stdout","time":6550.298803342,"data":"(epoch: 13, iters: 1720, time: 0.158, data: 0.003) G_GAN: 2.250 G_LPIPS: 56.392 D_real: 0.225 D_fake: 0.118 \n"}
,{"stream_name":"stdout","time":6550.298807646,"data":"(epoch: 13, iters: 1740, time: 0.158, data: 0.004) G_GAN: 2.392 G_LPIPS: 59.715 D_real: 0.001 D_fake: 0.792 \n"}
,{"stream_name":"stdout","time":6550.298812178,"data":"(epoch: 13, iters: 1760, time: 0.160, data: 0.003) G_GAN: 2.509 G_LPIPS: 55.302 D_real: 0.037 D_fake: 0.191 \n"}
,{"stream_name":"stdout","time":6550.29881638,"data":"(epoch: 13, iters: 1780, time: 0.208, data: 0.003) G_GAN: 2.894 G_LPIPS: 55.175 D_real: 0.500 D_fake: 0.055 \n"}
,{"stream_name":"stdout","time":6550.29882021,"data":"(epoch: 13, iters: 1800, time: 0.160, data: 0.003) G_GAN: 2.984 G_LPIPS: 55.609 D_real: 0.022 D_fake: 0.132 \n"}
,{"stream_name":"stdout","time":6550.298823906,"data":"(epoch: 13, iters: 1820, time: 0.208, data: 0.003) G_GAN: 2.193 G_LPIPS: 56.756 D_real: 0.214 D_fake: 0.112 \n"}
,{"stream_name":"stdout","time":6550.298827632,"data":"(epoch: 13, iters: 1840, time: 0.159, data: 0.004) G_GAN: 2.729 G_LPIPS: 53.086 D_real: 0.166 D_fake: 0.199 \n"}
,{"stream_name":"stdout","time":6550.298831475,"data":"(epoch: 13, iters: 1860, time: 0.158, data: 0.004) G_GAN: 2.091 G_LPIPS: 56.683 D_real: 0.039 D_fake: 0.521 \n"}
,{"stream_name":"stdout","time":6550.298835358,"data":"(epoch: 13, iters: 1880, time: 0.159, data: 0.004) G_GAN: 1.913 G_LPIPS: 53.143 D_real: 0.242 D_fake: 0.152 \n"}
,{"stream_name":"stdout","time":6550.298840623,"data":"(epoch: 13, iters: 1900, time: 0.216, data: 0.003) G_GAN: 2.716 G_LPIPS: 54.855 D_real: 0.189 D_fake: 0.105 \n"}
,{"stream_name":"stdout","time":6550.298844363,"data":"(epoch: 13, iters: 1920, time: 0.159, data: 0.003) G_GAN: 1.638 G_LPIPS: 51.798 D_real: 0.192 D_fake: 0.389 \n"}
,{"stream_name":"stdout","time":6550.298848071,"data":"(epoch: 13, iters: 1940, time: 0.208, data: 0.003) G_GAN: 1.611 G_LPIPS: 54.610 D_real: 0.237 D_fake: 0.254 \n"}
,{"stream_name":"stdout","time":6550.298851778,"data":"(epoch: 13, iters: 1960, time: 0.158, data: 0.003) G_GAN: 2.942 G_LPIPS: 55.300 D_real: 0.226 D_fake: 0.063 \n"}
,{"stream_name":"stdout","time":6550.298855507,"data":"(epoch: 13, iters: 1980, time: 0.163, data: 0.003) G_GAN: 1.950 G_LPIPS: 52.929 D_real: 0.249 D_fake: 0.250 \n"}
,{"stream_name":"stdout","time":6550.298860968,"data":"(epoch: 13, iters: 2000, time: 0.159, data: 0.003) G_GAN: 1.381 G_LPIPS: 48.628 D_real: 0.859 D_fake: 0.048 \n"}
,{"stream_name":"stdout","time":6550.298868091,"data":"(epoch: 13, iters: 2020, time: 0.208, data: 0.003) G_GAN: 2.596 G_LPIPS: 51.413 D_real: 0.476 D_fake: 0.041 \n"}
,{"stream_name":"stdout","time":6550.298870664,"data":"(epoch: 13, iters: 2040, time: 0.159, data: 0.003) G_GAN: 0.831 G_LPIPS: 54.593 D_real: 0.947 D_fake: 0.123 \n"}
,{"stream_name":"stdout","time":6550.298873126,"data":"(epoch: 13, iters: 2060, time: 0.212, data: 0.003) G_GAN: 2.285 G_LPIPS: 55.760 D_real: 0.071 D_fake: 0.320 \n"}
,{"stream_name":"stdout","time":6550.298875644,"data":"(epoch: 13, iters: 2080, time: 0.161, data: 0.004) G_GAN: 3.339 G_LPIPS: 54.844 D_real: 0.551 D_fake: 0.039 \n"}
,{"stream_name":"stdout","time":6550.298896147,"data":"(epoch: 13, iters: 2100, time: 0.160, data: 0.003) G_GAN: 3.012 G_LPIPS: 56.936 D_real: 0.156 D_fake: 0.079 \n"}
,{"stream_name":"stdout","time":6550.298901396,"data":"(epoch: 13, iters: 2120, time: 0.160, data: 0.003) G_GAN: 1.959 G_LPIPS: 50.594 D_real: 0.046 D_fake: 0.200 \n"}
,{"stream_name":"stdout","time":6550.298905969,"data":"(epoch: 13, iters: 2140, time: 0.210, data: 0.004) G_GAN: 1.933 G_LPIPS: 56.917 D_real: 0.054 D_fake: 0.540 \n"}
,{"stream_name":"stdout","time":6550.298910401,"data":"(epoch: 13, iters: 2160, time: 0.161, data: 0.004) G_GAN: 2.593 G_LPIPS: 58.638 D_real: 0.026 D_fake: 0.423 \n"}
,{"stream_name":"stdout","time":6550.298914556,"data":"(epoch: 13, iters: 2180, time: 0.212, data: 0.004) G_GAN: 1.660 G_LPIPS: 49.728 D_real: 0.263 D_fake: 0.349 \n"}
,{"stream_name":"stdout","time":6550.298918368,"data":"(epoch: 13, iters: 2200, time: 0.179, data: 0.003) G_GAN: 2.210 G_LPIPS: 57.957 D_real: 0.189 D_fake: 0.110 \n"}
,{"stream_name":"stdout","time":6550.298922146,"data":"(epoch: 13, iters: 2220, time: 0.212, data: 0.003) G_GAN: 2.435 G_LPIPS: 54.997 D_real: 0.045 D_fake: 0.141 \n"}
,{"stream_name":"stdout","time":6550.298925962,"data":"(epoch: 13, iters: 2240, time: 0.159, data: 0.003) G_GAN: 2.755 G_LPIPS: 53.890 D_real: 0.032 D_fake: 0.281 \n"}
,{"stream_name":"stdout","time":6550.298929693,"data":"(epoch: 13, iters: 2260, time: 0.159, data: 0.003) G_GAN: 4.017 G_LPIPS: 55.312 D_real: 0.065 D_fake: 0.068 \n"}
,{"stream_name":"stdout","time":6550.298933955,"data":"(epoch: 13, iters: 2280, time: 0.160, data: 0.003) G_GAN: 3.554 G_LPIPS: 58.078 D_real: 0.003 D_fake: 0.866 \n"}
,{"stream_name":"stdout","time":6550.298937798,"data":"(epoch: 13, iters: 2300, time: 0.209, data: 0.003) G_GAN: 1.815 G_LPIPS: 50.324 D_real: 0.179 D_fake: 0.567 \n"}
,{"stream_name":"stdout","time":6550.298941558,"data":"(epoch: 13, iters: 2320, time: 0.161, data: 0.003) G_GAN: 1.392 G_LPIPS: 52.544 D_real: 0.434 D_fake: 0.155 \n"}
,{"stream_name":"stdout","time":6550.29894532,"data":"(epoch: 13, iters: 2340, time: 0.210, data: 0.003) G_GAN: 3.453 G_LPIPS: 52.207 D_real: 0.405 D_fake: 0.039 \n"}
,{"stream_name":"stdout","time":6550.298949166,"data":"(epoch: 13, iters: 2360, time: 0.159, data: 0.003) G_GAN: 2.955 G_LPIPS: 56.396 D_real: 0.143 D_fake: 0.051 \n"}
,{"stream_name":"stdout","time":6550.298952868,"data":"(epoch: 13, iters: 2380, time: 0.160, data: 0.003) G_GAN: 2.634 G_LPIPS: 57.219 D_real: 0.221 D_fake: 0.336 \n"}
,{"stream_name":"stdout","time":6550.298956588,"data":"(epoch: 13, iters: 2400, time: 0.160, data: 0.003) G_GAN: 2.465 G_LPIPS: 57.165 D_real: 0.185 D_fake: 0.373 \n"}
,{"stream_name":"stdout","time":6550.298960333,"data":"(epoch: 13, iters: 2420, time: 0.210, data: 0.004) G_GAN: 3.770 G_LPIPS: 52.453 D_real: 0.115 D_fake: 0.129 \n"}
,{"stream_name":"stdout","time":6550.298964032,"data":"(epoch: 13, iters: 2440, time: 0.160, data: 0.004) G_GAN: 2.928 G_LPIPS: 51.308 D_real: 0.163 D_fake: 0.285 \n"}
,{"stream_name":"stdout","time":6550.298969683,"data":"(epoch: 13, iters: 2460, time: 0.210, data: 0.003) G_GAN: 3.248 G_LPIPS: 51.940 D_real: 0.090 D_fake: 0.709 \n"}
,{"stream_name":"stdout","time":6550.298976222,"data":"(epoch: 13, iters: 2480, time: 0.160, data: 0.004) G_GAN: 3.124 G_LPIPS: 55.361 D_real: 0.024 D_fake: 1.179 \n"}
,{"stream_name":"stdout","time":6550.298979694,"data":"(epoch: 13, iters: 2500, time: 0.159, data: 0.003) G_GAN: 3.176 G_LPIPS: 53.973 D_real: 0.088 D_fake: 0.639 \n"}
,{"stream_name":"stdout","time":6550.298995101,"data":"(epoch: 13, iters: 2520, time: 0.159, data: 0.003) G_GAN: 2.902 G_LPIPS: 54.508 D_real: 0.066 D_fake: 0.289 \n"}
,{"stream_name":"stdout","time":6550.298999639,"data":"(epoch: 13, iters: 2540, time: 0.209, data: 0.003) G_GAN: 2.379 G_LPIPS: 59.947 D_real: 0.025 D_fake: 0.491 \n"}
,{"stream_name":"stdout","time":6550.299008065,"data":"(epoch: 13, iters: 2560, time: 0.161, data: 0.003) G_GAN: 2.588 G_LPIPS: 53.403 D_real: 0.065 D_fake: 0.436 \n"}
,{"stream_name":"stdout","time":6550.299012216,"data":"(epoch: 13, iters: 2580, time: 0.161, data: 0.003) G_GAN: 3.253 G_LPIPS: 55.450 D_real: 0.025 D_fake: 0.151 \n"}
,{"stream_name":"stdout","time":6550.299015974,"data":"(epoch: 13, iters: 2600, time: 0.160, data: 0.003) G_GAN: 1.662 G_LPIPS: 53.411 D_real: 0.418 D_fake: 0.147 \n"}
,{"stream_name":"stdout","time":6550.299019654,"data":"(epoch: 13, iters: 2620, time: 0.160, data: 0.003) G_GAN: 2.629 G_LPIPS: 54.974 D_real: 0.132 D_fake: 0.120 \n"}
,{"stream_name":"stdout","time":6550.299023358,"data":"(epoch: 13, iters: 2640, time: 0.160, data: 0.003) G_GAN: 1.141 G_LPIPS: 54.798 D_real: 0.649 D_fake: 0.498 \n"}
,{"stream_name":"stdout","time":6550.299027607,"data":"(epoch: 13, iters: 2660, time: 0.165, data: 0.003) G_GAN: 2.891 G_LPIPS: 54.890 D_real: 0.741 D_fake: 0.036 \n"}
,{"stream_name":"stdout","time":6550.299031404,"data":"(epoch: 13, iters: 2680, time: 0.158, data: 0.003) G_GAN: 1.949 G_LPIPS: 55.079 D_real: 0.053 D_fake: 0.188 \n"}
,{"stream_name":"stdout","time":6550.299035154,"data":"(epoch: 13, iters: 2700, time: 0.160, data: 0.003) G_GAN: 1.482 G_LPIPS: 57.006 D_real: 0.565 D_fake: 0.245 \n"}
,{"stream_name":"stdout","time":6550.299038869,"data":"(epoch: 13, iters: 2720, time: 0.165, data: 0.003) G_GAN: 2.116 G_LPIPS: 60.803 D_real: 0.004 D_fake: 1.784 \n"}
,{"stream_name":"stdout","time":6550.299042569,"data":"(epoch: 13, iters: 2740, time: 0.160, data: 0.003) G_GAN: 2.393 G_LPIPS: 56.211 D_real: 0.393 D_fake: 0.148 \n"}
,{"stream_name":"stdout","time":6550.299046263,"data":"(epoch: 13, iters: 2760, time: 0.159, data: 0.003) G_GAN: 3.324 G_LPIPS: 59.422 D_real: 0.062 D_fake: 0.095 \n"}
,{"stream_name":"stdout","time":6550.299049998,"data":"(epoch: 13, iters: 2780, time: 0.160, data: 0.003) G_GAN: 3.556 G_LPIPS: 52.183 D_real: 0.038 D_fake: 0.460 \n"}
,{"stream_name":"stdout","time":6550.299053732,"data":"(epoch: 13, iters: 2800, time: 0.161, data: 0.003) G_GAN: 2.466 G_LPIPS: 54.197 D_real: 0.407 D_fake: 0.159 \n"}
,{"stream_name":"stdout","time":6550.29905743,"data":"(epoch: 13, iters: 2820, time: 0.160, data: 0.003) G_GAN: 3.311 G_LPIPS: 58.577 D_real: 0.196 D_fake: 0.060 \n"}
,{"stream_name":"stdout","time":6550.299061231,"data":"(epoch: 13, iters: 2840, time: 0.160, data: 0.003) G_GAN: 1.340 G_LPIPS: 49.450 D_real: 0.735 D_fake: 0.161 \n"}
,{"stream_name":"stdout","time":6550.299066804,"data":"(epoch: 13, iters: 2860, time: 0.158, data: 0.003) G_GAN: 3.021 G_LPIPS: 46.481 D_real: 0.271 D_fake: 0.831 \n"}
,{"stream_name":"stdout","time":6550.299075944,"data":"(epoch: 13, iters: 2880, time: 0.161, data: 0.003) G_GAN: 2.747 G_LPIPS: 53.490 D_real: 0.291 D_fake: 0.083 \n"}
,{"stream_name":"stdout","time":6550.299091336,"data":"(epoch: 13, iters: 2900, time: 0.159, data: 0.003) G_GAN: 1.941 G_LPIPS: 60.268 D_real: 0.014 D_fake: 0.477 \n"}
,{"stream_name":"stdout","time":6550.299095746,"data":"(epoch: 13, iters: 2920, time: 0.160, data: 0.003) G_GAN: 1.852 G_LPIPS: 54.880 D_real: 0.105 D_fake: 0.560 \n"}
,{"stream_name":"stdout","time":6550.299100014,"data":"(epoch: 13, iters: 2940, time: 0.163, data: 0.003) G_GAN: 2.447 G_LPIPS: 55.498 D_real: 0.086 D_fake: 0.187 \n"}
,{"stream_name":"stdout","time":6550.299104721,"data":"(epoch: 13, iters: 2960, time: 0.160, data: 0.003) G_GAN: 1.511 G_LPIPS: 49.782 D_real: 1.033 D_fake: 0.105 \n"}
,{"stream_name":"stdout","time":6550.29910869,"data":"(epoch: 13, iters: 2980, time: 0.160, data: 0.003) G_GAN: 1.228 G_LPIPS: 57.321 D_real: 0.731 D_fake: 0.145 \n"}
,{"stream_name":"stdout","time":6550.29911245,"data":"(epoch: 13, iters: 3000, time: 0.159, data: 0.003) G_GAN: 3.255 G_LPIPS: 54.714 D_real: 0.022 D_fake: 0.078 \n"}
,{"stream_name":"stdout","time":6550.299119487,"data":"(epoch: 13, iters: 3020, time: 0.161, data: 0.003) G_GAN: 2.819 G_LPIPS: 57.385 D_real: 0.105 D_fake: 0.120 \n"}
,{"stream_name":"stdout","time":6735.665334814,"data":"(epoch: 13, iters: 3040, time: 0.160, data: 0.003) G_GAN: 3.027 G_LPIPS: 55.112 D_real: 0.131 D_fake: 0.179 \n"}
,{"stream_name":"stdout","time":6735.665393421,"data":"(epoch: 13, iters: 3060, time: 0.160, data: 0.003) G_GAN: 2.035 G_LPIPS: 50.787 D_real: 0.306 D_fake: 0.335 \n"}
,{"stream_name":"stdout","time":6735.665399864,"data":"(epoch: 13, iters: 3080, time: 0.158, data: 0.003) G_GAN: 3.381 G_LPIPS: 58.885 D_real: 0.119 D_fake: 0.672 \n"}
,{"stream_name":"stdout","time":6735.665404596,"data":"(epoch: 13, iters: 3100, time: 0.160, data: 0.003) G_GAN: 2.429 G_LPIPS: 56.156 D_real: 0.060 D_fake: 0.364 \n"}
,{"stream_name":"stdout","time":6735.665409429,"data":"(epoch: 13, iters: 3120, time: 0.160, data: 0.003) G_GAN: 2.187 G_LPIPS: 52.188 D_real: 0.170 D_fake: 0.196 \n"}
,{"stream_name":"stdout","time":6735.665419043,"data":"(epoch: 13, iters: 3140, time: 0.159, data: 0.003) G_GAN: 2.454 G_LPIPS: 50.934 D_real: 0.132 D_fake: 0.166 \n"}
,{"stream_name":"stdout","time":6735.665422653,"data":"(epoch: 13, iters: 3160, time: 0.160, data: 0.003) G_GAN: 2.873 G_LPIPS: 55.583 D_real: 0.057 D_fake: 0.079 \n"}
,{"stream_name":"stdout","time":6735.665425694,"data":"(epoch: 13, iters: 3180, time: 0.159, data: 0.003) G_GAN: 2.375 G_LPIPS: 58.704 D_real: 0.019 D_fake: 0.977 \n"}
,{"stream_name":"stdout","time":6735.665430954,"data":"(epoch: 13, iters: 3200, time: 0.161, data: 0.003) G_GAN: 2.373 G_LPIPS: 52.164 D_real: 0.066 D_fake: 0.336 \n"}
,{"stream_name":"stdout","time":6735.66543402,"data":"(epoch: 13, iters: 3220, time: 0.160, data: 0.003) G_GAN: 1.577 G_LPIPS: 54.384 D_real: 0.357 D_fake: 0.419 \n"}
,{"stream_name":"stdout","time":6735.665437048,"data":"(epoch: 13, iters: 3240, time: 0.208, data: 0.003) G_GAN: 2.921 G_LPIPS: 53.590 D_real: 0.048 D_fake: 0.366 \n"}
,{"stream_name":"stdout","time":6735.665440157,"data":"(epoch: 13, iters: 3260, time: 0.161, data: 0.003) G_GAN: 2.966 G_LPIPS: 53.873 D_real: 0.135 D_fake: 0.079 \n"}
,{"stream_name":"stdout","time":6735.665443137,"data":"(epoch: 13, iters: 3280, time: 0.208, data: 0.003) G_GAN: 2.324 G_LPIPS: 48.215 D_real: 0.034 D_fake: 1.057 \n"}
,{"stream_name":"stdout","time":6735.665446371,"data":"(epoch: 13, iters: 3300, time: 0.160, data: 0.003) G_GAN: 1.862 G_LPIPS: 54.949 D_real: 0.201 D_fake: 1.040 \n"}
,{"stream_name":"stdout","time":6735.665449475,"data":"(epoch: 13, iters: 3320, time: 0.210, data: 0.003) G_GAN: 1.819 G_LPIPS: 57.689 D_real: 0.186 D_fake: 0.147 \n"}
,{"stream_name":"stdout","time":6735.665453237,"data":"(epoch: 13, iters: 3340, time: 0.160, data: 0.003) G_GAN: 1.903 G_LPIPS: 58.899 D_real: 0.220 D_fake: 0.256 \n"}
,{"stream_name":"stdout","time":6735.665470798,"data":"(epoch: 13, iters: 3360, time: 0.210, data: 0.003) G_GAN: 2.725 G_LPIPS: 58.869 D_real: 0.010 D_fake: 0.174 \n"}
,{"stream_name":"stdout","time":6735.665476573,"data":"(epoch: 13, iters: 3380, time: 0.160, data: 0.003) G_GAN: 1.749 G_LPIPS: 52.800 D_real: 0.692 D_fake: 0.089 \n"}
,{"stream_name":"stdout","time":6735.66549313,"data":"(epoch: 13, iters: 3400, time: 0.161, data: 0.003) G_GAN: 2.321 G_LPIPS: 56.625 D_real: 0.337 D_fake: 0.093 \n"}
,{"stream_name":"stdout","time":6735.665499691,"data":"(epoch: 13, iters: 3420, time: 0.159, data: 0.004) G_GAN: 1.669 G_LPIPS: 54.566 D_real: 0.121 D_fake: 0.654 \n"}
,{"stream_name":"stdout","time":6735.665504322,"data":"(epoch: 13, iters: 3440, time: 0.159, data: 0.003) G_GAN: 2.313 G_LPIPS: 52.725 D_real: 0.129 D_fake: 0.255 \n"}
,{"stream_name":"stdout","time":6735.665508904,"data":"(epoch: 13, iters: 3460, time: 0.159, data: 0.003) G_GAN: 2.130 G_LPIPS: 61.096 D_real: 0.008 D_fake: 1.189 \n"}
,{"stream_name":"stdout","time":6735.665526189,"data":"(epoch: 13, iters: 3480, time: 0.161, data: 0.003) G_GAN: 2.381 G_LPIPS: 57.498 D_real: 0.367 D_fake: 0.150 \n"}
,{"stream_name":"stdout","time":6735.665531709,"data":"(epoch: 13, iters: 3500, time: 0.161, data: 0.004) G_GAN: 2.229 G_LPIPS: 52.808 D_real: 0.332 D_fake: 0.133 \n"}
,{"stream_name":"stdout","time":6735.66553819,"data":"(epoch: 13, iters: 3520, time: 0.160, data: 0.003) G_GAN: 1.593 G_LPIPS: 55.070 D_real: 0.220 D_fake: 0.269 \n"}
,{"stream_name":"stdout","time":6735.665540637,"data":"(epoch: 13, iters: 3540, time: 0.166, data: 0.003) G_GAN: 2.422 G_LPIPS: 58.156 D_real: 0.231 D_fake: 0.104 \n"}
,{"stream_name":"stdout","time":6735.665543013,"data":"(epoch: 13, iters: 3560, time: 0.161, data: 0.003) G_GAN: 2.462 G_LPIPS: 58.099 D_real: 0.019 D_fake: 0.122 \n"}
,{"stream_name":"stdout","time":6735.66554531,"data":"(epoch: 13, iters: 3580, time: 0.161, data: 0.003) G_GAN: 1.722 G_LPIPS: 52.499 D_real: 0.330 D_fake: 0.170 \n"}
,{"stream_name":"stdout","time":6735.665547663,"data":"(epoch: 13, iters: 3600, time: 0.161, data: 0.003) G_GAN: 2.132 G_LPIPS: 58.400 D_real: 0.929 D_fake: 0.039 \n"}
,{"stream_name":"stdout","time":6735.665550049,"data":"(epoch: 13, iters: 3620, time: 0.162, data: 0.003) G_GAN: 2.285 G_LPIPS: 55.531 D_real: 0.043 D_fake: 0.235 \n"}
,{"stream_name":"stdout","time":6735.665564569,"data":"(epoch: 13, iters: 3640, time: 0.161, data: 0.003) G_GAN: 3.160 G_LPIPS: 53.351 D_real: 0.310 D_fake: 0.079 \n"}
,{"stream_name":"stdout","time":6735.665595608,"data":"(epoch: 13, iters: 3660, time: 0.161, data: 0.003) G_GAN: 2.445 G_LPIPS: 55.079 D_real: 0.103 D_fake: 0.183 \n"}
,{"stream_name":"stdout","time":6735.665600495,"data":"(epoch: 13, iters: 3680, time: 0.160, data: 0.003) G_GAN: 1.866 G_LPIPS: 54.915 D_real: 0.087 D_fake: 0.432 \n"}
,{"stream_name":"stdout","time":6735.665604406,"data":"(epoch: 13, iters: 3700, time: 0.162, data: 0.003) G_GAN: 2.606 G_LPIPS: 51.429 D_real: 0.046 D_fake: 0.242 \n"}
,{"stream_name":"stdout","time":6735.665607917,"data":"(epoch: 13, iters: 3720, time: 0.162, data: 0.004) G_GAN: 2.249 G_LPIPS: 57.198 D_real: 0.004 D_fake: 0.457 \n"}
,{"stream_name":"stdout","time":6735.665611732,"data":"(epoch: 13, iters: 3740, time: 0.160, data: 0.003) G_GAN: 2.018 G_LPIPS: 55.700 D_real: 0.341 D_fake: 0.090 \n"}
,{"stream_name":"stdout","time":6735.665615271,"data":"(epoch: 13, iters: 3760, time: 0.161, data: 0.003) G_GAN: 2.367 G_LPIPS: 58.282 D_real: 0.547 D_fake: 0.034 \n"}
,{"stream_name":"stdout","time":6735.665618977,"data":"(epoch: 13, iters: 3780, time: 0.161, data: 0.003) G_GAN: 2.251 G_LPIPS: 55.882 D_real: 0.345 D_fake: 0.106 \n"}
,{"stream_name":"stdout","time":6735.665623015,"data":"(epoch: 13, iters: 3800, time: 0.166, data: 0.003) G_GAN: 2.584 G_LPIPS: 55.448 D_real: 0.272 D_fake: 0.069 \n"}
,{"stream_name":"stdout","time":6735.665626623,"data":"(epoch: 13, iters: 3820, time: 0.160, data: 0.003) G_GAN: 2.304 G_LPIPS: 53.315 D_real: 1.130 D_fake: 0.043 \n"}
,{"stream_name":"stdout","time":6735.665630279,"data":"(epoch: 13, iters: 3840, time: 0.162, data: 0.003) G_GAN: 2.977 G_LPIPS: 53.341 D_real: 0.026 D_fake: 0.631 \n"}
,{"stream_name":"stdout","time":6735.665633777,"data":"(epoch: 13, iters: 3860, time: 0.162, data: 0.003) G_GAN: 2.993 G_LPIPS: 53.559 D_real: 0.042 D_fake: 0.197 \n"}
,{"stream_name":"stdout","time":6735.665637278,"data":"(epoch: 13, iters: 3880, time: 0.161, data: 0.003) G_GAN: 3.006 G_LPIPS: 56.344 D_real: 0.084 D_fake: 0.081 \n"}
,{"stream_name":"stdout","time":6735.665640856,"data":"(epoch: 13, iters: 3900, time: 0.162, data: 0.003) G_GAN: 2.870 G_LPIPS: 51.379 D_real: 0.074 D_fake: 0.956 \n"}
,{"stream_name":"stdout","time":6735.665644324,"data":"(epoch: 13, iters: 3920, time: 0.161, data: 0.003) G_GAN: 2.718 G_LPIPS: 53.504 D_real: 0.159 D_fake: 0.095 \n"}
,{"stream_name":"stdout","time":6735.665652144,"data":"(epoch: 13, iters: 3940, time: 0.162, data: 0.003) G_GAN: 2.411 G_LPIPS: 55.257 D_real: 0.141 D_fake: 0.365 \n"}
,{"stream_name":"stdout","time":6735.665657619,"data":"(epoch: 13, iters: 3960, time: 0.160, data: 0.003) G_GAN: 2.856 G_LPIPS: 49.170 D_real: 0.583 D_fake: 0.060 \n"}
,{"stream_name":"stdout","time":6735.665664352,"data":"(epoch: 13, iters: 3980, time: 0.160, data: 0.003) G_GAN: 1.826 G_LPIPS: 57.531 D_real: 0.436 D_fake: 0.117 \n"}
,{"stream_name":"stdout","time":6735.665667567,"data":"(epoch: 13, iters: 4000, time: 0.161, data: 0.003) G_GAN: 2.323 G_LPIPS: 53.705 D_real: 0.304 D_fake: 0.045 \n"}
,{"stream_name":"stdout","time":6735.66568222,"data":"(epoch: 13, iters: 4020, time: 0.161, data: 0.003) G_GAN: 1.955 G_LPIPS: 54.436 D_real: 0.117 D_fake: 0.257 \n"}
,{"stream_name":"stdout","time":6735.665686412,"data":"(epoch: 13, iters: 4040, time: 0.162, data: 0.003) G_GAN: 2.560 G_LPIPS: 53.949 D_real: 0.052 D_fake: 0.326 \n"}
,{"stream_name":"stdout","time":6735.665690682,"data":"(epoch: 13, iters: 4060, time: 0.212, data: 0.004) G_GAN: 2.218 G_LPIPS: 52.618 D_real: 0.363 D_fake: 0.118 \n"}
,{"stream_name":"stdout","time":6735.665696133,"data":"(epoch: 13, iters: 4080, time: 0.161, data: 0.003) G_GAN: 2.166 G_LPIPS: 57.950 D_real: 0.011 D_fake: 0.669 \n"}
,{"stream_name":"stdout","time":6735.66570004,"data":"(epoch: 13, iters: 4100, time: 0.211, data: 0.003) G_GAN: 2.155 G_LPIPS: 55.752 D_real: 0.111 D_fake: 0.239 \n"}
,{"stream_name":"stdout","time":6735.66570428,"data":"(epoch: 13, iters: 4120, time: 0.162, data: 0.003) G_GAN: 2.290 G_LPIPS: 60.591 D_real: 0.026 D_fake: 0.990 \n"}
,{"stream_name":"stdout","time":6735.665707743,"data":"(epoch: 13, iters: 4140, time: 0.211, data: 0.003) G_GAN: 2.765 G_LPIPS: 57.794 D_real: 0.003 D_fake: 0.825 \n"}
,{"stream_name":"stdout","time":6735.665711295,"data":"(epoch: 13, iters: 4160, time: 0.161, data: 0.004) G_GAN: 1.920 G_LPIPS: 48.015 D_real: 0.574 D_fake: 0.092 \n"}
,{"stream_name":"stdout","time":6735.665715502,"data":"(epoch: 13, iters: 4180, time: 0.211, data: 0.003) G_GAN: 1.103 G_LPIPS: 54.093 D_real: 0.988 D_fake: 0.095 \n"}
,{"stream_name":"stdout","time":6735.665719092,"data":"(epoch: 13, iters: 4200, time: 0.180, data: 0.003) G_GAN: 3.586 G_LPIPS: 58.307 D_real: 0.015 D_fake: 0.063 \n"}
,{"stream_name":"stdout","time":6735.665722679,"data":"saving the latest model (epoch 13, total_iters 60000)\n"}
,{"stream_name":"stdout","time":6735.665726147,"data":"(epoch: 13, iters: 4220, time: 0.160, data: 0.003) G_GAN: 3.706 G_LPIPS: 58.665 D_real: 0.245 D_fake: 0.041 \n"}
,{"stream_name":"stdout","time":6735.665729972,"data":"(epoch: 13, iters: 4240, time: 0.161, data: 0.003) G_GAN: 1.727 G_LPIPS: 54.400 D_real: 0.016 D_fake: 0.794 \n"}
,{"stream_name":"stdout","time":6735.665733608,"data":"(epoch: 13, iters: 4260, time: 0.164, data: 0.003) G_GAN: 2.901 G_LPIPS: 57.545 D_real: 0.453 D_fake: 0.030 \n"}
,{"stream_name":"stdout","time":6735.66573717,"data":"(epoch: 13, iters: 4280, time: 0.161, data: 0.003) G_GAN: 3.767 G_LPIPS: 56.954 D_real: 0.184 D_fake: 0.060 \n"}
,{"stream_name":"stdout","time":6735.66574065,"data":"(epoch: 13, iters: 4300, time: 0.161, data: 0.003) G_GAN: 1.871 G_LPIPS: 54.373 D_real: 0.230 D_fake: 0.113 \n"}
,{"stream_name":"stdout","time":6735.665744145,"data":"(epoch: 13, iters: 4320, time: 0.161, data: 0.003) G_GAN: 1.777 G_LPIPS: 53.193 D_real: 0.185 D_fake: 0.438 \n"}
,{"stream_name":"stdout","time":6735.665747905,"data":"(epoch: 13, iters: 4340, time: 0.162, data: 0.003) G_GAN: 1.945 G_LPIPS: 54.632 D_real: 0.089 D_fake: 0.928 \n"}
,{"stream_name":"stdout","time":6735.665751511,"data":"(epoch: 13, iters: 4360, time: 0.162, data: 0.003) G_GAN: 2.606 G_LPIPS: 54.708 D_real: 0.205 D_fake: 0.242 \n"}
,{"stream_name":"stdout","time":6735.665763357,"data":"(epoch: 13, iters: 4380, time: 0.161, data: 0.003) G_GAN: 2.186 G_LPIPS: 54.102 D_real: 0.080 D_fake: 0.925 \n"}
,{"stream_name":"stdout","time":6735.665780375,"data":"(epoch: 13, iters: 4400, time: 0.162, data: 0.003) G_GAN: 1.986 G_LPIPS: 54.696 D_real: 0.035 D_fake: 0.727 \n"}
,{"stream_name":"stdout","time":6735.665784671,"data":"(epoch: 13, iters: 4420, time: 0.161, data: 0.003) G_GAN: 2.463 G_LPIPS: 54.866 D_real: 0.249 D_fake: 0.185 \n"}
,{"stream_name":"stdout","time":6735.665788793,"data":"(epoch: 13, iters: 4440, time: 0.162, data: 0.003) G_GAN: 2.925 G_LPIPS: 53.009 D_real: 0.036 D_fake: 0.084 \n"}
,{"stream_name":"stdout","time":6735.665793141,"data":"(epoch: 13, iters: 4460, time: 0.162, data: 0.003) G_GAN: 2.840 G_LPIPS: 52.316 D_real: 0.108 D_fake: 0.139 \n"}
,{"stream_name":"stdout","time":6735.665796969,"data":"(epoch: 13, iters: 4480, time: 0.161, data: 0.003) G_GAN: 2.608 G_LPIPS: 54.198 D_real: 0.060 D_fake: 0.424 \n"}
,{"stream_name":"stdout","time":6735.665800491,"data":"(epoch: 13, iters: 4500, time: 0.162, data: 0.003) G_GAN: 2.069 G_LPIPS: 53.021 D_real: 0.133 D_fake: 0.254 \n"}
,{"stream_name":"stdout","time":6735.665803982,"data":"(epoch: 13, iters: 4520, time: 0.160, data: 0.004) G_GAN: 2.376 G_LPIPS: 55.084 D_real: 0.023 D_fake: 0.201 \n"}
,{"stream_name":"stdout","time":6865.602554358,"data":"(epoch: 13, iters: 4540, time: 0.161, data: 0.003) G_GAN: 1.814 G_LPIPS: 54.959 D_real: 0.113 D_fake: 0.488 \n"}
,{"stream_name":"stdout","time":6865.602609605,"data":"(epoch: 13, iters: 4560, time: 0.211, data: 0.003) G_GAN: 1.822 G_LPIPS: 54.428 D_real: 0.532 D_fake: 0.073 \n"}
,{"stream_name":"stdout","time":6865.602615455,"data":"(epoch: 13, iters: 4580, time: 0.161, data: 0.003) G_GAN: 1.666 G_LPIPS: 51.151 D_real: 0.369 D_fake: 0.101 \n"}
,{"stream_name":"stdout","time":6865.602620304,"data":"(epoch: 13, iters: 4600, time: 0.211, data: 0.003) G_GAN: 2.712 G_LPIPS: 50.131 D_real: 0.039 D_fake: 0.254 \n"}
,{"stream_name":"stdout","time":6865.602625188,"data":"(epoch: 13, iters: 4620, time: 0.162, data: 0.003) G_GAN: 2.990 G_LPIPS: 60.305 D_real: 0.015 D_fake: 0.061 \n"}
,{"stream_name":"stdout","time":6865.60262989,"data":"(epoch: 13, iters: 4640, time: 0.160, data: 0.003) G_GAN: 3.092 G_LPIPS: 54.464 D_real: 0.134 D_fake: 0.063 \n"}
,{"stream_name":"stdout","time":6865.602634492,"data":"(epoch: 13, iters: 4660, time: 0.161, data: 0.004) G_GAN: 1.495 G_LPIPS: 50.241 D_real: 0.959 D_fake: 0.088 \n"}
,{"stream_name":"stdout","time":6865.602639385,"data":"(epoch: 13, iters: 4680, time: 0.161, data: 0.003) G_GAN: 1.940 G_LPIPS: 55.807 D_real: 0.524 D_fake: 0.129 \n"}
,{"stream_name":"stdout","time":6865.602644192,"data":"(epoch: 13, iters: 4700, time: 0.162, data: 0.003) G_GAN: 2.347 G_LPIPS: 59.532 D_real: 0.037 D_fake: 0.325 \n"}
,{"stream_name":"stdout","time":6865.602649032,"data":"(epoch: 13, iters: 4720, time: 0.161, data: 0.003) G_GAN: 2.286 G_LPIPS: 53.674 D_real: 0.172 D_fake: 0.278 \n"}
,{"stream_name":"stdout","time":6865.602653932,"data":"(epoch: 13, iters: 4740, time: 0.160, data: 0.003) G_GAN: 1.646 G_LPIPS: 54.768 D_real: 0.206 D_fake: 0.364 \n"}
,{"stream_name":"stdout","time":6865.602658497,"data":"(epoch: 13, iters: 4760, time: 0.162, data: 0.003) G_GAN: 1.802 G_LPIPS: 55.867 D_real: 0.026 D_fake: 0.559 \n"}
,{"stream_name":"stdout","time":6865.602663461,"data":"(epoch: 13, iters: 4780, time: 0.161, data: 0.003) G_GAN: 3.035 G_LPIPS: 52.507 D_real: 0.115 D_fake: 0.123 \n"}
,{"stream_name":"stdout","time":6865.602667994,"data":"(epoch: 13, iters: 4800, time: 0.162, data: 0.003) G_GAN: 4.082 G_LPIPS: 49.918 D_real: 0.008 D_fake: 1.677 \n"}
,{"stream_name":"stdout","time":6865.602672744,"data":"(epoch: 13, iters: 4820, time: 0.162, data: 0.004) G_GAN: 2.800 G_LPIPS: 57.897 D_real: 0.159 D_fake: 0.118 \n"}
,{"stream_name":"stdout","time":6865.602687474,"data":"(epoch: 13, iters: 4840, time: 0.165, data: 0.003) G_GAN: 2.370 G_LPIPS: 55.387 D_real: 0.087 D_fake: 0.444 \n"}
,{"stream_name":"stdout","time":6865.602691545,"data":"(epoch: 13, iters: 4860, time: 0.212, data: 0.004) G_GAN: 2.583 G_LPIPS: 59.575 D_real: 0.007 D_fake: 0.683 \n"}
,{"stream_name":"stdout","time":6865.60269531,"data":"(epoch: 13, iters: 4880, time: 0.162, data: 0.003) G_GAN: 2.294 G_LPIPS: 60.896 D_real: 0.247 D_fake: 0.070 \n"}
,{"stream_name":"stdout","time":6865.602699085,"data":"(epoch: 13, iters: 4900, time: 0.161, data: 0.003) G_GAN: 2.719 G_LPIPS: 57.513 D_real: 0.043 D_fake: 0.455 \n"}
,{"stream_name":"stdout","time":6865.602704557,"data":"(epoch: 13, iters: 4920, time: 0.161, data: 0.003) G_GAN: 2.152 G_LPIPS: 60.199 D_real: 0.089 D_fake: 0.119 \n"}
,{"stream_name":"stdout","time":6865.60270819,"data":"(epoch: 13, iters: 4940, time: 0.161, data: 0.003) G_GAN: 2.587 G_LPIPS: 53.639 D_real: 0.076 D_fake: 0.669 \n"}
,{"stream_name":"stdout","time":6865.602711959,"data":"(epoch: 13, iters: 4960, time: 0.161, data: 0.003) G_GAN: 2.454 G_LPIPS: 56.418 D_real: 0.191 D_fake: 0.148 \n"}
,{"stream_name":"stdout","time":6865.602715688,"data":"(epoch: 13, iters: 4980, time: 0.163, data: 0.003) G_GAN: 1.858 G_LPIPS: 54.326 D_real: 0.285 D_fake: 0.290 \n"}
,{"stream_name":"stdout","time":6865.602719293,"data":"(epoch: 13, iters: 5000, time: 0.161, data: 0.003) G_GAN: 1.723 G_LPIPS: 54.594 D_real: 0.016 D_fake: 0.479 \n"}
,{"stream_name":"stdout","time":6865.60272293,"data":"(epoch: 13, iters: 5020, time: 0.162, data: 0.003) G_GAN: 1.668 G_LPIPS: 54.320 D_real: 0.075 D_fake: 0.708 \n"}
,{"stream_name":"stdout","time":6865.602726942,"data":"(epoch: 13, iters: 5040, time: 0.166, data: 0.003) G_GAN: 2.748 G_LPIPS: 57.816 D_real: 0.153 D_fake: 0.184 \n"}
,{"stream_name":"stdout","time":6865.60273056,"data":"(epoch: 13, iters: 5060, time: 0.162, data: 0.003) G_GAN: 1.244 G_LPIPS: 52.692 D_real: 0.806 D_fake: 0.448 \n"}
,{"stream_name":"stdout","time":6865.602743466,"data":"(epoch: 13, iters: 5080, time: 0.162, data: 0.003) G_GAN: 2.381 G_LPIPS: 58.978 D_real: 0.051 D_fake: 0.170 \n"}
,{"stream_name":"stdout","time":6865.602747153,"data":"(epoch: 13, iters: 5100, time: 0.160, data: 0.003) G_GAN: 2.176 G_LPIPS: 54.414 D_real: 0.714 D_fake: 0.086 \n"}
,{"stream_name":"stdout","time":6865.602750792,"data":"(epoch: 13, iters: 5120, time: 0.211, data: 0.004) G_GAN: 1.143 G_LPIPS: 51.813 D_real: 0.826 D_fake: 0.220 \n"}
,{"stream_name":"stdout","time":6865.602754544,"data":"(epoch: 13, iters: 5140, time: 0.161, data: 0.003) G_GAN: 2.725 G_LPIPS: 54.838 D_real: 0.322 D_fake: 0.050 \n"}
,{"stream_name":"stdout","time":6865.602758383,"data":"(epoch: 13, iters: 5160, time: 0.160, data: 0.003) G_GAN: 2.609 G_LPIPS: 59.070 D_real: 0.003 D_fake: 0.521 \n"}
,{"stream_name":"stdout","time":6865.602762317,"data":"(epoch: 13, iters: 5180, time: 0.163, data: 0.003) G_GAN: 2.385 G_LPIPS: 55.165 D_real: 0.302 D_fake: 0.270 \n"}
,{"stream_name":"stdout","time":6865.602766034,"data":"(epoch: 13, iters: 5200, time: 0.162, data: 0.003) G_GAN: 3.102 G_LPIPS: 55.961 D_real: 0.045 D_fake: 0.101 \n"}
,{"stream_name":"stdout","time":6865.6027697,"data":"(epoch: 13, iters: 5220, time: 0.162, data: 0.003) G_GAN: 2.999 G_LPIPS: 58.484 D_real: 0.032 D_fake: 0.542 \n"}
,{"stream_name":"stdout","time":6865.602773341,"data":"(epoch: 13, iters: 5240, time: 0.162, data: 0.003) G_GAN: 3.170 G_LPIPS: 58.913 D_real: 0.007 D_fake: 0.060 \n"}
,{"stream_name":"stdout","time":6865.602777123,"data":"(epoch: 13, iters: 5260, time: 0.160, data: 0.003) G_GAN: 1.929 G_LPIPS: 58.755 D_real: 0.018 D_fake: 0.587 \n"}
,{"stream_name":"stdout","time":6865.602781153,"data":"(epoch: 13, iters: 5280, time: 0.161, data: 0.003) G_GAN: 2.565 G_LPIPS: 56.448 D_real: 0.226 D_fake: 0.648 \n"}
,{"stream_name":"stdout","time":6865.602788718,"data":"(epoch: 13, iters: 5300, time: 0.160, data: 0.003) G_GAN: 2.474 G_LPIPS: 58.613 D_real: 0.037 D_fake: 0.391 \n"}
,{"stream_name":"stdout","time":6865.602792507,"data":"(epoch: 13, iters: 5320, time: 0.160, data: 0.003) G_GAN: 0.871 G_LPIPS: 54.807 D_real: 1.180 D_fake: 0.184 \n"}
,{"stream_name":"stdout","time":6865.60279608,"data":"(epoch: 13, iters: 5340, time: 0.160, data: 0.004) G_GAN: 1.436 G_LPIPS: 54.606 D_real: 0.877 D_fake: 0.095 \n"}
,{"stream_name":"stdout","time":6865.60279988,"data":"(epoch: 13, iters: 5360, time: 0.161, data: 0.003) G_GAN: 3.698 G_LPIPS: 54.269 D_real: 0.176 D_fake: 0.041 \n"}
,{"stream_name":"stdout","time":6865.602804062,"data":"(epoch: 13, iters: 5380, time: 0.210, data: 0.003) G_GAN: 1.510 G_LPIPS: 58.906 D_real: 0.750 D_fake: 0.102 \n"}
,{"stream_name":"stdout","time":6865.60280792,"data":"(epoch: 13, iters: 5400, time: 0.161, data: 0.003) G_GAN: 2.716 G_LPIPS: 50.404 D_real: 1.771 D_fake: 0.961 \n"}
,{"stream_name":"stdout","time":6865.602811621,"data":"(epoch: 13, iters: 5420, time: 0.162, data: 0.003) G_GAN: 2.184 G_LPIPS: 50.508 D_real: 0.234 D_fake: 0.534 \n"}
,{"stream_name":"stdout","time":6865.602815295,"data":"(epoch: 13, iters: 5440, time: 0.163, data: 0.003) G_GAN: 1.603 G_LPIPS: 55.068 D_real: 0.414 D_fake: 0.196 \n"}
,{"stream_name":"stdout","time":6865.602818907,"data":"(epoch: 13, iters: 5460, time: 0.162, data: 0.003) G_GAN: 1.343 G_LPIPS: 53.509 D_real: 0.488 D_fake: 0.287 \n"}
,{"stream_name":"stdout","time":6865.602822616,"data":"(epoch: 13, iters: 5480, time: 0.163, data: 0.003) G_GAN: 1.485 G_LPIPS: 52.862 D_real: 0.324 D_fake: 0.654 \n"}
,{"stream_name":"stdout","time":6865.602826569,"data":"(epoch: 13, iters: 5500, time: 0.161, data: 0.003) G_GAN: 2.476 G_LPIPS: 54.309 D_real: 0.374 D_fake: 0.047 \n"}
,{"stream_name":"stdout","time":6865.602830234,"data":"(epoch: 13, iters: 5520, time: 0.163, data: 0.003) G_GAN: 0.994 G_LPIPS: 49.639 D_real: 1.947 D_fake: 0.066 \n"}
,{"stream_name":"stdout","time":6865.602833891,"data":"(epoch: 13, iters: 5540, time: 0.160, data: 0.003) G_GAN: 2.055 G_LPIPS: 56.632 D_real: 0.171 D_fake: 0.257 \n"}
,{"stream_name":"stdout","time":6865.602837523,"data":"(epoch: 13, iters: 5560, time: 0.162, data: 0.004) G_GAN: 3.569 G_LPIPS: 58.360 D_real: 0.066 D_fake: 0.579 \n"}
,{"stream_name":"stdout","time":6865.602841382,"data":"(epoch: 13, iters: 5580, time: 0.114, data: 0.003) G_GAN: 3.138 G_LPIPS: 66.054 D_real: 0.066 D_fake: 0.402 \n"}
,{"stream_name":"stdout","time":6865.602845032,"data":"saving the model at the end of epoch 13, iters 61380\n"}
,{"stream_name":"stdout","time":6865.602848595,"data":"End of epoch 13 / 20 \t Time Taken: 683 sec\n"}
,{"stream_name":"stdout","time":6865.602852893,"data":"learning rate 0.0000636 -\u003e 0.0000545\n"}
,{"stream_name":"stdout","time":7056.809612187,"data":"(epoch: 14, iters: 20, time: 0.161, data: 0.268) G_GAN: 1.237 G_LPIPS: 50.225 D_real: 0.775 D_fake: 0.089 \n"}
,{"stream_name":"stdout","time":7056.809650803,"data":"(epoch: 14, iters: 40, time: 0.165, data: 0.004) G_GAN: 1.817 G_LPIPS: 55.025 D_real: 0.219 D_fake: 0.246 \n"}
,{"stream_name":"stdout","time":7056.809657669,"data":"(epoch: 14, iters: 60, time: 0.161, data: 0.004) G_GAN: 2.319 G_LPIPS: 57.122 D_real: 0.576 D_fake: 0.071 \n"}
,{"stream_name":"stdout","time":7056.809662614,"data":"(epoch: 14, iters: 80, time: 0.162, data: 0.003) G_GAN: 2.450 G_LPIPS: 55.043 D_real: 0.440 D_fake: 0.054 \n"}
,{"stream_name":"stdout","time":7056.809667785,"data":"(epoch: 14, iters: 100, time: 0.211, data: 0.003) G_GAN: 1.917 G_LPIPS: 56.310 D_real: 0.141 D_fake: 0.242 \n"}
,{"stream_name":"stdout","time":7056.809672171,"data":"(epoch: 14, iters: 120, time: 0.163, data: 0.003) G_GAN: 2.089 G_LPIPS: 54.116 D_real: 0.432 D_fake: 0.150 \n"}
,{"stream_name":"stdout","time":7056.809690963,"data":"(epoch: 14, iters: 140, time: 0.165, data: 0.003) G_GAN: 2.159 G_LPIPS: 53.272 D_real: 0.058 D_fake: 0.278 \n"}
,{"stream_name":"stdout","time":7056.809694953,"data":"(epoch: 14, iters: 160, time: 0.163, data: 0.003) G_GAN: 2.272 G_LPIPS: 52.982 D_real: 0.119 D_fake: 0.163 \n"}
,{"stream_name":"stdout","time":7056.809698343,"data":"(epoch: 14, iters: 180, time: 0.163, data: 0.003) G_GAN: 2.528 G_LPIPS: 60.731 D_real: 0.187 D_fake: 0.140 \n"}
,{"stream_name":"stdout","time":7056.809701727,"data":"(epoch: 14, iters: 200, time: 0.161, data: 0.003) G_GAN: 2.256 G_LPIPS: 57.835 D_real: 0.143 D_fake: 0.162 \n"}
,{"stream_name":"stdout","time":7056.809705019,"data":"(epoch: 14, iters: 220, time: 0.182, data: 0.003) G_GAN: 2.153 G_LPIPS: 59.476 D_real: 0.190 D_fake: 0.155 \n"}
,{"stream_name":"stdout","time":7056.809708333,"data":"(epoch: 14, iters: 240, time: 0.163, data: 0.003) G_GAN: 2.137 G_LPIPS: 54.830 D_real: 0.539 D_fake: 0.039 \n"}
,{"stream_name":"stdout","time":7056.809711579,"data":"(epoch: 14, iters: 260, time: 0.162, data: 0.003) G_GAN: 2.817 G_LPIPS: 54.370 D_real: 0.159 D_fake: 0.108 \n"}
,{"stream_name":"stdout","time":7056.809714961,"data":"(epoch: 14, iters: 280, time: 0.168, data: 0.004) G_GAN: 1.463 G_LPIPS: 56.715 D_real: 0.504 D_fake: 0.251 \n"}
,{"stream_name":"stdout","time":7056.809718376,"data":"(epoch: 14, iters: 300, time: 0.162, data: 0.004) G_GAN: 2.290 G_LPIPS: 53.285 D_real: 0.247 D_fake: 0.270 \n"}
,{"stream_name":"stdout","time":7056.809722061,"data":"(epoch: 14, iters: 320, time: 0.162, data: 0.003) G_GAN: 3.731 G_LPIPS: 58.831 D_real: 0.324 D_fake: 0.035 \n"}
,{"stream_name":"stdout","time":7056.809725394,"data":"(epoch: 14, iters: 340, time: 0.160, data: 0.003) G_GAN: 1.577 G_LPIPS: 56.076 D_real: 0.427 D_fake: 0.249 \n"}
,{"stream_name":"stdout","time":7056.809728919,"data":"(epoch: 14, iters: 360, time: 0.217, data: 0.003) G_GAN: 1.571 G_LPIPS: 54.302 D_real: 0.264 D_fake: 0.543 \n"}
,{"stream_name":"stdout","time":7056.809732123,"data":"(epoch: 14, iters: 380, time: 0.161, data: 0.003) G_GAN: 2.062 G_LPIPS: 51.104 D_real: 0.538 D_fake: 0.068 \n"}
,{"stream_name":"stdout","time":7056.809736878,"data":"(epoch: 14, iters: 400, time: 0.162, data: 0.003) G_GAN: 3.643 G_LPIPS: 60.819 D_real: 0.005 D_fake: 0.069 \n"}
,{"stream_name":"stdout","time":7056.809740479,"data":"(epoch: 14, iters: 420, time: 0.163, data: 0.003) G_GAN: 2.204 G_LPIPS: 57.998 D_real: 0.057 D_fake: 0.174 \n"}
,{"stream_name":"stdout","time":7056.80974408,"data":"(epoch: 14, iters: 440, time: 0.163, data: 0.003) G_GAN: 2.582 G_LPIPS: 51.048 D_real: 0.130 D_fake: 0.239 \n"}
,{"stream_name":"stdout","time":7056.80974766,"data":"(epoch: 14, iters: 460, time: 0.163, data: 0.003) G_GAN: 2.062 G_LPIPS: 54.235 D_real: 0.183 D_fake: 0.339 \n"}
,{"stream_name":"stdout","time":7056.809751392,"data":"(epoch: 14, iters: 480, time: 0.163, data: 0.003) G_GAN: 2.769 G_LPIPS: 57.383 D_real: 0.389 D_fake: 0.033 \n"}
,{"stream_name":"stdout","time":7056.809764033,"data":"(epoch: 14, iters: 500, time: 0.162, data: 0.003) G_GAN: 3.677 G_LPIPS: 59.871 D_real: 0.021 D_fake: 0.064 \n"}
,{"stream_name":"stdout","time":7056.809767819,"data":"(epoch: 14, iters: 520, time: 0.165, data: 0.003) G_GAN: 2.583 G_LPIPS: 55.718 D_real: 0.145 D_fake: 0.134 \n"}
,{"stream_name":"stdout","time":7056.809771327,"data":"(epoch: 14, iters: 540, time: 0.164, data: 0.003) G_GAN: 2.543 G_LPIPS: 54.456 D_real: 0.004 D_fake: 0.265 \n"}
,{"stream_name":"stdout","time":7056.809775309,"data":"(epoch: 14, iters: 560, time: 0.163, data: 0.003) G_GAN: 3.169 G_LPIPS: 55.274 D_real: 0.086 D_fake: 0.135 \n"}
,{"stream_name":"stdout","time":7056.809779281,"data":"(epoch: 14, iters: 580, time: 0.164, data: 0.003) G_GAN: 2.058 G_LPIPS: 56.363 D_real: 0.016 D_fake: 0.390 \n"}
,{"stream_name":"stdout","time":7056.809788205,"data":"(epoch: 14, iters: 600, time: 0.164, data: 0.003) G_GAN: 2.082 G_LPIPS: 58.271 D_real: 0.119 D_fake: 0.153 \n"}
,{"stream_name":"stdout","time":7056.809792076,"data":"(epoch: 14, iters: 620, time: 0.234, data: 0.003) G_GAN: 1.702 G_LPIPS: 51.699 D_real: 0.769 D_fake: 0.062 \n"}
,{"stream_name":"stdout","time":7056.809795436,"data":"(epoch: 14, iters: 640, time: 0.163, data: 0.003) G_GAN: 1.847 G_LPIPS: 56.400 D_real: 0.458 D_fake: 0.145 \n"}
,{"stream_name":"stdout","time":7056.809798725,"data":"(epoch: 14, iters: 660, time: 0.163, data: 0.003) G_GAN: 2.440 G_LPIPS: 57.576 D_real: 0.056 D_fake: 0.180 \n"}
,{"stream_name":"stdout","time":7056.809802727,"data":"(epoch: 14, iters: 680, time: 0.171, data: 0.003) G_GAN: 1.552 G_LPIPS: 53.537 D_real: 0.384 D_fake: 0.842 \n"}
,{"stream_name":"stdout","time":7056.809806396,"data":"(epoch: 14, iters: 700, time: 0.164, data: 0.003) G_GAN: 1.895 G_LPIPS: 50.321 D_real: 0.523 D_fake: 0.042 \n"}
,{"stream_name":"stdout","time":7056.809810403,"data":"(epoch: 14, iters: 720, time: 0.163, data: 0.003) G_GAN: 2.460 G_LPIPS: 50.818 D_real: 0.847 D_fake: 0.043 \n"}
,{"stream_name":"stdout","time":7056.809814149,"data":"(epoch: 14, iters: 740, time: 0.166, data: 0.003) G_GAN: 1.486 G_LPIPS: 51.996 D_real: 0.552 D_fake: 0.258 \n"}
,{"stream_name":"stdout","time":7056.809818324,"data":"(epoch: 14, iters: 760, time: 0.171, data: 0.003) G_GAN: 3.048 G_LPIPS: 56.461 D_real: 0.029 D_fake: 0.127 \n"}
,{"stream_name":"stdout","time":7056.809821972,"data":"(epoch: 14, iters: 780, time: 0.163, data: 0.003) G_GAN: 2.374 G_LPIPS: 57.196 D_real: 0.216 D_fake: 0.205 \n"}
,{"stream_name":"stdout","time":7056.809827105,"data":"(epoch: 14, iters: 800, time: 0.162, data: 0.003) G_GAN: 2.462 G_LPIPS: 58.031 D_real: 0.011 D_fake: 0.955 \n"}
,{"stream_name":"stdout","time":7056.80983121,"data":"(epoch: 14, iters: 820, time: 0.164, data: 0.003) G_GAN: 2.606 G_LPIPS: 55.540 D_real: 0.081 D_fake: 0.180 \n"}
,{"stream_name":"stdout","time":7056.809834708,"data":"(epoch: 14, iters: 840, time: 0.169, data: 0.003) G_GAN: 1.529 G_LPIPS: 53.640 D_real: 0.130 D_fake: 0.573 \n"}
,{"stream_name":"stdout","time":7056.80983839,"data":"(epoch: 14, iters: 860, time: 0.162, data: 0.003) G_GAN: 1.458 G_LPIPS: 54.290 D_real: 0.215 D_fake: 0.250 \n"}
,{"stream_name":"stdout","time":7056.809843496,"data":"(epoch: 14, iters: 880, time: 0.212, data: 0.003) G_GAN: 1.775 G_LPIPS: 51.126 D_real: 0.396 D_fake: 0.233 \n"}
,{"stream_name":"stdout","time":7056.809846964,"data":"(epoch: 14, iters: 900, time: 0.163, data: 0.003) G_GAN: 2.905 G_LPIPS: 56.825 D_real: 0.006 D_fake: 0.229 \n"}
,{"stream_name":"stdout","time":7056.809850836,"data":"(epoch: 14, iters: 920, time: 0.219, data: 0.003) G_GAN: 1.589 G_LPIPS: 55.703 D_real: 0.049 D_fake: 0.298 \n"}
,{"stream_name":"stdout","time":7056.809854574,"data":"(epoch: 14, iters: 940, time: 0.162, data: 0.003) G_GAN: 1.236 G_LPIPS: 55.978 D_real: 0.103 D_fake: 0.322 \n"}
,{"stream_name":"stdout","time":7056.809858599,"data":"(epoch: 14, iters: 960, time: 0.162, data: 0.003) G_GAN: 2.701 G_LPIPS: 57.186 D_real: 0.059 D_fake: 0.203 \n"}
,{"stream_name":"stdout","time":7056.809862453,"data":"(epoch: 14, iters: 980, time: 0.163, data: 0.003) G_GAN: 2.686 G_LPIPS: 59.231 D_real: 0.038 D_fake: 0.148 \n"}
,{"stream_name":"stdout","time":7056.809865963,"data":"(epoch: 14, iters: 1000, time: 0.163, data: 0.004) G_GAN: 1.910 G_LPIPS: 58.012 D_real: 0.305 D_fake: 0.141 \n"}
,{"stream_name":"stdout","time":7056.809870918,"data":"(epoch: 14, iters: 1020, time: 0.162, data: 0.003) G_GAN: 2.526 G_LPIPS: 57.907 D_real: 0.066 D_fake: 0.166 \n"}
,{"stream_name":"stdout","time":7056.809874961,"data":"(epoch: 14, iters: 1040, time: 0.163, data: 0.003) G_GAN: 0.951 G_LPIPS: 52.139 D_real: 0.888 D_fake: 0.127 \n"}
,{"stream_name":"stdout","time":7056.809882431,"data":"(epoch: 14, iters: 1060, time: 0.164, data: 0.003) G_GAN: 0.490 G_LPIPS: 47.868 D_real: 3.134 D_fake: 0.031 \n"}
,{"stream_name":"stdout","time":7056.80988601,"data":"(epoch: 14, iters: 1080, time: 0.162, data: 0.003) G_GAN: 2.609 G_LPIPS: 54.353 D_real: 0.057 D_fake: 0.294 \n"}
,{"stream_name":"stdout","time":7056.809889589,"data":"(epoch: 14, iters: 1100, time: 0.163, data: 0.003) G_GAN: 1.942 G_LPIPS: 52.289 D_real: 0.604 D_fake: 0.133 \n"}
,{"stream_name":"stdout","time":7056.809898561,"data":"(epoch: 14, iters: 1120, time: 0.164, data: 0.003) G_GAN: 1.858 G_LPIPS: 50.593 D_real: 0.082 D_fake: 0.479 \n"}
,{"stream_name":"stdout","time":7056.809902756,"data":"(epoch: 14, iters: 1140, time: 0.163, data: 0.003) G_GAN: 2.670 G_LPIPS: 57.097 D_real: 0.006 D_fake: 0.197 \n"}
,{"stream_name":"stdout","time":7056.809924726,"data":"(epoch: 14, iters: 1160, time: 0.163, data: 0.003) G_GAN: 1.962 G_LPIPS: 53.915 D_real: 0.207 D_fake: 0.262 \n"}
,{"stream_name":"stdout","time":7056.809928735,"data":"(epoch: 14, iters: 1180, time: 0.215, data: 0.003) G_GAN: 2.284 G_LPIPS: 57.295 D_real: 0.185 D_fake: 0.165 \n"}
,{"stream_name":"stdout","time":7056.809932402,"data":"(epoch: 14, iters: 1200, time: 0.161, data: 0.003) G_GAN: 2.200 G_LPIPS: 54.299 D_real: 0.221 D_fake: 0.165 \n"}
,{"stream_name":"stdout","time":7056.809935699,"data":"(epoch: 14, iters: 1220, time: 0.164, data: 0.003) G_GAN: 2.229 G_LPIPS: 55.391 D_real: 0.101 D_fake: 0.244 \n"}
,{"stream_name":"stdout","time":7056.80993891,"data":"(epoch: 14, iters: 1240, time: 0.163, data: 0.003) G_GAN: 1.580 G_LPIPS: 55.242 D_real: 1.256 D_fake: 0.044 \n"}
,{"stream_name":"stdout","time":7056.809942668,"data":"(epoch: 14, iters: 1260, time: 0.163, data: 0.004) G_GAN: 3.225 G_LPIPS: 55.261 D_real: 0.071 D_fake: 0.106 \n"}
,{"stream_name":"stdout","time":7056.809946942,"data":"(epoch: 14, iters: 1280, time: 0.162, data: 0.003) G_GAN: 2.308 G_LPIPS: 53.697 D_real: 0.090 D_fake: 0.279 \n"}
,{"stream_name":"stdout","time":7056.809951077,"data":"(epoch: 14, iters: 1300, time: 0.166, data: 0.003) G_GAN: 1.759 G_LPIPS: 51.765 D_real: 0.169 D_fake: 0.071 \n"}
,{"stream_name":"stdout","time":7056.809954906,"data":"(epoch: 14, iters: 1320, time: 0.163, data: 0.004) G_GAN: 1.092 G_LPIPS: 55.325 D_real: 1.201 D_fake: 0.133 \n"}
,{"stream_name":"stdout","time":7056.809958583,"data":"(epoch: 14, iters: 1340, time: 0.163, data: 0.003) G_GAN: 2.404 G_LPIPS: 53.851 D_real: 0.266 D_fake: 0.084 \n"}
,{"stream_name":"stdout","time":7056.809962874,"data":"(epoch: 14, iters: 1360, time: 0.163, data: 0.003) G_GAN: 2.224 G_LPIPS: 58.622 D_real: 0.008 D_fake: 0.274 \n"}
,{"stream_name":"stdout","time":7056.809966583,"data":"(epoch: 14, iters: 1380, time: 0.162, data: 0.003) G_GAN: 2.032 G_LPIPS: 59.650 D_real: 0.145 D_fake: 0.292 \n"}
,{"stream_name":"stdout","time":7056.809969923,"data":"(epoch: 14, iters: 1400, time: 0.162, data: 0.003) G_GAN: 1.892 G_LPIPS: 56.477 D_real: 0.202 D_fake: 0.172 \n"}
,{"stream_name":"stdout","time":7056.809973224,"data":"(epoch: 14, iters: 1420, time: 0.163, data: 0.003) G_GAN: 3.001 G_LPIPS: 52.086 D_real: 0.455 D_fake: 0.059 \n"}
,{"stream_name":"stdout","time":7056.809976837,"data":"(epoch: 14, iters: 1440, time: 0.213, data: 0.003) G_GAN: 2.265 G_LPIPS: 57.409 D_real: 0.163 D_fake: 0.168 \n"}
,{"stream_name":"stdout","time":7056.809980403,"data":"(epoch: 14, iters: 1460, time: 0.162, data: 0.003) G_GAN: 1.815 G_LPIPS: 55.948 D_real: 0.066 D_fake: 0.228 \n"}
,{"stream_name":"stdout","time":7056.809983558,"data":"(epoch: 14, iters: 1480, time: 0.163, data: 0.003) G_GAN: 2.618 G_LPIPS: 54.559 D_real: 0.116 D_fake: 0.241 \n"}
,{"stream_name":"stdout","time":7056.809987018,"data":"(epoch: 14, iters: 1500, time: 0.165, data: 0.003) G_GAN: 2.602 G_LPIPS: 55.170 D_real: 0.088 D_fake: 0.122 \n"}
,{"stream_name":"stdout","time":7249.185910984,"data":"(epoch: 14, iters: 1520, time: 0.164, data: 0.003) G_GAN: 1.229 G_LPIPS: 49.979 D_real: 0.721 D_fake: 0.158 \n"}
,{"stream_name":"stdout","time":7249.185968544,"data":"(epoch: 14, iters: 1540, time: 0.164, data: 0.003) G_GAN: 2.445 G_LPIPS: 54.328 D_real: 0.207 D_fake: 0.115 \n"}
,{"stream_name":"stdout","time":7249.185975084,"data":"(epoch: 14, iters: 1560, time: 0.165, data: 0.003) G_GAN: 3.189 G_LPIPS: 52.174 D_real: 0.185 D_fake: 2.557 \n"}
,{"stream_name":"stdout","time":7249.18598012,"data":"(epoch: 14, iters: 1580, time: 0.163, data: 0.003) G_GAN: 3.711 G_LPIPS: 58.079 D_real: 0.182 D_fake: 0.072 \n"}
,{"stream_name":"stdout","time":7249.185987738,"data":"(epoch: 14, iters: 1600, time: 0.163, data: 0.003) G_GAN: 2.184 G_LPIPS: 52.536 D_real: 0.336 D_fake: 0.092 \n"}
,{"stream_name":"stdout","time":7249.185991833,"data":"(epoch: 14, iters: 1620, time: 0.165, data: 0.003) G_GAN: 1.761 G_LPIPS: 55.129 D_real: 0.162 D_fake: 0.282 \n"}
,{"stream_name":"stdout","time":7249.185995128,"data":"(epoch: 14, iters: 1640, time: 0.164, data: 0.004) G_GAN: 2.875 G_LPIPS: 56.952 D_real: 0.066 D_fake: 0.156 \n"}
,{"stream_name":"stdout","time":7249.185998253,"data":"(epoch: 14, iters: 1660, time: 0.164, data: 0.003) G_GAN: 2.917 G_LPIPS: 56.187 D_real: 0.401 D_fake: 0.084 \n"}
,{"stream_name":"stdout","time":7249.186001365,"data":"(epoch: 14, iters: 1680, time: 0.164, data: 0.004) G_GAN: 1.560 G_LPIPS: 56.037 D_real: 0.052 D_fake: 0.907 \n"}
,{"stream_name":"stdout","time":7249.186004687,"data":"(epoch: 14, iters: 1700, time: 0.215, data: 0.003) G_GAN: 2.472 G_LPIPS: 57.818 D_real: 0.049 D_fake: 0.253 \n"}
,{"stream_name":"stdout","time":7249.186007688,"data":"(epoch: 14, iters: 1720, time: 0.165, data: 0.003) G_GAN: 2.837 G_LPIPS: 56.360 D_real: 0.135 D_fake: 0.127 \n"}
,{"stream_name":"stdout","time":7249.186010663,"data":"(epoch: 14, iters: 1740, time: 0.221, data: 0.003) G_GAN: 2.311 G_LPIPS: 51.560 D_real: 0.085 D_fake: 0.496 \n"}
,{"stream_name":"stdout","time":7249.186013612,"data":"(epoch: 14, iters: 1760, time: 0.164, data: 0.003) G_GAN: 2.202 G_LPIPS: 52.938 D_real: 0.120 D_fake: 0.193 \n"}
,{"stream_name":"stdout","time":7249.186016604,"data":"(epoch: 14, iters: 1780, time: 0.164, data: 0.003) G_GAN: 1.607 G_LPIPS: 59.447 D_real: 0.013 D_fake: 1.095 \n"}
,{"stream_name":"stdout","time":7249.186019682,"data":"(epoch: 14, iters: 1800, time: 0.165, data: 0.003) G_GAN: 2.721 G_LPIPS: 54.550 D_real: 0.210 D_fake: 0.070 \n"}
,{"stream_name":"stdout","time":7249.186022905,"data":"(epoch: 14, iters: 1820, time: 0.163, data: 0.003) G_GAN: 2.767 G_LPIPS: 54.370 D_real: 0.006 D_fake: 0.175 \n"}
,{"stream_name":"stdout","time":7249.186037195,"data":"(epoch: 14, iters: 1840, time: 0.163, data: 0.003) G_GAN: 3.200 G_LPIPS: 58.705 D_real: 0.007 D_fake: 0.355 \n"}
,{"stream_name":"stdout","time":7249.186042977,"data":"(epoch: 14, iters: 1860, time: 0.164, data: 0.004) G_GAN: 3.609 G_LPIPS: 57.716 D_real: 0.068 D_fake: 0.088 \n"}
,{"stream_name":"stdout","time":7249.186048347,"data":"(epoch: 14, iters: 1880, time: 0.162, data: 0.003) G_GAN: 1.913 G_LPIPS: 53.390 D_real: 0.216 D_fake: 0.559 \n"}
,{"stream_name":"stdout","time":7249.186055385,"data":"(epoch: 14, iters: 1900, time: 0.164, data: 0.003) G_GAN: 2.216 G_LPIPS: 52.231 D_real: 0.598 D_fake: 0.059 \n"}
,{"stream_name":"stdout","time":7249.186060034,"data":"(epoch: 14, iters: 1920, time: 0.162, data: 0.003) G_GAN: 2.330 G_LPIPS: 53.160 D_real: 0.261 D_fake: 0.088 \n"}
,{"stream_name":"stdout","time":7249.186064527,"data":"(epoch: 14, iters: 1940, time: 0.163, data: 0.003) G_GAN: 2.021 G_LPIPS: 53.803 D_real: 0.303 D_fake: 0.082 \n"}
,{"stream_name":"stdout","time":7249.186068986,"data":"(epoch: 14, iters: 1960, time: 0.213, data: 0.003) G_GAN: 1.787 G_LPIPS: 52.376 D_real: 0.744 D_fake: 0.068 \n"}
,{"stream_name":"stdout","time":7249.186087219,"data":"(epoch: 14, iters: 1980, time: 0.164, data: 0.003) G_GAN: 1.793 G_LPIPS: 57.574 D_real: 0.153 D_fake: 0.128 \n"}
,{"stream_name":"stdout","time":7249.186090848,"data":"(epoch: 14, iters: 2000, time: 0.213, data: 0.003) G_GAN: 1.697 G_LPIPS: 57.474 D_real: 0.229 D_fake: 0.317 \n"}
,{"stream_name":"stdout","time":7249.186094439,"data":"(epoch: 14, iters: 2020, time: 0.164, data: 0.003) G_GAN: 3.082 G_LPIPS: 60.741 D_real: 0.042 D_fake: 0.225 \n"}
,{"stream_name":"stdout","time":7249.18609804,"data":"(epoch: 14, iters: 2040, time: 0.172, data: 0.003) G_GAN: 2.497 G_LPIPS: 57.976 D_real: 0.151 D_fake: 0.209 \n"}
,{"stream_name":"stdout","time":7249.186104385,"data":"(epoch: 14, iters: 2060, time: 0.165, data: 0.003) G_GAN: 2.781 G_LPIPS: 54.922 D_real: 0.006 D_fake: 0.216 \n"}
,{"stream_name":"stdout","time":7249.186106759,"data":"(epoch: 14, iters: 2080, time: 0.164, data: 0.003) G_GAN: 2.955 G_LPIPS: 54.494 D_real: 0.031 D_fake: 0.148 \n"}
,{"stream_name":"stdout","time":7249.186109039,"data":"(epoch: 14, iters: 2100, time: 0.165, data: 0.004) G_GAN: 3.168 G_LPIPS: 53.431 D_real: 0.391 D_fake: 0.042 \n"}
,{"stream_name":"stdout","time":7249.18611133,"data":"(epoch: 14, iters: 2120, time: 0.165, data: 0.003) G_GAN: 1.947 G_LPIPS: 53.820 D_real: 0.039 D_fake: 0.139 \n"}
,{"stream_name":"stdout","time":7249.186113655,"data":"(epoch: 14, iters: 2140, time: 0.165, data: 0.003) G_GAN: 2.433 G_LPIPS: 52.758 D_real: 0.290 D_fake: 0.103 \n"}
,{"stream_name":"stdout","time":7249.186115939,"data":"(epoch: 14, iters: 2160, time: 0.165, data: 0.003) G_GAN: 2.386 G_LPIPS: 56.408 D_real: 0.250 D_fake: 0.070 \n"}
,{"stream_name":"stdout","time":7249.186118224,"data":"(epoch: 14, iters: 2180, time: 0.165, data: 0.003) G_GAN: 2.379 G_LPIPS: 58.112 D_real: 0.151 D_fake: 0.157 \n"}
,{"stream_name":"stdout","time":7249.186129575,"data":"(epoch: 14, iters: 2200, time: 0.166, data: 0.003) G_GAN: 1.433 G_LPIPS: 56.102 D_real: 0.183 D_fake: 0.220 \n"}
,{"stream_name":"stdout","time":7249.186133925,"data":"(epoch: 14, iters: 2220, time: 0.163, data: 0.003) G_GAN: 2.491 G_LPIPS: 56.636 D_real: 0.076 D_fake: 0.175 \n"}
,{"stream_name":"stdout","time":7249.186138112,"data":"(epoch: 14, iters: 2240, time: 0.166, data: 0.003) G_GAN: 2.146 G_LPIPS: 53.300 D_real: 0.183 D_fake: 0.156 \n"}
,{"stream_name":"stdout","time":7249.186142042,"data":"(epoch: 14, iters: 2260, time: 0.163, data: 0.003) G_GAN: 2.534 G_LPIPS: 61.713 D_real: 0.044 D_fake: 0.161 \n"}
,{"stream_name":"stdout","time":7249.186147092,"data":"(epoch: 14, iters: 2280, time: 0.164, data: 0.003) G_GAN: 1.549 G_LPIPS: 59.372 D_real: 0.557 D_fake: 0.083 \n"}
,{"stream_name":"stdout","time":7249.186150775,"data":"(epoch: 14, iters: 2300, time: 0.165, data: 0.003) G_GAN: 2.754 G_LPIPS: 55.127 D_real: 0.003 D_fake: 0.454 \n"}
,{"stream_name":"stdout","time":7249.186154247,"data":"(epoch: 14, iters: 2320, time: 0.164, data: 0.003) G_GAN: 2.171 G_LPIPS: 55.487 D_real: 0.070 D_fake: 0.275 \n"}
,{"stream_name":"stdout","time":7249.186157843,"data":"(epoch: 14, iters: 2340, time: 0.164, data: 0.003) G_GAN: 1.061 G_LPIPS: 52.118 D_real: 2.098 D_fake: 0.070 \n"}
,{"stream_name":"stdout","time":7249.186161327,"data":"(epoch: 14, iters: 2360, time: 0.216, data: 0.003) G_GAN: 2.350 G_LPIPS: 50.411 D_real: 0.766 D_fake: 0.031 \n"}
,{"stream_name":"stdout","time":7249.186164905,"data":"(epoch: 14, iters: 2380, time: 0.165, data: 0.003) G_GAN: 3.425 G_LPIPS: 55.447 D_real: 0.023 D_fake: 0.405 \n"}
,{"stream_name":"stdout","time":7249.186168378,"data":"(epoch: 14, iters: 2400, time: 0.198, data: 0.003) G_GAN: 2.831 G_LPIPS: 60.349 D_real: 0.005 D_fake: 0.323 \n"}
,{"stream_name":"stdout","time":7249.186176134,"data":"(epoch: 14, iters: 2420, time: 0.165, data: 0.003) G_GAN: 1.534 G_LPIPS: 56.698 D_real: 0.484 D_fake: 0.207 \n"}
,{"stream_name":"stdout","time":7249.186181012,"data":"(epoch: 14, iters: 2440, time: 0.164, data: 0.003) G_GAN: 1.702 G_LPIPS: 49.388 D_real: 0.298 D_fake: 0.281 \n"}
,{"stream_name":"stdout","time":7249.18618449,"data":"(epoch: 14, iters: 2460, time: 0.166, data: 0.003) G_GAN: 3.626 G_LPIPS: 53.921 D_real: 0.011 D_fake: 0.076 \n"}
,{"stream_name":"stdout","time":7249.186187991,"data":"(epoch: 14, iters: 2480, time: 0.164, data: 0.003) G_GAN: 3.231 G_LPIPS: 54.154 D_real: 0.547 D_fake: 0.056 \n"}
,{"stream_name":"stdout","time":7249.186191431,"data":"(epoch: 14, iters: 2500, time: 0.165, data: 0.003) G_GAN: 2.299 G_LPIPS: 52.429 D_real: 0.391 D_fake: 0.132 \n"}
,{"stream_name":"stdout","time":7249.186194913,"data":"(epoch: 14, iters: 2520, time: 0.164, data: 0.003) G_GAN: 1.943 G_LPIPS: 57.818 D_real: 0.026 D_fake: 0.496 \n"}
,{"stream_name":"stdout","time":7249.18619846,"data":"(epoch: 14, iters: 2540, time: 0.165, data: 0.003) G_GAN: 1.408 G_LPIPS: 49.534 D_real: 0.046 D_fake: 0.600 \n"}
,{"stream_name":"stdout","time":7249.186201945,"data":"(epoch: 14, iters: 2560, time: 0.165, data: 0.003) G_GAN: 2.466 G_LPIPS: 51.080 D_real: 0.082 D_fake: 0.786 \n"}
,{"stream_name":"stdout","time":7249.186208611,"data":"(epoch: 14, iters: 2580, time: 0.164, data: 0.003) G_GAN: 1.699 G_LPIPS: 58.796 D_real: 0.559 D_fake: 0.130 \n"}
,{"stream_name":"stdout","time":7249.186210972,"data":"(epoch: 14, iters: 2600, time: 0.163, data: 0.003) G_GAN: 1.986 G_LPIPS: 55.203 D_real: 0.197 D_fake: 0.592 \n"}
,{"stream_name":"stdout","time":7249.186213695,"data":"(epoch: 14, iters: 2620, time: 0.183, data: 0.004) G_GAN: 2.695 G_LPIPS: 57.402 D_real: 0.046 D_fake: 0.414 \n"}
,{"stream_name":"stdout","time":7249.186225361,"data":"(epoch: 14, iters: 2640, time: 0.166, data: 0.003) G_GAN: 2.621 G_LPIPS: 51.990 D_real: 0.164 D_fake: 0.270 \n"}
,{"stream_name":"stdout","time":7249.18623014,"data":"(epoch: 14, iters: 2660, time: 0.165, data: 0.003) G_GAN: 1.687 G_LPIPS: 51.553 D_real: 0.488 D_fake: 0.119 \n"}
,{"stream_name":"stdout","time":7249.186234333,"data":"(epoch: 14, iters: 2680, time: 0.166, data: 0.003) G_GAN: 1.083 G_LPIPS: 53.119 D_real: 1.050 D_fake: 0.104 \n"}
,{"stream_name":"stdout","time":7249.186238409,"data":"(epoch: 14, iters: 2700, time: 0.167, data: 0.003) G_GAN: 1.532 G_LPIPS: 52.835 D_real: 0.839 D_fake: 0.127 \n"}
,{"stream_name":"stdout","time":7249.186242613,"data":"(epoch: 14, iters: 2720, time: 0.164, data: 0.003) G_GAN: 2.808 G_LPIPS: 51.480 D_real: 0.095 D_fake: 0.107 \n"}
,{"stream_name":"stdout","time":7249.186246422,"data":"(epoch: 14, iters: 2740, time: 0.165, data: 0.003) G_GAN: 2.250 G_LPIPS: 54.768 D_real: 0.333 D_fake: 0.279 \n"}
,{"stream_name":"stdout","time":7249.186249945,"data":"(epoch: 14, iters: 2760, time: 0.165, data: 0.003) G_GAN: 1.818 G_LPIPS: 60.244 D_real: 0.073 D_fake: 0.266 \n"}
,{"stream_name":"stdout","time":7249.186253457,"data":"(epoch: 14, iters: 2780, time: 0.165, data: 0.004) G_GAN: 1.519 G_LPIPS: 55.525 D_real: 0.490 D_fake: 0.124 \n"}
,{"stream_name":"stdout","time":7249.186256909,"data":"(epoch: 14, iters: 2800, time: 0.166, data: 0.003) G_GAN: 2.259 G_LPIPS: 56.657 D_real: 0.414 D_fake: 0.102 \n"}
,{"stream_name":"stdout","time":7249.186260433,"data":"(epoch: 14, iters: 2820, time: 0.166, data: 0.003) G_GAN: 2.492 G_LPIPS: 56.693 D_real: 0.022 D_fake: 0.317 \n"}
,{"stream_name":"stdout","time":7249.18626391,"data":"(epoch: 14, iters: 2840, time: 0.167, data: 0.003) G_GAN: 1.990 G_LPIPS: 55.502 D_real: 0.190 D_fake: 0.197 \n"}
,{"stream_name":"stdout","time":7249.186267499,"data":"(epoch: 14, iters: 2860, time: 0.166, data: 0.004) G_GAN: 1.821 G_LPIPS: 51.013 D_real: 0.039 D_fake: 0.881 \n"}
,{"stream_name":"stdout","time":7249.186274282,"data":"(epoch: 14, iters: 2880, time: 0.165, data: 0.003) G_GAN: 3.606 G_LPIPS: 58.820 D_real: 0.338 D_fake: 0.015 \n"}
,{"stream_name":"stdout","time":7249.186277883,"data":"(epoch: 14, iters: 2900, time: 0.225, data: 0.004) G_GAN: 2.587 G_LPIPS: 59.315 D_real: 0.014 D_fake: 0.105 \n"}
,{"stream_name":"stdout","time":7249.186281387,"data":"(epoch: 14, iters: 2920, time: 0.165, data: 0.003) G_GAN: 1.953 G_LPIPS: 51.648 D_real: 0.400 D_fake: 0.241 \n"}
,{"stream_name":"stdout","time":7249.186284977,"data":"(epoch: 14, iters: 2940, time: 0.165, data: 0.003) G_GAN: 1.840 G_LPIPS: 56.243 D_real: 0.317 D_fake: 0.413 \n"}
,{"stream_name":"stdout","time":7249.186288483,"data":"(epoch: 14, iters: 2960, time: 0.165, data: 0.003) G_GAN: 1.656 G_LPIPS: 55.359 D_real: 0.528 D_fake: 0.170 \n"}
,{"stream_name":"stdout","time":7249.186292051,"data":"(epoch: 14, iters: 2980, time: 0.164, data: 0.003) G_GAN: 1.493 G_LPIPS: 53.084 D_real: 0.395 D_fake: 0.547 \n"}
,{"stream_name":"stdout","time":7249.1862956,"data":"(epoch: 14, iters: 3000, time: 0.165, data: 0.003) G_GAN: 1.722 G_LPIPS: 51.630 D_real: 0.214 D_fake: 0.343 \n"}
,{"stream_name":"stdout","time":7249.186302078,"data":"(epoch: 14, iters: 3020, time: 0.165, data: 0.003) G_GAN: 2.058 G_LPIPS: 55.680 D_real: 0.252 D_fake: 0.177 \n"}
,{"stream_name":"stdout","time":7441.772472401,"data":"(epoch: 14, iters: 3040, time: 0.165, data: 0.003) G_GAN: 2.650 G_LPIPS: 58.493 D_real: 0.194 D_fake: 0.081 \n"}
,{"stream_name":"stdout","time":7441.772529323,"data":"(epoch: 14, iters: 3060, time: 0.166, data: 0.003) G_GAN: 1.818 G_LPIPS: 55.847 D_real: 0.783 D_fake: 0.129 \n"}
,{"stream_name":"stdout","time":7441.772537462,"data":"(epoch: 14, iters: 3080, time: 0.214, data: 0.003) G_GAN: 2.655 G_LPIPS: 58.277 D_real: 0.178 D_fake: 0.056 \n"}
,{"stream_name":"stdout","time":7441.772543126,"data":"(epoch: 14, iters: 3100, time: 0.165, data: 0.003) G_GAN: 3.519 G_LPIPS: 56.884 D_real: 0.008 D_fake: 0.060 \n"}
,{"stream_name":"stdout","time":7441.772547796,"data":"(epoch: 14, iters: 3120, time: 0.165, data: 0.003) G_GAN: 2.244 G_LPIPS: 49.121 D_real: 0.527 D_fake: 0.168 \n"}
,{"stream_name":"stdout","time":7441.77255242,"data":"(epoch: 14, iters: 3140, time: 0.166, data: 0.004) G_GAN: 3.162 G_LPIPS: 60.114 D_real: 0.072 D_fake: 0.614 \n"}
,{"stream_name":"stdout","time":7441.772557158,"data":"(epoch: 14, iters: 3160, time: 0.164, data: 0.003) G_GAN: 2.437 G_LPIPS: 55.513 D_real: 0.868 D_fake: 0.036 \n"}
,{"stream_name":"stdout","time":7441.772588256,"data":"(epoch: 14, iters: 3180, time: 0.165, data: 0.003) G_GAN: 2.069 G_LPIPS: 53.812 D_real: 0.013 D_fake: 0.223 \n"}
,{"stream_name":"stdout","time":7441.772594032,"data":"(epoch: 14, iters: 3200, time: 0.165, data: 0.004) G_GAN: 2.400 G_LPIPS: 56.308 D_real: 0.001 D_fake: 0.289 \n"}
,{"stream_name":"stdout","time":7441.77259984,"data":"(epoch: 14, iters: 3220, time: 0.164, data: 0.003) G_GAN: 2.273 G_LPIPS: 56.027 D_real: 0.102 D_fake: 0.217 \n"}
,{"stream_name":"stdout","time":7441.772604768,"data":"(epoch: 14, iters: 3240, time: 0.165, data: 0.003) G_GAN: 2.789 G_LPIPS: 55.348 D_real: 0.102 D_fake: 0.117 \n"}
,{"stream_name":"stdout","time":7441.772609381,"data":"(epoch: 14, iters: 3260, time: 0.198, data: 0.003) G_GAN: 2.026 G_LPIPS: 52.079 D_real: 0.142 D_fake: 0.425 \n"}
,{"stream_name":"stdout","time":7441.772614296,"data":"(epoch: 14, iters: 3280, time: 0.166, data: 0.003) G_GAN: 2.288 G_LPIPS: 56.980 D_real: 0.109 D_fake: 0.213 \n"}
,{"stream_name":"stdout","time":7441.772618867,"data":"(epoch: 14, iters: 3300, time: 0.164, data: 0.003) G_GAN: 2.235 G_LPIPS: 54.279 D_real: 0.119 D_fake: 0.256 \n"}
,{"stream_name":"stdout","time":7441.772623498,"data":"(epoch: 14, iters: 3320, time: 0.164, data: 0.003) G_GAN: 1.372 G_LPIPS: 49.440 D_real: 1.221 D_fake: 0.048 \n"}
,{"stream_name":"stdout","time":7441.772640919,"data":"(epoch: 14, iters: 3340, time: 0.164, data: 0.003) G_GAN: 3.972 G_LPIPS: 56.143 D_real: 0.033 D_fake: 0.258 \n"}
,{"stream_name":"stdout","time":7441.77265039,"data":"(epoch: 14, iters: 3360, time: 0.165, data: 0.003) G_GAN: 2.675 G_LPIPS: 51.728 D_real: 0.137 D_fake: 0.310 \n"}
,{"stream_name":"stdout","time":7441.77265324,"data":"(epoch: 14, iters: 3380, time: 0.165, data: 0.003) G_GAN: 0.806 G_LPIPS: 51.807 D_real: 1.474 D_fake: 0.158 \n"}
,{"stream_name":"stdout","time":7441.772655696,"data":"(epoch: 14, iters: 3400, time: 0.215, data: 0.003) G_GAN: 2.880 G_LPIPS: 58.208 D_real: 0.093 D_fake: 0.122 \n"}
,{"stream_name":"stdout","time":7441.772659402,"data":"(epoch: 14, iters: 3420, time: 0.165, data: 0.003) G_GAN: 2.339 G_LPIPS: 56.586 D_real: 0.013 D_fake: 0.512 \n"}
,{"stream_name":"stdout","time":7441.772661836,"data":"(epoch: 14, iters: 3440, time: 0.164, data: 0.003) G_GAN: 2.670 G_LPIPS: 53.122 D_real: 0.212 D_fake: 0.123 \n"}
,{"stream_name":"stdout","time":7441.77266412,"data":"(epoch: 14, iters: 3460, time: 0.166, data: 0.003) G_GAN: 3.181 G_LPIPS: 60.968 D_real: 0.032 D_fake: 0.130 \n"}
,{"stream_name":"stdout","time":7441.772666485,"data":"(epoch: 14, iters: 3480, time: 0.165, data: 0.003) G_GAN: 3.453 G_LPIPS: 53.810 D_real: 0.034 D_fake: 0.080 \n"}
,{"stream_name":"stdout","time":7441.772668761,"data":"(epoch: 14, iters: 3500, time: 0.166, data: 0.003) G_GAN: 2.256 G_LPIPS: 53.951 D_real: 0.416 D_fake: 0.248 \n"}
,{"stream_name":"stdout","time":7441.772671032,"data":"(epoch: 14, iters: 3520, time: 0.165, data: 0.003) G_GAN: 2.572 G_LPIPS: 61.457 D_real: 0.010 D_fake: 0.135 \n"}
,{"stream_name":"stdout","time":7441.772673371,"data":"(epoch: 14, iters: 3540, time: 0.166, data: 0.003) G_GAN: 2.447 G_LPIPS: 56.362 D_real: 0.219 D_fake: 0.104 \n"}
,{"stream_name":"stdout","time":7441.772675627,"data":"(epoch: 14, iters: 3560, time: 0.165, data: 0.003) G_GAN: 1.943 G_LPIPS: 60.021 D_real: 0.026 D_fake: 0.882 \n"}
,{"stream_name":"stdout","time":7441.772677965,"data":"(epoch: 14, iters: 3580, time: 0.216, data: 0.003) G_GAN: 1.734 G_LPIPS: 57.449 D_real: 0.230 D_fake: 0.122 \n"}
,{"stream_name":"stdout","time":7441.772680229,"data":"(epoch: 14, iters: 3600, time: 0.165, data: 0.003) G_GAN: 1.771 G_LPIPS: 58.519 D_real: 0.894 D_fake: 0.044 \n"}
,{"stream_name":"stdout","time":7441.772682504,"data":"(epoch: 14, iters: 3620, time: 0.170, data: 0.003) G_GAN: 1.482 G_LPIPS: 48.566 D_real: 0.835 D_fake: 0.090 \n"}
,{"stream_name":"stdout","time":7441.772684821,"data":"saving the latest model (epoch 14, total_iters 65000)\n"}
,{"stream_name":"stdout","time":7441.772687056,"data":"(epoch: 14, iters: 3640, time: 0.168, data: 0.003) G_GAN: 2.020 G_LPIPS: 56.191 D_real: 0.661 D_fake: 0.101 \n"}
,{"stream_name":"stdout","time":7441.772689338,"data":"(epoch: 14, iters: 3660, time: 0.166, data: 0.003) G_GAN: 1.874 G_LPIPS: 54.329 D_real: 0.063 D_fake: 0.257 \n"}
,{"stream_name":"stdout","time":7441.772691619,"data":"(epoch: 14, iters: 3680, time: 0.167, data: 0.003) G_GAN: 2.696 G_LPIPS: 58.773 D_real: 0.047 D_fake: 0.155 \n"}
,{"stream_name":"stdout","time":7441.772693874,"data":"(epoch: 14, iters: 3700, time: 0.166, data: 0.003) G_GAN: 2.868 G_LPIPS: 58.831 D_real: 0.067 D_fake: 0.082 \n"}
,{"stream_name":"stdout","time":7441.772696147,"data":"(epoch: 14, iters: 3720, time: 0.215, data: 0.003) G_GAN: 1.820 G_LPIPS: 54.868 D_real: 0.148 D_fake: 0.286 \n"}
,{"stream_name":"stdout","time":7441.772698506,"data":"(epoch: 14, iters: 3740, time: 0.166, data: 0.003) G_GAN: 3.784 G_LPIPS: 56.951 D_real: 0.077 D_fake: 0.041 \n"}
,{"stream_name":"stdout","time":7441.772700786,"data":"(epoch: 14, iters: 3760, time: 0.164, data: 0.003) G_GAN: 1.670 G_LPIPS: 55.027 D_real: 0.296 D_fake: 0.230 \n"}
,{"stream_name":"stdout","time":7441.772706234,"data":"(epoch: 14, iters: 3780, time: 0.167, data: 0.003) G_GAN: 2.337 G_LPIPS: 52.295 D_real: 0.419 D_fake: 0.079 \n"}
,{"stream_name":"stdout","time":7441.772708989,"data":"(epoch: 14, iters: 3800, time: 0.163, data: 0.003) G_GAN: 3.537 G_LPIPS: 61.065 D_real: 0.031 D_fake: 0.038 \n"}
,{"stream_name":"stdout","time":7441.772711335,"data":"(epoch: 14, iters: 3820, time: 0.166, data: 0.003) G_GAN: 3.205 G_LPIPS: 56.377 D_real: 0.040 D_fake: 0.058 \n"}
,{"stream_name":"stdout","time":7441.772713738,"data":"(epoch: 14, iters: 3840, time: 0.166, data: 0.003) G_GAN: 2.082 G_LPIPS: 56.492 D_real: 0.219 D_fake: 0.149 \n"}
,{"stream_name":"stdout","time":7441.772716031,"data":"(epoch: 14, iters: 3860, time: 0.165, data: 0.003) G_GAN: 1.409 G_LPIPS: 55.679 D_real: 0.528 D_fake: 0.299 \n"}
,{"stream_name":"stdout","time":7441.772718315,"data":"(epoch: 14, iters: 3880, time: 0.166, data: 0.003) G_GAN: 2.411 G_LPIPS: 52.783 D_real: 0.203 D_fake: 0.276 \n"}
,{"stream_name":"stdout","time":7441.772720608,"data":"(epoch: 14, iters: 3900, time: 0.214, data: 0.003) G_GAN: 4.444 G_LPIPS: 58.677 D_real: 0.016 D_fake: 0.810 \n"}
,{"stream_name":"stdout","time":7441.772722905,"data":"(epoch: 14, iters: 3920, time: 0.167, data: 0.003) G_GAN: 3.172 G_LPIPS: 50.879 D_real: 0.195 D_fake: 0.185 \n"}
,{"stream_name":"stdout","time":7441.77272521,"data":"(epoch: 14, iters: 3940, time: 0.165, data: 0.003) G_GAN: 2.497 G_LPIPS: 54.521 D_real: 0.276 D_fake: 0.096 \n"}
,{"stream_name":"stdout","time":7441.772727493,"data":"(epoch: 14, iters: 3960, time: 0.164, data: 0.003) G_GAN: 2.518 G_LPIPS: 51.209 D_real: 0.119 D_fake: 0.114 \n"}
,{"stream_name":"stdout","time":7441.772729778,"data":"(epoch: 14, iters: 3980, time: 0.165, data: 0.003) G_GAN: 2.574 G_LPIPS: 55.295 D_real: 0.100 D_fake: 0.097 \n"}
,{"stream_name":"stdout","time":7441.772732076,"data":"(epoch: 14, iters: 4000, time: 0.165, data: 0.003) G_GAN: 2.267 G_LPIPS: 56.265 D_real: 0.234 D_fake: 0.361 \n"}
,{"stream_name":"stdout","time":7441.772734361,"data":"(epoch: 14, iters: 4020, time: 0.164, data: 0.003) G_GAN: 1.419 G_LPIPS: 53.464 D_real: 0.561 D_fake: 0.282 \n"}
,{"stream_name":"stdout","time":7441.772736633,"data":"(epoch: 14, iters: 4040, time: 0.164, data: 0.003) G_GAN: 0.863 G_LPIPS: 52.848 D_real: 1.233 D_fake: 0.072 \n"}
,{"stream_name":"stdout","time":7441.772738906,"data":"(epoch: 14, iters: 4060, time: 0.165, data: 0.003) G_GAN: 1.537 G_LPIPS: 53.861 D_real: 0.462 D_fake: 0.727 \n"}
,{"stream_name":"stdout","time":7441.7727412,"data":"(epoch: 14, iters: 4080, time: 0.164, data: 0.003) G_GAN: 1.291 G_LPIPS: 54.187 D_real: 0.805 D_fake: 0.186 \n"}
,{"stream_name":"stdout","time":7441.772743501,"data":"(epoch: 14, iters: 4100, time: 0.164, data: 0.003) G_GAN: 3.879 G_LPIPS: 58.124 D_real: 0.074 D_fake: 0.049 \n"}
,{"stream_name":"stdout","time":7441.772745793,"data":"(epoch: 14, iters: 4120, time: 0.164, data: 0.003) G_GAN: 3.252 G_LPIPS: 61.667 D_real: 0.021 D_fake: 0.080 \n"}
,{"stream_name":"stdout","time":7441.77274808,"data":"(epoch: 14, iters: 4140, time: 0.167, data: 0.003) G_GAN: 2.629 G_LPIPS: 54.842 D_real: 0.032 D_fake: 0.975 \n"}
,{"stream_name":"stdout","time":7441.772750815,"data":"(epoch: 14, iters: 4160, time: 0.166, data: 0.004) G_GAN: 2.508 G_LPIPS: 55.176 D_real: 0.058 D_fake: 0.248 \n"}
,{"stream_name":"stdout","time":7441.772753128,"data":"(epoch: 14, iters: 4180, time: 0.165, data: 0.003) G_GAN: 2.897 G_LPIPS: 56.628 D_real: 0.010 D_fake: 0.219 \n"}
,{"stream_name":"stdout","time":7441.772755419,"data":"(epoch: 14, iters: 4200, time: 0.165, data: 0.003) G_GAN: 2.889 G_LPIPS: 59.845 D_real: 0.002 D_fake: 0.325 \n"}
,{"stream_name":"stdout","time":7441.772757691,"data":"(epoch: 14, iters: 4220, time: 0.215, data: 0.003) G_GAN: 2.353 G_LPIPS: 57.983 D_real: 0.153 D_fake: 0.472 \n"}
,{"stream_name":"stdout","time":7441.772762485,"data":"(epoch: 14, iters: 4240, time: 0.165, data: 0.003) G_GAN: 2.551 G_LPIPS: 54.201 D_real: 0.264 D_fake: 0.369 \n"}
,{"stream_name":"stdout","time":7441.772764884,"data":"(epoch: 14, iters: 4260, time: 0.166, data: 0.003) G_GAN: 2.260 G_LPIPS: 52.738 D_real: 0.264 D_fake: 0.258 \n"}
,{"stream_name":"stdout","time":7441.772767178,"data":"(epoch: 14, iters: 4280, time: 0.165, data: 0.003) G_GAN: 2.441 G_LPIPS: 60.125 D_real: 0.018 D_fake: 0.553 \n"}
,{"stream_name":"stdout","time":7441.772769495,"data":"(epoch: 14, iters: 4300, time: 0.165, data: 0.003) G_GAN: 2.529 G_LPIPS: 58.370 D_real: 0.107 D_fake: 0.414 \n"}
,{"stream_name":"stdout","time":7441.772771796,"data":"(epoch: 14, iters: 4320, time: 0.172, data: 0.003) G_GAN: 2.913 G_LPIPS: 58.144 D_real: 0.021 D_fake: 0.182 \n"}
,{"stream_name":"stdout","time":7441.772774096,"data":"(epoch: 14, iters: 4340, time: 0.165, data: 0.003) G_GAN: 2.085 G_LPIPS: 54.825 D_real: 0.370 D_fake: 0.206 \n"}
,{"stream_name":"stdout","time":7441.772776383,"data":"(epoch: 14, iters: 4360, time: 0.166, data: 0.003) G_GAN: 3.303 G_LPIPS: 51.910 D_real: 0.132 D_fake: 0.046 \n"}
,{"stream_name":"stdout","time":7441.772778681,"data":"(epoch: 14, iters: 4380, time: 0.167, data: 0.003) G_GAN: 1.667 G_LPIPS: 54.351 D_real: 0.311 D_fake: 0.355 \n"}
,{"stream_name":"stdout","time":7441.77278098,"data":"(epoch: 14, iters: 4400, time: 0.218, data: 0.003) G_GAN: 2.519 G_LPIPS: 57.288 D_real: 0.063 D_fake: 0.104 \n"}
,{"stream_name":"stdout","time":7441.772785248,"data":"(epoch: 14, iters: 4420, time: 0.167, data: 0.004) G_GAN: 2.797 G_LPIPS: 55.267 D_real: 0.034 D_fake: 0.069 \n"}
,{"stream_name":"stdout","time":7441.772787564,"data":"(epoch: 14, iters: 4440, time: 0.166, data: 0.003) G_GAN: 1.743 G_LPIPS: 51.372 D_real: 0.941 D_fake: 0.054 \n"}
,{"stream_name":"stdout","time":7441.772789847,"data":"(epoch: 14, iters: 4460, time: 0.172, data: 0.003) G_GAN: 2.780 G_LPIPS: 56.034 D_real: 0.041 D_fake: 0.163 \n"}
,{"stream_name":"stdout","time":7441.772792134,"data":"(epoch: 14, iters: 4480, time: 0.165, data: 0.003) G_GAN: 2.410 G_LPIPS: 55.928 D_real: 0.744 D_fake: 0.027 \n"}
,{"stream_name":"stdout","time":7441.772794422,"data":"(epoch: 14, iters: 4500, time: 0.165, data: 0.003) G_GAN: 2.130 G_LPIPS: 56.983 D_real: 0.233 D_fake: 0.214 \n"}
,{"stream_name":"stdout","time":7441.772796795,"data":"(epoch: 14, iters: 4520, time: 0.166, data: 0.003) G_GAN: 2.470 G_LPIPS: 55.382 D_real: 0.281 D_fake: 0.178 \n"}
,{"stream_name":"stdout","time":7576.674780222,"data":"(epoch: 14, iters: 4540, time: 0.214, data: 0.003) G_GAN: 3.332 G_LPIPS: 61.416 D_real: 0.293 D_fake: 0.018 \n"}
,{"stream_name":"stdout","time":7576.674831966,"data":"(epoch: 14, iters: 4560, time: 0.165, data: 0.004) G_GAN: 1.162 G_LPIPS: 47.982 D_real: 0.365 D_fake: 0.183 \n"}
,{"stream_name":"stdout","time":7576.674839949,"data":"(epoch: 14, iters: 4580, time: 0.165, data: 0.004) G_GAN: 1.894 G_LPIPS: 57.960 D_real: 0.051 D_fake: 0.171 \n"}
,{"stream_name":"stdout","time":7576.674845601,"data":"(epoch: 14, iters: 4600, time: 0.164, data: 0.003) G_GAN: 2.208 G_LPIPS: 53.663 D_real: 2.439 D_fake: 0.016 \n"}
,{"stream_name":"stdout","time":7576.674850918,"data":"(epoch: 14, iters: 4620, time: 0.184, data: 0.003) G_GAN: 1.880 G_LPIPS: 59.196 D_real: 0.470 D_fake: 0.118 \n"}
,{"stream_name":"stdout","time":7576.674855826,"data":"(epoch: 14, iters: 4640, time: 0.165, data: 0.004) G_GAN: 3.173 G_LPIPS: 55.399 D_real: 0.197 D_fake: 0.078 \n"}
,{"stream_name":"stdout","time":7576.674860404,"data":"(epoch: 14, iters: 4660, time: 0.166, data: 0.003) G_GAN: 2.681 G_LPIPS: 56.359 D_real: 0.045 D_fake: 0.432 \n"}
,{"stream_name":"stdout","time":7576.674864819,"data":"(epoch: 14, iters: 4680, time: 0.213, data: 0.003) G_GAN: 1.772 G_LPIPS: 55.994 D_real: 0.160 D_fake: 0.378 \n"}
,{"stream_name":"stdout","time":7576.674877758,"data":"(epoch: 14, iters: 4700, time: 0.164, data: 0.003) G_GAN: 2.165 G_LPIPS: 54.253 D_real: 0.116 D_fake: 0.183 \n"}
,{"stream_name":"stdout","time":7576.674881538,"data":"(epoch: 14, iters: 4720, time: 0.164, data: 0.003) G_GAN: 2.160 G_LPIPS: 58.239 D_real: 0.510 D_fake: 0.086 \n"}
,{"stream_name":"stdout","time":7576.674885068,"data":"(epoch: 14, iters: 4740, time: 0.164, data: 0.003) G_GAN: 2.742 G_LPIPS: 56.451 D_real: 0.490 D_fake: 0.060 \n"}
,{"stream_name":"stdout","time":7576.674888576,"data":"(epoch: 14, iters: 4760, time: 0.164, data: 0.003) G_GAN: 2.209 G_LPIPS: 51.624 D_real: 0.102 D_fake: 0.372 \n"}
,{"stream_name":"stdout","time":7576.674892113,"data":"(epoch: 14, iters: 4780, time: 0.165, data: 0.003) G_GAN: 2.534 G_LPIPS: 57.033 D_real: 0.019 D_fake: 0.450 \n"}
,{"stream_name":"stdout","time":7576.674895658,"data":"(epoch: 14, iters: 4800, time: 0.165, data: 0.003) G_GAN: 2.613 G_LPIPS: 55.786 D_real: 0.017 D_fake: 0.208 \n"}
,{"stream_name":"stdout","time":7576.674899178,"data":"(epoch: 14, iters: 4820, time: 0.166, data: 0.003) G_GAN: 1.498 G_LPIPS: 50.175 D_real: 0.325 D_fake: 0.776 \n"}
,{"stream_name":"stdout","time":7576.67490272,"data":"(epoch: 14, iters: 4840, time: 0.164, data: 0.003) G_GAN: 2.152 G_LPIPS: 50.749 D_real: 0.122 D_fake: 0.407 \n"}
,{"stream_name":"stdout","time":7576.67491082,"data":"(epoch: 14, iters: 4860, time: 0.222, data: 0.003) G_GAN: 2.050 G_LPIPS: 57.982 D_real: 0.166 D_fake: 0.241 \n"}
,{"stream_name":"stdout","time":7576.674914054,"data":"(epoch: 14, iters: 4880, time: 0.165, data: 0.003) G_GAN: 1.427 G_LPIPS: 57.820 D_real: 0.032 D_fake: 0.306 \n"}
,{"stream_name":"stdout","time":7576.674927798,"data":"(epoch: 14, iters: 4900, time: 0.165, data: 0.003) G_GAN: 1.283 G_LPIPS: 53.716 D_real: 0.748 D_fake: 0.099 \n"}
,{"stream_name":"stdout","time":7576.674933122,"data":"(epoch: 14, iters: 4920, time: 0.166, data: 0.003) G_GAN: 1.142 G_LPIPS: 57.111 D_real: 0.783 D_fake: 0.090 \n"}
,{"stream_name":"stdout","time":7576.674937438,"data":"(epoch: 14, iters: 4940, time: 0.167, data: 0.003) G_GAN: 2.224 G_LPIPS: 50.620 D_real: 0.093 D_fake: 0.487 \n"}
,{"stream_name":"stdout","time":7576.674941909,"data":"(epoch: 14, iters: 4960, time: 0.164, data: 0.003) G_GAN: 2.848 G_LPIPS: 59.591 D_real: 0.015 D_fake: 0.165 \n"}
,{"stream_name":"stdout","time":7576.674946037,"data":"(epoch: 14, iters: 4980, time: 0.166, data: 0.004) G_GAN: 1.640 G_LPIPS: 51.888 D_real: 0.725 D_fake: 0.069 \n"}
,{"stream_name":"stdout","time":7576.674949557,"data":"(epoch: 14, iters: 5000, time: 0.214, data: 0.003) G_GAN: 1.606 G_LPIPS: 53.214 D_real: 0.278 D_fake: 0.218 \n"}
,{"stream_name":"stdout","time":7576.674953043,"data":"(epoch: 14, iters: 5020, time: 0.166, data: 0.003) G_GAN: 3.271 G_LPIPS: 55.479 D_real: 0.002 D_fake: 0.322 \n"}
,{"stream_name":"stdout","time":7576.674956598,"data":"(epoch: 14, iters: 5040, time: 0.167, data: 0.003) G_GAN: 1.723 G_LPIPS: 57.986 D_real: 0.076 D_fake: 0.397 \n"}
,{"stream_name":"stdout","time":7576.674960172,"data":"(epoch: 14, iters: 5060, time: 0.165, data: 0.003) G_GAN: 2.532 G_LPIPS: 60.436 D_real: 0.051 D_fake: 0.224 \n"}
,{"stream_name":"stdout","time":7576.674963714,"data":"(epoch: 14, iters: 5080, time: 0.168, data: 0.003) G_GAN: 1.513 G_LPIPS: 54.537 D_real: 0.079 D_fake: 0.353 \n"}
,{"stream_name":"stdout","time":7576.674967239,"data":"(epoch: 14, iters: 5100, time: 0.166, data: 0.004) G_GAN: 1.919 G_LPIPS: 54.526 D_real: 0.590 D_fake: 0.103 \n"}
,{"stream_name":"stdout","time":7576.674970706,"data":"(epoch: 14, iters: 5120, time: 0.165, data: 0.003) G_GAN: 3.979 G_LPIPS: 54.091 D_real: 0.024 D_fake: 0.086 \n"}
,{"stream_name":"stdout","time":7576.674974251,"data":"(epoch: 14, iters: 5140, time: 0.216, data: 0.003) G_GAN: 2.604 G_LPIPS: 55.395 D_real: 0.348 D_fake: 0.127 \n"}
,{"stream_name":"stdout","time":7576.674981655,"data":"(epoch: 14, iters: 5160, time: 0.167, data: 0.003) G_GAN: 2.652 G_LPIPS: 57.775 D_real: 0.199 D_fake: 0.117 \n"}
,{"stream_name":"stdout","time":7576.674985255,"data":"(epoch: 14, iters: 5180, time: 0.165, data: 0.003) G_GAN: 2.632 G_LPIPS: 54.177 D_real: 0.028 D_fake: 0.487 \n"}
,{"stream_name":"stdout","time":7576.674988825,"data":"(epoch: 14, iters: 5200, time: 0.167, data: 0.003) G_GAN: 2.149 G_LPIPS: 53.820 D_real: 0.159 D_fake: 0.418 \n"}
,{"stream_name":"stdout","time":7576.674992305,"data":"(epoch: 14, iters: 5220, time: 0.166, data: 0.003) G_GAN: 2.488 G_LPIPS: 56.347 D_real: 0.044 D_fake: 0.259 \n"}
,{"stream_name":"stdout","time":7576.674995828,"data":"(epoch: 14, iters: 5240, time: 0.173, data: 0.003) G_GAN: 2.778 G_LPIPS: 52.445 D_real: 0.024 D_fake: 0.607 \n"}
,{"stream_name":"stdout","time":7576.675001074,"data":"(epoch: 14, iters: 5260, time: 0.167, data: 0.003) G_GAN: 2.849 G_LPIPS: 53.932 D_real: 0.053 D_fake: 0.101 \n"}
,{"stream_name":"stdout","time":7576.675007766,"data":"(epoch: 14, iters: 5280, time: 0.166, data: 0.003) G_GAN: 1.402 G_LPIPS: 54.793 D_real: 1.584 D_fake: 0.078 \n"}
,{"stream_name":"stdout","time":7576.675010976,"data":"(epoch: 14, iters: 5300, time: 0.167, data: 0.003) G_GAN: 2.089 G_LPIPS: 55.761 D_real: 0.094 D_fake: 0.214 \n"}
,{"stream_name":"stdout","time":7576.675024703,"data":"(epoch: 14, iters: 5320, time: 0.167, data: 0.003) G_GAN: 2.838 G_LPIPS: 54.506 D_real: 0.107 D_fake: 0.070 \n"}
,{"stream_name":"stdout","time":7576.675028847,"data":"(epoch: 14, iters: 5340, time: 0.167, data: 0.004) G_GAN: 2.457 G_LPIPS: 53.036 D_real: 0.120 D_fake: 0.088 \n"}
,{"stream_name":"stdout","time":7576.675033224,"data":"(epoch: 14, iters: 5360, time: 0.168, data: 0.003) G_GAN: 1.879 G_LPIPS: 58.352 D_real: 0.008 D_fake: 0.494 \n"}
,{"stream_name":"stdout","time":7576.675037525,"data":"(epoch: 14, iters: 5380, time: 0.166, data: 0.003) G_GAN: 1.202 G_LPIPS: 52.211 D_real: 0.403 D_fake: 0.153 \n"}
,{"stream_name":"stdout","time":7576.675041395,"data":"(epoch: 14, iters: 5400, time: 0.167, data: 0.003) G_GAN: 3.145 G_LPIPS: 54.841 D_real: 0.297 D_fake: 0.061 \n"}
,{"stream_name":"stdout","time":7576.675044906,"data":"(epoch: 14, iters: 5420, time: 0.166, data: 0.003) G_GAN: 2.310 G_LPIPS: 52.740 D_real: 0.460 D_fake: 0.070 \n"}
,{"stream_name":"stdout","time":7576.675048409,"data":"(epoch: 14, iters: 5440, time: 0.168, data: 0.003) G_GAN: 3.217 G_LPIPS: 55.054 D_real: 0.185 D_fake: 0.074 \n"}
,{"stream_name":"stdout","time":7576.675051871,"data":"(epoch: 14, iters: 5460, time: 0.167, data: 0.003) G_GAN: 3.055 G_LPIPS: 55.322 D_real: 0.085 D_fake: 0.380 \n"}
,{"stream_name":"stdout","time":7576.675055389,"data":"(epoch: 14, iters: 5480, time: 0.167, data: 0.003) G_GAN: 2.308 G_LPIPS: 57.145 D_real: 0.201 D_fake: 0.160 \n"}
,{"stream_name":"stdout","time":7576.675058858,"data":"(epoch: 14, iters: 5500, time: 0.166, data: 0.003) G_GAN: 1.824 G_LPIPS: 53.544 D_real: 0.432 D_fake: 0.103 \n"}
,{"stream_name":"stdout","time":7576.675062461,"data":"(epoch: 14, iters: 5520, time: 0.218, data: 0.003) G_GAN: 2.093 G_LPIPS: 54.779 D_real: 0.580 D_fake: 0.051 \n"}
,{"stream_name":"stdout","time":7576.675065925,"data":"(epoch: 14, iters: 5540, time: 0.165, data: 0.003) G_GAN: 1.625 G_LPIPS: 52.997 D_real: 0.813 D_fake: 0.069 \n"}
,{"stream_name":"stdout","time":7576.675069435,"data":"(epoch: 14, iters: 5560, time: 0.166, data: 0.003) G_GAN: 2.469 G_LPIPS: 51.856 D_real: 0.133 D_fake: 0.787 \n"}
,{"stream_name":"stdout","time":7576.675072889,"data":"(epoch: 14, iters: 5580, time: 0.118, data: 0.003) G_GAN: 1.201 G_LPIPS: 46.143 D_real: 0.626 D_fake: 0.333 \n"}
,{"stream_name":"stdout","time":7576.675076423,"data":"saving the model at the end of epoch 14, iters 66960\n"}
,{"stream_name":"stdout","time":7576.675083086,"data":"End of epoch 14 / 20 \t Time Taken: 711 sec\n"}
,{"stream_name":"stdout","time":7576.675086795,"data":"learning rate 0.0000545 -\u003e 0.0000455\n"}
,{"stream_name":"stdout","time":7774.993253541,"data":"(epoch: 15, iters: 20, time: 0.169, data: 0.261) G_GAN: 3.254 G_LPIPS: 55.585 D_real: 0.137 D_fake: 0.068 \n"}
,{"stream_name":"stdout","time":7774.993297442,"data":"(epoch: 15, iters: 40, time: 0.164, data: 0.001) G_GAN: 1.584 G_LPIPS: 57.379 D_real: 0.616 D_fake: 0.191 \n"}
,{"stream_name":"stdout","time":7774.99330188,"data":"(epoch: 15, iters: 60, time: 0.165, data: 0.003) G_GAN: 4.165 G_LPIPS: 56.369 D_real: 0.043 D_fake: 0.046 \n"}
,{"stream_name":"stdout","time":7774.99330531,"data":"(epoch: 15, iters: 80, time: 0.217, data: 0.003) G_GAN: 2.236 G_LPIPS: 55.164 D_real: 0.180 D_fake: 0.160 \n"}
,{"stream_name":"stdout","time":7774.993308676,"data":"(epoch: 15, iters: 100, time: 0.166, data: 0.003) G_GAN: 1.403 G_LPIPS: 57.430 D_real: 0.055 D_fake: 0.237 \n"}
,{"stream_name":"stdout","time":7774.993311982,"data":"(epoch: 15, iters: 120, time: 0.165, data: 0.003) G_GAN: 1.761 G_LPIPS: 57.062 D_real: 0.021 D_fake: 0.318 \n"}
,{"stream_name":"stdout","time":7774.993315229,"data":"(epoch: 15, iters: 140, time: 0.169, data: 0.004) G_GAN: 3.090 G_LPIPS: 57.584 D_real: 0.065 D_fake: 0.070 \n"}
,{"stream_name":"stdout","time":7774.993318854,"data":"(epoch: 15, iters: 160, time: 0.166, data: 0.004) G_GAN: 1.343 G_LPIPS: 51.447 D_real: 0.774 D_fake: 0.184 \n"}
,{"stream_name":"stdout","time":7774.99332231,"data":"(epoch: 15, iters: 180, time: 0.166, data: 0.003) G_GAN: 2.201 G_LPIPS: 57.845 D_real: 0.005 D_fake: 0.485 \n"}
,{"stream_name":"stdout","time":7774.993325498,"data":"(epoch: 15, iters: 200, time: 0.167, data: 0.003) G_GAN: 2.973 G_LPIPS: 53.772 D_real: 0.113 D_fake: 0.072 \n"}
,{"stream_name":"stdout","time":7774.993328758,"data":"(epoch: 15, iters: 220, time: 0.167, data: 0.003) G_GAN: 2.222 G_LPIPS: 56.373 D_real: 0.046 D_fake: 0.535 \n"}
,{"stream_name":"stdout","time":7774.993331969,"data":"(epoch: 15, iters: 240, time: 0.189, data: 0.003) G_GAN: 2.608 G_LPIPS: 54.010 D_real: 0.093 D_fake: 0.166 \n"}
,{"stream_name":"stdout","time":7774.993335176,"data":"(epoch: 15, iters: 260, time: 0.168, data: 0.003) G_GAN: 2.040 G_LPIPS: 53.732 D_real: 0.059 D_fake: 0.569 \n"}
,{"stream_name":"stdout","time":7774.993338287,"data":"(epoch: 15, iters: 280, time: 0.166, data: 0.003) G_GAN: 2.435 G_LPIPS: 50.219 D_real: 0.389 D_fake: 0.070 \n"}
,{"stream_name":"stdout","time":7774.993341462,"data":"(epoch: 15, iters: 300, time: 0.173, data: 0.003) G_GAN: 3.232 G_LPIPS: 52.551 D_real: 0.105 D_fake: 0.084 \n"}
,{"stream_name":"stdout","time":7774.993344608,"data":"(epoch: 15, iters: 320, time: 0.215, data: 0.003) G_GAN: 2.506 G_LPIPS: 56.001 D_real: 0.009 D_fake: 0.583 \n"}
,{"stream_name":"stdout","time":7774.993347782,"data":"(epoch: 15, iters: 340, time: 0.167, data: 0.003) G_GAN: 1.279 G_LPIPS: 51.364 D_real: 0.707 D_fake: 0.079 \n"}
,{"stream_name":"stdout","time":7774.993350901,"data":"(epoch: 15, iters: 360, time: 0.168, data: 0.003) G_GAN: 3.491 G_LPIPS: 53.937 D_real: 0.014 D_fake: 0.116 \n"}
,{"stream_name":"stdout","time":7774.993354105,"data":"(epoch: 15, iters: 380, time: 0.167, data: 0.003) G_GAN: 2.698 G_LPIPS: 50.577 D_real: 0.214 D_fake: 0.091 \n"}
,{"stream_name":"stdout","time":7774.993358326,"data":"(epoch: 15, iters: 400, time: 0.168, data: 0.003) G_GAN: 2.333 G_LPIPS: 59.428 D_real: 0.037 D_fake: 0.278 \n"}
,{"stream_name":"stdout","time":7774.993361498,"data":"(epoch: 15, iters: 420, time: 0.218, data: 0.003) G_GAN: 2.484 G_LPIPS: 55.364 D_real: 0.150 D_fake: 0.249 \n"}
,{"stream_name":"stdout","time":7774.993364626,"data":"(epoch: 15, iters: 440, time: 0.166, data: 0.003) G_GAN: 1.869 G_LPIPS: 54.356 D_real: 0.062 D_fake: 0.346 \n"}
,{"stream_name":"stdout","time":7774.993385131,"data":"(epoch: 15, iters: 460, time: 0.167, data: 0.003) G_GAN: 3.252 G_LPIPS: 59.810 D_real: 0.029 D_fake: 0.074 \n"}
,{"stream_name":"stdout","time":7774.993387988,"data":"(epoch: 15, iters: 480, time: 0.166, data: 0.003) G_GAN: 2.329 G_LPIPS: 51.171 D_real: 0.065 D_fake: 0.225 \n"}
,{"stream_name":"stdout","time":7774.993390541,"data":"(epoch: 15, iters: 500, time: 0.170, data: 0.003) G_GAN: 2.200 G_LPIPS: 55.782 D_real: 0.114 D_fake: 0.285 \n"}
,{"stream_name":"stdout","time":7774.993392974,"data":"(epoch: 15, iters: 520, time: 0.165, data: 0.003) G_GAN: 1.783 G_LPIPS: 54.561 D_real: 0.230 D_fake: 0.340 \n"}
,{"stream_name":"stdout","time":7774.993395396,"data":"(epoch: 15, iters: 540, time: 0.167, data: 0.003) G_GAN: 1.917 G_LPIPS: 57.314 D_real: 0.504 D_fake: 0.108 \n"}
,{"stream_name":"stdout","time":7774.993397814,"data":"(epoch: 15, iters: 560, time: 0.167, data: 0.003) G_GAN: 3.282 G_LPIPS: 57.738 D_real: 0.002 D_fake: 0.079 \n"}
,{"stream_name":"stdout","time":7774.993400227,"data":"(epoch: 15, iters: 580, time: 0.174, data: 0.004) G_GAN: 2.210 G_LPIPS: 56.347 D_real: 0.119 D_fake: 0.381 \n"}
,{"stream_name":"stdout","time":7774.99340265,"data":"(epoch: 15, iters: 600, time: 0.167, data: 0.004) G_GAN: 2.538 G_LPIPS: 53.363 D_real: 0.331 D_fake: 0.092 \n"}
,{"stream_name":"stdout","time":7774.993405096,"data":"(epoch: 15, iters: 620, time: 0.167, data: 0.003) G_GAN: 3.238 G_LPIPS: 56.610 D_real: 0.021 D_fake: 0.190 \n"}
,{"stream_name":"stdout","time":7774.993407518,"data":"(epoch: 15, iters: 640, time: 0.168, data: 0.003) G_GAN: 5.186 G_LPIPS: 57.703 D_real: 0.105 D_fake: 0.019 \n"}
,{"stream_name":"stdout","time":7774.993409975,"data":"(epoch: 15, iters: 660, time: 0.217, data: 0.003) G_GAN: 1.786 G_LPIPS: 51.689 D_real: 0.458 D_fake: 0.202 \n"}
,{"stream_name":"stdout","time":7774.993412388,"data":"(epoch: 15, iters: 680, time: 0.168, data: 0.003) G_GAN: 2.494 G_LPIPS: 58.267 D_real: 0.013 D_fake: 0.308 \n"}
,{"stream_name":"stdout","time":7774.993414813,"data":"(epoch: 15, iters: 700, time: 0.167, data: 0.003) G_GAN: 1.319 G_LPIPS: 47.199 D_real: 0.331 D_fake: 0.257 \n"}
,{"stream_name":"stdout","time":7774.993417223,"data":"(epoch: 15, iters: 720, time: 0.168, data: 0.003) G_GAN: 2.700 G_LPIPS: 61.251 D_real: 0.009 D_fake: 0.278 \n"}
,{"stream_name":"stdout","time":7774.993419656,"data":"(epoch: 15, iters: 740, time: 0.166, data: 0.004) G_GAN: 1.629 G_LPIPS: 52.742 D_real: 0.162 D_fake: 0.375 \n"}
,{"stream_name":"stdout","time":7774.993422322,"data":"(epoch: 15, iters: 760, time: 0.167, data: 0.003) G_GAN: 2.705 G_LPIPS: 57.103 D_real: 0.119 D_fake: 0.067 \n"}
,{"stream_name":"stdout","time":7774.993424784,"data":"(epoch: 15, iters: 780, time: 0.167, data: 0.003) G_GAN: 2.432 G_LPIPS: 60.099 D_real: 0.104 D_fake: 0.207 \n"}
,{"stream_name":"stdout","time":7774.993427204,"data":"(epoch: 15, iters: 800, time: 0.171, data: 0.004) G_GAN: 3.230 G_LPIPS: 56.050 D_real: 0.818 D_fake: 0.039 \n"}
,{"stream_name":"stdout","time":7774.993429713,"data":"(epoch: 15, iters: 820, time: 0.170, data: 0.003) G_GAN: 3.140 G_LPIPS: 55.930 D_real: 0.005 D_fake: 0.544 \n"}
,{"stream_name":"stdout","time":7774.993432125,"data":"(epoch: 15, iters: 840, time: 0.168, data: 0.004) G_GAN: 1.621 G_LPIPS: 57.854 D_real: 0.011 D_fake: 0.593 \n"}
,{"stream_name":"stdout","time":7774.99343454,"data":"(epoch: 15, iters: 860, time: 0.167, data: 0.004) G_GAN: 3.581 G_LPIPS: 55.347 D_real: 0.053 D_fake: 0.667 \n"}
,{"stream_name":"stdout","time":7774.993436952,"data":"(epoch: 15, iters: 880, time: 0.176, data: 0.003) G_GAN: 2.680 G_LPIPS: 61.399 D_real: 0.005 D_fake: 0.360 \n"}
,{"stream_name":"stdout","time":7774.993439453,"data":"(epoch: 15, iters: 900, time: 0.215, data: 0.003) G_GAN: 2.743 G_LPIPS: 62.552 D_real: 0.002 D_fake: 0.174 \n"}
,{"stream_name":"stdout","time":7774.993445364,"data":"(epoch: 15, iters: 920, time: 0.168, data: 0.003) G_GAN: 2.063 G_LPIPS: 56.570 D_real: 0.071 D_fake: 0.181 \n"}
,{"stream_name":"stdout","time":7774.99344802,"data":"(epoch: 15, iters: 940, time: 0.167, data: 0.003) G_GAN: 2.892 G_LPIPS: 60.943 D_real: 0.065 D_fake: 0.108 \n"}
,{"stream_name":"stdout","time":7774.993450472,"data":"(epoch: 15, iters: 960, time: 0.169, data: 0.003) G_GAN: 3.753 G_LPIPS: 60.773 D_real: 0.014 D_fake: 0.029 \n"}
,{"stream_name":"stdout","time":7774.993452989,"data":"(epoch: 15, iters: 980, time: 0.167, data: 0.003) G_GAN: 3.294 G_LPIPS: 57.558 D_real: 0.062 D_fake: 0.060 \n"}
,{"stream_name":"stdout","time":7774.993455404,"data":"(epoch: 15, iters: 1000, time: 0.170, data: 0.003) G_GAN: 2.525 G_LPIPS: 54.058 D_real: 0.042 D_fake: 0.234 \n"}
,{"stream_name":"stdout","time":7774.99345783,"data":"(epoch: 15, iters: 1020, time: 0.167, data: 0.003) G_GAN: 1.860 G_LPIPS: 54.892 D_real: 0.350 D_fake: 0.189 \n"}
,{"stream_name":"stdout","time":7774.993460262,"data":"(epoch: 15, iters: 1040, time: 0.186, data: 0.003) G_GAN: 1.833 G_LPIPS: 55.672 D_real: 0.142 D_fake: 0.348 \n"}
,{"stream_name":"stdout","time":7774.99346277,"data":"(epoch: 15, iters: 1060, time: 0.167, data: 0.003) G_GAN: 2.593 G_LPIPS: 54.779 D_real: 0.125 D_fake: 0.178 \n"}
,{"stream_name":"stdout","time":7774.993465187,"data":"(epoch: 15, iters: 1080, time: 0.167, data: 0.003) G_GAN: 1.985 G_LPIPS: 56.818 D_real: 0.002 D_fake: 0.921 \n"}
,{"stream_name":"stdout","time":7774.993467605,"data":"(epoch: 15, iters: 1100, time: 0.166, data: 0.003) G_GAN: 1.299 G_LPIPS: 56.036 D_real: 0.077 D_fake: 0.304 \n"}
,{"stream_name":"stdout","time":7774.993470024,"data":"(epoch: 15, iters: 1120, time: 0.174, data: 0.003) G_GAN: 2.548 G_LPIPS: 58.595 D_real: 0.028 D_fake: 0.089 \n"}
,{"stream_name":"stdout","time":7774.9934728,"data":"(epoch: 15, iters: 1140, time: 0.217, data: 0.003) G_GAN: 2.277 G_LPIPS: 55.798 D_real: 0.072 D_fake: 0.182 \n"}
,{"stream_name":"stdout","time":7774.993475236,"data":"(epoch: 15, iters: 1160, time: 0.168, data: 0.004) G_GAN: 2.583 G_LPIPS: 56.857 D_real: 0.227 D_fake: 0.107 \n"}
,{"stream_name":"stdout","time":7774.99347765,"data":"(epoch: 15, iters: 1180, time: 0.168, data: 0.003) G_GAN: 0.827 G_LPIPS: 53.834 D_real: 1.095 D_fake: 0.155 \n"}
,{"stream_name":"stdout","time":7774.993480054,"data":"(epoch: 15, iters: 1200, time: 0.168, data: 0.004) G_GAN: 2.022 G_LPIPS: 54.344 D_real: 0.071 D_fake: 0.212 \n"}
,{"stream_name":"stdout","time":7774.993482474,"data":"(epoch: 15, iters: 1220, time: 0.169, data: 0.003) G_GAN: 2.533 G_LPIPS: 54.421 D_real: 0.152 D_fake: 0.145 \n"}
,{"stream_name":"stdout","time":7774.99348497,"data":"(epoch: 15, iters: 1240, time: 0.217, data: 0.003) G_GAN: 2.467 G_LPIPS: 54.820 D_real: 0.151 D_fake: 0.140 \n"}
,{"stream_name":"stdout","time":7774.99348737,"data":"(epoch: 15, iters: 1260, time: 0.168, data: 0.003) G_GAN: 2.078 G_LPIPS: 54.982 D_real: 0.011 D_fake: 0.298 \n"}
,{"stream_name":"stdout","time":7774.993490504,"data":"(epoch: 15, iters: 1280, time: 0.167, data: 0.003) G_GAN: 2.495 G_LPIPS: 55.926 D_real: 0.141 D_fake: 0.112 \n"}
,{"stream_name":"stdout","time":7774.993498697,"data":"(epoch: 15, iters: 1300, time: 0.169, data: 0.003) G_GAN: 2.230 G_LPIPS: 55.246 D_real: 0.566 D_fake: 0.067 \n"}
,{"stream_name":"stdout","time":7774.993501149,"data":"(epoch: 15, iters: 1320, time: 0.168, data: 0.004) G_GAN: 2.494 G_LPIPS: 58.487 D_real: 0.025 D_fake: 0.154 \n"}
,{"stream_name":"stdout","time":7774.993503568,"data":"(epoch: 15, iters: 1340, time: 0.174, data: 0.004) G_GAN: 0.961 G_LPIPS: 54.673 D_real: 0.344 D_fake: 0.373 \n"}
,{"stream_name":"stdout","time":7774.993505996,"data":"(epoch: 15, iters: 1360, time: 0.167, data: 0.003) G_GAN: 1.868 G_LPIPS: 53.133 D_real: 0.388 D_fake: 0.141 \n"}
,{"stream_name":"stdout","time":7774.993510767,"data":"(epoch: 15, iters: 1380, time: 0.166, data: 0.003) G_GAN: 2.077 G_LPIPS: 57.475 D_real: 0.403 D_fake: 0.131 \n"}
,{"stream_name":"stdout","time":7774.993513361,"data":"(epoch: 15, iters: 1400, time: 0.168, data: 0.003) G_GAN: 2.666 G_LPIPS: 53.539 D_real: 0.562 D_fake: 0.077 \n"}
,{"stream_name":"stdout","time":7774.993515801,"data":"(epoch: 15, iters: 1420, time: 0.167, data: 0.004) G_GAN: 2.582 G_LPIPS: 54.248 D_real: 0.036 D_fake: 0.218 \n"}
,{"stream_name":"stdout","time":7774.993518238,"data":"(epoch: 15, iters: 1440, time: 0.168, data: 0.003) G_GAN: 3.040 G_LPIPS: 60.723 D_real: 0.104 D_fake: 0.053 \n"}
,{"stream_name":"stdout","time":7774.993520784,"data":"(epoch: 15, iters: 1460, time: 0.169, data: 0.003) G_GAN: 2.068 G_LPIPS: 55.270 D_real: 0.041 D_fake: 0.533 \n"}
,{"stream_name":"stdout","time":7774.993523215,"data":"(epoch: 15, iters: 1480, time: 0.216, data: 0.003) G_GAN: 2.122 G_LPIPS: 49.918 D_real: 0.176 D_fake: 0.209 \n"}
,{"stream_name":"stdout","time":7774.993525626,"data":"(epoch: 15, iters: 1500, time: 0.168, data: 0.003) G_GAN: 3.181 G_LPIPS: 58.224 D_real: 0.011 D_fake: 0.118 \n"}
,{"stream_name":"stdout","time":7976.333465942,"data":"(epoch: 15, iters: 1520, time: 0.168, data: 0.003) G_GAN: 2.141 G_LPIPS: 53.993 D_real: 0.051 D_fake: 0.220 \n"}
,{"stream_name":"stdout","time":7976.333520263,"data":"(epoch: 15, iters: 1540, time: 0.172, data: 0.004) G_GAN: 1.854 G_LPIPS: 56.439 D_real: 0.228 D_fake: 0.162 \n"}
,{"stream_name":"stdout","time":7976.333528912,"data":"(epoch: 15, iters: 1560, time: 0.170, data: 0.003) G_GAN: 2.158 G_LPIPS: 56.202 D_real: 0.153 D_fake: 0.547 \n"}
,{"stream_name":"stdout","time":7976.333534593,"data":"(epoch: 15, iters: 1580, time: 0.168, data: 0.003) G_GAN: 2.911 G_LPIPS: 54.424 D_real: 0.065 D_fake: 0.111 \n"}
,{"stream_name":"stdout","time":7976.333540194,"data":"(epoch: 15, iters: 1600, time: 0.169, data: 0.003) G_GAN: 2.904 G_LPIPS: 52.594 D_real: 0.147 D_fake: 0.081 \n"}
,{"stream_name":"stdout","time":7976.333545885,"data":"(epoch: 15, iters: 1620, time: 0.167, data: 0.003) G_GAN: 2.212 G_LPIPS: 51.941 D_real: 0.268 D_fake: 0.099 \n"}
,{"stream_name":"stdout","time":7976.333551191,"data":"(epoch: 15, iters: 1640, time: 0.168, data: 0.003) G_GAN: 2.814 G_LPIPS: 62.664 D_real: 0.021 D_fake: 0.128 \n"}
,{"stream_name":"stdout","time":7976.333556405,"data":"(epoch: 15, iters: 1660, time: 0.167, data: 0.003) G_GAN: 1.596 G_LPIPS: 51.689 D_real: 0.957 D_fake: 0.062 \n"}
,{"stream_name":"stdout","time":7976.333587945,"data":"(epoch: 15, iters: 1680, time: 0.169, data: 0.004) G_GAN: 1.917 G_LPIPS: 55.549 D_real: 0.774 D_fake: 0.063 \n"}
,{"stream_name":"stdout","time":7976.333594017,"data":"(epoch: 15, iters: 1700, time: 0.169, data: 0.003) G_GAN: 1.056 G_LPIPS: 51.631 D_real: 1.046 D_fake: 0.158 \n"}
,{"stream_name":"stdout","time":7976.333599701,"data":"(epoch: 15, iters: 1720, time: 0.228, data: 0.003) G_GAN: 2.789 G_LPIPS: 54.877 D_real: 0.123 D_fake: 0.134 \n"}
,{"stream_name":"stdout","time":7976.333605168,"data":"(epoch: 15, iters: 1740, time: 0.169, data: 0.003) G_GAN: 2.954 G_LPIPS: 54.568 D_real: 0.050 D_fake: 0.186 \n"}
,{"stream_name":"stdout","time":7976.333610715,"data":"(epoch: 15, iters: 1760, time: 0.170, data: 0.003) G_GAN: 2.703 G_LPIPS: 54.623 D_real: 0.174 D_fake: 0.122 \n"}
,{"stream_name":"stdout","time":7976.333616749,"data":"(epoch: 15, iters: 1780, time: 0.170, data: 0.003) G_GAN: 3.110 G_LPIPS: 53.350 D_real: 0.022 D_fake: 0.066 \n"}
,{"stream_name":"stdout","time":7976.333622045,"data":"(epoch: 15, iters: 1800, time: 0.168, data: 0.003) G_GAN: 1.578 G_LPIPS: 53.185 D_real: 0.315 D_fake: 0.140 \n"}
,{"stream_name":"stdout","time":7976.333627316,"data":"(epoch: 15, iters: 1820, time: 0.218, data: 0.003) G_GAN: 2.946 G_LPIPS: 58.004 D_real: 0.069 D_fake: 0.260 \n"}
,{"stream_name":"stdout","time":7976.333644776,"data":"(epoch: 15, iters: 1840, time: 0.170, data: 0.003) G_GAN: 2.172 G_LPIPS: 52.455 D_real: 0.198 D_fake: 0.264 \n"}
,{"stream_name":"stdout","time":7976.333648069,"data":"(epoch: 15, iters: 1860, time: 0.169, data: 0.004) G_GAN: 1.784 G_LPIPS: 56.554 D_real: 0.435 D_fake: 0.361 \n"}
,{"stream_name":"stdout","time":7976.333650821,"data":"(epoch: 15, iters: 1880, time: 0.169, data: 0.003) G_GAN: 1.761 G_LPIPS: 53.034 D_real: 0.476 D_fake: 0.146 \n"}
,{"stream_name":"stdout","time":7976.333656324,"data":"(epoch: 15, iters: 1900, time: 0.169, data: 0.003) G_GAN: 2.614 G_LPIPS: 59.399 D_real: 0.220 D_fake: 0.087 \n"}
,{"stream_name":"stdout","time":7976.333672781,"data":"(epoch: 15, iters: 1920, time: 0.168, data: 0.003) G_GAN: 2.510 G_LPIPS: 57.044 D_real: 0.029 D_fake: 0.429 \n"}
,{"stream_name":"stdout","time":7976.333677691,"data":"(epoch: 15, iters: 1940, time: 0.168, data: 0.003) G_GAN: 2.506 G_LPIPS: 54.264 D_real: 0.025 D_fake: 0.494 \n"}
,{"stream_name":"stdout","time":7976.333682463,"data":"(epoch: 15, iters: 1960, time: 0.169, data: 0.003) G_GAN: 2.626 G_LPIPS: 59.933 D_real: 0.008 D_fake: 0.118 \n"}
,{"stream_name":"stdout","time":7976.333687561,"data":"(epoch: 15, iters: 1980, time: 0.168, data: 0.003) G_GAN: 1.979 G_LPIPS: 55.787 D_real: 0.191 D_fake: 0.096 \n"}
,{"stream_name":"stdout","time":7976.333692154,"data":"(epoch: 15, iters: 2000, time: 0.168, data: 0.003) G_GAN: 1.821 G_LPIPS: 53.618 D_real: 1.194 D_fake: 0.033 \n"}
,{"stream_name":"stdout","time":7976.3336963,"data":"(epoch: 15, iters: 2020, time: 0.173, data: 0.004) G_GAN: 3.746 G_LPIPS: 56.176 D_real: 0.016 D_fake: 0.053 \n"}
,{"stream_name":"stdout","time":7976.333700447,"data":"(epoch: 15, iters: 2040, time: 0.168, data: 0.003) G_GAN: 2.375 G_LPIPS: 53.159 D_real: 0.152 D_fake: 0.232 \n"}
,{"stream_name":"stdout","time":7976.33370456,"data":"(epoch: 15, iters: 2060, time: 0.219, data: 0.003) G_GAN: 1.817 G_LPIPS: 47.161 D_real: 0.431 D_fake: 0.202 \n"}
,{"stream_name":"stdout","time":7976.333708787,"data":"(epoch: 15, iters: 2080, time: 0.169, data: 0.003) G_GAN: 2.662 G_LPIPS: 59.768 D_real: 0.170 D_fake: 0.182 \n"}
,{"stream_name":"stdout","time":7976.333712937,"data":"(epoch: 15, iters: 2100, time: 0.174, data: 0.004) G_GAN: 2.779 G_LPIPS: 59.024 D_real: 0.285 D_fake: 0.101 \n"}
,{"stream_name":"stdout","time":7976.333717039,"data":"(epoch: 15, iters: 2120, time: 0.171, data: 0.003) G_GAN: 2.454 G_LPIPS: 53.299 D_real: 0.028 D_fake: 0.616 \n"}
,{"stream_name":"stdout","time":7976.333721205,"data":"(epoch: 15, iters: 2140, time: 0.170, data: 0.004) G_GAN: 2.357 G_LPIPS: 58.875 D_real: 0.024 D_fake: 0.317 \n"}
,{"stream_name":"stdout","time":7976.333725363,"data":"(epoch: 15, iters: 2160, time: 0.220, data: 0.003) G_GAN: 2.407 G_LPIPS: 55.651 D_real: 0.403 D_fake: 0.071 \n"}
,{"stream_name":"stdout","time":7976.333729563,"data":"(epoch: 15, iters: 2180, time: 0.169, data: 0.003) G_GAN: 2.650 G_LPIPS: 58.780 D_real: 0.206 D_fake: 0.073 \n"}
,{"stream_name":"stdout","time":7976.333733637,"data":"(epoch: 15, iters: 2200, time: 0.170, data: 0.004) G_GAN: 2.145 G_LPIPS: 50.404 D_real: 0.641 D_fake: 0.085 \n"}
,{"stream_name":"stdout","time":7976.333737718,"data":"(epoch: 15, iters: 2220, time: 0.171, data: 0.003) G_GAN: 3.166 G_LPIPS: 55.737 D_real: 0.201 D_fake: 0.075 \n"}
,{"stream_name":"stdout","time":7976.333741889,"data":"(epoch: 15, iters: 2240, time: 0.170, data: 0.004) G_GAN: 3.136 G_LPIPS: 57.377 D_real: 0.285 D_fake: 1.117 \n"}
,{"stream_name":"stdout","time":7976.333746045,"data":"(epoch: 15, iters: 2260, time: 0.171, data: 0.003) G_GAN: 1.771 G_LPIPS: 53.421 D_real: 0.217 D_fake: 0.286 \n"}
,{"stream_name":"stdout","time":7976.333750833,"data":"(epoch: 15, iters: 2280, time: 0.169, data: 0.003) G_GAN: 2.194 G_LPIPS: 59.316 D_real: 0.661 D_fake: 0.032 \n"}
,{"stream_name":"stdout","time":7976.33377278,"data":"(epoch: 15, iters: 2300, time: 0.170, data: 0.003) G_GAN: 3.256 G_LPIPS: 57.110 D_real: 0.233 D_fake: 0.084 \n"}
,{"stream_name":"stdout","time":7976.333778029,"data":"(epoch: 15, iters: 2320, time: 0.169, data: 0.003) G_GAN: 1.776 G_LPIPS: 56.228 D_real: 0.077 D_fake: 0.251 \n"}
,{"stream_name":"stdout","time":7976.333782886,"data":"(epoch: 15, iters: 2340, time: 0.168, data: 0.003) G_GAN: 2.779 G_LPIPS: 51.245 D_real: 0.039 D_fake: 0.566 \n"}
,{"stream_name":"stdout","time":7976.333790059,"data":"(epoch: 15, iters: 2360, time: 0.170, data: 0.004) G_GAN: 2.352 G_LPIPS: 54.494 D_real: 0.174 D_fake: 0.071 \n"}
,{"stream_name":"stdout","time":7976.3337942,"data":"(epoch: 15, iters: 2380, time: 0.168, data: 0.003) G_GAN: 1.973 G_LPIPS: 55.715 D_real: 0.442 D_fake: 0.086 \n"}
,{"stream_name":"stdout","time":7976.333798465,"data":"(epoch: 15, iters: 2400, time: 0.227, data: 0.003) G_GAN: 2.967 G_LPIPS: 55.613 D_real: 0.034 D_fake: 0.119 \n"}
,{"stream_name":"stdout","time":7976.333802576,"data":"(epoch: 15, iters: 2420, time: 0.170, data: 0.003) G_GAN: 1.948 G_LPIPS: 52.144 D_real: 0.154 D_fake: 0.573 \n"}
,{"stream_name":"stdout","time":7976.333806767,"data":"(epoch: 15, iters: 2440, time: 0.170, data: 0.004) G_GAN: 2.954 G_LPIPS: 61.043 D_real: 0.052 D_fake: 0.107 \n"}
,{"stream_name":"stdout","time":7976.333810902,"data":"(epoch: 15, iters: 2460, time: 0.170, data: 0.003) G_GAN: 2.886 G_LPIPS: 57.195 D_real: 0.015 D_fake: 0.532 \n"}
,{"stream_name":"stdout","time":7976.333814965,"data":"(epoch: 15, iters: 2480, time: 0.169, data: 0.004) G_GAN: 3.218 G_LPIPS: 48.625 D_real: 0.083 D_fake: 1.334 \n"}
,{"stream_name":"stdout","time":7976.333819122,"data":"(epoch: 15, iters: 2500, time: 0.220, data: 0.003) G_GAN: 2.947 G_LPIPS: 58.742 D_real: 0.030 D_fake: 0.382 \n"}
,{"stream_name":"stdout","time":7976.3338233,"data":"(epoch: 15, iters: 2520, time: 0.171, data: 0.003) G_GAN: 2.995 G_LPIPS: 57.553 D_real: 0.212 D_fake: 0.103 \n"}
,{"stream_name":"stdout","time":7976.333827405,"data":"(epoch: 15, iters: 2540, time: 0.174, data: 0.004) G_GAN: 2.187 G_LPIPS: 57.076 D_real: 0.087 D_fake: 0.393 \n"}
,{"stream_name":"stdout","time":7976.333831574,"data":"(epoch: 15, iters: 2560, time: 0.170, data: 0.003) G_GAN: 2.025 G_LPIPS: 59.651 D_real: 0.002 D_fake: 0.364 \n"}
,{"stream_name":"stdout","time":7976.333835848,"data":"(epoch: 15, iters: 2580, time: 0.169, data: 0.003) G_GAN: 1.510 G_LPIPS: 55.437 D_real: 1.060 D_fake: 0.068 \n"}
,{"stream_name":"stdout","time":7976.3338435,"data":"(epoch: 15, iters: 2600, time: 0.170, data: 0.003) G_GAN: 2.072 G_LPIPS: 59.925 D_real: 0.601 D_fake: 0.068 \n"}
,{"stream_name":"stdout","time":7976.333846856,"data":"(epoch: 15, iters: 2620, time: 0.169, data: 0.003) G_GAN: 1.974 G_LPIPS: 56.720 D_real: 0.736 D_fake: 0.373 \n"}
,{"stream_name":"stdout","time":7976.333860526,"data":"(epoch: 15, iters: 2640, time: 0.169, data: 0.003) G_GAN: 2.948 G_LPIPS: 52.742 D_real: 0.097 D_fake: 0.156 \n"}
,{"stream_name":"stdout","time":7976.333866125,"data":"(epoch: 15, iters: 2660, time: 0.170, data: 0.003) G_GAN: 2.218 G_LPIPS: 56.993 D_real: 0.905 D_fake: 0.035 \n"}
,{"stream_name":"stdout","time":7976.333870793,"data":"(epoch: 15, iters: 2680, time: 0.168, data: 0.003) G_GAN: 3.282 G_LPIPS: 55.757 D_real: 0.102 D_fake: 0.077 \n"}
,{"stream_name":"stdout","time":7976.33387592,"data":"(epoch: 15, iters: 2700, time: 0.171, data: 0.003) G_GAN: 1.953 G_LPIPS: 59.443 D_real: 0.003 D_fake: 1.225 \n"}
,{"stream_name":"stdout","time":7976.333880294,"data":"(epoch: 15, iters: 2720, time: 0.168, data: 0.003) G_GAN: 0.982 G_LPIPS: 51.086 D_real: 1.300 D_fake: 0.068 \n"}
,{"stream_name":"stdout","time":7976.333884427,"data":"(epoch: 15, iters: 2740, time: 0.217, data: 0.003) G_GAN: 2.641 G_LPIPS: 55.615 D_real: 0.141 D_fake: 1.256 \n"}
,{"stream_name":"stdout","time":7976.333892371,"data":"(epoch: 15, iters: 2760, time: 0.170, data: 0.003) G_GAN: 2.504 G_LPIPS: 59.971 D_real: 0.010 D_fake: 0.135 \n"}
,{"stream_name":"stdout","time":7976.33389656,"data":"(epoch: 15, iters: 2780, time: 0.171, data: 0.003) G_GAN: 2.190 G_LPIPS: 53.422 D_real: 0.462 D_fake: 0.075 \n"}
,{"stream_name":"stdout","time":7976.333900692,"data":"(epoch: 15, iters: 2800, time: 0.168, data: 0.003) G_GAN: 2.381 G_LPIPS: 54.212 D_real: 0.386 D_fake: 0.059 \n"}
,{"stream_name":"stdout","time":7976.333904845,"data":"(epoch: 15, iters: 2820, time: 0.169, data: 0.003) G_GAN: 1.689 G_LPIPS: 47.848 D_real: 0.708 D_fake: 0.073 \n"}
,{"stream_name":"stdout","time":7976.333909104,"data":"(epoch: 15, iters: 2840, time: 0.219, data: 0.003) G_GAN: 1.753 G_LPIPS: 53.538 D_real: 0.545 D_fake: 0.077 \n"}
,{"stream_name":"stdout","time":7976.333913231,"data":"(epoch: 15, iters: 2860, time: 0.170, data: 0.003) G_GAN: 1.952 G_LPIPS: 57.108 D_real: 0.345 D_fake: 0.191 \n"}
,{"stream_name":"stdout","time":7976.333917394,"data":"(epoch: 15, iters: 2880, time: 0.171, data: 0.003) G_GAN: 2.556 G_LPIPS: 57.839 D_real: 0.078 D_fake: 0.772 \n"}
,{"stream_name":"stdout","time":7976.333921503,"data":"(epoch: 15, iters: 2900, time: 0.170, data: 0.004) G_GAN: 1.789 G_LPIPS: 56.044 D_real: 0.020 D_fake: 0.252 \n"}
,{"stream_name":"stdout","time":7976.333925614,"data":"(epoch: 15, iters: 2920, time: 0.170, data: 0.003) G_GAN: 1.824 G_LPIPS: 49.502 D_real: 0.206 D_fake: 0.236 \n"}
,{"stream_name":"stdout","time":7976.333929728,"data":"(epoch: 15, iters: 2940, time: 0.226, data: 0.003) G_GAN: 2.020 G_LPIPS: 54.893 D_real: 0.193 D_fake: 0.400 \n"}
,{"stream_name":"stdout","time":7976.333938458,"data":"(epoch: 15, iters: 2960, time: 0.169, data: 0.004) G_GAN: 2.060 G_LPIPS: 52.461 D_real: 0.233 D_fake: 0.095 \n"}
,{"stream_name":"stdout","time":7976.333941994,"data":"(epoch: 15, iters: 2980, time: 0.173, data: 0.004) G_GAN: 1.026 G_LPIPS: 53.972 D_real: 0.996 D_fake: 0.089 \n"}
,{"stream_name":"stdout","time":7976.333956442,"data":"(epoch: 15, iters: 3000, time: 0.170, data: 0.003) G_GAN: 2.339 G_LPIPS: 58.596 D_real: 0.400 D_fake: 0.072 \n"}
,{"stream_name":"stdout","time":7976.333961863,"data":"(epoch: 15, iters: 3020, time: 0.169, data: 0.003) G_GAN: 3.324 G_LPIPS: 56.985 D_real: 0.016 D_fake: 0.136 \n"}
,{"stream_name":"stdout","time":8177.432187587,"data":"(epoch: 15, iters: 3040, time: 0.190, data: 0.003) G_GAN: 2.656 G_LPIPS: 56.604 D_real: 0.036 D_fake: 0.203 \n"}
,{"stream_name":"stdout","time":8177.432230736,"data":"saving the latest model (epoch 15, total_iters 70000)\n"}
,{"stream_name":"stdout","time":8177.432241898,"data":"(epoch: 15, iters: 3060, time: 0.172, data: 0.003) G_GAN: 3.800 G_LPIPS: 57.323 D_real: 0.101 D_fake: 0.059 \n"}
,{"stream_name":"stdout","time":8177.432245499,"data":"(epoch: 15, iters: 3080, time: 0.172, data: 0.003) G_GAN: 2.007 G_LPIPS: 52.317 D_real: 0.257 D_fake: 0.138 \n"}
,{"stream_name":"stdout","time":8177.432248811,"data":"(epoch: 15, iters: 3100, time: 0.169, data: 0.003) G_GAN: 2.235 G_LPIPS: 56.544 D_real: 0.061 D_fake: 0.277 \n"}
,{"stream_name":"stdout","time":8177.432251855,"data":"(epoch: 15, iters: 3120, time: 0.170, data: 0.003) G_GAN: 1.815 G_LPIPS: 56.574 D_real: 0.010 D_fake: 0.714 \n"}
,{"stream_name":"stdout","time":8177.432255009,"data":"(epoch: 15, iters: 3140, time: 0.169, data: 0.003) G_GAN: 2.395 G_LPIPS: 52.907 D_real: 0.094 D_fake: 0.355 \n"}
,{"stream_name":"stdout","time":8177.432258266,"data":"(epoch: 15, iters: 3160, time: 0.169, data: 0.003) G_GAN: 2.223 G_LPIPS: 56.124 D_real: 0.070 D_fake: 0.253 \n"}
,{"stream_name":"stdout","time":8177.432274587,"data":"(epoch: 15, iters: 3180, time: 0.169, data: 0.003) G_GAN: 1.690 G_LPIPS: 54.063 D_real: 0.560 D_fake: 0.155 \n"}
,{"stream_name":"stdout","time":8177.432294693,"data":"(epoch: 15, iters: 3200, time: 0.218, data: 0.003) G_GAN: 4.440 G_LPIPS: 57.988 D_real: 0.018 D_fake: 0.029 \n"}
,{"stream_name":"stdout","time":8177.432298929,"data":"(epoch: 15, iters: 3220, time: 0.171, data: 0.003) G_GAN: 3.318 G_LPIPS: 56.050 D_real: 0.428 D_fake: 0.039 \n"}
,{"stream_name":"stdout","time":8177.432302501,"data":"(epoch: 15, iters: 3240, time: 0.171, data: 0.004) G_GAN: 2.567 G_LPIPS: 56.866 D_real: 0.019 D_fake: 0.236 \n"}
,{"stream_name":"stdout","time":8177.432306055,"data":"(epoch: 15, iters: 3260, time: 0.170, data: 0.003) G_GAN: 2.776 G_LPIPS: 48.442 D_real: 0.012 D_fake: 0.622 \n"}
,{"stream_name":"stdout","time":8177.432309582,"data":"(epoch: 15, iters: 3280, time: 0.171, data: 0.003) G_GAN: 1.429 G_LPIPS: 55.219 D_real: 0.092 D_fake: 0.365 \n"}
,{"stream_name":"stdout","time":8177.432313107,"data":"(epoch: 15, iters: 3300, time: 0.220, data: 0.003) G_GAN: 1.970 G_LPIPS: 54.266 D_real: 0.267 D_fake: 0.149 \n"}
,{"stream_name":"stdout","time":8177.432316733,"data":"(epoch: 15, iters: 3320, time: 0.171, data: 0.004) G_GAN: 2.540 G_LPIPS: 60.690 D_real: 0.015 D_fake: 0.271 \n"}
,{"stream_name":"stdout","time":8177.43232032,"data":"(epoch: 15, iters: 3340, time: 0.169, data: 0.003) G_GAN: 2.381 G_LPIPS: 52.398 D_real: 0.012 D_fake: 0.304 \n"}
,{"stream_name":"stdout","time":8177.432323792,"data":"(epoch: 15, iters: 3360, time: 0.170, data: 0.004) G_GAN: 3.165 G_LPIPS: 57.801 D_real: 0.062 D_fake: 0.084 \n"}
,{"stream_name":"stdout","time":8177.432327292,"data":"(epoch: 15, iters: 3380, time: 0.170, data: 0.004) G_GAN: 2.664 G_LPIPS: 58.530 D_real: 0.032 D_fake: 0.121 \n"}
,{"stream_name":"stdout","time":8177.432330813,"data":"(epoch: 15, iters: 3400, time: 0.170, data: 0.003) G_GAN: 2.514 G_LPIPS: 55.910 D_real: 0.045 D_fake: 0.165 \n"}
,{"stream_name":"stdout","time":8177.432335478,"data":"(epoch: 15, iters: 3420, time: 0.171, data: 0.003) G_GAN: 2.077 G_LPIPS: 56.423 D_real: 0.010 D_fake: 0.207 \n"}
,{"stream_name":"stdout","time":8177.432339152,"data":"(epoch: 15, iters: 3440, time: 0.170, data: 0.003) G_GAN: 2.678 G_LPIPS: 54.382 D_real: 0.276 D_fake: 0.098 \n"}
,{"stream_name":"stdout","time":8177.432347008,"data":"(epoch: 15, iters: 3460, time: 0.171, data: 0.003) G_GAN: 1.404 G_LPIPS: 55.838 D_real: 0.678 D_fake: 0.163 \n"}
,{"stream_name":"stdout","time":8177.432349614,"data":"(epoch: 15, iters: 3480, time: 0.170, data: 0.003) G_GAN: 1.410 G_LPIPS: 56.565 D_real: 0.157 D_fake: 0.473 \n"}
,{"stream_name":"stdout","time":8177.432351912,"data":"(epoch: 15, iters: 3500, time: 0.170, data: 0.003) G_GAN: 2.314 G_LPIPS: 58.700 D_real: 0.078 D_fake: 0.273 \n"}
,{"stream_name":"stdout","time":8177.432354212,"data":"(epoch: 15, iters: 3520, time: 0.170, data: 0.004) G_GAN: 2.572 G_LPIPS: 57.913 D_real: 0.005 D_fake: 0.318 \n"}
,{"stream_name":"stdout","time":8177.432356506,"data":"(epoch: 15, iters: 3540, time: 0.170, data: 0.003) G_GAN: 1.142 G_LPIPS: 52.983 D_real: 0.726 D_fake: 0.143 \n"}
,{"stream_name":"stdout","time":8177.432359199,"data":"(epoch: 15, iters: 3560, time: 0.220, data: 0.004) G_GAN: 2.489 G_LPIPS: 58.988 D_real: 0.146 D_fake: 0.093 \n"}
,{"stream_name":"stdout","time":8177.432374647,"data":"(epoch: 15, iters: 3580, time: 0.170, data: 0.003) G_GAN: 2.192 G_LPIPS: 57.221 D_real: 0.248 D_fake: 0.169 \n"}
,{"stream_name":"stdout","time":8177.432378826,"data":"(epoch: 15, iters: 3600, time: 0.172, data: 0.003) G_GAN: 2.071 G_LPIPS: 53.211 D_real: 0.379 D_fake: 0.104 \n"}
,{"stream_name":"stdout","time":8177.432385351,"data":"(epoch: 15, iters: 3620, time: 0.170, data: 0.003) G_GAN: 2.802 G_LPIPS: 57.755 D_real: 0.095 D_fake: 0.077 \n"}
,{"stream_name":"stdout","time":8177.432389657,"data":"(epoch: 15, iters: 3640, time: 0.170, data: 0.003) G_GAN: 1.673 G_LPIPS: 52.898 D_real: 0.854 D_fake: 0.061 \n"}
,{"stream_name":"stdout","time":8177.4323975,"data":"(epoch: 15, iters: 3660, time: 0.219, data: 0.003) G_GAN: 2.383 G_LPIPS: 54.222 D_real: 0.576 D_fake: 0.053 \n"}
,{"stream_name":"stdout","time":8177.432401185,"data":"(epoch: 15, iters: 3680, time: 0.169, data: 0.003) G_GAN: 2.931 G_LPIPS: 60.838 D_real: 0.014 D_fake: 0.340 \n"}
,{"stream_name":"stdout","time":8177.432404687,"data":"(epoch: 15, iters: 3700, time: 0.169, data: 0.003) G_GAN: 4.038 G_LPIPS: 58.353 D_real: 0.158 D_fake: 0.052 \n"}
,{"stream_name":"stdout","time":8177.432408188,"data":"(epoch: 15, iters: 3720, time: 0.168, data: 0.003) G_GAN: 1.948 G_LPIPS: 52.346 D_real: 0.112 D_fake: 0.408 \n"}
,{"stream_name":"stdout","time":8177.432411718,"data":"(epoch: 15, iters: 3740, time: 0.169, data: 0.003) G_GAN: 1.920 G_LPIPS: 51.466 D_real: 0.112 D_fake: 0.639 \n"}
,{"stream_name":"stdout","time":8177.432415281,"data":"(epoch: 15, iters: 3760, time: 0.218, data: 0.003) G_GAN: 3.467 G_LPIPS: 57.277 D_real: 0.049 D_fake: 0.417 \n"}
,{"stream_name":"stdout","time":8177.432418746,"data":"(epoch: 15, iters: 3780, time: 0.169, data: 0.003) G_GAN: 2.620 G_LPIPS: 59.133 D_real: 0.003 D_fake: 0.089 \n"}
,{"stream_name":"stdout","time":8177.432422671,"data":"(epoch: 15, iters: 3800, time: 0.171, data: 0.004) G_GAN: 2.196 G_LPIPS: 53.017 D_real: 0.057 D_fake: 0.589 \n"}
,{"stream_name":"stdout","time":8177.432426246,"data":"(epoch: 15, iters: 3820, time: 0.173, data: 0.004) G_GAN: 2.122 G_LPIPS: 55.762 D_real: 0.003 D_fake: 0.551 \n"}
,{"stream_name":"stdout","time":8177.432429762,"data":"(epoch: 15, iters: 3840, time: 0.169, data: 0.003) G_GAN: 0.967 G_LPIPS: 53.262 D_real: 0.716 D_fake: 0.145 \n"}
,{"stream_name":"stdout","time":8177.432433294,"data":"(epoch: 15, iters: 3860, time: 0.169, data: 0.003) G_GAN: 3.210 G_LPIPS: 54.553 D_real: 0.088 D_fake: 0.103 \n"}
,{"stream_name":"stdout","time":8177.432436767,"data":"(epoch: 15, iters: 3880, time: 0.171, data: 0.003) G_GAN: 2.288 G_LPIPS: 52.145 D_real: 0.141 D_fake: 0.204 \n"}
,{"stream_name":"stdout","time":8177.43244042,"data":"(epoch: 15, iters: 3900, time: 0.170, data: 0.003) G_GAN: 2.705 G_LPIPS: 58.635 D_real: 0.090 D_fake: 0.114 \n"}
,{"stream_name":"stdout","time":8177.432443937,"data":"(epoch: 15, iters: 3920, time: 0.171, data: 0.003) G_GAN: 2.090 G_LPIPS: 56.415 D_real: 0.022 D_fake: 0.236 \n"}
,{"stream_name":"stdout","time":8177.432447476,"data":"(epoch: 15, iters: 3940, time: 0.170, data: 0.003) G_GAN: 1.037 G_LPIPS: 55.748 D_real: 0.924 D_fake: 0.309 \n"}
,{"stream_name":"stdout","time":8177.432456846,"data":"(epoch: 15, iters: 3960, time: 0.171, data: 0.003) G_GAN: 2.493 G_LPIPS: 53.679 D_real: 0.087 D_fake: 0.143 \n"}
,{"stream_name":"stdout","time":8177.432472462,"data":"(epoch: 15, iters: 3980, time: 0.171, data: 0.003) G_GAN: 2.091 G_LPIPS: 54.580 D_real: 0.486 D_fake: 0.070 \n"}
,{"stream_name":"stdout","time":8177.432476437,"data":"(epoch: 15, iters: 4000, time: 0.170, data: 0.003) G_GAN: 2.076 G_LPIPS: 54.577 D_real: 0.027 D_fake: 0.278 \n"}
,{"stream_name":"stdout","time":8177.432479904,"data":"(epoch: 15, iters: 4020, time: 0.223, data: 0.003) G_GAN: 1.883 G_LPIPS: 53.756 D_real: 0.286 D_fake: 0.171 \n"}
,{"stream_name":"stdout","time":8177.432484083,"data":"(epoch: 15, iters: 4040, time: 0.170, data: 0.003) G_GAN: 3.396 G_LPIPS: 60.633 D_real: 0.044 D_fake: 0.061 \n"}
,{"stream_name":"stdout","time":8177.432487967,"data":"(epoch: 15, iters: 4060, time: 0.169, data: 0.003) G_GAN: 3.587 G_LPIPS: 54.696 D_real: 0.037 D_fake: 0.089 \n"}
,{"stream_name":"stdout","time":8177.432491812,"data":"(epoch: 15, iters: 4080, time: 0.170, data: 0.003) G_GAN: 2.405 G_LPIPS: 54.284 D_real: 0.119 D_fake: 0.580 \n"}
,{"stream_name":"stdout","time":8177.4324962,"data":"(epoch: 15, iters: 4100, time: 0.171, data: 0.003) G_GAN: 2.039 G_LPIPS: 50.824 D_real: 0.155 D_fake: 0.310 \n"}
,{"stream_name":"stdout","time":8177.432504425,"data":"(epoch: 15, iters: 4120, time: 0.227, data: 0.003) G_GAN: 2.777 G_LPIPS: 57.474 D_real: 0.082 D_fake: 0.105 \n"}
,{"stream_name":"stdout","time":8177.432507468,"data":"(epoch: 15, iters: 4140, time: 0.172, data: 0.003) G_GAN: 2.770 G_LPIPS: 53.132 D_real: 0.249 D_fake: 0.082 \n"}
,{"stream_name":"stdout","time":8177.432511311,"data":"(epoch: 15, iters: 4160, time: 0.171, data: 0.003) G_GAN: 2.402 G_LPIPS: 54.887 D_real: 0.048 D_fake: 0.165 \n"}
,{"stream_name":"stdout","time":8177.432514378,"data":"(epoch: 15, iters: 4180, time: 0.172, data: 0.004) G_GAN: 1.888 G_LPIPS: 55.601 D_real: 0.076 D_fake: 0.327 \n"}
,{"stream_name":"stdout","time":8177.432517613,"data":"(epoch: 15, iters: 4200, time: 0.169, data: 0.003) G_GAN: 2.337 G_LPIPS: 51.597 D_real: 0.195 D_fake: 0.130 \n"}
,{"stream_name":"stdout","time":8177.432520767,"data":"(epoch: 15, iters: 4220, time: 0.171, data: 0.003) G_GAN: 1.840 G_LPIPS: 52.336 D_real: 0.441 D_fake: 0.145 \n"}
,{"stream_name":"stdout","time":8177.432524044,"data":"(epoch: 15, iters: 4240, time: 0.171, data: 0.003) G_GAN: 1.745 G_LPIPS: 51.176 D_real: 0.421 D_fake: 0.109 \n"}
,{"stream_name":"stdout","time":8177.432527429,"data":"(epoch: 15, iters: 4260, time: 0.169, data: 0.003) G_GAN: 1.588 G_LPIPS: 54.240 D_real: 0.286 D_fake: 0.154 \n"}
,{"stream_name":"stdout","time":8177.432530909,"data":"(epoch: 15, iters: 4280, time: 0.170, data: 0.003) G_GAN: 2.254 G_LPIPS: 52.579 D_real: 0.253 D_fake: 0.102 \n"}
,{"stream_name":"stdout","time":8177.432534207,"data":"(epoch: 15, iters: 4300, time: 0.170, data: 0.003) G_GAN: 1.955 G_LPIPS: 53.938 D_real: 0.021 D_fake: 0.434 \n"}
,{"stream_name":"stdout","time":8177.432537391,"data":"(epoch: 15, iters: 4320, time: 0.171, data: 0.003) G_GAN: 2.684 G_LPIPS: 54.001 D_real: 0.087 D_fake: 0.144 \n"}
,{"stream_name":"stdout","time":8177.432541204,"data":"(epoch: 15, iters: 4340, time: 0.173, data: 0.003) G_GAN: 2.571 G_LPIPS: 58.538 D_real: 0.296 D_fake: 0.054 \n"}
,{"stream_name":"stdout","time":8177.432544467,"data":"(epoch: 15, iters: 4360, time: 0.171, data: 0.003) G_GAN: 2.490 G_LPIPS: 52.494 D_real: 0.170 D_fake: 0.128 \n"}
,{"stream_name":"stdout","time":8177.432547677,"data":"(epoch: 15, iters: 4380, time: 0.225, data: 0.003) G_GAN: 2.381 G_LPIPS: 56.266 D_real: 0.403 D_fake: 0.073 \n"}
,{"stream_name":"stdout","time":8177.432551251,"data":"(epoch: 15, iters: 4400, time: 0.171, data: 0.003) G_GAN: 1.435 G_LPIPS: 53.770 D_real: 0.042 D_fake: 0.852 \n"}
,{"stream_name":"stdout","time":8177.432554443,"data":"(epoch: 15, iters: 4420, time: 0.174, data: 0.004) G_GAN: 3.509 G_LPIPS: 57.807 D_real: 0.000 D_fake: 0.223 \n"}
,{"stream_name":"stdout","time":8177.432557592,"data":"(epoch: 15, iters: 4440, time: 0.170, data: 0.003) G_GAN: 2.795 G_LPIPS: 53.370 D_real: 0.286 D_fake: 0.048 \n"}
,{"stream_name":"stdout","time":8177.432561116,"data":"(epoch: 15, iters: 4460, time: 0.170, data: 0.003) G_GAN: 2.119 G_LPIPS: 60.155 D_real: 0.023 D_fake: 0.344 \n"}
,{"stream_name":"stdout","time":8177.432565017,"data":"(epoch: 15, iters: 4480, time: 0.219, data: 0.003) G_GAN: 1.303 G_LPIPS: 54.057 D_real: 0.552 D_fake: 0.268 \n"}
,{"stream_name":"stdout","time":8177.432582549,"data":"(epoch: 15, iters: 4500, time: 0.178, data: 0.003) G_GAN: 2.804 G_LPIPS: 57.642 D_real: 0.121 D_fake: 0.111 \n"}
,{"stream_name":"stdout","time":8177.432586825,"data":"(epoch: 15, iters: 4520, time: 0.169, data: 0.003) G_GAN: 2.389 G_LPIPS: 55.615 D_real: 0.026 D_fake: 0.232 \n"}
,{"stream_name":"stdout","time":8318.641061066,"data":"(epoch: 15, iters: 4540, time: 0.171, data: 0.003) G_GAN: 1.754 G_LPIPS: 53.746 D_real: 0.372 D_fake: 0.192 \n"}
,{"stream_name":"stdout","time":8318.641096498,"data":"(epoch: 15, iters: 4560, time: 0.172, data: 0.003) G_GAN: 4.268 G_LPIPS: 56.365 D_real: 0.110 D_fake: 0.036 \n"}
,{"stream_name":"stdout","time":8318.641113684,"data":"(epoch: 15, iters: 4580, time: 0.220, data: 0.003) G_GAN: 2.834 G_LPIPS: 57.792 D_real: 0.389 D_fake: 0.107 \n"}
,{"stream_name":"stdout","time":8318.641117972,"data":"(epoch: 15, iters: 4600, time: 0.170, data: 0.003) G_GAN: 2.004 G_LPIPS: 53.124 D_real: 0.322 D_fake: 0.154 \n"}
,{"stream_name":"stdout","time":8318.641121742,"data":"(epoch: 15, iters: 4620, time: 0.170, data: 0.003) G_GAN: 3.341 G_LPIPS: 58.066 D_real: 0.150 D_fake: 0.043 \n"}
,{"stream_name":"stdout","time":8318.641125357,"data":"(epoch: 15, iters: 4640, time: 0.170, data: 0.003) G_GAN: 2.064 G_LPIPS: 54.273 D_real: 0.967 D_fake: 0.092 \n"}
,{"stream_name":"stdout","time":8318.641128955,"data":"(epoch: 15, iters: 4660, time: 0.169, data: 0.003) G_GAN: 3.082 G_LPIPS: 57.683 D_real: 0.049 D_fake: 0.119 \n"}
,{"stream_name":"stdout","time":8318.641132567,"data":"(epoch: 15, iters: 4680, time: 0.171, data: 0.003) G_GAN: 2.655 G_LPIPS: 48.074 D_real: 0.233 D_fake: 0.114 \n"}
,{"stream_name":"stdout","time":8318.641136282,"data":"(epoch: 15, iters: 4700, time: 0.170, data: 0.003) G_GAN: 1.944 G_LPIPS: 49.337 D_real: 0.397 D_fake: 0.119 \n"}
,{"stream_name":"stdout","time":8318.64113986,"data":"(epoch: 15, iters: 4720, time: 0.171, data: 0.003) G_GAN: 2.653 G_LPIPS: 53.670 D_real: 0.077 D_fake: 0.129 \n"}
,{"stream_name":"stdout","time":8318.641143646,"data":"(epoch: 15, iters: 4740, time: 0.172, data: 0.003) G_GAN: 2.705 G_LPIPS: 58.782 D_real: 0.054 D_fake: 0.106 \n"}
,{"stream_name":"stdout","time":8318.641147237,"data":"(epoch: 15, iters: 4760, time: 0.172, data: 0.004) G_GAN: 3.030 G_LPIPS: 57.060 D_real: 0.022 D_fake: 0.910 \n"}
,{"stream_name":"stdout","time":8318.641150998,"data":"(epoch: 15, iters: 4780, time: 0.172, data: 0.003) G_GAN: 2.376 G_LPIPS: 48.514 D_real: 0.223 D_fake: 0.370 \n"}
,{"stream_name":"stdout","time":8318.641154669,"data":"(epoch: 15, iters: 4800, time: 0.173, data: 0.003) G_GAN: 2.585 G_LPIPS: 53.024 D_real: 0.121 D_fake: 0.152 \n"}
,{"stream_name":"stdout","time":8318.641158445,"data":"(epoch: 15, iters: 4820, time: 0.172, data: 0.003) G_GAN: 1.887 G_LPIPS: 53.668 D_real: 0.490 D_fake: 0.205 \n"}
,{"stream_name":"stdout","time":8318.641162076,"data":"(epoch: 15, iters: 4840, time: 0.223, data: 0.003) G_GAN: 2.101 G_LPIPS: 54.766 D_real: 0.608 D_fake: 0.052 \n"}
,{"stream_name":"stdout","time":8318.641166041,"data":"(epoch: 15, iters: 4860, time: 0.173, data: 0.003) G_GAN: 3.181 G_LPIPS: 54.544 D_real: 0.432 D_fake: 0.025 \n"}
,{"stream_name":"stdout","time":8318.641169708,"data":"(epoch: 15, iters: 4880, time: 0.172, data: 0.004) G_GAN: 2.384 G_LPIPS: 56.475 D_real: 0.101 D_fake: 0.206 \n"}
,{"stream_name":"stdout","time":8318.641174095,"data":"(epoch: 15, iters: 4900, time: 0.173, data: 0.003) G_GAN: 2.732 G_LPIPS: 59.977 D_real: 0.019 D_fake: 0.310 \n"}
,{"stream_name":"stdout","time":8318.641178745,"data":"(epoch: 15, iters: 4920, time: 0.171, data: 0.003) G_GAN: 1.447 G_LPIPS: 50.005 D_real: 1.178 D_fake: 0.046 \n"}
,{"stream_name":"stdout","time":8318.641182382,"data":"(epoch: 15, iters: 4940, time: 0.179, data: 0.004) G_GAN: 2.068 G_LPIPS: 54.350 D_real: 0.446 D_fake: 0.132 \n"}
,{"stream_name":"stdout","time":8318.641186001,"data":"(epoch: 15, iters: 4960, time: 0.171, data: 0.003) G_GAN: 2.270 G_LPIPS: 57.867 D_real: 0.010 D_fake: 0.471 \n"}
,{"stream_name":"stdout","time":8318.641189713,"data":"(epoch: 15, iters: 4980, time: 0.171, data: 0.003) G_GAN: 3.586 G_LPIPS: 55.659 D_real: 0.196 D_fake: 0.021 \n"}
,{"stream_name":"stdout","time":8318.641193573,"data":"(epoch: 15, iters: 5000, time: 0.170, data: 0.003) G_GAN: 2.477 G_LPIPS: 58.496 D_real: 0.038 D_fake: 0.225 \n"}
,{"stream_name":"stdout","time":8318.641197328,"data":"(epoch: 15, iters: 5020, time: 0.170, data: 0.003) G_GAN: 2.946 G_LPIPS: 59.935 D_real: 0.018 D_fake: 0.148 \n"}
,{"stream_name":"stdout","time":8318.641203907,"data":"(epoch: 15, iters: 5040, time: 0.192, data: 0.003) G_GAN: 2.935 G_LPIPS: 50.034 D_real: 0.312 D_fake: 0.062 \n"}
,{"stream_name":"stdout","time":8318.641207543,"data":"(epoch: 15, iters: 5060, time: 0.171, data: 0.003) G_GAN: 1.991 G_LPIPS: 54.925 D_real: 0.042 D_fake: 0.436 \n"}
,{"stream_name":"stdout","time":8318.641211194,"data":"(epoch: 15, iters: 5080, time: 0.171, data: 0.003) G_GAN: 1.477 G_LPIPS: 47.936 D_real: 0.626 D_fake: 0.166 \n"}
,{"stream_name":"stdout","time":8318.641214823,"data":"(epoch: 15, iters: 5100, time: 0.224, data: 0.003) G_GAN: 2.802 G_LPIPS: 51.564 D_real: 0.052 D_fake: 0.305 \n"}
,{"stream_name":"stdout","time":8318.641218642,"data":"(epoch: 15, iters: 5120, time: 0.172, data: 0.003) G_GAN: 1.446 G_LPIPS: 57.172 D_real: 0.310 D_fake: 0.290 \n"}
,{"stream_name":"stdout","time":8318.641222796,"data":"(epoch: 15, iters: 5140, time: 0.171, data: 0.003) G_GAN: 2.282 G_LPIPS: 58.165 D_real: 0.231 D_fake: 0.872 \n"}
,{"stream_name":"stdout","time":8318.641226585,"data":"(epoch: 15, iters: 5160, time: 0.170, data: 0.003) G_GAN: 1.775 G_LPIPS: 53.837 D_real: 0.255 D_fake: 0.230 \n"}
,{"stream_name":"stdout","time":8318.641230253,"data":"(epoch: 15, iters: 5180, time: 0.171, data: 0.003) G_GAN: 0.920 G_LPIPS: 53.839 D_real: 0.693 D_fake: 0.222 \n"}
,{"stream_name":"stdout","time":8318.641233967,"data":"(epoch: 15, iters: 5200, time: 0.222, data: 0.003) G_GAN: 2.729 G_LPIPS: 58.299 D_real: 0.271 D_fake: 0.056 \n"}
,{"stream_name":"stdout","time":8318.641237778,"data":"(epoch: 15, iters: 5220, time: 0.173, data: 0.003) G_GAN: 3.584 G_LPIPS: 54.991 D_real: 0.005 D_fake: 0.084 \n"}
,{"stream_name":"stdout","time":8318.641241445,"data":"(epoch: 15, iters: 5240, time: 0.173, data: 0.003) G_GAN: 1.447 G_LPIPS: 54.701 D_real: 1.009 D_fake: 0.123 \n"}
,{"stream_name":"stdout","time":8318.641245299,"data":"(epoch: 15, iters: 5260, time: 0.171, data: 0.004) G_GAN: 2.499 G_LPIPS: 56.294 D_real: 0.306 D_fake: 0.138 \n"}
,{"stream_name":"stdout","time":8318.641249008,"data":"(epoch: 15, iters: 5280, time: 0.172, data: 0.003) G_GAN: 3.627 G_LPIPS: 54.552 D_real: 0.121 D_fake: 0.050 \n"}
,{"stream_name":"stdout","time":8318.641253102,"data":"(epoch: 15, iters: 5300, time: 0.172, data: 0.003) G_GAN: 2.104 G_LPIPS: 55.558 D_real: 0.223 D_fake: 0.287 \n"}
,{"stream_name":"stdout","time":8318.641256743,"data":"(epoch: 15, iters: 5320, time: 0.171, data: 0.003) G_GAN: 2.944 G_LPIPS: 62.682 D_real: 0.002 D_fake: 0.119 \n"}
,{"stream_name":"stdout","time":8318.641260587,"data":"(epoch: 15, iters: 5340, time: 0.171, data: 0.003) G_GAN: 2.351 G_LPIPS: 56.850 D_real: 0.098 D_fake: 0.284 \n"}
,{"stream_name":"stdout","time":8318.641264122,"data":"(epoch: 15, iters: 5360, time: 0.222, data: 0.003) G_GAN: 2.755 G_LPIPS: 55.543 D_real: 0.254 D_fake: 0.066 \n"}
,{"stream_name":"stdout","time":8318.641267898,"data":"(epoch: 15, iters: 5380, time: 0.171, data: 0.003) G_GAN: 2.169 G_LPIPS: 57.905 D_real: 0.216 D_fake: 0.602 \n"}
,{"stream_name":"stdout","time":8318.641271622,"data":"(epoch: 15, iters: 5400, time: 0.171, data: 0.003) G_GAN: 2.522 G_LPIPS: 56.941 D_real: 0.101 D_fake: 0.138 \n"}
,{"stream_name":"stdout","time":8318.641275386,"data":"(epoch: 15, iters: 5420, time: 0.171, data: 0.003) G_GAN: 3.183 G_LPIPS: 59.812 D_real: 0.009 D_fake: 0.105 \n"}
,{"stream_name":"stdout","time":8318.641278963,"data":"(epoch: 15, iters: 5440, time: 0.171, data: 0.003) G_GAN: 2.026 G_LPIPS: 56.906 D_real: 0.021 D_fake: 0.273 \n"}
,{"stream_name":"stdout","time":8318.641282502,"data":"(epoch: 15, iters: 5460, time: 0.224, data: 0.004) G_GAN: 1.328 G_LPIPS: 53.628 D_real: 0.293 D_fake: 0.404 \n"}
,{"stream_name":"stdout","time":8318.641289824,"data":"(epoch: 15, iters: 5480, time: 0.171, data: 0.004) G_GAN: 1.441 G_LPIPS: 51.567 D_real: 0.814 D_fake: 0.090 \n"}
,{"stream_name":"stdout","time":8318.641293424,"data":"(epoch: 15, iters: 5500, time: 0.170, data: 0.003) G_GAN: 2.376 G_LPIPS: 55.826 D_real: 0.643 D_fake: 0.053 \n"}
,{"stream_name":"stdout","time":8318.641296998,"data":"(epoch: 15, iters: 5520, time: 0.172, data: 0.003) G_GAN: 2.626 G_LPIPS: 54.148 D_real: 0.048 D_fake: 0.339 \n"}
,{"stream_name":"stdout","time":8318.641300737,"data":"(epoch: 15, iters: 5540, time: 0.172, data: 0.003) G_GAN: 2.263 G_LPIPS: 56.123 D_real: 0.191 D_fake: 0.259 \n"}
,{"stream_name":"stdout","time":8318.641304408,"data":"(epoch: 15, iters: 5560, time: 0.173, data: 0.003) G_GAN: 1.858 G_LPIPS: 51.893 D_real: 0.211 D_fake: 0.360 \n"}
,{"stream_name":"stdout","time":8318.641308015,"data":"(epoch: 15, iters: 5580, time: 0.123, data: 0.003) G_GAN: 2.495 G_LPIPS: 51.132 D_real: 0.018 D_fake: 1.675 \n"}
,{"stream_name":"stdout","time":8318.641311719,"data":"saving the model at the end of epoch 15, iters 72540\n"}
,{"stream_name":"stdout","time":8318.641315296,"data":"End of epoch 15 / 20 \t Time Taken: 741 sec\n"}
,{"stream_name":"stdout","time":8318.641319163,"data":"learning rate 0.0000455 -\u003e 0.0000364\n"}
,{"stream_name":"stdout","time":8527.700364633,"data":"(epoch: 16, iters: 20, time: 0.170, data: 0.255) G_GAN: 1.858 G_LPIPS: 50.654 D_real: 1.152 D_fake: 0.116 \n"}
,{"stream_name":"stdout","time":8527.700414211,"data":"(epoch: 16, iters: 40, time: 0.170, data: 0.004) G_GAN: 3.187 G_LPIPS: 57.993 D_real: 0.019 D_fake: 0.115 \n"}
,{"stream_name":"stdout","time":8527.700419173,"data":"(epoch: 16, iters: 60, time: 0.171, data: 0.003) G_GAN: 2.364 G_LPIPS: 58.866 D_real: 0.264 D_fake: 0.289 \n"}
,{"stream_name":"stdout","time":8527.700422962,"data":"(epoch: 16, iters: 80, time: 0.173, data: 0.003) G_GAN: 2.452 G_LPIPS: 53.717 D_real: 0.012 D_fake: 0.223 \n"}
,{"stream_name":"stdout","time":8527.700426595,"data":"(epoch: 16, iters: 100, time: 0.171, data: 0.003) G_GAN: 2.203 G_LPIPS: 58.051 D_real: 0.013 D_fake: 0.499 \n"}
,{"stream_name":"stdout","time":8527.700430117,"data":"(epoch: 16, iters: 120, time: 0.172, data: 0.003) G_GAN: 3.031 G_LPIPS: 58.339 D_real: 0.122 D_fake: 0.080 \n"}
,{"stream_name":"stdout","time":8527.700433636,"data":"(epoch: 16, iters: 140, time: 0.173, data: 0.003) G_GAN: 2.251 G_LPIPS: 57.529 D_real: 0.116 D_fake: 0.202 \n"}
,{"stream_name":"stdout","time":8527.700437161,"data":"(epoch: 16, iters: 160, time: 0.175, data: 0.003) G_GAN: 1.864 G_LPIPS: 53.637 D_real: 0.502 D_fake: 0.194 \n"}
,{"stream_name":"stdout","time":8527.700440652,"data":"(epoch: 16, iters: 180, time: 0.173, data: 0.004) G_GAN: 2.074 G_LPIPS: 58.864 D_real: 0.161 D_fake: 0.336 \n"}
,{"stream_name":"stdout","time":8527.700444279,"data":"(epoch: 16, iters: 200, time: 0.223, data: 0.003) G_GAN: 2.063 G_LPIPS: 57.545 D_real: 0.024 D_fake: 0.552 \n"}
,{"stream_name":"stdout","time":8527.700447744,"data":"(epoch: 16, iters: 220, time: 0.173, data: 0.003) G_GAN: 2.206 G_LPIPS: 55.181 D_real: 0.039 D_fake: 0.305 \n"}
,{"stream_name":"stdout","time":8527.700451303,"data":"(epoch: 16, iters: 240, time: 0.173, data: 0.003) G_GAN: 2.229 G_LPIPS: 55.464 D_real: 0.036 D_fake: 0.180 \n"}
,{"stream_name":"stdout","time":8527.700454765,"data":"(epoch: 16, iters: 260, time: 0.194, data: 0.003) G_GAN: 2.300 G_LPIPS: 55.483 D_real: 0.242 D_fake: 0.174 \n"}
,{"stream_name":"stdout","time":8527.700458226,"data":"(epoch: 16, iters: 280, time: 0.173, data: 0.003) G_GAN: 2.107 G_LPIPS: 57.125 D_real: 0.013 D_fake: 0.500 \n"}
,{"stream_name":"stdout","time":8527.700461692,"data":"(epoch: 16, iters: 300, time: 0.173, data: 0.003) G_GAN: 2.221 G_LPIPS: 54.857 D_real: 0.182 D_fake: 0.123 \n"}
,{"stream_name":"stdout","time":8527.700477075,"data":"(epoch: 16, iters: 320, time: 0.174, data: 0.003) G_GAN: 2.193 G_LPIPS: 59.170 D_real: 0.123 D_fake: 0.225 \n"}
,{"stream_name":"stdout","time":8527.700480129,"data":"(epoch: 16, iters: 340, time: 0.174, data: 0.003) G_GAN: 2.522 G_LPIPS: 58.262 D_real: 0.237 D_fake: 0.088 \n"}
,{"stream_name":"stdout","time":8527.700482854,"data":"(epoch: 16, iters: 360, time: 0.174, data: 0.003) G_GAN: 1.408 G_LPIPS: 55.144 D_real: 1.178 D_fake: 0.104 \n"}
,{"stream_name":"stdout","time":8527.700485574,"data":"(epoch: 16, iters: 380, time: 0.175, data: 0.003) G_GAN: 2.828 G_LPIPS: 58.557 D_real: 0.167 D_fake: 0.079 \n"}
,{"stream_name":"stdout","time":8527.700489393,"data":"(epoch: 16, iters: 400, time: 0.172, data: 0.003) G_GAN: 2.501 G_LPIPS: 61.093 D_real: 0.399 D_fake: 0.044 \n"}
,{"stream_name":"stdout","time":8527.70049214,"data":"(epoch: 16, iters: 420, time: 0.223, data: 0.003) G_GAN: 2.184 G_LPIPS: 57.746 D_real: 0.805 D_fake: 0.047 \n"}
,{"stream_name":"stdout","time":8527.700494908,"data":"(epoch: 16, iters: 440, time: 0.172, data: 0.003) G_GAN: 2.325 G_LPIPS: 57.486 D_real: 0.236 D_fake: 0.158 \n"}
,{"stream_name":"stdout","time":8527.700497663,"data":"(epoch: 16, iters: 460, time: 0.170, data: 0.003) G_GAN: 1.577 G_LPIPS: 51.424 D_real: 0.776 D_fake: 0.094 \n"}
,{"stream_name":"stdout","time":8527.70050042,"data":"(epoch: 16, iters: 480, time: 0.170, data: 0.003) G_GAN: 1.580 G_LPIPS: 56.077 D_real: 0.412 D_fake: 0.350 \n"}
,{"stream_name":"stdout","time":8527.700503175,"data":"(epoch: 16, iters: 500, time: 0.173, data: 0.003) G_GAN: 1.603 G_LPIPS: 54.521 D_real: 0.137 D_fake: 0.634 \n"}
,{"stream_name":"stdout","time":8527.700519002,"data":"(epoch: 16, iters: 520, time: 0.172, data: 0.003) G_GAN: 1.758 G_LPIPS: 51.319 D_real: 0.247 D_fake: 0.342 \n"}
,{"stream_name":"stdout","time":8527.700522746,"data":"(epoch: 16, iters: 540, time: 0.171, data: 0.003) G_GAN: 2.681 G_LPIPS: 56.840 D_real: 0.344 D_fake: 0.071 \n"}
,{"stream_name":"stdout","time":8527.700525439,"data":"(epoch: 16, iters: 560, time: 0.173, data: 0.003) G_GAN: 1.345 G_LPIPS: 55.276 D_real: 0.287 D_fake: 0.345 \n"}
,{"stream_name":"stdout","time":8527.700528171,"data":"(epoch: 16, iters: 580, time: 0.172, data: 0.003) G_GAN: 2.267 G_LPIPS: 60.653 D_real: 0.016 D_fake: 0.225 \n"}
,{"stream_name":"stdout","time":8527.700533689,"data":"(epoch: 16, iters: 600, time: 0.173, data: 0.003) G_GAN: 2.088 G_LPIPS: 60.566 D_real: 0.014 D_fake: 0.165 \n"}
,{"stream_name":"stdout","time":8527.700536555,"data":"(epoch: 16, iters: 620, time: 0.172, data: 0.003) G_GAN: 2.249 G_LPIPS: 58.518 D_real: 0.015 D_fake: 0.268 \n"}
,{"stream_name":"stdout","time":8527.700539323,"data":"(epoch: 16, iters: 640, time: 0.226, data: 0.004) G_GAN: 2.565 G_LPIPS: 58.908 D_real: 0.163 D_fake: 0.075 \n"}
,{"stream_name":"stdout","time":8527.700542081,"data":"(epoch: 16, iters: 660, time: 0.173, data: 0.003) G_GAN: 1.884 G_LPIPS: 53.663 D_real: 0.117 D_fake: 0.269 \n"}
,{"stream_name":"stdout","time":8527.700544798,"data":"(epoch: 16, iters: 680, time: 0.171, data: 0.003) G_GAN: 2.249 G_LPIPS: 53.539 D_real: 0.233 D_fake: 0.104 \n"}
,{"stream_name":"stdout","time":8527.700547569,"data":"(epoch: 16, iters: 700, time: 0.179, data: 0.004) G_GAN: 2.868 G_LPIPS: 53.838 D_real: 0.009 D_fake: 0.654 \n"}
,{"stream_name":"stdout","time":8527.700550271,"data":"(epoch: 16, iters: 720, time: 0.174, data: 0.003) G_GAN: 3.425 G_LPIPS: 54.300 D_real: 0.132 D_fake: 0.048 \n"}
,{"stream_name":"stdout","time":8527.700553029,"data":"(epoch: 16, iters: 740, time: 0.173, data: 0.003) G_GAN: 2.629 G_LPIPS: 55.451 D_real: 0.009 D_fake: 0.226 \n"}
,{"stream_name":"stdout","time":8527.700556279,"data":"(epoch: 16, iters: 760, time: 0.173, data: 0.004) G_GAN: 2.359 G_LPIPS: 53.359 D_real: 0.142 D_fake: 0.153 \n"}
,{"stream_name":"stdout","time":8527.70059667,"data":"(epoch: 16, iters: 780, time: 0.175, data: 0.003) G_GAN: 3.025 G_LPIPS: 58.017 D_real: 0.018 D_fake: 0.133 \n"}
,{"stream_name":"stdout","time":8527.700616732,"data":"(epoch: 16, iters: 800, time: 0.224, data: 0.003) G_GAN: 0.679 G_LPIPS: 54.085 D_real: 2.107 D_fake: 0.062 \n"}
,{"stream_name":"stdout","time":8527.700620262,"data":"(epoch: 16, iters: 820, time: 0.173, data: 0.003) G_GAN: 1.724 G_LPIPS: 53.457 D_real: 0.328 D_fake: 0.310 \n"}
,{"stream_name":"stdout","time":8527.700623278,"data":"(epoch: 16, iters: 840, time: 0.173, data: 0.004) G_GAN: 1.810 G_LPIPS: 52.820 D_real: 1.494 D_fake: 0.028 \n"}
,{"stream_name":"stdout","time":8527.700626052,"data":"(epoch: 16, iters: 860, time: 0.225, data: 0.003) G_GAN: 1.548 G_LPIPS: 50.800 D_real: 0.622 D_fake: 0.201 \n"}
,{"stream_name":"stdout","time":8527.700628818,"data":"(epoch: 16, iters: 880, time: 0.172, data: 0.003) G_GAN: 2.679 G_LPIPS: 53.379 D_real: 0.028 D_fake: 0.127 \n"}
,{"stream_name":"stdout","time":8527.700631523,"data":"(epoch: 16, iters: 900, time: 0.172, data: 0.003) G_GAN: 1.705 G_LPIPS: 53.382 D_real: 0.378 D_fake: 0.221 \n"}
,{"stream_name":"stdout","time":8527.700634272,"data":"(epoch: 16, iters: 920, time: 0.178, data: 0.003) G_GAN: 2.187 G_LPIPS: 52.956 D_real: 0.154 D_fake: 0.250 \n"}
,{"stream_name":"stdout","time":8527.700637018,"data":"(epoch: 16, iters: 940, time: 0.174, data: 0.003) G_GAN: 3.429 G_LPIPS: 56.503 D_real: 1.369 D_fake: 0.014 \n"}
,{"stream_name":"stdout","time":8527.70063972,"data":"(epoch: 16, iters: 960, time: 0.175, data: 0.003) G_GAN: 2.333 G_LPIPS: 56.249 D_real: 0.104 D_fake: 0.260 \n"}
,{"stream_name":"stdout","time":8527.700642396,"data":"(epoch: 16, iters: 980, time: 0.174, data: 0.004) G_GAN: 2.746 G_LPIPS: 52.923 D_real: 0.035 D_fake: 0.252 \n"}
,{"stream_name":"stdout","time":8527.700645096,"data":"(epoch: 16, iters: 1000, time: 0.174, data: 0.003) G_GAN: 1.622 G_LPIPS: 52.245 D_real: 0.711 D_fake: 0.119 \n"}
,{"stream_name":"stdout","time":8527.700647789,"data":"(epoch: 16, iters: 1020, time: 0.225, data: 0.003) G_GAN: 1.933 G_LPIPS: 49.053 D_real: 0.719 D_fake: 0.054 \n"}
,{"stream_name":"stdout","time":8527.700650465,"data":"(epoch: 16, iters: 1040, time: 0.190, data: 0.004) G_GAN: 2.250 G_LPIPS: 57.680 D_real: 0.027 D_fake: 0.254 \n"}
,{"stream_name":"stdout","time":8527.700653251,"data":"(epoch: 16, iters: 1060, time: 0.179, data: 0.004) G_GAN: 2.271 G_LPIPS: 56.277 D_real: 0.086 D_fake: 0.114 \n"}
,{"stream_name":"stdout","time":8527.700655969,"data":"(epoch: 16, iters: 1080, time: 0.173, data: 0.004) G_GAN: 2.816 G_LPIPS: 59.792 D_real: 0.170 D_fake: 0.095 \n"}
,{"stream_name":"stdout","time":8527.700658646,"data":"(epoch: 16, iters: 1100, time: 0.177, data: 0.003) G_GAN: 1.977 G_LPIPS: 51.193 D_real: 0.133 D_fake: 0.696 \n"}
,{"stream_name":"stdout","time":8527.700661318,"data":"(epoch: 16, iters: 1120, time: 0.176, data: 0.003) G_GAN: 2.766 G_LPIPS: 57.533 D_real: 0.333 D_fake: 0.038 \n"}
,{"stream_name":"stdout","time":8527.700664789,"data":"(epoch: 16, iters: 1140, time: 0.174, data: 0.004) G_GAN: 3.933 G_LPIPS: 55.966 D_real: 0.005 D_fake: 0.448 \n"}
,{"stream_name":"stdout","time":8527.700667543,"data":"(epoch: 16, iters: 1160, time: 0.175, data: 0.004) G_GAN: 3.571 G_LPIPS: 59.964 D_real: 0.243 D_fake: 0.030 \n"}
,{"stream_name":"stdout","time":8527.700670233,"data":"(epoch: 16, iters: 1180, time: 0.176, data: 0.003) G_GAN: 2.365 G_LPIPS: 57.324 D_real: 0.139 D_fake: 0.174 \n"}
,{"stream_name":"stdout","time":8527.700672929,"data":"(epoch: 16, iters: 1200, time: 0.176, data: 0.003) G_GAN: 2.029 G_LPIPS: 52.733 D_real: 0.535 D_fake: 0.072 \n"}
,{"stream_name":"stdout","time":8527.700675613,"data":"(epoch: 16, iters: 1220, time: 0.172, data: 0.003) G_GAN: 2.690 G_LPIPS: 53.920 D_real: 0.129 D_fake: 0.129 \n"}
,{"stream_name":"stdout","time":8527.700680603,"data":"(epoch: 16, iters: 1240, time: 0.223, data: 0.004) G_GAN: 1.469 G_LPIPS: 52.169 D_real: 0.729 D_fake: 0.140 \n"}
,{"stream_name":"stdout","time":8527.700683443,"data":"(epoch: 16, iters: 1260, time: 0.173, data: 0.003) G_GAN: 1.973 G_LPIPS: 52.282 D_real: 0.354 D_fake: 0.519 \n"}
,{"stream_name":"stdout","time":8527.700686126,"data":"(epoch: 16, iters: 1280, time: 0.175, data: 0.004) G_GAN: 1.751 G_LPIPS: 58.259 D_real: 0.041 D_fake: 0.543 \n"}
,{"stream_name":"stdout","time":8527.700688812,"data":"(epoch: 16, iters: 1300, time: 0.172, data: 0.003) G_GAN: 2.634 G_LPIPS: 58.174 D_real: 0.004 D_fake: 0.223 \n"}
,{"stream_name":"stdout","time":8527.700691519,"data":"(epoch: 16, iters: 1320, time: 0.174, data: 0.003) G_GAN: 2.186 G_LPIPS: 54.248 D_real: 0.699 D_fake: 0.075 \n"}
,{"stream_name":"stdout","time":8527.700694198,"data":"(epoch: 16, iters: 1340, time: 0.174, data: 0.003) G_GAN: 2.058 G_LPIPS: 59.604 D_real: 0.102 D_fake: 0.325 \n"}
,{"stream_name":"stdout","time":8527.700696925,"data":"(epoch: 16, iters: 1360, time: 0.177, data: 0.003) G_GAN: 2.229 G_LPIPS: 50.782 D_real: 0.083 D_fake: 0.238 \n"}
,{"stream_name":"stdout","time":8527.700712238,"data":"(epoch: 16, iters: 1380, time: 0.173, data: 0.003) G_GAN: 2.466 G_LPIPS: 52.541 D_real: 0.178 D_fake: 0.361 \n"}
,{"stream_name":"stdout","time":8527.700714884,"data":"(epoch: 16, iters: 1400, time: 0.174, data: 0.003) G_GAN: 2.090 G_LPIPS: 53.617 D_real: 0.044 D_fake: 0.288 \n"}
,{"stream_name":"stdout","time":8527.700717489,"data":"(epoch: 16, iters: 1420, time: 0.174, data: 0.003) G_GAN: 2.238 G_LPIPS: 53.570 D_real: 0.029 D_fake: 0.177 \n"}
,{"stream_name":"stdout","time":8527.700720092,"data":"(epoch: 16, iters: 1440, time: 0.174, data: 0.003) G_GAN: 1.439 G_LPIPS: 56.760 D_real: 0.300 D_fake: 0.199 \n"}
,{"stream_name":"stdout","time":8527.700722685,"data":"(epoch: 16, iters: 1460, time: 0.244, data: 0.003) G_GAN: 2.171 G_LPIPS: 48.963 D_real: 0.548 D_fake: 0.070 \n"}
,{"stream_name":"stdout","time":8527.700726321,"data":"(epoch: 16, iters: 1480, time: 0.175, data: 0.003) G_GAN: 1.988 G_LPIPS: 60.120 D_real: 0.004 D_fake: 0.611 \n"}
,{"stream_name":"stdout","time":8527.700728918,"data":"(epoch: 16, iters: 1500, time: 0.175, data: 0.003) G_GAN: 2.205 G_LPIPS: 55.197 D_real: 0.255 D_fake: 0.149 \n"}
,{"stream_name":"stdout","time":8735.783269621,"data":"(epoch: 16, iters: 1520, time: 0.176, data: 0.003) G_GAN: 2.507 G_LPIPS: 55.182 D_real: 0.231 D_fake: 0.079 \n"}
,{"stream_name":"stdout","time":8735.783336579,"data":"(epoch: 16, iters: 1540, time: 0.173, data: 0.004) G_GAN: 2.479 G_LPIPS: 53.409 D_real: 0.202 D_fake: 0.128 \n"}
,{"stream_name":"stdout","time":8735.783347556,"data":"(epoch: 16, iters: 1560, time: 0.174, data: 0.003) G_GAN: 2.841 G_LPIPS: 51.821 D_real: 0.013 D_fake: 0.173 \n"}
,{"stream_name":"stdout","time":8735.783351217,"data":"(epoch: 16, iters: 1580, time: 0.175, data: 0.004) G_GAN: 1.732 G_LPIPS: 54.588 D_real: 0.075 D_fake: 0.463 \n"}
,{"stream_name":"stdout","time":8735.783354489,"data":"(epoch: 16, iters: 1600, time: 0.176, data: 0.003) G_GAN: 1.957 G_LPIPS: 51.701 D_real: 0.012 D_fake: 0.549 \n"}
,{"stream_name":"stdout","time":8735.783357982,"data":"(epoch: 16, iters: 1620, time: 0.229, data: 0.003) G_GAN: 1.932 G_LPIPS: 55.877 D_real: 0.229 D_fake: 0.239 \n"}
,{"stream_name":"stdout","time":8735.783361019,"data":"(epoch: 16, iters: 1640, time: 0.172, data: 0.003) G_GAN: 2.181 G_LPIPS: 55.634 D_real: 0.135 D_fake: 0.348 \n"}
,{"stream_name":"stdout","time":8735.783364036,"data":"(epoch: 16, iters: 1660, time: 0.173, data: 0.003) G_GAN: 2.171 G_LPIPS: 50.783 D_real: 0.305 D_fake: 0.112 \n"}
,{"stream_name":"stdout","time":8735.783367041,"data":"(epoch: 16, iters: 1680, time: 0.223, data: 0.003) G_GAN: 3.007 G_LPIPS: 58.244 D_real: 0.031 D_fake: 0.068 \n"}
,{"stream_name":"stdout","time":8735.783395264,"data":"(epoch: 16, iters: 1700, time: 0.172, data: 0.004) G_GAN: 2.503 G_LPIPS: 57.666 D_real: 0.003 D_fake: 0.248 \n"}
,{"stream_name":"stdout","time":8735.783400284,"data":"(epoch: 16, iters: 1720, time: 0.172, data: 0.003) G_GAN: 1.984 G_LPIPS: 54.070 D_real: 0.016 D_fake: 0.195 \n"}
,{"stream_name":"stdout","time":8735.783405053,"data":"(epoch: 16, iters: 1740, time: 0.173, data: 0.004) G_GAN: 2.906 G_LPIPS: 53.405 D_real: 0.038 D_fake: 0.109 \n"}
,{"stream_name":"stdout","time":8735.78340924,"data":"(epoch: 16, iters: 1760, time: 0.173, data: 0.003) G_GAN: 1.853 G_LPIPS: 51.214 D_real: 0.083 D_fake: 0.294 \n"}
,{"stream_name":"stdout","time":8735.783413425,"data":"(epoch: 16, iters: 1780, time: 0.172, data: 0.003) G_GAN: 2.689 G_LPIPS: 54.186 D_real: 0.805 D_fake: 0.044 \n"}
,{"stream_name":"stdout","time":8735.783417084,"data":"(epoch: 16, iters: 1800, time: 0.174, data: 0.004) G_GAN: 3.270 G_LPIPS: 54.791 D_real: 0.044 D_fake: 0.110 \n"}
,{"stream_name":"stdout","time":8735.783420689,"data":"(epoch: 16, iters: 1820, time: 0.173, data: 0.003) G_GAN: 2.672 G_LPIPS: 51.565 D_real: 0.067 D_fake: 0.075 \n"}
,{"stream_name":"stdout","time":8735.783424274,"data":"(epoch: 16, iters: 1840, time: 0.225, data: 0.003) G_GAN: 2.478 G_LPIPS: 51.486 D_real: 0.054 D_fake: 0.193 \n"}
,{"stream_name":"stdout","time":8735.783427839,"data":"(epoch: 16, iters: 1860, time: 0.173, data: 0.003) G_GAN: 3.681 G_LPIPS: 57.019 D_real: 0.014 D_fake: 0.051 \n"}
,{"stream_name":"stdout","time":8735.783431369,"data":"(epoch: 16, iters: 1880, time: 0.174, data: 0.003) G_GAN: 2.160 G_LPIPS: 55.600 D_real: 0.130 D_fake: 0.290 \n"}
,{"stream_name":"stdout","time":8735.783436354,"data":"(epoch: 16, iters: 1900, time: 0.229, data: 0.003) G_GAN: 2.077 G_LPIPS: 59.094 D_real: 0.003 D_fake: 0.205 \n"}
,{"stream_name":"stdout","time":8735.783439919,"data":"(epoch: 16, iters: 1920, time: 0.174, data: 0.003) G_GAN: 3.572 G_LPIPS: 57.289 D_real: 0.277 D_fake: 0.034 \n"}
,{"stream_name":"stdout","time":8735.78344343,"data":"(epoch: 16, iters: 1940, time: 0.174, data: 0.004) G_GAN: 1.963 G_LPIPS: 57.172 D_real: 0.095 D_fake: 0.361 \n"}
,{"stream_name":"stdout","time":8735.783446928,"data":"(epoch: 16, iters: 1960, time: 0.174, data: 0.003) G_GAN: 2.297 G_LPIPS: 56.458 D_real: 0.230 D_fake: 0.105 \n"}
,{"stream_name":"stdout","time":8735.78345051,"data":"(epoch: 16, iters: 1980, time: 0.177, data: 0.003) G_GAN: 2.366 G_LPIPS: 54.932 D_real: 0.116 D_fake: 0.194 \n"}
,{"stream_name":"stdout","time":8735.783454039,"data":"(epoch: 16, iters: 2000, time: 0.174, data: 0.005) G_GAN: 2.974 G_LPIPS: 58.931 D_real: 0.048 D_fake: 0.096 \n"}
,{"stream_name":"stdout","time":8735.783459258,"data":"(epoch: 16, iters: 2020, time: 0.173, data: 0.004) G_GAN: 2.888 G_LPIPS: 59.180 D_real: 0.015 D_fake: 0.195 \n"}
,{"stream_name":"stdout","time":8735.783465487,"data":"(epoch: 16, iters: 2040, time: 0.173, data: 0.003) G_GAN: 2.249 G_LPIPS: 53.608 D_real: 0.158 D_fake: 0.157 \n"}
,{"stream_name":"stdout","time":8735.783467802,"data":"(epoch: 16, iters: 2060, time: 0.224, data: 0.003) G_GAN: 1.179 G_LPIPS: 53.664 D_real: 0.390 D_fake: 0.265 \n"}
,{"stream_name":"stdout","time":8735.783474859,"data":"(epoch: 16, iters: 2080, time: 0.173, data: 0.003) G_GAN: 2.694 G_LPIPS: 54.444 D_real: 0.121 D_fake: 0.187 \n"}
,{"stream_name":"stdout","time":8735.783477736,"data":"(epoch: 16, iters: 2100, time: 0.173, data: 0.004) G_GAN: 2.244 G_LPIPS: 52.828 D_real: 0.415 D_fake: 0.078 \n"}
,{"stream_name":"stdout","time":8735.783493341,"data":"(epoch: 16, iters: 2120, time: 0.226, data: 0.003) G_GAN: 2.496 G_LPIPS: 52.606 D_real: 0.065 D_fake: 0.149 \n"}
,{"stream_name":"stdout","time":8735.783497852,"data":"(epoch: 16, iters: 2140, time: 0.174, data: 0.003) G_GAN: 2.301 G_LPIPS: 55.796 D_real: 0.045 D_fake: 0.425 \n"}
,{"stream_name":"stdout","time":8735.783506631,"data":"(epoch: 16, iters: 2160, time: 0.173, data: 0.003) G_GAN: 2.534 G_LPIPS: 54.735 D_real: 0.426 D_fake: 0.080 \n"}
,{"stream_name":"stdout","time":8735.783510377,"data":"(epoch: 16, iters: 2180, time: 0.173, data: 0.003) G_GAN: 2.763 G_LPIPS: 55.905 D_real: 0.256 D_fake: 0.101 \n"}
,{"stream_name":"stdout","time":8735.783514077,"data":"(epoch: 16, iters: 2200, time: 0.179, data: 0.003) G_GAN: 1.710 G_LPIPS: 50.507 D_real: 0.072 D_fake: 0.394 \n"}
,{"stream_name":"stdout","time":8735.783517577,"data":"(epoch: 16, iters: 2220, time: 0.174, data: 0.003) G_GAN: 2.662 G_LPIPS: 52.471 D_real: 0.071 D_fake: 0.147 \n"}
,{"stream_name":"stdout","time":8735.783521135,"data":"(epoch: 16, iters: 2240, time: 0.174, data: 0.003) G_GAN: 2.606 G_LPIPS: 52.604 D_real: 0.088 D_fake: 0.182 \n"}
,{"stream_name":"stdout","time":8735.783524744,"data":"(epoch: 16, iters: 2260, time: 0.173, data: 0.003) G_GAN: 3.287 G_LPIPS: 61.196 D_real: 0.270 D_fake: 0.051 \n"}
,{"stream_name":"stdout","time":8735.783528882,"data":"(epoch: 16, iters: 2280, time: 0.224, data: 0.003) G_GAN: 4.363 G_LPIPS: 58.429 D_real: 0.015 D_fake: 1.069 \n"}
,{"stream_name":"stdout","time":8735.783532498,"data":"(epoch: 16, iters: 2300, time: 0.174, data: 0.003) G_GAN: 2.223 G_LPIPS: 57.286 D_real: 0.038 D_fake: 0.234 \n"}
,{"stream_name":"stdout","time":8735.783536074,"data":"(epoch: 16, iters: 2320, time: 0.174, data: 0.003) G_GAN: 1.533 G_LPIPS: 50.385 D_real: 0.652 D_fake: 0.197 \n"}
,{"stream_name":"stdout","time":8735.783539593,"data":"(epoch: 16, iters: 2340, time: 0.226, data: 0.003) G_GAN: 3.376 G_LPIPS: 51.796 D_real: 0.613 D_fake: 0.019 \n"}
,{"stream_name":"stdout","time":8735.783543072,"data":"(epoch: 16, iters: 2360, time: 0.175, data: 0.003) G_GAN: 3.165 G_LPIPS: 53.936 D_real: 0.140 D_fake: 0.112 \n"}
,{"stream_name":"stdout","time":8735.783546588,"data":"(epoch: 16, iters: 2380, time: 0.174, data: 0.003) G_GAN: 2.713 G_LPIPS: 56.084 D_real: 0.061 D_fake: 0.115 \n"}
,{"stream_name":"stdout","time":8735.783550151,"data":"(epoch: 16, iters: 2400, time: 0.176, data: 0.003) G_GAN: 2.597 G_LPIPS: 51.467 D_real: 0.125 D_fake: 0.141 \n"}
,{"stream_name":"stdout","time":8735.783553678,"data":"(epoch: 16, iters: 2420, time: 0.176, data: 0.003) G_GAN: 2.660 G_LPIPS: 56.821 D_real: 0.069 D_fake: 0.151 \n"}
,{"stream_name":"stdout","time":8735.783557213,"data":"(epoch: 16, iters: 2440, time: 0.175, data: 0.004) G_GAN: 3.267 G_LPIPS: 54.159 D_real: 0.130 D_fake: 0.076 \n"}
,{"stream_name":"stdout","time":8735.783562564,"data":"(epoch: 16, iters: 2460, time: 0.173, data: 0.003) G_GAN: 3.176 G_LPIPS: 57.322 D_real: 0.074 D_fake: 0.097 \n"}
,{"stream_name":"stdout","time":8735.783566134,"data":"saving the latest model (epoch 16, total_iters 75000)\n"}
,{"stream_name":"stdout","time":8735.783591428,"data":"(epoch: 16, iters: 2480, time: 0.177, data: 0.003) G_GAN: 2.497 G_LPIPS: 54.800 D_real: 0.210 D_fake: 0.206 \n"}
,{"stream_name":"stdout","time":8735.783595603,"data":"(epoch: 16, iters: 2500, time: 0.178, data: 0.003) G_GAN: 2.232 G_LPIPS: 52.443 D_real: 0.195 D_fake: 0.199 \n"}
,{"stream_name":"stdout","time":8735.78360002,"data":"(epoch: 16, iters: 2520, time: 0.174, data: 0.003) G_GAN: 2.408 G_LPIPS: 56.223 D_real: 0.136 D_fake: 0.148 \n"}
,{"stream_name":"stdout","time":8735.783604277,"data":"(epoch: 16, iters: 2540, time: 0.175, data: 0.003) G_GAN: 2.318 G_LPIPS: 60.577 D_real: 0.093 D_fake: 0.277 \n"}
,{"stream_name":"stdout","time":8735.783607955,"data":"(epoch: 16, iters: 2560, time: 0.223, data: 0.003) G_GAN: 1.757 G_LPIPS: 53.747 D_real: 0.042 D_fake: 0.373 \n"}
,{"stream_name":"stdout","time":8735.783611395,"data":"(epoch: 16, iters: 2580, time: 0.175, data: 0.003) G_GAN: 1.449 G_LPIPS: 56.915 D_real: 0.685 D_fake: 0.208 \n"}
,{"stream_name":"stdout","time":8735.783619321,"data":"(epoch: 16, iters: 2600, time: 0.174, data: 0.004) G_GAN: 3.386 G_LPIPS: 54.334 D_real: 0.001 D_fake: 0.176 \n"}
,{"stream_name":"stdout","time":8735.78362287,"data":"(epoch: 16, iters: 2620, time: 0.174, data: 0.003) G_GAN: 2.874 G_LPIPS: 55.641 D_real: 0.006 D_fake: 0.250 \n"}
,{"stream_name":"stdout","time":8735.783627151,"data":"(epoch: 16, iters: 2640, time: 0.183, data: 0.003) G_GAN: 1.982 G_LPIPS: 54.945 D_real: 0.218 D_fake: 0.160 \n"}
,{"stream_name":"stdout","time":8735.783630715,"data":"(epoch: 16, iters: 2660, time: 0.177, data: 0.003) G_GAN: 2.470 G_LPIPS: 58.370 D_real: 0.060 D_fake: 0.138 \n"}
,{"stream_name":"stdout","time":8735.783634413,"data":"(epoch: 16, iters: 2680, time: 0.174, data: 0.003) G_GAN: 2.442 G_LPIPS: 55.419 D_real: 0.527 D_fake: 0.070 \n"}
,{"stream_name":"stdout","time":8735.783637929,"data":"(epoch: 16, iters: 2700, time: 0.184, data: 0.003) G_GAN: 2.256 G_LPIPS: 53.573 D_real: 0.148 D_fake: 0.171 \n"}
,{"stream_name":"stdout","time":8735.783641456,"data":"(epoch: 16, iters: 2720, time: 0.176, data: 0.003) G_GAN: 1.163 G_LPIPS: 48.952 D_real: 1.543 D_fake: 0.048 \n"}
,{"stream_name":"stdout","time":8735.783645033,"data":"(epoch: 16, iters: 2740, time: 0.177, data: 0.003) G_GAN: 2.872 G_LPIPS: 52.422 D_real: 0.154 D_fake: 0.258 \n"}
,{"stream_name":"stdout","time":8735.783648611,"data":"(epoch: 16, iters: 2760, time: 0.176, data: 0.004) G_GAN: 2.530 G_LPIPS: 48.524 D_real: 0.120 D_fake: 0.578 \n"}
,{"stream_name":"stdout","time":8735.783652222,"data":"(epoch: 16, iters: 2780, time: 0.226, data: 0.003) G_GAN: 2.499 G_LPIPS: 55.884 D_real: 0.057 D_fake: 0.155 \n"}
,{"stream_name":"stdout","time":8735.783655728,"data":"(epoch: 16, iters: 2800, time: 0.176, data: 0.003) G_GAN: 2.640 G_LPIPS: 61.711 D_real: 0.004 D_fake: 0.323 \n"}
,{"stream_name":"stdout","time":8735.783668335,"data":"(epoch: 16, iters: 2820, time: 0.175, data: 0.003) G_GAN: 2.101 G_LPIPS: 53.959 D_real: 0.013 D_fake: 0.455 \n"}
,{"stream_name":"stdout","time":8735.783684715,"data":"(epoch: 16, iters: 2840, time: 0.176, data: 0.003) G_GAN: 1.651 G_LPIPS: 55.819 D_real: 0.545 D_fake: 0.162 \n"}
,{"stream_name":"stdout","time":8735.783689629,"data":"(epoch: 16, iters: 2860, time: 0.175, data: 0.003) G_GAN: 2.821 G_LPIPS: 54.184 D_real: 0.008 D_fake: 0.107 \n"}
,{"stream_name":"stdout","time":8735.783693889,"data":"(epoch: 16, iters: 2880, time: 0.176, data: 0.003) G_GAN: 2.091 G_LPIPS: 54.711 D_real: 0.248 D_fake: 0.229 \n"}
,{"stream_name":"stdout","time":8735.783698036,"data":"(epoch: 16, iters: 2900, time: 0.175, data: 0.003) G_GAN: 2.027 G_LPIPS: 55.250 D_real: 0.466 D_fake: 0.100 \n"}
,{"stream_name":"stdout","time":8735.783702107,"data":"(epoch: 16, iters: 2920, time: 0.174, data: 0.003) G_GAN: 2.600 G_LPIPS: 54.037 D_real: 0.525 D_fake: 0.076 \n"}
,{"stream_name":"stdout","time":8735.783706038,"data":"(epoch: 16, iters: 2940, time: 0.174, data: 0.004) G_GAN: 1.834 G_LPIPS: 58.893 D_real: 0.665 D_fake: 0.069 \n"}
,{"stream_name":"stdout","time":8735.783709589,"data":"(epoch: 16, iters: 2960, time: 0.176, data: 0.003) G_GAN: 2.665 G_LPIPS: 51.473 D_real: 0.077 D_fake: 0.331 \n"}
,{"stream_name":"stdout","time":8735.783713172,"data":"(epoch: 16, iters: 2980, time: 0.175, data: 0.003) G_GAN: 2.493 G_LPIPS: 53.998 D_real: 0.027 D_fake: 0.129 \n"}
,{"stream_name":"stdout","time":8735.783716686,"data":"(epoch: 16, iters: 3000, time: 0.176, data: 0.003) G_GAN: 1.493 G_LPIPS: 52.349 D_real: 0.465 D_fake: 0.164 \n"}
,{"stream_name":"stdout","time":8947.646570439,"data":"(epoch: 16, iters: 3020, time: 0.176, data: 0.003) G_GAN: 1.602 G_LPIPS: 49.130 D_real: 1.074 D_fake: 0.032 \n"}
,{"stream_name":"stdout","time":8947.646643301,"data":"(epoch: 16, iters: 3040, time: 0.174, data: 0.003) G_GAN: 2.032 G_LPIPS: 53.751 D_real: 0.102 D_fake: 0.255 \n"}
,{"stream_name":"stdout","time":8947.646672614,"data":"(epoch: 16, iters: 3060, time: 0.180, data: 0.003) G_GAN: 2.242 G_LPIPS: 56.396 D_real: 0.114 D_fake: 0.200 \n"}
,{"stream_name":"stdout","time":8947.646677443,"data":"(epoch: 16, iters: 3080, time: 0.174, data: 0.003) G_GAN: 1.291 G_LPIPS: 57.239 D_real: 0.455 D_fake: 0.548 \n"}
,{"stream_name":"stdout","time":8947.646681269,"data":"(epoch: 16, iters: 3100, time: 0.174, data: 0.003) G_GAN: 2.471 G_LPIPS: 59.377 D_real: 0.020 D_fake: 0.638 \n"}
,{"stream_name":"stdout","time":8947.646685635,"data":"(epoch: 16, iters: 3120, time: 0.174, data: 0.003) G_GAN: 1.286 G_LPIPS: 51.154 D_real: 0.557 D_fake: 0.253 \n"}
,{"stream_name":"stdout","time":8947.646689617,"data":"(epoch: 16, iters: 3140, time: 0.176, data: 0.003) G_GAN: 2.381 G_LPIPS: 56.810 D_real: 0.675 D_fake: 0.043 \n"}
,{"stream_name":"stdout","time":8947.646693567,"data":"(epoch: 16, iters: 3160, time: 0.175, data: 0.003) G_GAN: 3.600 G_LPIPS: 54.001 D_real: 0.273 D_fake: 0.034 \n"}
,{"stream_name":"stdout","time":8947.646697251,"data":"(epoch: 16, iters: 3180, time: 0.175, data: 0.003) G_GAN: 2.600 G_LPIPS: 54.281 D_real: 0.551 D_fake: 0.034 \n"}
,{"stream_name":"stdout","time":8947.646700825,"data":"(epoch: 16, iters: 3200, time: 0.175, data: 0.003) G_GAN: 2.059 G_LPIPS: 53.278 D_real: 0.266 D_fake: 0.089 \n"}
,{"stream_name":"stdout","time":8947.646704293,"data":"(epoch: 16, iters: 3220, time: 0.176, data: 0.003) G_GAN: 2.037 G_LPIPS: 54.709 D_real: 0.090 D_fake: 0.272 \n"}
,{"stream_name":"stdout","time":8947.646707822,"data":"(epoch: 16, iters: 3240, time: 0.174, data: 0.003) G_GAN: 2.540 G_LPIPS: 52.547 D_real: 0.072 D_fake: 0.495 \n"}
,{"stream_name":"stdout","time":8947.646711361,"data":"(epoch: 16, iters: 3260, time: 0.175, data: 0.003) G_GAN: 1.843 G_LPIPS: 47.420 D_real: 0.453 D_fake: 0.222 \n"}
,{"stream_name":"stdout","time":8947.646714996,"data":"(epoch: 16, iters: 3280, time: 0.175, data: 0.003) G_GAN: 3.185 G_LPIPS: 48.884 D_real: 0.832 D_fake: 0.016 \n"}
,{"stream_name":"stdout","time":8947.646724417,"data":"(epoch: 16, iters: 3300, time: 0.225, data: 0.003) G_GAN: 3.394 G_LPIPS: 55.429 D_real: 0.086 D_fake: 0.092 \n"}
,{"stream_name":"stdout","time":8947.646727137,"data":"(epoch: 16, iters: 3320, time: 0.177, data: 0.004) G_GAN: 3.038 G_LPIPS: 50.377 D_real: 0.245 D_fake: 0.071 \n"}
,{"stream_name":"stdout","time":8947.646729458,"data":"(epoch: 16, iters: 3340, time: 0.175, data: 0.003) G_GAN: 1.720 G_LPIPS: 54.082 D_real: 0.565 D_fake: 0.149 \n"}
,{"stream_name":"stdout","time":8947.646738901,"data":"(epoch: 16, iters: 3360, time: 0.225, data: 0.003) G_GAN: 1.922 G_LPIPS: 53.964 D_real: 0.751 D_fake: 0.070 \n"}
,{"stream_name":"stdout","time":8947.646741247,"data":"(epoch: 16, iters: 3380, time: 0.176, data: 0.003) G_GAN: 2.540 G_LPIPS: 53.762 D_real: 0.127 D_fake: 0.143 \n"}
,{"stream_name":"stdout","time":8947.646745557,"data":"(epoch: 16, iters: 3400, time: 0.174, data: 0.003) G_GAN: 3.744 G_LPIPS: 59.678 D_real: 0.020 D_fake: 0.043 \n"}
,{"stream_name":"stdout","time":8947.646747872,"data":"(epoch: 16, iters: 3420, time: 0.232, data: 0.003) G_GAN: 4.071 G_LPIPS: 56.745 D_real: 0.070 D_fake: 0.037 \n"}
,{"stream_name":"stdout","time":8947.646750156,"data":"(epoch: 16, iters: 3440, time: 0.175, data: 0.003) G_GAN: 2.384 G_LPIPS: 56.002 D_real: 0.727 D_fake: 0.087 \n"}
,{"stream_name":"stdout","time":8947.646752422,"data":"(epoch: 16, iters: 3460, time: 0.195, data: 0.003) G_GAN: 3.343 G_LPIPS: 56.177 D_real: 0.561 D_fake: 0.019 \n"}
,{"stream_name":"stdout","time":8947.646755299,"data":"(epoch: 16, iters: 3480, time: 0.227, data: 0.003) G_GAN: 3.564 G_LPIPS: 52.282 D_real: 0.026 D_fake: 0.052 \n"}
,{"stream_name":"stdout","time":8947.646772783,"data":"(epoch: 16, iters: 3500, time: 0.175, data: 0.003) G_GAN: 2.535 G_LPIPS: 52.489 D_real: 0.122 D_fake: 0.148 \n"}
,{"stream_name":"stdout","time":8947.646781521,"data":"(epoch: 16, iters: 3520, time: 0.175, data: 0.003) G_GAN: 2.076 G_LPIPS: 47.613 D_real: 0.346 D_fake: 0.136 \n"}
,{"stream_name":"stdout","time":8947.64678595,"data":"(epoch: 16, iters: 3540, time: 0.230, data: 0.003) G_GAN: 2.686 G_LPIPS: 55.172 D_real: 0.023 D_fake: 0.166 \n"}
,{"stream_name":"stdout","time":8947.646789749,"data":"(epoch: 16, iters: 3560, time: 0.175, data: 0.003) G_GAN: 2.195 G_LPIPS: 56.893 D_real: 0.520 D_fake: 0.080 \n"}
,{"stream_name":"stdout","time":8947.646793999,"data":"(epoch: 16, iters: 3580, time: 0.175, data: 0.003) G_GAN: 2.915 G_LPIPS: 52.501 D_real: 0.120 D_fake: 0.127 \n"}
,{"stream_name":"stdout","time":8947.646797514,"data":"(epoch: 16, iters: 3600, time: 0.225, data: 0.003) G_GAN: 2.446 G_LPIPS: 57.827 D_real: 0.028 D_fake: 0.271 \n"}
,{"stream_name":"stdout","time":8947.646801022,"data":"(epoch: 16, iters: 3620, time: 0.176, data: 0.003) G_GAN: 1.282 G_LPIPS: 56.615 D_real: 0.685 D_fake: 0.082 \n"}
,{"stream_name":"stdout","time":8947.646804132,"data":"(epoch: 16, iters: 3640, time: 0.175, data: 0.003) G_GAN: 1.610 G_LPIPS: 53.404 D_real: 0.366 D_fake: 0.201 \n"}
,{"stream_name":"stdout","time":8947.646807614,"data":"(epoch: 16, iters: 3660, time: 0.176, data: 0.003) G_GAN: 2.458 G_LPIPS: 55.614 D_real: 0.319 D_fake: 0.079 \n"}
,{"stream_name":"stdout","time":8947.646810798,"data":"(epoch: 16, iters: 3680, time: 0.176, data: 0.003) G_GAN: 1.951 G_LPIPS: 59.083 D_real: 0.037 D_fake: 0.425 \n"}
,{"stream_name":"stdout","time":8947.646813896,"data":"(epoch: 16, iters: 3700, time: 0.176, data: 0.003) G_GAN: 1.259 G_LPIPS: 59.495 D_real: 0.492 D_fake: 0.119 \n"}
,{"stream_name":"stdout","time":8947.646817503,"data":"(epoch: 16, iters: 3720, time: 0.176, data: 0.004) G_GAN: 1.245 G_LPIPS: 51.444 D_real: 1.514 D_fake: 0.115 \n"}
,{"stream_name":"stdout","time":8947.646820527,"data":"(epoch: 16, iters: 3740, time: 0.174, data: 0.003) G_GAN: 1.890 G_LPIPS: 54.703 D_real: 0.892 D_fake: 0.065 \n"}
,{"stream_name":"stdout","time":8947.646823811,"data":"(epoch: 16, iters: 3760, time: 0.176, data: 0.003) G_GAN: 2.467 G_LPIPS: 56.589 D_real: 0.153 D_fake: 0.102 \n"}
,{"stream_name":"stdout","time":8947.646827826,"data":"(epoch: 16, iters: 3780, time: 0.179, data: 0.003) G_GAN: 1.622 G_LPIPS: 57.662 D_real: 0.561 D_fake: 0.131 \n"}
,{"stream_name":"stdout","time":8947.646831856,"data":"(epoch: 16, iters: 3800, time: 0.176, data: 0.003) G_GAN: 2.930 G_LPIPS: 54.663 D_real: 0.003 D_fake: 0.246 \n"}
,{"stream_name":"stdout","time":8947.646834985,"data":"(epoch: 16, iters: 3820, time: 0.174, data: 0.003) G_GAN: 2.160 G_LPIPS: 53.330 D_real: 0.126 D_fake: 0.444 \n"}
,{"stream_name":"stdout","time":8947.646838422,"data":"(epoch: 16, iters: 3840, time: 0.175, data: 0.003) G_GAN: 1.345 G_LPIPS: 55.359 D_real: 0.853 D_fake: 0.325 \n"}
,{"stream_name":"stdout","time":8947.64684216,"data":"(epoch: 16, iters: 3860, time: 0.174, data: 0.004) G_GAN: 2.112 G_LPIPS: 50.761 D_real: 0.514 D_fake: 0.094 \n"}
,{"stream_name":"stdout","time":8947.646845264,"data":"(epoch: 16, iters: 3880, time: 0.177, data: 0.003) G_GAN: 2.935 G_LPIPS: 60.070 D_real: 0.201 D_fake: 0.079 \n"}
,{"stream_name":"stdout","time":8947.64684912,"data":"(epoch: 16, iters: 3900, time: 0.176, data: 0.003) G_GAN: 1.377 G_LPIPS: 59.040 D_real: 0.213 D_fake: 0.256 \n"}
,{"stream_name":"stdout","time":8947.646852482,"data":"(epoch: 16, iters: 3920, time: 0.177, data: 0.004) G_GAN: 2.406 G_LPIPS: 52.179 D_real: 0.022 D_fake: 0.347 \n"}
,{"stream_name":"stdout","time":8947.646855548,"data":"(epoch: 16, iters: 3940, time: 0.174, data: 0.003) G_GAN: 1.378 G_LPIPS: 51.248 D_real: 1.052 D_fake: 0.149 \n"}
,{"stream_name":"stdout","time":8947.646858962,"data":"(epoch: 16, iters: 3960, time: 0.176, data: 0.003) G_GAN: 0.478 G_LPIPS: 56.266 D_real: 1.336 D_fake: 0.117 \n"}
,{"stream_name":"stdout","time":8947.646866371,"data":"(epoch: 16, iters: 3980, time: 0.175, data: 0.003) G_GAN: 2.303 G_LPIPS: 60.337 D_real: 0.113 D_fake: 0.197 \n"}
,{"stream_name":"stdout","time":8947.646869793,"data":"(epoch: 16, iters: 4000, time: 0.176, data: 0.003) G_GAN: 2.168 G_LPIPS: 56.558 D_real: 0.069 D_fake: 0.415 \n"}
,{"stream_name":"stdout","time":8947.646872974,"data":"(epoch: 16, iters: 4020, time: 0.177, data: 0.003) G_GAN: 2.435 G_LPIPS: 55.812 D_real: 0.075 D_fake: 0.194 \n"}
,{"stream_name":"stdout","time":8947.64687628,"data":"(epoch: 16, iters: 4040, time: 0.175, data: 0.003) G_GAN: 2.038 G_LPIPS: 57.895 D_real: 0.016 D_fake: 1.385 \n"}
,{"stream_name":"stdout","time":8947.646879527,"data":"(epoch: 16, iters: 4060, time: 0.176, data: 0.003) G_GAN: 2.227 G_LPIPS: 53.358 D_real: 0.066 D_fake: 0.254 \n"}
,{"stream_name":"stdout","time":8947.646882944,"data":"(epoch: 16, iters: 4080, time: 0.176, data: 0.003) G_GAN: 2.261 G_LPIPS: 52.933 D_real: 0.091 D_fake: 0.480 \n"}
,{"stream_name":"stdout","time":8947.646886009,"data":"(epoch: 16, iters: 4100, time: 0.178, data: 0.003) G_GAN: 2.665 G_LPIPS: 55.022 D_real: 0.237 D_fake: 0.087 \n"}
,{"stream_name":"stdout","time":8947.646889521,"data":"(epoch: 16, iters: 4120, time: 0.215, data: 0.003) G_GAN: 3.146 G_LPIPS: 53.099 D_real: 0.120 D_fake: 0.822 \n"}
,{"stream_name":"stdout","time":8947.646893431,"data":"(epoch: 16, iters: 4140, time: 0.178, data: 0.003) G_GAN: 2.220 G_LPIPS: 56.406 D_real: 0.027 D_fake: 0.501 \n"}
,{"stream_name":"stdout","time":8947.646897897,"data":"(epoch: 16, iters: 4160, time: 0.182, data: 0.003) G_GAN: 2.339 G_LPIPS: 56.469 D_real: 0.256 D_fake: 0.194 \n"}
,{"stream_name":"stdout","time":8947.64690201,"data":"(epoch: 16, iters: 4180, time: 0.225, data: 0.003) G_GAN: 2.987 G_LPIPS: 55.419 D_real: 0.023 D_fake: 0.101 \n"}
,{"stream_name":"stdout","time":8947.646905447,"data":"(epoch: 16, iters: 4200, time: 0.178, data: 0.004) G_GAN: 2.300 G_LPIPS: 50.511 D_real: 0.057 D_fake: 0.207 \n"}
,{"stream_name":"stdout","time":8947.646908666,"data":"(epoch: 16, iters: 4220, time: 0.175, data: 0.003) G_GAN: 1.836 G_LPIPS: 57.396 D_real: 0.030 D_fake: 0.372 \n"}
,{"stream_name":"stdout","time":8947.646912559,"data":"(epoch: 16, iters: 4240, time: 0.227, data: 0.003) G_GAN: 2.354 G_LPIPS: 52.756 D_real: 0.014 D_fake: 0.239 \n"}
,{"stream_name":"stdout","time":8947.646916464,"data":"(epoch: 16, iters: 4260, time: 0.176, data: 0.004) G_GAN: 1.832 G_LPIPS: 57.461 D_real: 0.013 D_fake: 0.362 \n"}
,{"stream_name":"stdout","time":8947.646920347,"data":"(epoch: 16, iters: 4280, time: 0.184, data: 0.003) G_GAN: 2.662 G_LPIPS: 55.740 D_real: 0.084 D_fake: 0.121 \n"}
,{"stream_name":"stdout","time":8947.646923985,"data":"(epoch: 16, iters: 4300, time: 0.227, data: 0.003) G_GAN: 3.908 G_LPIPS: 54.398 D_real: 0.110 D_fake: 0.063 \n"}
,{"stream_name":"stdout","time":8947.646927476,"data":"(epoch: 16, iters: 4320, time: 0.176, data: 0.003) G_GAN: 3.115 G_LPIPS: 59.729 D_real: 0.032 D_fake: 0.113 \n"}
,{"stream_name":"stdout","time":8947.64693099,"data":"(epoch: 16, iters: 4340, time: 0.177, data: 0.004) G_GAN: 0.964 G_LPIPS: 55.974 D_real: 0.729 D_fake: 0.346 \n"}
,{"stream_name":"stdout","time":8947.646934516,"data":"(epoch: 16, iters: 4360, time: 0.225, data: 0.003) G_GAN: 2.496 G_LPIPS: 52.724 D_real: 0.105 D_fake: 0.152 \n"}
,{"stream_name":"stdout","time":8947.646937973,"data":"(epoch: 16, iters: 4380, time: 0.177, data: 0.003) G_GAN: 2.858 G_LPIPS: 52.848 D_real: 0.046 D_fake: 0.078 \n"}
,{"stream_name":"stdout","time":8947.646942127,"data":"(epoch: 16, iters: 4400, time: 0.176, data: 0.003) G_GAN: 2.364 G_LPIPS: 59.481 D_real: 0.007 D_fake: 0.211 \n"}
,{"stream_name":"stdout","time":8947.646946109,"data":"(epoch: 16, iters: 4420, time: 0.228, data: 0.003) G_GAN: 1.383 G_LPIPS: 54.015 D_real: 0.482 D_fake: 0.175 \n"}
,{"stream_name":"stdout","time":8947.646953782,"data":"(epoch: 16, iters: 4440, time: 0.177, data: 0.003) G_GAN: 2.066 G_LPIPS: 53.986 D_real: 1.109 D_fake: 0.027 \n"}
,{"stream_name":"stdout","time":8947.646957479,"data":"(epoch: 16, iters: 4460, time: 0.177, data: 0.004) G_GAN: 4.554 G_LPIPS: 58.515 D_real: 0.145 D_fake: 0.028 \n"}
,{"stream_name":"stdout","time":8947.646960959,"data":"(epoch: 16, iters: 4480, time: 0.177, data: 0.003) G_GAN: 2.515 G_LPIPS: 52.434 D_real: 0.775 D_fake: 0.086 \n"}
,{"stream_name":"stdout","time":8947.646964422,"data":"(epoch: 16, iters: 4500, time: 0.177, data: 0.003) G_GAN: 2.705 G_LPIPS: 59.086 D_real: 0.004 D_fake: 0.220 \n"}
,{"stream_name":"stdout","time":8947.646967913,"data":"(epoch: 16, iters: 4520, time: 0.175, data: 0.003) G_GAN: 3.334 G_LPIPS: 58.134 D_real: 0.051 D_fake: 0.039 \n"}
,{"stream_name":"stdout","time":9094.641803254,"data":"(epoch: 16, iters: 4540, time: 0.178, data: 0.003) G_GAN: 1.490 G_LPIPS: 50.868 D_real: 0.744 D_fake: 0.157 \n"}
,{"stream_name":"stdout","time":9094.641857462,"data":"(epoch: 16, iters: 4560, time: 0.177, data: 0.003) G_GAN: 1.409 G_LPIPS: 55.723 D_real: 1.024 D_fake: 0.069 \n"}
,{"stream_name":"stdout","time":9094.641864541,"data":"(epoch: 16, iters: 4580, time: 0.175, data: 0.003) G_GAN: 3.744 G_LPIPS: 58.309 D_real: 0.136 D_fake: 0.025 \n"}
,{"stream_name":"stdout","time":9094.641869708,"data":"(epoch: 16, iters: 4600, time: 0.175, data: 0.003) G_GAN: 3.818 G_LPIPS: 56.720 D_real: 0.027 D_fake: 0.040 \n"}
,{"stream_name":"stdout","time":9094.641874618,"data":"(epoch: 16, iters: 4620, time: 0.176, data: 0.003) G_GAN: 2.522 G_LPIPS: 55.673 D_real: 0.021 D_fake: 0.168 \n"}
,{"stream_name":"stdout","time":9094.641879941,"data":"(epoch: 16, iters: 4640, time: 0.175, data: 0.003) G_GAN: 3.447 G_LPIPS: 59.091 D_real: 0.200 D_fake: 0.047 \n"}
,{"stream_name":"stdout","time":9094.641884634,"data":"(epoch: 16, iters: 4660, time: 0.174, data: 0.003) G_GAN: 1.623 G_LPIPS: 54.606 D_real: 0.210 D_fake: 0.453 \n"}
,{"stream_name":"stdout","time":9094.641889182,"data":"(epoch: 16, iters: 4680, time: 0.175, data: 0.003) G_GAN: 4.478 G_LPIPS: 50.435 D_real: 0.202 D_fake: 0.015 \n"}
,{"stream_name":"stdout","time":9094.641893727,"data":"(epoch: 16, iters: 4700, time: 0.176, data: 0.003) G_GAN: 1.682 G_LPIPS: 51.446 D_real: 0.074 D_fake: 0.286 \n"}
,{"stream_name":"stdout","time":9094.641898301,"data":"(epoch: 16, iters: 4720, time: 0.176, data: 0.003) G_GAN: 1.283 G_LPIPS: 50.049 D_real: 0.444 D_fake: 0.283 \n"}
,{"stream_name":"stdout","time":9094.64190474,"data":"(epoch: 16, iters: 4740, time: 0.176, data: 0.003) G_GAN: 1.495 G_LPIPS: 46.847 D_real: 0.360 D_fake: 0.148 \n"}
,{"stream_name":"stdout","time":9094.641912148,"data":"(epoch: 16, iters: 4760, time: 0.177, data: 0.003) G_GAN: 1.542 G_LPIPS: 52.132 D_real: 0.753 D_fake: 0.097 \n"}
,{"stream_name":"stdout","time":9094.641915287,"data":"(epoch: 16, iters: 4780, time: 0.177, data: 0.003) G_GAN: 2.374 G_LPIPS: 52.767 D_real: 0.068 D_fake: 0.437 \n"}
,{"stream_name":"stdout","time":9094.641918481,"data":"(epoch: 16, iters: 4800, time: 0.178, data: 0.003) G_GAN: 2.322 G_LPIPS: 50.202 D_real: 0.244 D_fake: 0.134 \n"}
,{"stream_name":"stdout","time":9094.641921586,"data":"(epoch: 16, iters: 4820, time: 0.176, data: 0.003) G_GAN: 2.254 G_LPIPS: 51.484 D_real: 0.241 D_fake: 0.125 \n"}
,{"stream_name":"stdout","time":9094.641924599,"data":"(epoch: 16, iters: 4840, time: 0.177, data: 0.003) G_GAN: 1.585 G_LPIPS: 54.684 D_real: 0.009 D_fake: 0.647 \n"}
,{"stream_name":"stdout","time":9094.641927531,"data":"(epoch: 16, iters: 4860, time: 0.177, data: 0.003) G_GAN: 1.882 G_LPIPS: 54.357 D_real: 0.386 D_fake: 0.134 \n"}
,{"stream_name":"stdout","time":9094.641930519,"data":"(epoch: 16, iters: 4880, time: 0.175, data: 0.003) G_GAN: 1.236 G_LPIPS: 50.164 D_real: 0.405 D_fake: 0.190 \n"}
,{"stream_name":"stdout","time":9094.64194393,"data":"(epoch: 16, iters: 4900, time: 0.177, data: 0.003) G_GAN: 1.860 G_LPIPS: 51.153 D_real: 0.517 D_fake: 0.049 \n"}
,{"stream_name":"stdout","time":9094.641948028,"data":"(epoch: 16, iters: 4920, time: 0.176, data: 0.004) G_GAN: 2.869 G_LPIPS: 54.030 D_real: 0.239 D_fake: 0.089 \n"}
,{"stream_name":"stdout","time":9094.64195038,"data":"(epoch: 16, iters: 4940, time: 0.177, data: 0.003) G_GAN: 2.063 G_LPIPS: 60.073 D_real: 0.013 D_fake: 0.512 \n"}
,{"stream_name":"stdout","time":9094.641952753,"data":"(epoch: 16, iters: 4960, time: 0.177, data: 0.003) G_GAN: 1.830 G_LPIPS: 51.682 D_real: 0.106 D_fake: 0.215 \n"}
,{"stream_name":"stdout","time":9094.641955018,"data":"(epoch: 16, iters: 4980, time: 0.177, data: 0.004) G_GAN: 2.830 G_LPIPS: 55.802 D_real: 0.075 D_fake: 0.139 \n"}
,{"stream_name":"stdout","time":9094.641957377,"data":"(epoch: 16, iters: 5000, time: 0.178, data: 0.003) G_GAN: 1.419 G_LPIPS: 53.867 D_real: 0.971 D_fake: 0.135 \n"}
,{"stream_name":"stdout","time":9094.641959639,"data":"(epoch: 16, iters: 5020, time: 0.176, data: 0.003) G_GAN: 2.551 G_LPIPS: 53.888 D_real: 0.470 D_fake: 0.062 \n"}
,{"stream_name":"stdout","time":9094.641961974,"data":"(epoch: 16, iters: 5040, time: 0.176, data: 0.004) G_GAN: 2.238 G_LPIPS: 54.923 D_real: 0.142 D_fake: 0.164 \n"}
,{"stream_name":"stdout","time":9094.641964256,"data":"(epoch: 16, iters: 5060, time: 0.176, data: 0.003) G_GAN: 2.068 G_LPIPS: 50.854 D_real: 0.032 D_fake: 0.625 \n"}
,{"stream_name":"stdout","time":9094.64196654,"data":"(epoch: 16, iters: 5080, time: 0.176, data: 0.003) G_GAN: 2.625 G_LPIPS: 55.948 D_real: 0.224 D_fake: 0.093 \n"}
,{"stream_name":"stdout","time":9094.641968896,"data":"(epoch: 16, iters: 5100, time: 0.176, data: 0.003) G_GAN: 2.257 G_LPIPS: 56.275 D_real: 0.129 D_fake: 0.158 \n"}
,{"stream_name":"stdout","time":9094.641971155,"data":"(epoch: 16, iters: 5120, time: 0.208, data: 0.003) G_GAN: 3.932 G_LPIPS: 59.455 D_real: 0.046 D_fake: 0.037 \n"}
,{"stream_name":"stdout","time":9094.641973446,"data":"(epoch: 16, iters: 5140, time: 0.176, data: 0.003) G_GAN: 3.066 G_LPIPS: 54.446 D_real: 0.067 D_fake: 0.661 \n"}
,{"stream_name":"stdout","time":9094.641978041,"data":"(epoch: 16, iters: 5160, time: 0.175, data: 0.003) G_GAN: 3.793 G_LPIPS: 54.817 D_real: 0.025 D_fake: 0.061 \n"}
,{"stream_name":"stdout","time":9094.641980368,"data":"(epoch: 16, iters: 5180, time: 0.227, data: 0.003) G_GAN: 3.459 G_LPIPS: 58.360 D_real: 0.025 D_fake: 0.510 \n"}
,{"stream_name":"stdout","time":9094.641982728,"data":"(epoch: 16, iters: 5200, time: 0.176, data: 0.003) G_GAN: 1.992 G_LPIPS: 56.528 D_real: 0.043 D_fake: 0.360 \n"}
,{"stream_name":"stdout","time":9094.641984988,"data":"(epoch: 16, iters: 5220, time: 0.177, data: 0.003) G_GAN: 2.087 G_LPIPS: 53.784 D_real: 0.345 D_fake: 0.152 \n"}
,{"stream_name":"stdout","time":9094.641987649,"data":"(epoch: 16, iters: 5240, time: 0.226, data: 0.004) G_GAN: 3.396 G_LPIPS: 57.608 D_real: 0.078 D_fake: 0.054 \n"}
,{"stream_name":"stdout","time":9094.641989999,"data":"(epoch: 16, iters: 5260, time: 0.178, data: 0.003) G_GAN: 2.412 G_LPIPS: 56.907 D_real: 0.255 D_fake: 0.183 \n"}
,{"stream_name":"stdout","time":9094.641992348,"data":"(epoch: 16, iters: 5280, time: 0.185, data: 0.003) G_GAN: 2.481 G_LPIPS: 54.157 D_real: 0.191 D_fake: 0.236 \n"}
,{"stream_name":"stdout","time":9094.641995351,"data":"(epoch: 16, iters: 5300, time: 0.226, data: 0.003) G_GAN: 2.460 G_LPIPS: 54.229 D_real: 0.120 D_fake: 0.347 \n"}
,{"stream_name":"stdout","time":9094.641997715,"data":"(epoch: 16, iters: 5320, time: 0.177, data: 0.003) G_GAN: 2.257 G_LPIPS: 55.964 D_real: 0.894 D_fake: 0.572 \n"}
,{"stream_name":"stdout","time":9094.641999989,"data":"(epoch: 16, iters: 5340, time: 0.176, data: 0.003) G_GAN: 1.573 G_LPIPS: 58.650 D_real: 0.276 D_fake: 0.247 \n"}
,{"stream_name":"stdout","time":9094.642004724,"data":"(epoch: 16, iters: 5360, time: 0.228, data: 0.003) G_GAN: 3.415 G_LPIPS: 58.029 D_real: 0.331 D_fake: 0.046 \n"}
,{"stream_name":"stdout","time":9094.642007158,"data":"(epoch: 16, iters: 5380, time: 0.177, data: 0.003) G_GAN: 3.613 G_LPIPS: 60.678 D_real: 0.021 D_fake: 0.057 \n"}
,{"stream_name":"stdout","time":9094.642009733,"data":"(epoch: 16, iters: 5400, time: 0.178, data: 0.004) G_GAN: 1.482 G_LPIPS: 55.101 D_real: 0.948 D_fake: 0.135 \n"}
,{"stream_name":"stdout","time":9094.642012027,"data":"(epoch: 16, iters: 5420, time: 0.232, data: 0.003) G_GAN: 2.653 G_LPIPS: 55.680 D_real: 0.278 D_fake: 0.098 \n"}
,{"stream_name":"stdout","time":9094.642014394,"data":"(epoch: 16, iters: 5440, time: 0.177, data: 0.003) G_GAN: 2.468 G_LPIPS: 57.741 D_real: 0.041 D_fake: 0.186 \n"}
,{"stream_name":"stdout","time":9094.642016668,"data":"(epoch: 16, iters: 5460, time: 0.197, data: 0.003) G_GAN: 1.915 G_LPIPS: 54.430 D_real: 0.162 D_fake: 0.347 \n"}
,{"stream_name":"stdout","time":9094.642018983,"data":"(epoch: 16, iters: 5480, time: 0.228, data: 0.003) G_GAN: 2.053 G_LPIPS: 57.702 D_real: 0.175 D_fake: 0.354 \n"}
,{"stream_name":"stdout","time":9094.642021333,"data":"(epoch: 16, iters: 5500, time: 0.176, data: 0.003) G_GAN: 3.005 G_LPIPS: 56.008 D_real: 0.121 D_fake: 0.079 \n"}
,{"stream_name":"stdout","time":9094.642023595,"data":"(epoch: 16, iters: 5520, time: 0.177, data: 0.003) G_GAN: 3.465 G_LPIPS: 54.224 D_real: 0.040 D_fake: 0.079 \n"}
,{"stream_name":"stdout","time":9094.642025923,"data":"(epoch: 16, iters: 5540, time: 0.228, data: 0.004) G_GAN: 3.056 G_LPIPS: 55.808 D_real: 0.180 D_fake: 0.085 \n"}
,{"stream_name":"stdout","time":9094.642028204,"data":"(epoch: 16, iters: 5560, time: 0.180, data: 0.003) G_GAN: 3.270 G_LPIPS: 53.719 D_real: 0.118 D_fake: 0.055 \n"}
,{"stream_name":"stdout","time":9094.642030537,"data":"(epoch: 16, iters: 5580, time: 0.130, data: 0.003) G_GAN: 2.746 G_LPIPS: 57.263 D_real: 0.152 D_fake: 0.088 \n"}
,{"stream_name":"stdout","time":9094.642032822,"data":"saving the model at the end of epoch 16, iters 78120\n"}
,{"stream_name":"stdout","time":9094.64203541,"data":"End of epoch 16 / 20 \t Time Taken: 776 sec\n"}
,{"stream_name":"stdout","time":9094.642037978,"data":"learning rate 0.0000364 -\u003e 0.0000273\n"}
,{"stream_name":"stdout","time":9309.834627768,"data":"(epoch: 17, iters: 20, time: 0.260, data: 0.282) G_GAN: 1.210 G_LPIPS: 56.172 D_real: 1.035 D_fake: 0.235 \n"}
,{"stream_name":"stdout","time":9309.834689767,"data":"(epoch: 17, iters: 40, time: 0.176, data: 0.004) G_GAN: 2.797 G_LPIPS: 57.151 D_real: 0.183 D_fake: 0.064 \n"}
,{"stream_name":"stdout","time":9309.834697553,"data":"(epoch: 17, iters: 60, time: 0.175, data: 0.003) G_GAN: 3.447 G_LPIPS: 62.538 D_real: 0.007 D_fake: 0.059 \n"}
,{"stream_name":"stdout","time":9309.834703272,"data":"(epoch: 17, iters: 80, time: 0.225, data: 0.003) G_GAN: 2.725 G_LPIPS: 58.016 D_real: 0.149 D_fake: 0.072 \n"}
,{"stream_name":"stdout","time":9309.834708043,"data":"(epoch: 17, iters: 100, time: 0.177, data: 0.003) G_GAN: 2.143 G_LPIPS: 55.525 D_real: 0.010 D_fake: 0.453 \n"}
,{"stream_name":"stdout","time":9309.834712526,"data":"(epoch: 17, iters: 120, time: 0.176, data: 0.003) G_GAN: 1.793 G_LPIPS: 56.318 D_real: 0.149 D_fake: 0.216 \n"}
,{"stream_name":"stdout","time":9309.834717051,"data":"(epoch: 17, iters: 140, time: 0.227, data: 0.003) G_GAN: 2.650 G_LPIPS: 55.007 D_real: 0.325 D_fake: 0.110 \n"}
,{"stream_name":"stdout","time":9309.834721597,"data":"(epoch: 17, iters: 160, time: 0.178, data: 0.003) G_GAN: 2.319 G_LPIPS: 53.164 D_real: 0.041 D_fake: 0.270 \n"}
,{"stream_name":"stdout","time":9309.834726138,"data":"(epoch: 17, iters: 180, time: 0.177, data: 0.003) G_GAN: 1.418 G_LPIPS: 51.927 D_real: 0.155 D_fake: 0.602 \n"}
,{"stream_name":"stdout","time":9309.834739592,"data":"(epoch: 17, iters: 200, time: 0.228, data: 0.003) G_GAN: 3.657 G_LPIPS: 60.288 D_real: 0.059 D_fake: 0.053 \n"}
,{"stream_name":"stdout","time":9309.834743318,"data":"(epoch: 17, iters: 220, time: 0.177, data: 0.003) G_GAN: 1.921 G_LPIPS: 56.260 D_real: 0.051 D_fake: 0.362 \n"}
,{"stream_name":"stdout","time":9309.834746962,"data":"(epoch: 17, iters: 240, time: 0.176, data: 0.003) G_GAN: 2.517 G_LPIPS: 50.946 D_real: 0.209 D_fake: 0.149 \n"}
,{"stream_name":"stdout","time":9309.834761715,"data":"(epoch: 17, iters: 260, time: 0.230, data: 0.003) G_GAN: 2.616 G_LPIPS: 52.305 D_real: 0.087 D_fake: 0.171 \n"}
,{"stream_name":"stdout","time":9309.834764418,"data":"(epoch: 17, iters: 280, time: 0.198, data: 0.003) G_GAN: 2.772 G_LPIPS: 55.533 D_real: 0.199 D_fake: 0.094 \n"}
,{"stream_name":"stdout","time":9309.834766717,"data":"(epoch: 17, iters: 300, time: 0.175, data: 0.003) G_GAN: 2.194 G_LPIPS: 58.711 D_real: 0.398 D_fake: 0.109 \n"}
,{"stream_name":"stdout","time":9309.834769952,"data":"(epoch: 17, iters: 320, time: 0.176, data: 0.003) G_GAN: 2.104 G_LPIPS: 55.800 D_real: 0.116 D_fake: 0.225 \n"}
,{"stream_name":"stdout","time":9309.834786207,"data":"(epoch: 17, iters: 340, time: 0.177, data: 0.003) G_GAN: 2.146 G_LPIPS: 56.613 D_real: 0.194 D_fake: 0.144 \n"}
,{"stream_name":"stdout","time":9309.834790528,"data":"(epoch: 17, iters: 360, time: 0.176, data: 0.003) G_GAN: 2.387 G_LPIPS: 52.695 D_real: 0.478 D_fake: 0.084 \n"}
,{"stream_name":"stdout","time":9309.834794818,"data":"(epoch: 17, iters: 380, time: 0.177, data: 0.004) G_GAN: 1.951 G_LPIPS: 53.984 D_real: 0.381 D_fake: 0.262 \n"}
,{"stream_name":"stdout","time":9309.834800821,"data":"(epoch: 17, iters: 400, time: 0.184, data: 0.003) G_GAN: 2.985 G_LPIPS: 58.901 D_real: 0.004 D_fake: 0.101 \n"}
,{"stream_name":"stdout","time":9309.834804548,"data":"(epoch: 17, iters: 420, time: 0.176, data: 0.003) G_GAN: 2.066 G_LPIPS: 57.712 D_real: 0.038 D_fake: 0.275 \n"}
,{"stream_name":"stdout","time":9309.834808106,"data":"(epoch: 17, iters: 440, time: 0.176, data: 0.003) G_GAN: 2.805 G_LPIPS: 57.376 D_real: 0.190 D_fake: 0.079 \n"}
,{"stream_name":"stdout","time":9309.8348116,"data":"(epoch: 17, iters: 460, time: 0.179, data: 0.003) G_GAN: 2.679 G_LPIPS: 56.770 D_real: 0.060 D_fake: 0.210 \n"}
,{"stream_name":"stdout","time":9309.834815107,"data":"(epoch: 17, iters: 480, time: 0.177, data: 0.003) G_GAN: 2.393 G_LPIPS: 59.247 D_real: 0.167 D_fake: 0.131 \n"}
,{"stream_name":"stdout","time":9309.834818638,"data":"(epoch: 17, iters: 500, time: 0.177, data: 0.004) G_GAN: 1.638 G_LPIPS: 54.450 D_real: 0.637 D_fake: 0.222 \n"}
,{"stream_name":"stdout","time":9309.834822211,"data":"(epoch: 17, iters: 520, time: 0.226, data: 0.003) G_GAN: 2.468 G_LPIPS: 58.055 D_real: 0.068 D_fake: 0.151 \n"}
,{"stream_name":"stdout","time":9309.834825801,"data":"(epoch: 17, iters: 540, time: 0.180, data: 0.003) G_GAN: 3.035 G_LPIPS: 59.472 D_real: 0.131 D_fake: 0.089 \n"}
,{"stream_name":"stdout","time":9309.834829335,"data":"(epoch: 17, iters: 560, time: 0.177, data: 0.003) G_GAN: 1.963 G_LPIPS: 57.180 D_real: 0.063 D_fake: 0.252 \n"}
,{"stream_name":"stdout","time":9309.834832803,"data":"(epoch: 17, iters: 580, time: 0.226, data: 0.003) G_GAN: 2.468 G_LPIPS: 56.315 D_real: 0.128 D_fake: 0.096 \n"}
,{"stream_name":"stdout","time":9309.834836281,"data":"(epoch: 17, iters: 600, time: 0.176, data: 0.003) G_GAN: 2.310 G_LPIPS: 52.333 D_real: 0.034 D_fake: 0.183 \n"}
,{"stream_name":"stdout","time":9309.83483971,"data":"(epoch: 17, iters: 620, time: 0.177, data: 0.003) G_GAN: 3.537 G_LPIPS: 57.860 D_real: 0.029 D_fake: 0.049 \n"}
,{"stream_name":"stdout","time":9309.834843225,"data":"(epoch: 17, iters: 640, time: 0.226, data: 0.003) G_GAN: 2.573 G_LPIPS: 60.588 D_real: 0.157 D_fake: 0.130 \n"}
,{"stream_name":"stdout","time":9309.834851092,"data":"(epoch: 17, iters: 660, time: 0.177, data: 0.003) G_GAN: 2.016 G_LPIPS: 55.921 D_real: 0.279 D_fake: 0.195 \n"}
,{"stream_name":"stdout","time":9309.834854816,"data":"(epoch: 17, iters: 680, time: 0.179, data: 0.003) G_GAN: 3.088 G_LPIPS: 53.146 D_real: 0.184 D_fake: 0.060 \n"}
,{"stream_name":"stdout","time":9309.834864037,"data":"(epoch: 17, iters: 700, time: 0.177, data: 0.003) G_GAN: 1.640 G_LPIPS: 54.159 D_real: 0.013 D_fake: 0.571 \n"}
,{"stream_name":"stdout","time":9309.834867093,"data":"(epoch: 17, iters: 720, time: 0.178, data: 0.003) G_GAN: 1.717 G_LPIPS: 51.125 D_real: 0.051 D_fake: 0.487 \n"}
,{"stream_name":"stdout","time":9309.834882155,"data":"(epoch: 17, iters: 740, time: 0.177, data: 0.003) G_GAN: 2.459 G_LPIPS: 56.117 D_real: 0.015 D_fake: 0.206 \n"}
,{"stream_name":"stdout","time":9309.834886911,"data":"(epoch: 17, iters: 760, time: 0.177, data: 0.003) G_GAN: 1.824 G_LPIPS: 58.566 D_real: 0.137 D_fake: 0.249 \n"}
,{"stream_name":"stdout","time":9309.834891132,"data":"(epoch: 17, iters: 780, time: 0.177, data: 0.003) G_GAN: 2.369 G_LPIPS: 51.844 D_real: 0.235 D_fake: 0.102 \n"}
,{"stream_name":"stdout","time":9309.83489529,"data":"(epoch: 17, iters: 800, time: 0.177, data: 0.003) G_GAN: 2.356 G_LPIPS: 52.159 D_real: 0.368 D_fake: 0.088 \n"}
,{"stream_name":"stdout","time":9309.834899282,"data":"(epoch: 17, iters: 820, time: 0.181, data: 0.003) G_GAN: 2.153 G_LPIPS: 58.232 D_real: 0.330 D_fake: 0.133 \n"}
,{"stream_name":"stdout","time":9309.834902833,"data":"(epoch: 17, iters: 840, time: 0.178, data: 0.003) G_GAN: 2.235 G_LPIPS: 56.216 D_real: 0.085 D_fake: 0.188 \n"}
,{"stream_name":"stdout","time":9309.834906326,"data":"(epoch: 17, iters: 860, time: 0.176, data: 0.003) G_GAN: 2.840 G_LPIPS: 59.172 D_real: 0.028 D_fake: 0.108 \n"}
,{"stream_name":"stdout","time":9309.834909782,"data":"(epoch: 17, iters: 880, time: 0.177, data: 0.003) G_GAN: 1.475 G_LPIPS: 57.208 D_real: 0.623 D_fake: 0.280 \n"}
,{"stream_name":"stdout","time":9309.834913272,"data":"(epoch: 17, iters: 900, time: 0.176, data: 0.003) G_GAN: 2.476 G_LPIPS: 55.269 D_real: 0.098 D_fake: 0.147 \n"}
,{"stream_name":"stdout","time":9309.83491677,"data":"(epoch: 17, iters: 920, time: 0.177, data: 0.003) G_GAN: 1.879 G_LPIPS: 50.917 D_real: 0.119 D_fake: 0.384 \n"}
,{"stream_name":"stdout","time":9309.834920252,"data":"(epoch: 17, iters: 940, time: 0.177, data: 0.003) G_GAN: 2.377 G_LPIPS: 53.105 D_real: 0.379 D_fake: 0.124 \n"}
,{"stream_name":"stdout","time":9309.83492377,"data":"(epoch: 17, iters: 960, time: 0.227, data: 0.003) G_GAN: 2.481 G_LPIPS: 54.978 D_real: 0.071 D_fake: 0.104 \n"}
,{"stream_name":"stdout","time":9309.834927236,"data":"(epoch: 17, iters: 980, time: 0.176, data: 0.003) G_GAN: 2.434 G_LPIPS: 58.462 D_real: 0.101 D_fake: 0.166 \n"}
,{"stream_name":"stdout","time":9309.834930745,"data":"(epoch: 17, iters: 1000, time: 0.177, data: 0.003) G_GAN: 2.044 G_LPIPS: 56.862 D_real: 0.175 D_fake: 0.161 \n"}
,{"stream_name":"stdout","time":9309.834934258,"data":"(epoch: 17, iters: 1020, time: 0.228, data: 0.003) G_GAN: 1.427 G_LPIPS: 54.100 D_real: 0.623 D_fake: 0.188 \n"}
,{"stream_name":"stdout","time":9309.83493781,"data":"(epoch: 17, iters: 1040, time: 0.177, data: 0.003) G_GAN: 3.274 G_LPIPS: 58.462 D_real: 0.050 D_fake: 0.085 \n"}
,{"stream_name":"stdout","time":9309.834941236,"data":"(epoch: 17, iters: 1060, time: 0.178, data: 0.003) G_GAN: 2.224 G_LPIPS: 53.529 D_real: 0.056 D_fake: 0.133 \n"}
,{"stream_name":"stdout","time":9309.834944736,"data":"(epoch: 17, iters: 1080, time: 0.177, data: 0.003) G_GAN: 2.373 G_LPIPS: 53.803 D_real: 0.239 D_fake: 0.115 \n"}
,{"stream_name":"stdout","time":9309.834948203,"data":"(epoch: 17, iters: 1100, time: 0.177, data: 0.003) G_GAN: 3.208 G_LPIPS: 55.383 D_real: 0.790 D_fake: 0.044 \n"}
,{"stream_name":"stdout","time":9309.834960112,"data":"(epoch: 17, iters: 1120, time: 0.178, data: 0.003) G_GAN: 1.589 G_LPIPS: 54.024 D_real: 0.086 D_fake: 0.405 \n"}
,{"stream_name":"stdout","time":9309.834964245,"data":"(epoch: 17, iters: 1140, time: 0.180, data: 0.003) G_GAN: 1.946 G_LPIPS: 55.376 D_real: 0.034 D_fake: 0.184 \n"}
,{"stream_name":"stdout","time":9309.834978865,"data":"(epoch: 17, iters: 1160, time: 0.180, data: 0.003) G_GAN: 2.870 G_LPIPS: 54.085 D_real: 0.052 D_fake: 0.161 \n"}
,{"stream_name":"stdout","time":9309.834983073,"data":"(epoch: 17, iters: 1180, time: 0.177, data: 0.003) G_GAN: 2.412 G_LPIPS: 56.850 D_real: 0.316 D_fake: 0.120 \n"}
,{"stream_name":"stdout","time":9309.834987183,"data":"(epoch: 17, iters: 1200, time: 0.178, data: 0.003) G_GAN: 1.987 G_LPIPS: 51.380 D_real: 0.284 D_fake: 0.172 \n"}
,{"stream_name":"stdout","time":9309.834991335,"data":"(epoch: 17, iters: 1220, time: 0.178, data: 0.003) G_GAN: 2.516 G_LPIPS: 58.386 D_real: 0.130 D_fake: 0.134 \n"}
,{"stream_name":"stdout","time":9309.83499522,"data":"(epoch: 17, iters: 1240, time: 0.176, data: 0.003) G_GAN: 2.650 G_LPIPS: 54.863 D_real: 0.165 D_fake: 0.214 \n"}
,{"stream_name":"stdout","time":9309.834998745,"data":"(epoch: 17, iters: 1260, time: 0.176, data: 0.003) G_GAN: 2.521 G_LPIPS: 52.623 D_real: 0.319 D_fake: 0.059 \n"}
,{"stream_name":"stdout","time":9309.835002238,"data":"(epoch: 17, iters: 1280, time: 0.177, data: 0.003) G_GAN: 2.518 G_LPIPS: 56.865 D_real: 0.180 D_fake: 0.137 \n"}
,{"stream_name":"stdout","time":9309.835005758,"data":"(epoch: 17, iters: 1300, time: 0.178, data: 0.003) G_GAN: 2.463 G_LPIPS: 58.259 D_real: 0.043 D_fake: 0.314 \n"}
,{"stream_name":"stdout","time":9309.835009308,"data":"(epoch: 17, iters: 1320, time: 0.184, data: 0.003) G_GAN: 2.486 G_LPIPS: 57.192 D_real: 0.057 D_fake: 0.162 \n"}
,{"stream_name":"stdout","time":9309.835012836,"data":"(epoch: 17, iters: 1340, time: 0.226, data: 0.003) G_GAN: 2.212 G_LPIPS: 55.118 D_real: 0.192 D_fake: 0.159 \n"}
,{"stream_name":"stdout","time":9309.835016338,"data":"(epoch: 17, iters: 1360, time: 0.177, data: 0.003) G_GAN: 1.517 G_LPIPS: 56.411 D_real: 0.285 D_fake: 0.195 \n"}
,{"stream_name":"stdout","time":9309.835019886,"data":"(epoch: 17, iters: 1380, time: 0.177, data: 0.003) G_GAN: 3.421 G_LPIPS: 61.208 D_real: 0.063 D_fake: 0.049 \n"}
,{"stream_name":"stdout","time":9309.835023344,"data":"(epoch: 17, iters: 1400, time: 0.229, data: 0.003) G_GAN: 2.408 G_LPIPS: 57.104 D_real: 0.040 D_fake: 0.150 \n"}
,{"stream_name":"stdout","time":9309.835026831,"data":"(epoch: 17, iters: 1420, time: 0.178, data: 0.004) G_GAN: 2.129 G_LPIPS: 57.701 D_real: 0.043 D_fake: 0.166 \n"}
,{"stream_name":"stdout","time":9309.835030407,"data":"(epoch: 17, iters: 1440, time: 0.177, data: 0.003) G_GAN: 2.564 G_LPIPS: 56.885 D_real: 0.105 D_fake: 0.141 \n"}
,{"stream_name":"stdout","time":9309.835033897,"data":"(epoch: 17, iters: 1460, time: 0.238, data: 0.003) G_GAN: 1.656 G_LPIPS: 55.608 D_real: 0.076 D_fake: 0.600 \n"}
,{"stream_name":"stdout","time":9309.835037381,"data":"(epoch: 17, iters: 1480, time: 0.179, data: 0.003) G_GAN: 2.341 G_LPIPS: 58.051 D_real: 0.025 D_fake: 0.262 \n"}
,{"stream_name":"stdout","time":9309.835040933,"data":"(epoch: 17, iters: 1500, time: 0.179, data: 0.003) G_GAN: 2.434 G_LPIPS: 51.461 D_real: 0.199 D_fake: 0.106 \n"}
,{"stream_name":"stdout","time":9524.601131654,"data":"(epoch: 17, iters: 1520, time: 0.178, data: 0.003) G_GAN: 2.166 G_LPIPS: 55.092 D_real: 0.065 D_fake: 0.654 \n"}
,{"stream_name":"stdout","time":9524.601176716,"data":"(epoch: 17, iters: 1540, time: 0.178, data: 0.003) G_GAN: 1.933 G_LPIPS: 56.828 D_real: 0.019 D_fake: 0.263 \n"}
,{"stream_name":"stdout","time":9524.601181357,"data":"(epoch: 17, iters: 1560, time: 0.178, data: 0.003) G_GAN: 1.765 G_LPIPS: 54.813 D_real: 0.275 D_fake: 0.225 \n"}
,{"stream_name":"stdout","time":9524.601194941,"data":"(epoch: 17, iters: 1580, time: 0.179, data: 0.003) G_GAN: 2.656 G_LPIPS: 54.078 D_real: 0.178 D_fake: 0.091 \n"}
,{"stream_name":"stdout","time":9524.60119759,"data":"(epoch: 17, iters: 1600, time: 0.180, data: 0.003) G_GAN: 2.392 G_LPIPS: 54.020 D_real: 0.168 D_fake: 0.143 \n"}
,{"stream_name":"stdout","time":9524.601200074,"data":"(epoch: 17, iters: 1620, time: 0.178, data: 0.003) G_GAN: 2.496 G_LPIPS: 57.204 D_real: 0.033 D_fake: 0.207 \n"}
,{"stream_name":"stdout","time":9524.601202564,"data":"(epoch: 17, iters: 1640, time: 0.178, data: 0.003) G_GAN: 2.567 G_LPIPS: 54.787 D_real: 0.099 D_fake: 0.097 \n"}
,{"stream_name":"stdout","time":9524.601204947,"data":"(epoch: 17, iters: 1660, time: 0.179, data: 0.003) G_GAN: 2.560 G_LPIPS: 59.032 D_real: 0.102 D_fake: 0.142 \n"}
,{"stream_name":"stdout","time":9524.601207247,"data":"(epoch: 17, iters: 1680, time: 0.181, data: 0.003) G_GAN: 2.803 G_LPIPS: 52.852 D_real: 0.128 D_fake: 0.085 \n"}
,{"stream_name":"stdout","time":9524.601209697,"data":"(epoch: 17, iters: 1700, time: 0.177, data: 0.003) G_GAN: 1.397 G_LPIPS: 50.462 D_real: 0.108 D_fake: 0.871 \n"}
,{"stream_name":"stdout","time":9524.60121198,"data":"(epoch: 17, iters: 1720, time: 0.178, data: 0.003) G_GAN: 2.882 G_LPIPS: 54.571 D_real: 0.286 D_fake: 0.052 \n"}
,{"stream_name":"stdout","time":9524.601214322,"data":"(epoch: 17, iters: 1740, time: 0.181, data: 0.003) G_GAN: 2.334 G_LPIPS: 51.398 D_real: 0.575 D_fake: 0.086 \n"}
,{"stream_name":"stdout","time":9524.601216576,"data":"(epoch: 17, iters: 1760, time: 0.181, data: 0.003) G_GAN: 2.152 G_LPIPS: 58.075 D_real: 0.010 D_fake: 0.373 \n"}
,{"stream_name":"stdout","time":9524.601218919,"data":"(epoch: 17, iters: 1780, time: 0.228, data: 0.003) G_GAN: 2.565 G_LPIPS: 54.319 D_real: 0.038 D_fake: 0.103 \n"}
,{"stream_name":"stdout","time":9524.601221221,"data":"(epoch: 17, iters: 1800, time: 0.179, data: 0.004) G_GAN: 2.756 G_LPIPS: 52.338 D_real: 0.234 D_fake: 0.078 \n"}
,{"stream_name":"stdout","time":9524.601223488,"data":"(epoch: 17, iters: 1820, time: 0.178, data: 0.003) G_GAN: 1.282 G_LPIPS: 53.702 D_real: 0.638 D_fake: 0.193 \n"}
,{"stream_name":"stdout","time":9524.601225803,"data":"(epoch: 17, iters: 1840, time: 0.229, data: 0.003) G_GAN: 3.226 G_LPIPS: 57.235 D_real: 0.205 D_fake: 0.042 \n"}
,{"stream_name":"stdout","time":9524.601228077,"data":"(epoch: 17, iters: 1860, time: 0.179, data: 0.003) G_GAN: 2.081 G_LPIPS: 55.014 D_real: 1.987 D_fake: 0.014 \n"}
,{"stream_name":"stdout","time":9524.601230344,"data":"(epoch: 17, iters: 1880, time: 0.204, data: 0.004) G_GAN: 2.371 G_LPIPS: 53.697 D_real: 0.171 D_fake: 0.285 \n"}
,{"stream_name":"stdout","time":9524.601232634,"data":"saving the latest model (epoch 17, total_iters 80000)\n"}
,{"stream_name":"stdout","time":9524.60123639,"data":"(epoch: 17, iters: 1900, time: 0.180, data: 0.003) G_GAN: 3.519 G_LPIPS: 46.984 D_real: 0.226 D_fake: 0.502 \n"}
,{"stream_name":"stdout","time":9524.601238737,"data":"(epoch: 17, iters: 1920, time: 0.179, data: 0.003) G_GAN: 3.329 G_LPIPS: 57.163 D_real: 0.031 D_fake: 0.100 \n"}
,{"stream_name":"stdout","time":9524.601241031,"data":"(epoch: 17, iters: 1940, time: 0.179, data: 0.003) G_GAN: 2.407 G_LPIPS: 57.985 D_real: 0.066 D_fake: 0.164 \n"}
,{"stream_name":"stdout","time":9524.601243279,"data":"(epoch: 17, iters: 1960, time: 0.178, data: 0.003) G_GAN: 1.822 G_LPIPS: 54.717 D_real: 0.368 D_fake: 0.167 \n"}
,{"stream_name":"stdout","time":9524.601245537,"data":"(epoch: 17, iters: 1980, time: 0.179, data: 0.003) G_GAN: 1.143 G_LPIPS: 47.989 D_real: 0.429 D_fake: 0.440 \n"}
,{"stream_name":"stdout","time":9524.601247794,"data":"(epoch: 17, iters: 2000, time: 0.178, data: 0.003) G_GAN: 1.293 G_LPIPS: 54.645 D_real: 0.179 D_fake: 0.495 \n"}
,{"stream_name":"stdout","time":9524.601252565,"data":"(epoch: 17, iters: 2020, time: 0.179, data: 0.003) G_GAN: 2.808 G_LPIPS: 56.345 D_real: 0.013 D_fake: 0.126 \n"}
,{"stream_name":"stdout","time":9524.601255087,"data":"(epoch: 17, iters: 2040, time: 0.178, data: 0.003) G_GAN: 1.589 G_LPIPS: 53.088 D_real: 0.770 D_fake: 0.067 \n"}
,{"stream_name":"stdout","time":9524.601257362,"data":"(epoch: 17, iters: 2060, time: 0.179, data: 0.004) G_GAN: 2.403 G_LPIPS: 57.028 D_real: 0.263 D_fake: 0.086 \n"}
,{"stream_name":"stdout","time":9524.601259641,"data":"(epoch: 17, iters: 2080, time: 0.178, data: 0.003) G_GAN: 1.908 G_LPIPS: 53.710 D_real: 0.687 D_fake: 0.116 \n"}
,{"stream_name":"stdout","time":9524.601262036,"data":"(epoch: 17, iters: 2100, time: 0.229, data: 0.003) G_GAN: 2.235 G_LPIPS: 53.028 D_real: 0.115 D_fake: 0.245 \n"}
,{"stream_name":"stdout","time":9524.601264311,"data":"(epoch: 17, iters: 2120, time: 0.178, data: 0.003) G_GAN: 2.121 G_LPIPS: 52.478 D_real: 0.205 D_fake: 0.214 \n"}
,{"stream_name":"stdout","time":9524.601266587,"data":"(epoch: 17, iters: 2140, time: 0.178, data: 0.003) G_GAN: 2.485 G_LPIPS: 55.456 D_real: 0.096 D_fake: 0.152 \n"}
,{"stream_name":"stdout","time":9524.60126886,"data":"(epoch: 17, iters: 2160, time: 0.229, data: 0.003) G_GAN: 1.445 G_LPIPS: 51.347 D_real: 0.243 D_fake: 0.321 \n"}
,{"stream_name":"stdout","time":9524.60127114,"data":"(epoch: 17, iters: 2180, time: 0.177, data: 0.003) G_GAN: 2.556 G_LPIPS: 50.617 D_real: 0.101 D_fake: 0.120 \n"}
,{"stream_name":"stdout","time":9524.601273422,"data":"(epoch: 17, iters: 2200, time: 0.179, data: 0.003) G_GAN: 2.287 G_LPIPS: 58.545 D_real: 0.004 D_fake: 0.303 \n"}
,{"stream_name":"stdout","time":9524.601275694,"data":"(epoch: 17, iters: 2220, time: 0.228, data: 0.003) G_GAN: 1.804 G_LPIPS: 60.825 D_real: 0.016 D_fake: 0.335 \n"}
,{"stream_name":"stdout","time":9524.601277961,"data":"(epoch: 17, iters: 2240, time: 0.179, data: 0.003) G_GAN: 2.059 G_LPIPS: 55.471 D_real: 0.029 D_fake: 0.168 \n"}
,{"stream_name":"stdout","time":9524.601280263,"data":"(epoch: 17, iters: 2260, time: 0.177, data: 0.003) G_GAN: 2.697 G_LPIPS: 52.859 D_real: 0.211 D_fake: 0.096 \n"}
,{"stream_name":"stdout","time":9524.60128282,"data":"(epoch: 17, iters: 2280, time: 0.180, data: 0.003) G_GAN: 2.789 G_LPIPS: 52.611 D_real: 0.174 D_fake: 0.086 \n"}
,{"stream_name":"stdout","time":9524.601285163,"data":"(epoch: 17, iters: 2300, time: 0.179, data: 0.003) G_GAN: 3.044 G_LPIPS: 53.350 D_real: 0.028 D_fake: 0.073 \n"}
,{"stream_name":"stdout","time":9524.601287452,"data":"(epoch: 17, iters: 2320, time: 0.180, data: 0.003) G_GAN: 3.823 G_LPIPS: 54.896 D_real: 0.031 D_fake: 0.038 \n"}
,{"stream_name":"stdout","time":9524.601289739,"data":"(epoch: 17, iters: 2340, time: 0.179, data: 0.003) G_GAN: 3.613 G_LPIPS: 54.559 D_real: 0.022 D_fake: 0.049 \n"}
,{"stream_name":"stdout","time":9524.601292417,"data":"(epoch: 17, iters: 2360, time: 0.178, data: 0.003) G_GAN: 2.367 G_LPIPS: 57.094 D_real: 0.063 D_fake: 0.171 \n"}
,{"stream_name":"stdout","time":9524.60129482,"data":"(epoch: 17, iters: 2380, time: 0.178, data: 0.003) G_GAN: 2.547 G_LPIPS: 56.291 D_real: 0.026 D_fake: 0.236 \n"}
,{"stream_name":"stdout","time":9524.601297086,"data":"(epoch: 17, iters: 2400, time: 0.178, data: 0.003) G_GAN: 2.238 G_LPIPS: 54.993 D_real: 0.140 D_fake: 0.104 \n"}
,{"stream_name":"stdout","time":9524.601299451,"data":"(epoch: 17, iters: 2420, time: 0.177, data: 0.003) G_GAN: 1.292 G_LPIPS: 56.699 D_real: 1.121 D_fake: 0.178 \n"}
,{"stream_name":"stdout","time":9524.601301716,"data":"(epoch: 17, iters: 2440, time: 0.178, data: 0.003) G_GAN: 1.540 G_LPIPS: 54.130 D_real: 0.680 D_fake: 0.113 \n"}
,{"stream_name":"stdout","time":9524.601304061,"data":"(epoch: 17, iters: 2460, time: 0.184, data: 0.003) G_GAN: 2.550 G_LPIPS: 55.410 D_real: 0.955 D_fake: 0.040 \n"}
,{"stream_name":"stdout","time":9524.601308762,"data":"(epoch: 17, iters: 2480, time: 0.227, data: 0.003) G_GAN: 1.989 G_LPIPS: 51.376 D_real: 0.818 D_fake: 0.078 \n"}
,{"stream_name":"stdout","time":9524.601311161,"data":"(epoch: 17, iters: 2500, time: 0.180, data: 0.003) G_GAN: 2.291 G_LPIPS: 54.171 D_real: 0.140 D_fake: 0.282 \n"}
,{"stream_name":"stdout","time":9524.601313443,"data":"(epoch: 17, iters: 2520, time: 0.178, data: 0.003) G_GAN: 2.136 G_LPIPS: 54.524 D_real: 0.023 D_fake: 0.624 \n"}
,{"stream_name":"stdout","time":9524.601315791,"data":"(epoch: 17, iters: 2540, time: 0.229, data: 0.004) G_GAN: 3.279 G_LPIPS: 55.033 D_real: 0.043 D_fake: 0.072 \n"}
,{"stream_name":"stdout","time":9524.601318051,"data":"(epoch: 17, iters: 2560, time: 0.179, data: 0.003) G_GAN: 2.212 G_LPIPS: 52.480 D_real: 0.005 D_fake: 0.392 \n"}
,{"stream_name":"stdout","time":9524.601320361,"data":"(epoch: 17, iters: 2580, time: 0.179, data: 0.003) G_GAN: 3.305 G_LPIPS: 60.687 D_real: 0.028 D_fake: 0.067 \n"}
,{"stream_name":"stdout","time":9524.601322643,"data":"(epoch: 17, iters: 2600, time: 0.179, data: 0.004) G_GAN: 3.530 G_LPIPS: 61.090 D_real: 0.123 D_fake: 0.046 \n"}
,{"stream_name":"stdout","time":9524.601324979,"data":"(epoch: 17, iters: 2620, time: 0.179, data: 0.003) G_GAN: 2.461 G_LPIPS: 61.116 D_real: 0.007 D_fake: 0.255 \n"}
,{"stream_name":"stdout","time":9524.601327549,"data":"(epoch: 17, iters: 2640, time: 0.181, data: 0.003) G_GAN: 2.037 G_LPIPS: 55.429 D_real: 0.289 D_fake: 0.208 \n"}
,{"stream_name":"stdout","time":9524.601329845,"data":"(epoch: 17, iters: 2660, time: 0.180, data: 0.003) G_GAN: 1.897 G_LPIPS: 56.055 D_real: 0.070 D_fake: 0.389 \n"}
,{"stream_name":"stdout","time":9524.601332116,"data":"(epoch: 17, iters: 2680, time: 0.179, data: 0.003) G_GAN: 2.566 G_LPIPS: 59.232 D_real: 0.022 D_fake: 0.124 \n"}
,{"stream_name":"stdout","time":9524.601334464,"data":"(epoch: 17, iters: 2700, time: 0.178, data: 0.003) G_GAN: 2.375 G_LPIPS: 57.999 D_real: 0.081 D_fake: 0.117 \n"}
,{"stream_name":"stdout","time":9524.601336723,"data":"(epoch: 17, iters: 2720, time: 0.177, data: 0.003) G_GAN: 2.271 G_LPIPS: 50.644 D_real: 0.321 D_fake: 0.157 \n"}
,{"stream_name":"stdout","time":9524.601339013,"data":"(epoch: 17, iters: 2740, time: 0.179, data: 0.003) G_GAN: 2.886 G_LPIPS: 49.261 D_real: 0.306 D_fake: 0.058 \n"}
,{"stream_name":"stdout","time":9524.601341272,"data":"(epoch: 17, iters: 2760, time: 0.180, data: 0.003) G_GAN: 2.136 G_LPIPS: 49.102 D_real: 0.793 D_fake: 0.081 \n"}
,{"stream_name":"stdout","time":9524.601343535,"data":"(epoch: 17, iters: 2780, time: 0.180, data: 0.003) G_GAN: 3.007 G_LPIPS: 55.053 D_real: 0.076 D_fake: 0.089 \n"}
,{"stream_name":"stdout","time":9524.601345803,"data":"(epoch: 17, iters: 2800, time: 0.229, data: 0.003) G_GAN: 1.338 G_LPIPS: 54.271 D_real: 0.290 D_fake: 0.318 \n"}
,{"stream_name":"stdout","time":9524.601348154,"data":"(epoch: 17, iters: 2820, time: 0.179, data: 0.003) G_GAN: 2.279 G_LPIPS: 57.507 D_real: 0.119 D_fake: 0.308 \n"}
,{"stream_name":"stdout","time":9524.601350485,"data":"(epoch: 17, iters: 2840, time: 0.178, data: 0.004) G_GAN: 2.734 G_LPIPS: 53.797 D_real: 0.034 D_fake: 0.097 \n"}
,{"stream_name":"stdout","time":9524.601352744,"data":"(epoch: 17, iters: 2860, time: 0.232, data: 0.003) G_GAN: 3.463 G_LPIPS: 54.502 D_real: 0.121 D_fake: 0.036 \n"}
,{"stream_name":"stdout","time":9524.601355,"data":"(epoch: 17, iters: 2880, time: 0.178, data: 0.003) G_GAN: 2.971 G_LPIPS: 54.229 D_real: 0.141 D_fake: 0.071 \n"}
,{"stream_name":"stdout","time":9524.601357386,"data":"(epoch: 17, iters: 2900, time: 0.179, data: 0.003) G_GAN: 1.973 G_LPIPS: 53.544 D_real: 0.414 D_fake: 0.240 \n"}
,{"stream_name":"stdout","time":9524.601359651,"data":"(epoch: 17, iters: 2920, time: 0.178, data: 0.003) G_GAN: 2.351 G_LPIPS: 58.164 D_real: 0.151 D_fake: 0.141 \n"}
,{"stream_name":"stdout","time":9524.601363897,"data":"(epoch: 17, iters: 2940, time: 0.179, data: 0.003) G_GAN: 2.118 G_LPIPS: 54.693 D_real: 0.562 D_fake: 0.148 \n"}
,{"stream_name":"stdout","time":9524.601366296,"data":"(epoch: 17, iters: 2960, time: 0.184, data: 0.003) G_GAN: 2.306 G_LPIPS: 51.595 D_real: 0.188 D_fake: 0.187 \n"}
,{"stream_name":"stdout","time":9524.601368572,"data":"(epoch: 17, iters: 2980, time: 0.179, data: 0.003) G_GAN: 1.678 G_LPIPS: 51.536 D_real: 0.194 D_fake: 0.245 \n"}
,{"stream_name":"stdout","time":9524.601370861,"data":"(epoch: 17, iters: 3000, time: 0.228, data: 0.003) G_GAN: 2.770 G_LPIPS: 57.305 D_real: 0.099 D_fake: 0.165 \n"}
,{"stream_name":"stdout","time":9743.321799887,"data":"(epoch: 17, iters: 3020, time: 0.181, data: 0.003) G_GAN: 1.740 G_LPIPS: 58.043 D_real: 0.373 D_fake: 0.276 \n"}
,{"stream_name":"stdout","time":9743.321841757,"data":"(epoch: 17, iters: 3040, time: 0.180, data: 0.003) G_GAN: 2.864 G_LPIPS: 55.290 D_real: 0.150 D_fake: 0.137 \n"}
,{"stream_name":"stdout","time":9743.321847294,"data":"(epoch: 17, iters: 3060, time: 0.180, data: 0.003) G_GAN: 2.141 G_LPIPS: 55.333 D_real: 0.283 D_fake: 0.126 \n"}
,{"stream_name":"stdout","time":9743.321852429,"data":"(epoch: 17, iters: 3080, time: 0.179, data: 0.003) G_GAN: 3.033 G_LPIPS: 56.076 D_real: 0.351 D_fake: 0.041 \n"}
,{"stream_name":"stdout","time":9743.321856888,"data":"(epoch: 17, iters: 3100, time: 0.178, data: 0.003) G_GAN: 2.765 G_LPIPS: 55.582 D_real: 0.013 D_fake: 0.123 \n"}
,{"stream_name":"stdout","time":9743.321861534,"data":"(epoch: 17, iters: 3120, time: 0.178, data: 0.003) G_GAN: 2.649 G_LPIPS: 55.079 D_real: 0.012 D_fake: 0.491 \n"}
,{"stream_name":"stdout","time":9743.321865783,"data":"(epoch: 17, iters: 3140, time: 0.177, data: 0.003) G_GAN: 1.644 G_LPIPS: 53.711 D_real: 0.404 D_fake: 0.250 \n"}
,{"stream_name":"stdout","time":9743.321870259,"data":"(epoch: 17, iters: 3160, time: 0.179, data: 0.003) G_GAN: 2.356 G_LPIPS: 55.774 D_real: 0.059 D_fake: 0.277 \n"}
,{"stream_name":"stdout","time":9743.321874789,"data":"(epoch: 17, iters: 3180, time: 0.178, data: 0.003) G_GAN: 2.263 G_LPIPS: 55.142 D_real: 0.257 D_fake: 0.131 \n"}
,{"stream_name":"stdout","time":9743.321879306,"data":"(epoch: 17, iters: 3200, time: 0.228, data: 0.003) G_GAN: 3.669 G_LPIPS: 59.036 D_real: 0.086 D_fake: 0.043 \n"}
,{"stream_name":"stdout","time":9743.321883752,"data":"(epoch: 17, iters: 3220, time: 0.179, data: 0.004) G_GAN: 2.532 G_LPIPS: 56.386 D_real: 0.020 D_fake: 0.158 \n"}
,{"stream_name":"stdout","time":9743.321888104,"data":"(epoch: 17, iters: 3240, time: 0.179, data: 0.003) G_GAN: 2.091 G_LPIPS: 58.301 D_real: 0.180 D_fake: 0.197 \n"}
,{"stream_name":"stdout","time":9743.321892444,"data":"(epoch: 17, iters: 3260, time: 0.178, data: 0.003) G_GAN: 2.367 G_LPIPS: 59.411 D_real: 0.149 D_fake: 0.655 \n"}
,{"stream_name":"stdout","time":9743.32189691,"data":"(epoch: 17, iters: 3280, time: 0.179, data: 0.003) G_GAN: 2.443 G_LPIPS: 54.676 D_real: 0.060 D_fake: 0.208 \n"}
,{"stream_name":"stdout","time":9743.321901277,"data":"(epoch: 17, iters: 3300, time: 0.180, data: 0.003) G_GAN: 1.751 G_LPIPS: 54.196 D_real: 0.440 D_fake: 0.166 \n"}
,{"stream_name":"stdout","time":9743.32190599,"data":"(epoch: 17, iters: 3320, time: 0.179, data: 0.003) G_GAN: 3.035 G_LPIPS: 58.004 D_real: 0.581 D_fake: 0.028 \n"}
,{"stream_name":"stdout","time":9743.321910474,"data":"(epoch: 17, iters: 3340, time: 0.231, data: 0.003) G_GAN: 2.189 G_LPIPS: 58.115 D_real: 0.002 D_fake: 0.805 \n"}
,{"stream_name":"stdout","time":9743.321924716,"data":"(epoch: 17, iters: 3360, time: 0.179, data: 0.003) G_GAN: 2.167 G_LPIPS: 52.853 D_real: 0.221 D_fake: 0.331 \n"}
,{"stream_name":"stdout","time":9743.321929606,"data":"(epoch: 17, iters: 3380, time: 0.180, data: 0.003) G_GAN: 2.257 G_LPIPS: 51.896 D_real: 0.047 D_fake: 0.259 \n"}
,{"stream_name":"stdout","time":9743.321948649,"data":"(epoch: 17, iters: 3400, time: 0.229, data: 0.003) G_GAN: 2.000 G_LPIPS: 58.462 D_real: 0.173 D_fake: 0.226 \n"}
,{"stream_name":"stdout","time":9743.321953416,"data":"(epoch: 17, iters: 3420, time: 0.179, data: 0.003) G_GAN: 2.208 G_LPIPS: 51.788 D_real: 0.357 D_fake: 0.098 \n"}
,{"stream_name":"stdout","time":9743.321957091,"data":"(epoch: 17, iters: 3440, time: 0.179, data: 0.003) G_GAN: 2.693 G_LPIPS: 56.565 D_real: 0.037 D_fake: 0.134 \n"}
,{"stream_name":"stdout","time":9743.321961368,"data":"(epoch: 17, iters: 3460, time: 0.179, data: 0.003) G_GAN: 1.851 G_LPIPS: 55.889 D_real: 0.078 D_fake: 0.298 \n"}
,{"stream_name":"stdout","time":9743.321964791,"data":"(epoch: 17, iters: 3480, time: 0.178, data: 0.004) G_GAN: 2.818 G_LPIPS: 55.343 D_real: 0.396 D_fake: 0.055 \n"}
,{"stream_name":"stdout","time":9743.321968041,"data":"(epoch: 17, iters: 3500, time: 0.180, data: 0.003) G_GAN: 1.425 G_LPIPS: 52.885 D_real: 0.257 D_fake: 0.362 \n"}
,{"stream_name":"stdout","time":9743.321971472,"data":"(epoch: 17, iters: 3520, time: 0.189, data: 0.003) G_GAN: 2.341 G_LPIPS: 57.059 D_real: 0.286 D_fake: 0.115 \n"}
,{"stream_name":"stdout","time":9743.321975192,"data":"(epoch: 17, iters: 3540, time: 0.229, data: 0.003) G_GAN: 2.660 G_LPIPS: 59.398 D_real: 0.002 D_fake: 0.596 \n"}
,{"stream_name":"stdout","time":9743.321978877,"data":"(epoch: 17, iters: 3560, time: 0.179, data: 0.003) G_GAN: 1.801 G_LPIPS: 56.127 D_real: 0.388 D_fake: 0.165 \n"}
,{"stream_name":"stdout","time":9743.321982944,"data":"(epoch: 17, iters: 3580, time: 0.179, data: 0.003) G_GAN: 3.308 G_LPIPS: 60.486 D_real: 0.034 D_fake: 0.059 \n"}
,{"stream_name":"stdout","time":9743.321986842,"data":"(epoch: 17, iters: 3600, time: 0.179, data: 0.003) G_GAN: 4.037 G_LPIPS: 54.047 D_real: 0.251 D_fake: 0.026 \n"}
,{"stream_name":"stdout","time":9743.321990239,"data":"(epoch: 17, iters: 3620, time: 0.179, data: 0.003) G_GAN: 2.156 G_LPIPS: 59.282 D_real: 0.408 D_fake: 0.215 \n"}
,{"stream_name":"stdout","time":9743.32199373,"data":"(epoch: 17, iters: 3640, time: 0.179, data: 0.003) G_GAN: 2.424 G_LPIPS: 57.279 D_real: 0.284 D_fake: 0.169 \n"}
,{"stream_name":"stdout","time":9743.321998556,"data":"(epoch: 17, iters: 3660, time: 0.182, data: 0.003) G_GAN: 1.774 G_LPIPS: 63.533 D_real: 0.001 D_fake: 0.501 \n"}
,{"stream_name":"stdout","time":9743.322006419,"data":"(epoch: 17, iters: 3680, time: 0.229, data: 0.003) G_GAN: 3.353 G_LPIPS: 54.547 D_real: 0.125 D_fake: 0.033 \n"}
,{"stream_name":"stdout","time":9743.322009377,"data":"(epoch: 17, iters: 3700, time: 0.180, data: 0.003) G_GAN: 2.338 G_LPIPS: 53.130 D_real: 0.079 D_fake: 0.177 \n"}
,{"stream_name":"stdout","time":9743.322011669,"data":"(epoch: 17, iters: 3720, time: 0.179, data: 0.003) G_GAN: 2.473 G_LPIPS: 57.210 D_real: 0.046 D_fake: 0.228 \n"}
,{"stream_name":"stdout","time":9743.322014031,"data":"(epoch: 17, iters: 3740, time: 0.179, data: 0.003) G_GAN: 2.852 G_LPIPS: 54.002 D_real: 0.024 D_fake: 0.730 \n"}
,{"stream_name":"stdout","time":9743.322016297,"data":"(epoch: 17, iters: 3760, time: 0.180, data: 0.003) G_GAN: 3.552 G_LPIPS: 56.899 D_real: 0.023 D_fake: 0.100 \n"}
,{"stream_name":"stdout","time":9743.322019206,"data":"(epoch: 17, iters: 3780, time: 0.181, data: 0.003) G_GAN: 2.756 G_LPIPS: 56.567 D_real: 0.012 D_fake: 0.217 \n"}
,{"stream_name":"stdout","time":9743.322021537,"data":"(epoch: 17, iters: 3800, time: 0.178, data: 0.003) G_GAN: 2.021 G_LPIPS: 47.509 D_real: 0.022 D_fake: 2.553 \n"}
,{"stream_name":"stdout","time":9743.322023906,"data":"(epoch: 17, iters: 3820, time: 0.180, data: 0.003) G_GAN: 1.932 G_LPIPS: 56.456 D_real: 0.039 D_fake: 0.410 \n"}
,{"stream_name":"stdout","time":9743.322026303,"data":"(epoch: 17, iters: 3840, time: 0.180, data: 0.004) G_GAN: 2.855 G_LPIPS: 49.482 D_real: 0.525 D_fake: 0.125 \n"}
,{"stream_name":"stdout","time":9743.322032449,"data":"(epoch: 17, iters: 3860, time: 0.181, data: 0.003) G_GAN: 2.024 G_LPIPS: 53.201 D_real: 0.132 D_fake: 0.270 \n"}
,{"stream_name":"stdout","time":9743.322034889,"data":"(epoch: 17, iters: 3880, time: 0.247, data: 0.003) G_GAN: 3.165 G_LPIPS: 61.010 D_real: 0.166 D_fake: 0.049 \n"}
,{"stream_name":"stdout","time":9743.322037181,"data":"(epoch: 17, iters: 3900, time: 0.181, data: 0.003) G_GAN: 2.471 G_LPIPS: 57.916 D_real: 0.070 D_fake: 0.095 \n"}
,{"stream_name":"stdout","time":9743.322039796,"data":"(epoch: 17, iters: 3920, time: 0.182, data: 0.003) G_GAN: 2.988 G_LPIPS: 54.869 D_real: 0.267 D_fake: 0.081 \n"}
,{"stream_name":"stdout","time":9743.322042149,"data":"(epoch: 17, iters: 3940, time: 0.179, data: 0.003) G_GAN: 1.733 G_LPIPS: 54.199 D_real: 0.196 D_fake: 0.302 \n"}
,{"stream_name":"stdout","time":9743.322044509,"data":"(epoch: 17, iters: 3960, time: 0.179, data: 0.003) G_GAN: 2.615 G_LPIPS: 52.667 D_real: 0.135 D_fake: 0.092 \n"}
,{"stream_name":"stdout","time":9743.32204689,"data":"(epoch: 17, iters: 3980, time: 0.179, data: 0.003) G_GAN: 2.232 G_LPIPS: 55.170 D_real: 0.164 D_fake: 0.354 \n"}
,{"stream_name":"stdout","time":9743.322049265,"data":"(epoch: 17, iters: 4000, time: 0.182, data: 0.003) G_GAN: 1.998 G_LPIPS: 61.181 D_real: 0.001 D_fake: 0.481 \n"}
,{"stream_name":"stdout","time":9743.322051621,"data":"(epoch: 17, iters: 4020, time: 0.229, data: 0.003) G_GAN: 2.177 G_LPIPS: 54.701 D_real: 0.014 D_fake: 0.496 \n"}
,{"stream_name":"stdout","time":9743.322053907,"data":"(epoch: 17, iters: 4040, time: 0.182, data: 0.003) G_GAN: 1.522 G_LPIPS: 55.270 D_real: 0.188 D_fake: 0.242 \n"}
,{"stream_name":"stdout","time":9743.322056175,"data":"(epoch: 17, iters: 4060, time: 0.180, data: 0.003) G_GAN: 2.640 G_LPIPS: 55.498 D_real: 0.042 D_fake: 0.192 \n"}
,{"stream_name":"stdout","time":9743.322058447,"data":"(epoch: 17, iters: 4080, time: 0.179, data: 0.003) G_GAN: 3.566 G_LPIPS: 50.768 D_real: 0.284 D_fake: 0.031 \n"}
,{"stream_name":"stdout","time":9743.322060721,"data":"(epoch: 17, iters: 4100, time: 0.179, data: 0.003) G_GAN: 1.913 G_LPIPS: 49.489 D_real: 0.346 D_fake: 0.221 \n"}
,{"stream_name":"stdout","time":9743.322063013,"data":"(epoch: 17, iters: 4120, time: 0.180, data: 0.003) G_GAN: 2.149 G_LPIPS: 54.785 D_real: 0.060 D_fake: 0.204 \n"}
,{"stream_name":"stdout","time":9743.322065291,"data":"(epoch: 17, iters: 4140, time: 0.181, data: 0.003) G_GAN: 1.060 G_LPIPS: 51.164 D_real: 0.387 D_fake: 0.477 \n"}
,{"stream_name":"stdout","time":9743.322068069,"data":"(epoch: 17, iters: 4160, time: 0.230, data: 0.003) G_GAN: 4.018 G_LPIPS: 56.128 D_real: 0.075 D_fake: 0.041 \n"}
,{"stream_name":"stdout","time":9743.322070385,"data":"(epoch: 17, iters: 4180, time: 0.187, data: 0.003) G_GAN: 2.465 G_LPIPS: 52.605 D_real: 0.033 D_fake: 0.253 \n"}
,{"stream_name":"stdout","time":9743.322072662,"data":"(epoch: 17, iters: 4200, time: 0.182, data: 0.003) G_GAN: 2.768 G_LPIPS: 54.620 D_real: 0.070 D_fake: 0.154 \n"}
,{"stream_name":"stdout","time":9743.322074949,"data":"(epoch: 17, iters: 4220, time: 0.181, data: 0.003) G_GAN: 2.688 G_LPIPS: 59.324 D_real: 0.230 D_fake: 0.076 \n"}
,{"stream_name":"stdout","time":9743.322077213,"data":"(epoch: 17, iters: 4240, time: 0.179, data: 0.003) G_GAN: 2.846 G_LPIPS: 54.282 D_real: 0.083 D_fake: 0.106 \n"}
,{"stream_name":"stdout","time":9743.322079485,"data":"(epoch: 17, iters: 4260, time: 0.180, data: 0.003) G_GAN: 2.080 G_LPIPS: 51.221 D_real: 0.203 D_fake: 0.836 \n"}
,{"stream_name":"stdout","time":9743.322081869,"data":"(epoch: 17, iters: 4280, time: 0.181, data: 0.003) G_GAN: 2.342 G_LPIPS: 55.073 D_real: 0.647 D_fake: 0.042 \n"}
,{"stream_name":"stdout","time":9743.322086939,"data":"(epoch: 17, iters: 4300, time: 0.180, data: 0.003) G_GAN: 2.462 G_LPIPS: 52.433 D_real: 0.343 D_fake: 0.123 \n"}
,{"stream_name":"stdout","time":9743.322089399,"data":"(epoch: 17, iters: 4320, time: 0.184, data: 0.003) G_GAN: 2.197 G_LPIPS: 57.848 D_real: 0.002 D_fake: 0.407 \n"}
,{"stream_name":"stdout","time":9743.322091687,"data":"(epoch: 17, iters: 4340, time: 0.179, data: 0.003) G_GAN: 2.084 G_LPIPS: 52.484 D_real: 1.052 D_fake: 0.048 \n"}
,{"stream_name":"stdout","time":9743.322093957,"data":"(epoch: 17, iters: 4360, time: 0.233, data: 0.003) G_GAN: 2.372 G_LPIPS: 53.732 D_real: 0.091 D_fake: 0.475 \n"}
,{"stream_name":"stdout","time":9743.322096292,"data":"(epoch: 17, iters: 4380, time: 0.183, data: 0.004) G_GAN: 2.113 G_LPIPS: 50.724 D_real: 0.215 D_fake: 0.171 \n"}
,{"stream_name":"stdout","time":9743.322098597,"data":"(epoch: 17, iters: 4400, time: 0.179, data: 0.003) G_GAN: 2.858 G_LPIPS: 56.486 D_real: 0.135 D_fake: 0.101 \n"}
,{"stream_name":"stdout","time":9743.322100901,"data":"(epoch: 17, iters: 4420, time: 0.178, data: 0.003) G_GAN: 1.933 G_LPIPS: 53.048 D_real: 0.042 D_fake: 0.513 \n"}
,{"stream_name":"stdout","time":9743.322103177,"data":"(epoch: 17, iters: 4440, time: 0.181, data: 0.003) G_GAN: 2.969 G_LPIPS: 59.314 D_real: 0.023 D_fake: 0.070 \n"}
,{"stream_name":"stdout","time":9743.322105448,"data":"(epoch: 17, iters: 4460, time: 0.180, data: 0.003) G_GAN: 2.086 G_LPIPS: 57.126 D_real: 0.011 D_fake: 0.309 \n"}
,{"stream_name":"stdout","time":9743.322107756,"data":"(epoch: 17, iters: 4480, time: 0.179, data: 0.003) G_GAN: 2.783 G_LPIPS: 59.528 D_real: 0.005 D_fake: 0.862 \n"}
,{"stream_name":"stdout","time":9743.322110169,"data":"(epoch: 17, iters: 4500, time: 0.229, data: 0.004) G_GAN: 2.607 G_LPIPS: 62.015 D_real: 0.007 D_fake: 0.136 \n"}
,{"stream_name":"stdout","time":9743.322141408,"data":"(epoch: 17, iters: 4520, time: 0.179, data: 0.003) G_GAN: 1.121 G_LPIPS: 54.908 D_real: 0.587 D_fake: 0.247 \n"}
,{"stream_name":"stdout","time":9895.115700952,"data":"(epoch: 17, iters: 4540, time: 0.180, data: 0.003) G_GAN: 2.438 G_LPIPS: 58.292 D_real: 0.336 D_fake: 0.061 \n"}
,{"stream_name":"stdout","time":9895.11574879,"data":"(epoch: 17, iters: 4560, time: 0.181, data: 0.003) G_GAN: 3.553 G_LPIPS: 56.100 D_real: 0.016 D_fake: 0.077 \n"}
,{"stream_name":"stdout","time":9895.115755139,"data":"(epoch: 17, iters: 4580, time: 0.180, data: 0.003) G_GAN: 1.686 G_LPIPS: 51.852 D_real: 0.236 D_fake: 0.422 \n"}
,{"stream_name":"stdout","time":9895.115760083,"data":"(epoch: 17, iters: 4600, time: 0.179, data: 0.003) G_GAN: 2.554 G_LPIPS: 59.539 D_real: 0.007 D_fake: 0.118 \n"}
,{"stream_name":"stdout","time":9895.11576511,"data":"(epoch: 17, iters: 4620, time: 0.181, data: 0.003) G_GAN: 1.627 G_LPIPS: 58.339 D_real: 0.780 D_fake: 0.162 \n"}
,{"stream_name":"stdout","time":9895.115769813,"data":"(epoch: 17, iters: 4640, time: 0.181, data: 0.003) G_GAN: 2.680 G_LPIPS: 59.092 D_real: 0.243 D_fake: 0.096 \n"}
,{"stream_name":"stdout","time":9895.115774497,"data":"(epoch: 17, iters: 4660, time: 0.181, data: 0.003) G_GAN: 2.974 G_LPIPS: 59.116 D_real: 0.014 D_fake: 0.179 \n"}
,{"stream_name":"stdout","time":9895.115779448,"data":"(epoch: 17, iters: 4680, time: 0.180, data: 0.003) G_GAN: 1.512 G_LPIPS: 51.115 D_real: 0.322 D_fake: 0.301 \n"}
,{"stream_name":"stdout","time":9895.115784242,"data":"(epoch: 17, iters: 4700, time: 0.229, data: 0.003) G_GAN: 2.466 G_LPIPS: 58.140 D_real: 0.090 D_fake: 0.227 \n"}
,{"stream_name":"stdout","time":9895.115788857,"data":"(epoch: 17, iters: 4720, time: 0.179, data: 0.003) G_GAN: 1.491 G_LPIPS: 55.765 D_real: 0.109 D_fake: 0.630 \n"}
,{"stream_name":"stdout","time":9895.115793509,"data":"(epoch: 17, iters: 4740, time: 0.179, data: 0.003) G_GAN: 2.148 G_LPIPS: 55.301 D_real: 0.078 D_fake: 0.142 \n"}
,{"stream_name":"stdout","time":9895.115807288,"data":"(epoch: 17, iters: 4760, time: 0.180, data: 0.003) G_GAN: 1.727 G_LPIPS: 55.210 D_real: 0.413 D_fake: 0.164 \n"}
,{"stream_name":"stdout","time":9895.1158118,"data":"(epoch: 17, iters: 4780, time: 0.179, data: 0.003) G_GAN: 2.068 G_LPIPS: 57.902 D_real: 0.962 D_fake: 0.052 \n"}
,{"stream_name":"stdout","time":9895.115815709,"data":"(epoch: 17, iters: 4800, time: 0.180, data: 0.003) G_GAN: 2.468 G_LPIPS: 55.541 D_real: 0.258 D_fake: 0.182 \n"}
,{"stream_name":"stdout","time":9895.115819632,"data":"(epoch: 17, iters: 4820, time: 0.180, data: 0.005) G_GAN: 2.023 G_LPIPS: 56.920 D_real: 0.108 D_fake: 0.189 \n"}
,{"stream_name":"stdout","time":9895.115823392,"data":"(epoch: 17, iters: 4840, time: 0.231, data: 0.003) G_GAN: 2.397 G_LPIPS: 56.017 D_real: 0.096 D_fake: 0.168 \n"}
,{"stream_name":"stdout","time":9895.115827208,"data":"(epoch: 17, iters: 4860, time: 0.179, data: 0.003) G_GAN: 2.889 G_LPIPS: 53.199 D_real: 0.065 D_fake: 0.128 \n"}
,{"stream_name":"stdout","time":9895.115830875,"data":"(epoch: 17, iters: 4880, time: 0.181, data: 0.004) G_GAN: 1.860 G_LPIPS: 55.044 D_real: 0.134 D_fake: 0.133 \n"}
,{"stream_name":"stdout","time":9895.115834467,"data":"(epoch: 17, iters: 4900, time: 0.181, data: 0.003) G_GAN: 2.221 G_LPIPS: 54.522 D_real: 0.885 D_fake: 0.086 \n"}
,{"stream_name":"stdout","time":9895.115839369,"data":"(epoch: 17, iters: 4920, time: 0.181, data: 0.003) G_GAN: 2.501 G_LPIPS: 53.656 D_real: 0.010 D_fake: 0.210 \n"}
,{"stream_name":"stdout","time":9895.115859668,"data":"(epoch: 17, iters: 4940, time: 0.183, data: 0.003) G_GAN: 3.766 G_LPIPS: 56.498 D_real: 0.270 D_fake: 0.026 \n"}
,{"stream_name":"stdout","time":9895.11586363,"data":"(epoch: 17, iters: 4960, time: 0.183, data: 0.004) G_GAN: 2.619 G_LPIPS: 59.317 D_real: 0.023 D_fake: 0.168 \n"}
,{"stream_name":"stdout","time":9895.115867631,"data":"(epoch: 17, iters: 4980, time: 0.230, data: 0.003) G_GAN: 2.149 G_LPIPS: 57.712 D_real: 0.043 D_fake: 0.568 \n"}
,{"stream_name":"stdout","time":9895.115871475,"data":"(epoch: 17, iters: 5000, time: 0.182, data: 0.003) G_GAN: 2.054 G_LPIPS: 53.130 D_real: 0.284 D_fake: 0.244 \n"}
,{"stream_name":"stdout","time":9895.115875389,"data":"(epoch: 17, iters: 5020, time: 0.180, data: 0.003) G_GAN: 1.945 G_LPIPS: 52.306 D_real: 0.020 D_fake: 0.541 \n"}
,{"stream_name":"stdout","time":9895.115879233,"data":"(epoch: 17, iters: 5040, time: 0.182, data: 0.003) G_GAN: 2.027 G_LPIPS: 47.997 D_real: 0.857 D_fake: 0.063 \n"}
,{"stream_name":"stdout","time":9895.115883282,"data":"(epoch: 17, iters: 5060, time: 0.181, data: 0.003) G_GAN: 3.359 G_LPIPS: 54.263 D_real: 0.016 D_fake: 0.095 \n"}
,{"stream_name":"stdout","time":9895.115887092,"data":"(epoch: 17, iters: 5080, time: 0.189, data: 0.004) G_GAN: 2.785 G_LPIPS: 53.563 D_real: 0.035 D_fake: 0.118 \n"}
,{"stream_name":"stdout","time":9895.115891059,"data":"(epoch: 17, iters: 5100, time: 0.182, data: 0.003) G_GAN: 2.798 G_LPIPS: 51.735 D_real: 0.210 D_fake: 0.072 \n"}
,{"stream_name":"stdout","time":9895.115894992,"data":"(epoch: 17, iters: 5120, time: 0.229, data: 0.003) G_GAN: 2.348 G_LPIPS: 58.721 D_real: 0.214 D_fake: 0.104 \n"}
,{"stream_name":"stdout","time":9895.115898795,"data":"(epoch: 17, iters: 5140, time: 0.182, data: 0.003) G_GAN: 3.132 G_LPIPS: 59.342 D_real: 0.129 D_fake: 0.060 \n"}
,{"stream_name":"stdout","time":9895.115902709,"data":"(epoch: 17, iters: 5160, time: 0.181, data: 0.003) G_GAN: 2.552 G_LPIPS: 57.574 D_real: 0.011 D_fake: 0.197 \n"}
,{"stream_name":"stdout","time":9895.115906617,"data":"(epoch: 17, iters: 5180, time: 0.179, data: 0.003) G_GAN: 2.467 G_LPIPS: 54.086 D_real: 0.004 D_fake: 0.628 \n"}
,{"stream_name":"stdout","time":9895.115910489,"data":"(epoch: 17, iters: 5200, time: 0.181, data: 0.003) G_GAN: 1.309 G_LPIPS: 55.049 D_real: 0.403 D_fake: 0.296 \n"}
,{"stream_name":"stdout","time":9895.115917646,"data":"(epoch: 17, iters: 5220, time: 0.180, data: 0.003) G_GAN: 2.536 G_LPIPS: 58.649 D_real: 0.087 D_fake: 0.083 \n"}
,{"stream_name":"stdout","time":9895.115921937,"data":"(epoch: 17, iters: 5240, time: 0.181, data: 0.003) G_GAN: 3.324 G_LPIPS: 59.034 D_real: 0.009 D_fake: 0.066 \n"}
,{"stream_name":"stdout","time":9895.115925941,"data":"(epoch: 17, iters: 5260, time: 0.230, data: 0.003) G_GAN: 2.716 G_LPIPS: 51.938 D_real: 0.293 D_fake: 0.061 \n"}
,{"stream_name":"stdout","time":9895.115930061,"data":"(epoch: 17, iters: 5280, time: 0.179, data: 0.003) G_GAN: 3.473 G_LPIPS: 58.107 D_real: 0.034 D_fake: 0.058 \n"}
,{"stream_name":"stdout","time":9895.115946327,"data":"(epoch: 17, iters: 5300, time: 0.180, data: 0.003) G_GAN: 1.529 G_LPIPS: 50.341 D_real: 0.375 D_fake: 0.166 \n"}
,{"stream_name":"stdout","time":9895.115949965,"data":"(epoch: 17, iters: 5320, time: 0.181, data: 0.003) G_GAN: 1.618 G_LPIPS: 53.053 D_real: 0.379 D_fake: 0.210 \n"}
,{"stream_name":"stdout","time":9895.115953657,"data":"(epoch: 17, iters: 5340, time: 0.181, data: 0.003) G_GAN: 1.627 G_LPIPS: 53.158 D_real: 0.394 D_fake: 0.313 \n"}
,{"stream_name":"stdout","time":9895.115957196,"data":"(epoch: 17, iters: 5360, time: 0.181, data: 0.003) G_GAN: 2.363 G_LPIPS: 56.672 D_real: 0.221 D_fake: 0.114 \n"}
,{"stream_name":"stdout","time":9895.115960921,"data":"(epoch: 17, iters: 5380, time: 0.182, data: 0.003) G_GAN: 1.621 G_LPIPS: 53.207 D_real: 0.186 D_fake: 0.244 \n"}
,{"stream_name":"stdout","time":9895.115964675,"data":"(epoch: 17, iters: 5400, time: 0.180, data: 0.003) G_GAN: 2.351 G_LPIPS: 55.489 D_real: 0.291 D_fake: 0.143 \n"}
,{"stream_name":"stdout","time":9895.115968544,"data":"(epoch: 17, iters: 5420, time: 0.181, data: 0.003) G_GAN: 2.896 G_LPIPS: 50.311 D_real: 1.419 D_fake: 0.014 \n"}
,{"stream_name":"stdout","time":9895.115972283,"data":"(epoch: 17, iters: 5440, time: 0.180, data: 0.003) G_GAN: 2.513 G_LPIPS: 56.332 D_real: 0.049 D_fake: 0.194 \n"}
,{"stream_name":"stdout","time":9895.11597585,"data":"(epoch: 17, iters: 5460, time: 0.230, data: 0.003) G_GAN: 2.522 G_LPIPS: 57.729 D_real: 0.052 D_fake: 0.148 \n"}
,{"stream_name":"stdout","time":9895.11597949,"data":"(epoch: 17, iters: 5480, time: 0.181, data: 0.003) G_GAN: 2.754 G_LPIPS: 55.814 D_real: 0.117 D_fake: 0.130 \n"}
,{"stream_name":"stdout","time":9895.115983208,"data":"(epoch: 17, iters: 5500, time: 0.180, data: 0.003) G_GAN: 2.038 G_LPIPS: 54.215 D_real: 0.090 D_fake: 0.606 \n"}
,{"stream_name":"stdout","time":9895.115986724,"data":"(epoch: 17, iters: 5520, time: 0.182, data: 0.003) G_GAN: 1.954 G_LPIPS: 49.344 D_real: 0.204 D_fake: 0.201 \n"}
,{"stream_name":"stdout","time":9895.115990423,"data":"(epoch: 17, iters: 5540, time: 0.180, data: 0.003) G_GAN: 3.512 G_LPIPS: 50.246 D_real: 0.378 D_fake: 0.037 \n"}
,{"stream_name":"stdout","time":9895.11599427,"data":"(epoch: 17, iters: 5560, time: 0.182, data: 0.003) G_GAN: 2.074 G_LPIPS: 55.954 D_real: 0.090 D_fake: 0.231 \n"}
,{"stream_name":"stdout","time":9895.115998468,"data":"(epoch: 17, iters: 5580, time: 0.133, data: 0.003) G_GAN: 0.745 G_LPIPS: 57.277 D_real: 1.737 D_fake: 0.356 \n"}
,{"stream_name":"stdout","time":9895.116002147,"data":"saving the model at the end of epoch 17, iters 83700\n"}
,{"stream_name":"stdout","time":9895.116005913,"data":"End of epoch 17 / 20 \t Time Taken: 800 sec\n"}
,{"stream_name":"stdout","time":9895.116009731,"data":"learning rate 0.0000273 -\u003e 0.0000182\n"}
,{"stream_name":"stdout","time":10118.696653883,"data":"(epoch: 18, iters: 20, time: 0.262, data: 0.273) G_GAN: 2.654 G_LPIPS: 56.333 D_real: 0.121 D_fake: 0.092 \n"}
,{"stream_name":"stdout","time":10118.696697416,"data":"(epoch: 18, iters: 40, time: 0.197, data: 0.001) G_GAN: 2.820 G_LPIPS: 58.697 D_real: 0.105 D_fake: 0.089 \n"}
,{"stream_name":"stdout","time":10118.69671768,"data":"(epoch: 18, iters: 60, time: 0.182, data: 0.003) G_GAN: 1.593 G_LPIPS: 51.067 D_real: 0.982 D_fake: 0.135 \n"}
,{"stream_name":"stdout","time":10118.696722261,"data":"(epoch: 18, iters: 80, time: 0.182, data: 0.003) G_GAN: 2.476 G_LPIPS: 54.198 D_real: 0.139 D_fake: 0.139 \n"}
,{"stream_name":"stdout","time":10118.696725901,"data":"(epoch: 18, iters: 100, time: 0.183, data: 0.003) G_GAN: 2.706 G_LPIPS: 58.580 D_real: 0.034 D_fake: 0.102 \n"}
,{"stream_name":"stdout","time":10118.696729594,"data":"(epoch: 18, iters: 120, time: 0.183, data: 0.003) G_GAN: 2.197 G_LPIPS: 48.156 D_real: 0.519 D_fake: 0.112 \n"}
,{"stream_name":"stdout","time":10118.696734798,"data":"(epoch: 18, iters: 140, time: 0.181, data: 0.003) G_GAN: 1.936 G_LPIPS: 58.829 D_real: 0.175 D_fake: 0.209 \n"}
,{"stream_name":"stdout","time":10118.696747555,"data":"(epoch: 18, iters: 160, time: 0.232, data: 0.003) G_GAN: 2.182 G_LPIPS: 55.831 D_real: 0.180 D_fake: 0.157 \n"}
,{"stream_name":"stdout","time":10118.696750211,"data":"(epoch: 18, iters: 180, time: 0.182, data: 0.003) G_GAN: 3.021 G_LPIPS: 57.035 D_real: 0.085 D_fake: 0.071 \n"}
,{"stream_name":"stdout","time":10118.696752822,"data":"(epoch: 18, iters: 200, time: 0.180, data: 0.003) G_GAN: 2.907 G_LPIPS: 58.509 D_real: 0.075 D_fake: 0.074 \n"}
,{"stream_name":"stdout","time":10118.696755178,"data":"(epoch: 18, iters: 220, time: 0.181, data: 0.003) G_GAN: 2.122 G_LPIPS: 55.214 D_real: 0.114 D_fake: 0.235 \n"}
,{"stream_name":"stdout","time":10118.696757549,"data":"(epoch: 18, iters: 240, time: 0.232, data: 0.003) G_GAN: 2.142 G_LPIPS: 54.799 D_real: 0.044 D_fake: 0.253 \n"}
,{"stream_name":"stdout","time":10118.696759923,"data":"(epoch: 18, iters: 260, time: 0.181, data: 0.003) G_GAN: 1.994 G_LPIPS: 57.725 D_real: 0.022 D_fake: 0.235 \n"}
,{"stream_name":"stdout","time":10118.696762193,"data":"(epoch: 18, iters: 280, time: 0.182, data: 0.003) G_GAN: 3.022 G_LPIPS: 58.232 D_real: 0.034 D_fake: 0.073 \n"}
,{"stream_name":"stdout","time":10118.696764548,"data":"(epoch: 18, iters: 300, time: 0.204, data: 0.003) G_GAN: 2.633 G_LPIPS: 50.865 D_real: 0.137 D_fake: 0.119 \n"}
,{"stream_name":"stdout","time":10118.696766835,"data":"(epoch: 18, iters: 320, time: 0.181, data: 0.003) G_GAN: 2.219 G_LPIPS: 62.033 D_real: 0.001 D_fake: 0.201 \n"}
,{"stream_name":"stdout","time":10118.696769266,"data":"(epoch: 18, iters: 340, time: 0.182, data: 0.003) G_GAN: 1.754 G_LPIPS: 53.820 D_real: 0.458 D_fake: 0.192 \n"}
,{"stream_name":"stdout","time":10118.696771537,"data":"(epoch: 18, iters: 360, time: 0.181, data: 0.003) G_GAN: 2.650 G_LPIPS: 54.529 D_real: 0.189 D_fake: 0.092 \n"}
,{"stream_name":"stdout","time":10118.696773841,"data":"(epoch: 18, iters: 380, time: 0.181, data: 0.003) G_GAN: 3.358 G_LPIPS: 56.367 D_real: 0.245 D_fake: 0.038 \n"}
,{"stream_name":"stdout","time":10118.696777811,"data":"(epoch: 18, iters: 400, time: 0.180, data: 0.003) G_GAN: 2.225 G_LPIPS: 55.521 D_real: 0.053 D_fake: 0.258 \n"}
,{"stream_name":"stdout","time":10118.696796046,"data":"(epoch: 18, iters: 420, time: 0.180, data: 0.003) G_GAN: 2.083 G_LPIPS: 58.583 D_real: 0.123 D_fake: 0.376 \n"}
,{"stream_name":"stdout","time":10118.696800302,"data":"(epoch: 18, iters: 440, time: 0.188, data: 0.004) G_GAN: 1.776 G_LPIPS: 57.218 D_real: 0.003 D_fake: 0.406 \n"}
,{"stream_name":"stdout","time":10118.696804103,"data":"(epoch: 18, iters: 460, time: 0.230, data: 0.004) G_GAN: 1.943 G_LPIPS: 48.683 D_real: 0.595 D_fake: 0.149 \n"}
,{"stream_name":"stdout","time":10118.696808266,"data":"(epoch: 18, iters: 480, time: 0.182, data: 0.003) G_GAN: 2.419 G_LPIPS: 54.161 D_real: 0.076 D_fake: 0.154 \n"}
,{"stream_name":"stdout","time":10118.696812162,"data":"(epoch: 18, iters: 500, time: 0.183, data: 0.003) G_GAN: 1.849 G_LPIPS: 53.331 D_real: 0.564 D_fake: 0.199 \n"}
,{"stream_name":"stdout","time":10118.696820271,"data":"(epoch: 18, iters: 520, time: 0.183, data: 0.003) G_GAN: 1.750 G_LPIPS: 58.528 D_real: 0.317 D_fake: 0.278 \n"}
,{"stream_name":"stdout","time":10118.696824796,"data":"(epoch: 18, iters: 540, time: 0.233, data: 0.003) G_GAN: 2.159 G_LPIPS: 55.399 D_real: 0.010 D_fake: 0.202 \n"}
,{"stream_name":"stdout","time":10118.69682893,"data":"(epoch: 18, iters: 560, time: 0.181, data: 0.003) G_GAN: 2.375 G_LPIPS: 59.238 D_real: 0.037 D_fake: 0.208 \n"}
,{"stream_name":"stdout","time":10118.696832407,"data":"(epoch: 18, iters: 580, time: 0.184, data: 0.003) G_GAN: 2.352 G_LPIPS: 52.498 D_real: 0.108 D_fake: 0.184 \n"}
,{"stream_name":"stdout","time":10118.696836445,"data":"(epoch: 18, iters: 600, time: 0.183, data: 0.003) G_GAN: 2.828 G_LPIPS: 58.976 D_real: 0.026 D_fake: 0.088 \n"}
,{"stream_name":"stdout","time":10118.696839885,"data":"(epoch: 18, iters: 620, time: 0.183, data: 0.004) G_GAN: 2.672 G_LPIPS: 57.793 D_real: 0.032 D_fake: 0.132 \n"}
,{"stream_name":"stdout","time":10118.696843423,"data":"(epoch: 18, iters: 640, time: 0.184, data: 0.004) G_GAN: 2.892 G_LPIPS: 60.607 D_real: 0.077 D_fake: 0.075 \n"}
,{"stream_name":"stdout","time":10118.696846884,"data":"(epoch: 18, iters: 660, time: 0.182, data: 0.003) G_GAN: 2.064 G_LPIPS: 56.482 D_real: 0.513 D_fake: 0.121 \n"}
,{"stream_name":"stdout","time":10118.696850453,"data":"(epoch: 18, iters: 680, time: 0.216, data: 0.003) G_GAN: 1.969 G_LPIPS: 52.671 D_real: 0.057 D_fake: 0.374 \n"}
,{"stream_name":"stdout","time":10118.696855594,"data":"(epoch: 18, iters: 700, time: 0.182, data: 0.003) G_GAN: 1.897 G_LPIPS: 52.232 D_real: 0.364 D_fake: 0.172 \n"}
,{"stream_name":"stdout","time":10118.696862028,"data":"(epoch: 18, iters: 720, time: 0.181, data: 0.003) G_GAN: 2.706 G_LPIPS: 51.290 D_real: 0.012 D_fake: 0.169 \n"}
,{"stream_name":"stdout","time":10118.696864427,"data":"(epoch: 18, iters: 740, time: 0.181, data: 0.004) G_GAN: 2.511 G_LPIPS: 58.914 D_real: 0.014 D_fake: 0.128 \n"}
,{"stream_name":"stdout","time":10118.696867185,"data":"(epoch: 18, iters: 760, time: 0.232, data: 0.003) G_GAN: 2.908 G_LPIPS: 59.898 D_real: 0.152 D_fake: 0.071 \n"}
,{"stream_name":"stdout","time":10118.696869505,"data":"(epoch: 18, iters: 780, time: 0.181, data: 0.003) G_GAN: 2.086 G_LPIPS: 55.825 D_real: 0.332 D_fake: 0.152 \n"}
,{"stream_name":"stdout","time":10118.696871856,"data":"(epoch: 18, iters: 800, time: 0.182, data: 0.003) G_GAN: 2.008 G_LPIPS: 56.717 D_real: 0.371 D_fake: 0.150 \n"}
,{"stream_name":"stdout","time":10118.696874108,"data":"(epoch: 18, iters: 820, time: 0.180, data: 0.003) G_GAN: 2.130 G_LPIPS: 51.844 D_real: 0.610 D_fake: 0.092 \n"}
,{"stream_name":"stdout","time":10118.696889961,"data":"(epoch: 18, iters: 840, time: 0.181, data: 0.003) G_GAN: 2.750 G_LPIPS: 52.968 D_real: 0.157 D_fake: 0.078 \n"}
,{"stream_name":"stdout","time":10118.696893991,"data":"(epoch: 18, iters: 860, time: 0.185, data: 0.003) G_GAN: 2.357 G_LPIPS: 61.468 D_real: 0.004 D_fake: 0.182 \n"}
,{"stream_name":"stdout","time":10118.696897741,"data":"(epoch: 18, iters: 880, time: 0.182, data: 0.003) G_GAN: 2.980 G_LPIPS: 57.866 D_real: 0.205 D_fake: 0.060 \n"}
,{"stream_name":"stdout","time":10118.696901574,"data":"(epoch: 18, iters: 900, time: 0.182, data: 0.003) G_GAN: 2.645 G_LPIPS: 52.997 D_real: 0.108 D_fake: 0.116 \n"}
,{"stream_name":"stdout","time":10118.696905669,"data":"(epoch: 18, iters: 920, time: 0.182, data: 0.003) G_GAN: 1.772 G_LPIPS: 57.298 D_real: 0.003 D_fake: 0.334 \n"}
,{"stream_name":"stdout","time":10118.69690983,"data":"(epoch: 18, iters: 940, time: 0.181, data: 0.003) G_GAN: 2.178 G_LPIPS: 52.734 D_real: 0.010 D_fake: 0.265 \n"}
,{"stream_name":"stdout","time":10118.696913338,"data":"(epoch: 18, iters: 960, time: 0.182, data: 0.003) G_GAN: 2.415 G_LPIPS: 50.275 D_real: 0.242 D_fake: 0.106 \n"}
,{"stream_name":"stdout","time":10118.696920565,"data":"(epoch: 18, iters: 980, time: 0.232, data: 0.003) G_GAN: 3.021 G_LPIPS: 56.040 D_real: 0.154 D_fake: 0.077 \n"}
,{"stream_name":"stdout","time":10118.696924137,"data":"(epoch: 18, iters: 1000, time: 0.181, data: 0.003) G_GAN: 2.885 G_LPIPS: 52.261 D_real: 0.022 D_fake: 0.110 \n"}
,{"stream_name":"stdout","time":10118.696927655,"data":"(epoch: 18, iters: 1020, time: 0.181, data: 0.003) G_GAN: 2.627 G_LPIPS: 57.295 D_real: 0.028 D_fake: 0.152 \n"}
,{"stream_name":"stdout","time":10118.696931192,"data":"(epoch: 18, iters: 1040, time: 0.183, data: 0.003) G_GAN: 2.959 G_LPIPS: 48.283 D_real: 0.182 D_fake: 0.055 \n"}
,{"stream_name":"stdout","time":10118.69693475,"data":"(epoch: 18, iters: 1060, time: 0.231, data: 0.003) G_GAN: 2.743 G_LPIPS: 57.265 D_real: 0.367 D_fake: 0.072 \n"}
,{"stream_name":"stdout","time":10118.696938352,"data":"(epoch: 18, iters: 1080, time: 0.182, data: 0.003) G_GAN: 3.196 G_LPIPS: 52.443 D_real: 0.031 D_fake: 0.060 \n"}
,{"stream_name":"stdout","time":10118.696941809,"data":"(epoch: 18, iters: 1100, time: 0.183, data: 0.003) G_GAN: 2.114 G_LPIPS: 58.465 D_real: 0.004 D_fake: 0.425 \n"}
,{"stream_name":"stdout","time":10118.696945314,"data":"(epoch: 18, iters: 1120, time: 0.183, data: 0.003) G_GAN: 1.913 G_LPIPS: 55.370 D_real: 0.052 D_fake: 0.487 \n"}
,{"stream_name":"stdout","time":10118.69694923,"data":"(epoch: 18, iters: 1140, time: 0.182, data: 0.003) G_GAN: 2.360 G_LPIPS: 52.201 D_real: 0.392 D_fake: 0.082 \n"}
,{"stream_name":"stdout","time":10118.696952766,"data":"(epoch: 18, iters: 1160, time: 0.182, data: 0.003) G_GAN: 1.559 G_LPIPS: 53.163 D_real: 0.285 D_fake: 0.425 \n"}
,{"stream_name":"stdout","time":10118.696962146,"data":"(epoch: 18, iters: 1180, time: 0.182, data: 0.003) G_GAN: 2.563 G_LPIPS: 61.440 D_real: 0.012 D_fake: 0.141 \n"}
,{"stream_name":"stdout","time":10118.696964765,"data":"(epoch: 18, iters: 1200, time: 0.185, data: 0.003) G_GAN: 3.487 G_LPIPS: 63.188 D_real: 0.004 D_fake: 0.049 \n"}
,{"stream_name":"stdout","time":10118.696967041,"data":"(epoch: 18, iters: 1220, time: 0.184, data: 0.003) G_GAN: 2.299 G_LPIPS: 55.681 D_real: 0.047 D_fake: 0.226 \n"}
,{"stream_name":"stdout","time":10118.696969317,"data":"(epoch: 18, iters: 1240, time: 0.182, data: 0.004) G_GAN: 2.431 G_LPIPS: 58.895 D_real: 0.038 D_fake: 0.180 \n"}
,{"stream_name":"stdout","time":10118.696972082,"data":"(epoch: 18, iters: 1260, time: 0.183, data: 0.003) G_GAN: 2.837 G_LPIPS: 55.163 D_real: 0.059 D_fake: 0.135 \n"}
,{"stream_name":"stdout","time":10118.696987263,"data":"(epoch: 18, iters: 1280, time: 0.231, data: 0.003) G_GAN: 1.987 G_LPIPS: 57.187 D_real: 0.015 D_fake: 0.326 \n"}
,{"stream_name":"stdout","time":10118.696991457,"data":"(epoch: 18, iters: 1300, time: 0.183, data: 0.003) G_GAN: 2.213 G_LPIPS: 56.229 D_real: 0.097 D_fake: 0.181 \n"}
,{"stream_name":"stdout","time":10118.696995555,"data":"saving the latest model (epoch 18, total_iters 85000)\n"}
,{"stream_name":"stdout","time":10118.696999513,"data":"(epoch: 18, iters: 1320, time: 0.182, data: 0.003) G_GAN: 1.933 G_LPIPS: 56.713 D_real: 0.581 D_fake: 0.122 \n"}
,{"stream_name":"stdout","time":10118.697003731,"data":"(epoch: 18, iters: 1340, time: 0.182, data: 0.004) G_GAN: 2.330 G_LPIPS: 51.785 D_real: 0.253 D_fake: 0.169 \n"}
,{"stream_name":"stdout","time":10118.697007296,"data":"(epoch: 18, iters: 1360, time: 0.233, data: 0.003) G_GAN: 1.938 G_LPIPS: 56.113 D_real: 0.080 D_fake: 0.305 \n"}
,{"stream_name":"stdout","time":10118.697010786,"data":"(epoch: 18, iters: 1380, time: 0.182, data: 0.003) G_GAN: 2.159 G_LPIPS: 59.382 D_real: 0.019 D_fake: 0.357 \n"}
,{"stream_name":"stdout","time":10118.697014273,"data":"(epoch: 18, iters: 1400, time: 0.185, data: 0.003) G_GAN: 2.256 G_LPIPS: 54.775 D_real: 0.087 D_fake: 0.206 \n"}
,{"stream_name":"stdout","time":10118.697021303,"data":"(epoch: 18, iters: 1420, time: 0.182, data: 0.003) G_GAN: 2.480 G_LPIPS: 56.208 D_real: 0.074 D_fake: 0.147 \n"}
,{"stream_name":"stdout","time":10118.697024972,"data":"(epoch: 18, iters: 1440, time: 0.184, data: 0.003) G_GAN: 2.125 G_LPIPS: 57.067 D_real: 0.407 D_fake: 0.185 \n"}
,{"stream_name":"stdout","time":10118.697028639,"data":"(epoch: 18, iters: 1460, time: 0.184, data: 0.003) G_GAN: 1.853 G_LPIPS: 57.204 D_real: 0.140 D_fake: 0.254 \n"}
,{"stream_name":"stdout","time":10118.697032318,"data":"(epoch: 18, iters: 1480, time: 0.183, data: 0.004) G_GAN: 2.363 G_LPIPS: 54.354 D_real: 0.154 D_fake: 0.149 \n"}
,{"stream_name":"stdout","time":10118.6970359,"data":"(epoch: 18, iters: 1500, time: 0.220, data: 0.003) G_GAN: 1.962 G_LPIPS: 54.605 D_real: 0.119 D_fake: 0.214 \n"}
,{"stream_name":"stdout","time":10343.172756211,"data":"(epoch: 18, iters: 1520, time: 0.182, data: 0.003) G_GAN: 2.358 G_LPIPS: 57.607 D_real: 0.008 D_fake: 0.262 \n"}
,{"stream_name":"stdout","time":10343.17279395,"data":"(epoch: 18, iters: 1540, time: 0.183, data: 0.003) G_GAN: 2.392 G_LPIPS: 52.351 D_real: 0.246 D_fake: 0.103 \n"}
,{"stream_name":"stdout","time":10343.172799716,"data":"(epoch: 18, iters: 1560, time: 0.183, data: 0.003) G_GAN: 3.230 G_LPIPS: 55.832 D_real: 0.067 D_fake: 0.079 \n"}
,{"stream_name":"stdout","time":10343.172804247,"data":"(epoch: 18, iters: 1580, time: 0.230, data: 0.004) G_GAN: 2.238 G_LPIPS: 61.479 D_real: 0.026 D_fake: 0.218 \n"}
,{"stream_name":"stdout","time":10343.172808575,"data":"(epoch: 18, iters: 1600, time: 0.183, data: 0.003) G_GAN: 1.534 G_LPIPS: 52.099 D_real: 0.188 D_fake: 1.343 \n"}
,{"stream_name":"stdout","time":10343.172813018,"data":"(epoch: 18, iters: 1620, time: 0.187, data: 0.003) G_GAN: 2.506 G_LPIPS: 47.034 D_real: 0.857 D_fake: 0.050 \n"}
,{"stream_name":"stdout","time":10343.17281768,"data":"(epoch: 18, iters: 1640, time: 0.183, data: 0.003) G_GAN: 2.438 G_LPIPS: 57.071 D_real: 0.185 D_fake: 0.134 \n"}
,{"stream_name":"stdout","time":10343.172821892,"data":"(epoch: 18, iters: 1660, time: 0.184, data: 0.003) G_GAN: 2.024 G_LPIPS: 52.425 D_real: 0.318 D_fake: 0.179 \n"}
,{"stream_name":"stdout","time":10343.17282615,"data":"(epoch: 18, iters: 1680, time: 0.187, data: 0.003) G_GAN: 3.617 G_LPIPS: 57.531 D_real: 0.024 D_fake: 0.044 \n"}
,{"stream_name":"stdout","time":10343.172830218,"data":"(epoch: 18, iters: 1700, time: 0.184, data: 0.003) G_GAN: 1.707 G_LPIPS: 53.746 D_real: 0.006 D_fake: 0.484 \n"}
,{"stream_name":"stdout","time":10343.17283457,"data":"(epoch: 18, iters: 1720, time: 0.184, data: 0.003) G_GAN: 1.627 G_LPIPS: 53.876 D_real: 0.460 D_fake: 0.168 \n"}
,{"stream_name":"stdout","time":10343.172839016,"data":"(epoch: 18, iters: 1740, time: 0.184, data: 0.003) G_GAN: 2.204 G_LPIPS: 58.734 D_real: 0.108 D_fake: 0.263 \n"}
,{"stream_name":"stdout","time":10343.172843362,"data":"(epoch: 18, iters: 1760, time: 0.183, data: 0.003) G_GAN: 2.920 G_LPIPS: 50.539 D_real: 0.107 D_fake: 0.085 \n"}
,{"stream_name":"stdout","time":10343.172847807,"data":"(epoch: 18, iters: 1780, time: 0.182, data: 0.004) G_GAN: 1.762 G_LPIPS: 53.968 D_real: 0.169 D_fake: 0.301 \n"}
,{"stream_name":"stdout","time":10343.172851836,"data":"(epoch: 18, iters: 1800, time: 0.233, data: 0.003) G_GAN: 3.259 G_LPIPS: 52.517 D_real: 0.052 D_fake: 0.062 \n"}
,{"stream_name":"stdout","time":10343.172857164,"data":"(epoch: 18, iters: 1820, time: 0.183, data: 0.003) G_GAN: 3.179 G_LPIPS: 56.006 D_real: 0.026 D_fake: 0.067 \n"}
,{"stream_name":"stdout","time":10343.172861862,"data":"(epoch: 18, iters: 1840, time: 0.183, data: 0.003) G_GAN: 3.002 G_LPIPS: 57.027 D_real: 0.024 D_fake: 0.080 \n"}
,{"stream_name":"stdout","time":10343.172866169,"data":"(epoch: 18, iters: 1860, time: 0.183, data: 0.003) G_GAN: 2.153 G_LPIPS: 54.794 D_real: 0.013 D_fake: 0.141 \n"}
,{"stream_name":"stdout","time":10343.172883975,"data":"(epoch: 18, iters: 1880, time: 0.234, data: 0.003) G_GAN: 1.208 G_LPIPS: 58.005 D_real: 0.224 D_fake: 0.672 \n"}
,{"stream_name":"stdout","time":10343.172889819,"data":"(epoch: 18, iters: 1900, time: 0.184, data: 0.003) G_GAN: 2.657 G_LPIPS: 50.293 D_real: 0.193 D_fake: 0.090 \n"}
,{"stream_name":"stdout","time":10343.172893761,"data":"(epoch: 18, iters: 1920, time: 0.182, data: 0.003) G_GAN: 2.001 G_LPIPS: 59.537 D_real: 0.102 D_fake: 0.240 \n"}
,{"stream_name":"stdout","time":10343.172896815,"data":"(epoch: 18, iters: 1940, time: 0.183, data: 0.003) G_GAN: 3.511 G_LPIPS: 62.988 D_real: 0.009 D_fake: 0.048 \n"}
,{"stream_name":"stdout","time":10343.172900618,"data":"(epoch: 18, iters: 1960, time: 0.183, data: 0.003) G_GAN: 1.894 G_LPIPS: 54.985 D_real: 0.035 D_fake: 0.209 \n"}
,{"stream_name":"stdout","time":10343.172904049,"data":"(epoch: 18, iters: 1980, time: 0.183, data: 0.003) G_GAN: 1.972 G_LPIPS: 57.641 D_real: 0.101 D_fake: 0.265 \n"}
,{"stream_name":"stdout","time":10343.172908476,"data":"(epoch: 18, iters: 2000, time: 0.183, data: 0.004) G_GAN: 2.796 G_LPIPS: 57.808 D_real: 0.065 D_fake: 0.091 \n"}
,{"stream_name":"stdout","time":10343.172911974,"data":"(epoch: 18, iters: 2020, time: 0.183, data: 0.003) G_GAN: 2.112 G_LPIPS: 56.213 D_real: 0.168 D_fake: 0.205 \n"}
,{"stream_name":"stdout","time":10343.172915271,"data":"(epoch: 18, iters: 2040, time: 0.183, data: 0.003) G_GAN: 2.664 G_LPIPS: 54.983 D_real: 0.315 D_fake: 0.077 \n"}
,{"stream_name":"stdout","time":10343.172918982,"data":"(epoch: 18, iters: 2060, time: 0.182, data: 0.003) G_GAN: 2.690 G_LPIPS: 51.196 D_real: 0.101 D_fake: 0.103 \n"}
,{"stream_name":"stdout","time":10343.172922176,"data":"(epoch: 18, iters: 2080, time: 0.188, data: 0.003) G_GAN: 3.089 G_LPIPS: 58.477 D_real: 0.160 D_fake: 0.056 \n"}
,{"stream_name":"stdout","time":10343.172925595,"data":"(epoch: 18, iters: 2100, time: 0.234, data: 0.003) G_GAN: 2.210 G_LPIPS: 59.264 D_real: 0.002 D_fake: 0.386 \n"}
,{"stream_name":"stdout","time":10343.172929001,"data":"(epoch: 18, iters: 2120, time: 0.183, data: 0.003) G_GAN: 2.445 G_LPIPS: 53.529 D_real: 0.450 D_fake: 0.072 \n"}
,{"stream_name":"stdout","time":10343.172932296,"data":"(epoch: 18, iters: 2140, time: 0.185, data: 0.003) G_GAN: 2.701 G_LPIPS: 59.591 D_real: 0.006 D_fake: 0.164 \n"}
,{"stream_name":"stdout","time":10343.172935471,"data":"(epoch: 18, iters: 2160, time: 0.182, data: 0.003) G_GAN: 2.364 G_LPIPS: 57.809 D_real: 0.119 D_fake: 0.155 \n"}
,{"stream_name":"stdout","time":10343.172938812,"data":"(epoch: 18, iters: 2180, time: 0.233, data: 0.003) G_GAN: 2.519 G_LPIPS: 53.452 D_real: 0.146 D_fake: 0.121 \n"}
,{"stream_name":"stdout","time":10343.172942066,"data":"(epoch: 18, iters: 2200, time: 0.183, data: 0.003) G_GAN: 2.499 G_LPIPS: 50.016 D_real: 0.264 D_fake: 0.081 \n"}
,{"stream_name":"stdout","time":10343.172945299,"data":"(epoch: 18, iters: 2220, time: 0.183, data: 0.003) G_GAN: 2.316 G_LPIPS: 54.093 D_real: 0.064 D_fake: 0.152 \n"}
,{"stream_name":"stdout","time":10343.172949188,"data":"(epoch: 18, iters: 2240, time: 0.182, data: 0.003) G_GAN: 2.451 G_LPIPS: 57.534 D_real: 0.003 D_fake: 0.162 \n"}
,{"stream_name":"stdout","time":10343.172952571,"data":"(epoch: 18, iters: 2260, time: 0.236, data: 0.003) G_GAN: 1.971 G_LPIPS: 57.199 D_real: 0.114 D_fake: 0.254 \n"}
,{"stream_name":"stdout","time":10343.172955937,"data":"(epoch: 18, iters: 2280, time: 0.182, data: 0.003) G_GAN: 2.129 G_LPIPS: 49.715 D_real: 0.601 D_fake: 0.102 \n"}
,{"stream_name":"stdout","time":10343.172959551,"data":"(epoch: 18, iters: 2300, time: 0.206, data: 0.003) G_GAN: 2.621 G_LPIPS: 53.464 D_real: 0.138 D_fake: 0.125 \n"}
,{"stream_name":"stdout","time":10343.172963344,"data":"(epoch: 18, iters: 2320, time: 0.183, data: 0.003) G_GAN: 1.576 G_LPIPS: 54.151 D_real: 0.118 D_fake: 0.298 \n"}
,{"stream_name":"stdout","time":10343.172971171,"data":"(epoch: 18, iters: 2340, time: 0.184, data: 0.003) G_GAN: 2.253 G_LPIPS: 56.084 D_real: 0.062 D_fake: 0.246 \n"}
,{"stream_name":"stdout","time":10343.172975206,"data":"(epoch: 18, iters: 2360, time: 0.184, data: 0.003) G_GAN: 2.140 G_LPIPS: 51.533 D_real: 0.039 D_fake: 0.260 \n"}
,{"stream_name":"stdout","time":10343.172978794,"data":"(epoch: 18, iters: 2380, time: 0.184, data: 0.003) G_GAN: 3.143 G_LPIPS: 57.233 D_real: 0.013 D_fake: 0.074 \n"}
,{"stream_name":"stdout","time":10343.172981989,"data":"(epoch: 18, iters: 2400, time: 0.185, data: 0.003) G_GAN: 2.229 G_LPIPS: 52.736 D_real: 0.052 D_fake: 0.164 \n"}
,{"stream_name":"stdout","time":10343.172985744,"data":"(epoch: 18, iters: 2420, time: 0.185, data: 0.003) G_GAN: 2.356 G_LPIPS: 55.537 D_real: 0.285 D_fake: 0.142 \n"}
,{"stream_name":"stdout","time":10343.172989312,"data":"(epoch: 18, iters: 2440, time: 0.184, data: 0.003) G_GAN: 2.700 G_LPIPS: 53.630 D_real: 0.360 D_fake: 0.074 \n"}
,{"stream_name":"stdout","time":10343.172993121,"data":"(epoch: 18, iters: 2460, time: 0.184, data: 0.004) G_GAN: 2.252 G_LPIPS: 60.316 D_real: 0.219 D_fake: 0.199 \n"}
,{"stream_name":"stdout","time":10343.172996907,"data":"(epoch: 18, iters: 2480, time: 0.235, data: 0.003) G_GAN: 2.373 G_LPIPS: 61.060 D_real: 0.043 D_fake: 0.149 \n"}
,{"stream_name":"stdout","time":10343.173000626,"data":"(epoch: 18, iters: 2500, time: 0.189, data: 0.003) G_GAN: 2.112 G_LPIPS: 59.744 D_real: 0.106 D_fake: 0.169 \n"}
,{"stream_name":"stdout","time":10343.173004086,"data":"(epoch: 18, iters: 2520, time: 0.183, data: 0.003) G_GAN: 3.090 G_LPIPS: 53.168 D_real: 0.070 D_fake: 0.078 \n"}
,{"stream_name":"stdout","time":10343.173008001,"data":"(epoch: 18, iters: 2540, time: 0.183, data: 0.003) G_GAN: 3.003 G_LPIPS: 53.763 D_real: 0.152 D_fake: 0.064 \n"}
,{"stream_name":"stdout","time":10343.173011239,"data":"(epoch: 18, iters: 2560, time: 0.234, data: 0.003) G_GAN: 2.617 G_LPIPS: 56.732 D_real: 0.181 D_fake: 0.131 \n"}
,{"stream_name":"stdout","time":10343.173014491,"data":"(epoch: 18, iters: 2580, time: 0.184, data: 0.003) G_GAN: 2.926 G_LPIPS: 60.233 D_real: 0.055 D_fake: 0.101 \n"}
,{"stream_name":"stdout","time":10343.173017901,"data":"(epoch: 18, iters: 2600, time: 0.182, data: 0.003) G_GAN: 1.855 G_LPIPS: 55.484 D_real: 0.013 D_fake: 0.612 \n"}
,{"stream_name":"stdout","time":10343.173021781,"data":"(epoch: 18, iters: 2620, time: 0.187, data: 0.003) G_GAN: 1.647 G_LPIPS: 55.466 D_real: 0.151 D_fake: 0.265 \n"}
,{"stream_name":"stdout","time":10343.173025456,"data":"(epoch: 18, iters: 2640, time: 0.184, data: 0.003) G_GAN: 2.149 G_LPIPS: 52.964 D_real: 0.938 D_fake: 0.069 \n"}
,{"stream_name":"stdout","time":10343.173030219,"data":"(epoch: 18, iters: 2660, time: 0.181, data: 0.003) G_GAN: 2.476 G_LPIPS: 58.730 D_real: 0.004 D_fake: 0.185 \n"}
,{"stream_name":"stdout","time":10343.173033972,"data":"(epoch: 18, iters: 2680, time: 0.182, data: 0.004) G_GAN: 2.560 G_LPIPS: 57.106 D_real: 0.203 D_fake: 0.147 \n"}
,{"stream_name":"stdout","time":10343.173038042,"data":"(epoch: 18, iters: 2700, time: 0.184, data: 0.003) G_GAN: 2.224 G_LPIPS: 54.272 D_real: 1.132 D_fake: 0.048 \n"}
,{"stream_name":"stdout","time":10343.173041641,"data":"(epoch: 18, iters: 2720, time: 0.184, data: 0.003) G_GAN: 2.544 G_LPIPS: 55.612 D_real: 0.086 D_fake: 0.144 \n"}
,{"stream_name":"stdout","time":10343.173045185,"data":"(epoch: 18, iters: 2740, time: 0.184, data: 0.003) G_GAN: 2.991 G_LPIPS: 59.163 D_real: 0.029 D_fake: 0.085 \n"}
,{"stream_name":"stdout","time":10343.173048513,"data":"(epoch: 18, iters: 2760, time: 0.183, data: 0.003) G_GAN: 2.380 G_LPIPS: 58.578 D_real: 0.401 D_fake: 0.109 \n"}
,{"stream_name":"stdout","time":10343.17305609,"data":"(epoch: 18, iters: 2780, time: 0.217, data: 0.003) G_GAN: 3.360 G_LPIPS: 61.811 D_real: 0.138 D_fake: 0.051 \n"}
,{"stream_name":"stdout","time":10343.173062026,"data":"(epoch: 18, iters: 2800, time: 0.182, data: 0.003) G_GAN: 1.328 G_LPIPS: 57.942 D_real: 1.096 D_fake: 0.112 \n"}
,{"stream_name":"stdout","time":10343.173064522,"data":"(epoch: 18, iters: 2820, time: 0.183, data: 0.003) G_GAN: 1.862 G_LPIPS: 54.291 D_real: 0.229 D_fake: 0.137 \n"}
,{"stream_name":"stdout","time":10343.173066882,"data":"(epoch: 18, iters: 2840, time: 0.184, data: 0.003) G_GAN: 2.267 G_LPIPS: 54.867 D_real: 0.229 D_fake: 0.081 \n"}
,{"stream_name":"stdout","time":10343.173069301,"data":"(epoch: 18, iters: 2860, time: 0.231, data: 0.003) G_GAN: 2.432 G_LPIPS: 59.513 D_real: 0.059 D_fake: 0.179 \n"}
,{"stream_name":"stdout","time":10343.173071576,"data":"(epoch: 18, iters: 2880, time: 0.184, data: 0.003) G_GAN: 3.218 G_LPIPS: 52.237 D_real: 0.052 D_fake: 0.063 \n"}
,{"stream_name":"stdout","time":10343.173073924,"data":"(epoch: 18, iters: 2900, time: 0.182, data: 0.003) G_GAN: 2.384 G_LPIPS: 56.689 D_real: 0.045 D_fake: 0.156 \n"}
,{"stream_name":"stdout","time":10343.173076286,"data":"(epoch: 18, iters: 2920, time: 0.184, data: 0.003) G_GAN: 2.174 G_LPIPS: 52.538 D_real: 0.424 D_fake: 0.135 \n"}
,{"stream_name":"stdout","time":10343.17307863,"data":"(epoch: 18, iters: 2940, time: 0.234, data: 0.003) G_GAN: 2.479 G_LPIPS: 59.217 D_real: 0.034 D_fake: 0.131 \n"}
,{"stream_name":"stdout","time":10343.173080891,"data":"(epoch: 18, iters: 2960, time: 0.189, data: 0.003) G_GAN: 3.436 G_LPIPS: 60.074 D_real: 0.000 D_fake: 0.053 \n"}
,{"stream_name":"stdout","time":10343.173083152,"data":"(epoch: 18, iters: 2980, time: 0.184, data: 0.003) G_GAN: 2.883 G_LPIPS: 54.254 D_real: 0.276 D_fake: 0.067 \n"}
,{"stream_name":"stdout","time":10343.173085434,"data":"(epoch: 18, iters: 3000, time: 0.184, data: 0.003) G_GAN: 1.940 G_LPIPS: 53.231 D_real: 0.567 D_fake: 0.101 \n"}
,{"stream_name":"stdout","time":10343.17308771,"data":"(epoch: 18, iters: 3020, time: 0.185, data: 0.003) G_GAN: 3.298 G_LPIPS: 55.107 D_real: 0.049 D_fake: 0.066 \n"}
,{"stream_name":"stdout","time":10570.283901874,"data":"(epoch: 18, iters: 3040, time: 0.185, data: 0.003) G_GAN: 2.471 G_LPIPS: 53.601 D_real: 0.193 D_fake: 0.167 \n"}
,{"stream_name":"stdout","time":10570.283937131,"data":"(epoch: 18, iters: 3060, time: 0.184, data: 0.003) G_GAN: 2.929 G_LPIPS: 60.061 D_real: 0.112 D_fake: 0.131 \n"}
,{"stream_name":"stdout","time":10570.283942262,"data":"(epoch: 18, iters: 3080, time: 0.185, data: 0.003) G_GAN: 2.486 G_LPIPS: 60.065 D_real: 0.002 D_fake: 0.164 \n"}
,{"stream_name":"stdout","time":10570.283945893,"data":"(epoch: 18, iters: 3100, time: 0.234, data: 0.003) G_GAN: 3.680 G_LPIPS: 55.541 D_real: 0.013 D_fake: 0.038 \n"}
,{"stream_name":"stdout","time":10570.283949236,"data":"(epoch: 18, iters: 3120, time: 0.187, data: 0.003) G_GAN: 2.828 G_LPIPS: 56.658 D_real: 0.044 D_fake: 0.119 \n"}
,{"stream_name":"stdout","time":10570.283952583,"data":"(epoch: 18, iters: 3140, time: 0.184, data: 0.003) G_GAN: 1.820 G_LPIPS: 52.790 D_real: 0.433 D_fake: 0.213 \n"}
,{"stream_name":"stdout","time":10570.283956104,"data":"(epoch: 18, iters: 3160, time: 0.184, data: 0.003) G_GAN: 1.982 G_LPIPS: 55.201 D_real: 0.036 D_fake: 0.204 \n"}
,{"stream_name":"stdout","time":10570.283959238,"data":"(epoch: 18, iters: 3180, time: 0.183, data: 0.003) G_GAN: 2.027 G_LPIPS: 55.844 D_real: 0.316 D_fake: 0.211 \n"}
,{"stream_name":"stdout","time":10570.28396242,"data":"(epoch: 18, iters: 3200, time: 0.183, data: 0.003) G_GAN: 2.520 G_LPIPS: 48.979 D_real: 0.564 D_fake: 0.059 \n"}
,{"stream_name":"stdout","time":10570.283965701,"data":"(epoch: 18, iters: 3220, time: 0.184, data: 0.003) G_GAN: 3.660 G_LPIPS: 58.574 D_real: 0.065 D_fake: 0.055 \n"}
,{"stream_name":"stdout","time":10570.283968851,"data":"(epoch: 18, iters: 3240, time: 0.236, data: 0.004) G_GAN: 1.835 G_LPIPS: 57.491 D_real: 0.453 D_fake: 0.130 \n"}
,{"stream_name":"stdout","time":10570.28398251,"data":"(epoch: 18, iters: 3260, time: 0.185, data: 0.004) G_GAN: 1.914 G_LPIPS: 51.415 D_real: 0.047 D_fake: 0.200 \n"}
,{"stream_name":"stdout","time":10570.28398523,"data":"(epoch: 18, iters: 3280, time: 0.184, data: 0.003) G_GAN: 2.405 G_LPIPS: 54.169 D_real: 0.611 D_fake: 0.080 \n"}
,{"stream_name":"stdout","time":10570.283987656,"data":"(epoch: 18, iters: 3300, time: 0.184, data: 0.003) G_GAN: 2.190 G_LPIPS: 50.255 D_real: 0.300 D_fake: 0.183 \n"}
,{"stream_name":"stdout","time":10570.283990102,"data":"(epoch: 18, iters: 3320, time: 0.184, data: 0.003) G_GAN: 2.909 G_LPIPS: 59.257 D_real: 0.035 D_fake: 0.090 \n"}
,{"stream_name":"stdout","time":10570.283992534,"data":"(epoch: 18, iters: 3340, time: 0.185, data: 0.003) G_GAN: 2.107 G_LPIPS: 54.416 D_real: 0.184 D_fake: 0.220 \n"}
,{"stream_name":"stdout","time":10570.283995041,"data":"(epoch: 18, iters: 3360, time: 0.184, data: 0.003) G_GAN: 2.235 G_LPIPS: 55.071 D_real: 0.049 D_fake: 0.179 \n"}
,{"stream_name":"stdout","time":10570.283997494,"data":"(epoch: 18, iters: 3380, time: 0.235, data: 0.003) G_GAN: 3.991 G_LPIPS: 54.956 D_real: 0.001 D_fake: 0.046 \n"}
,{"stream_name":"stdout","time":10570.28400001,"data":"(epoch: 18, iters: 3400, time: 0.183, data: 0.003) G_GAN: 3.375 G_LPIPS: 58.342 D_real: 0.027 D_fake: 0.071 \n"}
,{"stream_name":"stdout","time":10570.284003606,"data":"(epoch: 18, iters: 3420, time: 0.183, data: 0.003) G_GAN: 2.601 G_LPIPS: 55.565 D_real: 0.266 D_fake: 0.144 \n"}
,{"stream_name":"stdout","time":10570.28400615,"data":"(epoch: 18, iters: 3440, time: 0.183, data: 0.003) G_GAN: 2.126 G_LPIPS: 57.514 D_real: 0.144 D_fake: 0.254 \n"}
,{"stream_name":"stdout","time":10570.284008562,"data":"(epoch: 18, iters: 3460, time: 0.184, data: 0.003) G_GAN: 2.139 G_LPIPS: 61.846 D_real: 0.007 D_fake: 0.192 \n"}
,{"stream_name":"stdout","time":10570.284010982,"data":"(epoch: 18, iters: 3480, time: 0.182, data: 0.003) G_GAN: 2.700 G_LPIPS: 61.533 D_real: 0.014 D_fake: 0.134 \n"}
,{"stream_name":"stdout","time":10570.284013536,"data":"(epoch: 18, iters: 3500, time: 0.190, data: 0.003) G_GAN: 1.844 G_LPIPS: 52.264 D_real: 0.138 D_fake: 0.383 \n"}
,{"stream_name":"stdout","time":10570.284016032,"data":"(epoch: 18, iters: 3520, time: 0.192, data: 0.003) G_GAN: 2.786 G_LPIPS: 56.764 D_real: 0.423 D_fake: 0.063 \n"}
,{"stream_name":"stdout","time":10570.284018484,"data":"(epoch: 18, iters: 3540, time: 0.186, data: 0.003) G_GAN: 2.554 G_LPIPS: 51.811 D_real: 0.080 D_fake: 0.180 \n"}
,{"stream_name":"stdout","time":10570.284020978,"data":"(epoch: 18, iters: 3560, time: 0.184, data: 0.003) G_GAN: 3.553 G_LPIPS: 56.492 D_real: 0.107 D_fake: 0.035 \n"}
,{"stream_name":"stdout","time":10570.284023411,"data":"(epoch: 18, iters: 3580, time: 0.184, data: 0.003) G_GAN: 3.904 G_LPIPS: 49.154 D_real: 0.192 D_fake: 0.026 \n"}
,{"stream_name":"stdout","time":10570.284025847,"data":"(epoch: 18, iters: 3600, time: 0.184, data: 0.003) G_GAN: 1.152 G_LPIPS: 55.241 D_real: 0.441 D_fake: 0.470 \n"}
,{"stream_name":"stdout","time":10570.284028258,"data":"(epoch: 18, iters: 3620, time: 0.184, data: 0.003) G_GAN: 3.951 G_LPIPS: 53.746 D_real: 0.022 D_fake: 0.031 \n"}
,{"stream_name":"stdout","time":10570.284030697,"data":"(epoch: 18, iters: 3640, time: 0.185, data: 0.003) G_GAN: 1.968 G_LPIPS: 57.591 D_real: 0.149 D_fake: 0.230 \n"}
,{"stream_name":"stdout","time":10570.284033123,"data":"(epoch: 18, iters: 3660, time: 0.185, data: 0.003) G_GAN: 2.631 G_LPIPS: 58.150 D_real: 0.039 D_fake: 0.122 \n"}
,{"stream_name":"stdout","time":10570.284035542,"data":"(epoch: 18, iters: 3680, time: 0.238, data: 0.003) G_GAN: 1.833 G_LPIPS: 52.732 D_real: 0.503 D_fake: 0.173 \n"}
,{"stream_name":"stdout","time":10570.28403798,"data":"(epoch: 18, iters: 3700, time: 0.191, data: 0.003) G_GAN: 2.119 G_LPIPS: 61.243 D_real: 0.006 D_fake: 0.442 \n"}
,{"stream_name":"stdout","time":10570.284043091,"data":"(epoch: 18, iters: 3720, time: 0.183, data: 0.003) G_GAN: 2.330 G_LPIPS: 59.165 D_real: 0.004 D_fake: 0.160 \n"}
,{"stream_name":"stdout","time":10570.28404571,"data":"(epoch: 18, iters: 3740, time: 0.185, data: 0.003) G_GAN: 2.444 G_LPIPS: 51.881 D_real: 0.292 D_fake: 0.134 \n"}
,{"stream_name":"stdout","time":10570.284048148,"data":"(epoch: 18, iters: 3760, time: 0.218, data: 0.003) G_GAN: 2.706 G_LPIPS: 52.359 D_real: 0.215 D_fake: 0.070 \n"}
,{"stream_name":"stdout","time":10570.284050689,"data":"(epoch: 18, iters: 3780, time: 0.184, data: 0.004) G_GAN: 1.373 G_LPIPS: 56.066 D_real: 0.802 D_fake: 0.227 \n"}
,{"stream_name":"stdout","time":10570.284053629,"data":"(epoch: 18, iters: 3800, time: 0.184, data: 0.003) G_GAN: 1.639 G_LPIPS: 54.064 D_real: 0.250 D_fake: 0.261 \n"}
,{"stream_name":"stdout","time":10570.284056148,"data":"(epoch: 18, iters: 3820, time: 0.185, data: 0.003) G_GAN: 2.359 G_LPIPS: 58.745 D_real: 0.077 D_fake: 0.160 \n"}
,{"stream_name":"stdout","time":10570.284058624,"data":"(epoch: 18, iters: 3840, time: 0.185, data: 0.003) G_GAN: 2.494 G_LPIPS: 50.243 D_real: 0.095 D_fake: 0.167 \n"}
,{"stream_name":"stdout","time":10570.28406113,"data":"(epoch: 18, iters: 3860, time: 0.183, data: 0.003) G_GAN: 2.074 G_LPIPS: 55.688 D_real: 0.697 D_fake: 0.112 \n"}
,{"stream_name":"stdout","time":10570.284063852,"data":"(epoch: 18, iters: 3880, time: 0.186, data: 0.003) G_GAN: 2.676 G_LPIPS: 55.164 D_real: 0.008 D_fake: 0.193 \n"}
,{"stream_name":"stdout","time":10570.284066274,"data":"(epoch: 18, iters: 3900, time: 0.189, data: 0.003) G_GAN: 2.552 G_LPIPS: 55.618 D_real: 0.170 D_fake: 0.089 \n"}
,{"stream_name":"stdout","time":10570.28406878,"data":"(epoch: 18, iters: 3920, time: 0.187, data: 0.003) G_GAN: 2.249 G_LPIPS: 49.854 D_real: 0.072 D_fake: 0.200 \n"}
,{"stream_name":"stdout","time":10570.284071206,"data":"(epoch: 18, iters: 3940, time: 0.184, data: 0.003) G_GAN: 1.313 G_LPIPS: 55.610 D_real: 0.757 D_fake: 0.193 \n"}
,{"stream_name":"stdout","time":10570.284073726,"data":"(epoch: 18, iters: 3960, time: 0.184, data: 0.003) G_GAN: 2.614 G_LPIPS: 56.641 D_real: 0.072 D_fake: 0.190 \n"}
,{"stream_name":"stdout","time":10570.284076145,"data":"(epoch: 18, iters: 3980, time: 0.185, data: 0.003) G_GAN: 2.733 G_LPIPS: 55.680 D_real: 0.047 D_fake: 0.116 \n"}
,{"stream_name":"stdout","time":10570.284078566,"data":"(epoch: 18, iters: 4000, time: 0.183, data: 0.003) G_GAN: 1.454 G_LPIPS: 57.787 D_real: 0.131 D_fake: 0.330 \n"}
,{"stream_name":"stdout","time":10570.284081093,"data":"(epoch: 18, iters: 4020, time: 0.185, data: 0.003) G_GAN: 2.792 G_LPIPS: 58.371 D_real: 0.336 D_fake: 0.096 \n"}
,{"stream_name":"stdout","time":10570.284083531,"data":"(epoch: 18, iters: 4040, time: 0.184, data: 0.003) G_GAN: 2.117 G_LPIPS: 55.554 D_real: 0.019 D_fake: 0.252 \n"}
,{"stream_name":"stdout","time":10570.284085936,"data":"(epoch: 18, iters: 4060, time: 0.184, data: 0.003) G_GAN: 2.232 G_LPIPS: 56.451 D_real: 0.594 D_fake: 0.094 \n"}
,{"stream_name":"stdout","time":10570.284088349,"data":"(epoch: 18, iters: 4080, time: 0.185, data: 0.003) G_GAN: 1.941 G_LPIPS: 53.559 D_real: 0.075 D_fake: 0.236 \n"}
,{"stream_name":"stdout","time":10570.284090759,"data":"(epoch: 18, iters: 4100, time: 0.237, data: 0.004) G_GAN: 2.643 G_LPIPS: 49.718 D_real: 0.249 D_fake: 0.074 \n"}
,{"stream_name":"stdout","time":10570.284093175,"data":"(epoch: 18, iters: 4120, time: 0.187, data: 0.003) G_GAN: 2.118 G_LPIPS: 54.553 D_real: 0.023 D_fake: 0.287 \n"}
,{"stream_name":"stdout","time":10570.284095586,"data":"(epoch: 18, iters: 4140, time: 0.187, data: 0.003) G_GAN: 3.291 G_LPIPS: 57.087 D_real: 0.382 D_fake: 0.031 \n"}
,{"stream_name":"stdout","time":10570.284098008,"data":"(epoch: 18, iters: 4160, time: 0.184, data: 0.003) G_GAN: 2.534 G_LPIPS: 57.191 D_real: 0.112 D_fake: 0.115 \n"}
,{"stream_name":"stdout","time":10570.284103113,"data":"(epoch: 18, iters: 4180, time: 0.235, data: 0.003) G_GAN: 2.180 G_LPIPS: 55.993 D_real: 0.227 D_fake: 0.161 \n"}
,{"stream_name":"stdout","time":10570.284105708,"data":"(epoch: 18, iters: 4200, time: 0.186, data: 0.003) G_GAN: 1.660 G_LPIPS: 55.487 D_real: 0.266 D_fake: 0.360 \n"}
,{"stream_name":"stdout","time":10570.284108166,"data":"(epoch: 18, iters: 4220, time: 0.184, data: 0.003) G_GAN: 1.385 G_LPIPS: 48.934 D_real: 0.039 D_fake: 0.617 \n"}
,{"stream_name":"stdout","time":10570.284110622,"data":"(epoch: 18, iters: 4240, time: 0.185, data: 0.004) G_GAN: 2.585 G_LPIPS: 53.947 D_real: 0.127 D_fake: 0.111 \n"}
,{"stream_name":"stdout","time":10570.284113048,"data":"(epoch: 18, iters: 4260, time: 0.236, data: 0.003) G_GAN: 2.391 G_LPIPS: 55.818 D_real: 0.041 D_fake: 0.184 \n"}
,{"stream_name":"stdout","time":10570.284115489,"data":"(epoch: 18, iters: 4280, time: 0.184, data: 0.003) G_GAN: 3.066 G_LPIPS: 56.752 D_real: 0.092 D_fake: 0.064 \n"}
,{"stream_name":"stdout","time":10570.28411791,"data":"(epoch: 18, iters: 4300, time: 0.210, data: 0.003) G_GAN: 2.110 G_LPIPS: 59.589 D_real: 0.042 D_fake: 0.288 \n"}
,{"stream_name":"stdout","time":10570.284120343,"data":"(epoch: 18, iters: 4320, time: 0.186, data: 0.003) G_GAN: 2.302 G_LPIPS: 53.421 D_real: 0.094 D_fake: 0.219 \n"}
,{"stream_name":"stdout","time":10570.2841228,"data":"(epoch: 18, iters: 4340, time: 0.239, data: 0.003) G_GAN: 2.086 G_LPIPS: 55.708 D_real: 0.017 D_fake: 0.270 \n"}
,{"stream_name":"stdout","time":10570.28412521,"data":"(epoch: 18, iters: 4360, time: 0.186, data: 0.003) G_GAN: 2.824 G_LPIPS: 49.148 D_real: 0.066 D_fake: 0.113 \n"}
,{"stream_name":"stdout","time":10570.284127632,"data":"(epoch: 18, iters: 4380, time: 0.187, data: 0.003) G_GAN: 2.143 G_LPIPS: 56.388 D_real: 0.027 D_fake: 0.318 \n"}
,{"stream_name":"stdout","time":10570.284130058,"data":"(epoch: 18, iters: 4400, time: 0.187, data: 0.003) G_GAN: 2.336 G_LPIPS: 57.599 D_real: 0.186 D_fake: 0.109 \n"}
,{"stream_name":"stdout","time":10570.284132486,"data":"(epoch: 18, iters: 4420, time: 0.235, data: 0.003) G_GAN: 2.291 G_LPIPS: 54.241 D_real: 0.525 D_fake: 0.102 \n"}
,{"stream_name":"stdout","time":10570.284134907,"data":"(epoch: 18, iters: 4440, time: 0.186, data: 0.003) G_GAN: 2.346 G_LPIPS: 54.740 D_real: 0.537 D_fake: 0.079 \n"}
,{"stream_name":"stdout","time":10570.284137438,"data":"(epoch: 18, iters: 4460, time: 0.186, data: 0.003) G_GAN: 2.337 G_LPIPS: 56.231 D_real: 0.378 D_fake: 0.084 \n"}
,{"stream_name":"stdout","time":10570.284139896,"data":"(epoch: 18, iters: 4480, time: 0.184, data: 0.003) G_GAN: 2.356 G_LPIPS: 52.981 D_real: 0.647 D_fake: 0.059 \n"}
,{"stream_name":"stdout","time":10570.284142335,"data":"(epoch: 18, iters: 4500, time: 0.245, data: 0.004) G_GAN: 1.782 G_LPIPS: 51.595 D_real: 0.185 D_fake: 0.401 \n"}
,{"stream_name":"stdout","time":10570.284144752,"data":"(epoch: 18, iters: 4520, time: 0.187, data: 0.003) G_GAN: 2.454 G_LPIPS: 60.217 D_real: 0.013 D_fake: 0.161 \n"}
,{"stream_name":"stdout","time":10570.28414719,"data":"(epoch: 18, iters: 4540, time: 0.187, data: 0.003) G_GAN: 2.434 G_LPIPS: 60.698 D_real: 0.021 D_fake: 0.139 \n"}
,{"stream_name":"stdout","time":10724.948108409,"data":"(epoch: 18, iters: 4560, time: 0.190, data: 0.003) G_GAN: 1.869 G_LPIPS: 49.055 D_real: 0.333 D_fake: 0.196 \n"}
,{"stream_name":"stdout","time":10724.948149385,"data":"(epoch: 18, iters: 4580, time: 0.185, data: 0.003) G_GAN: 2.088 G_LPIPS: 55.734 D_real: 0.008 D_fake: 0.775 \n"}
,{"stream_name":"stdout","time":10724.948157393,"data":"(epoch: 18, iters: 4600, time: 0.187, data: 0.003) G_GAN: 1.757 G_LPIPS: 56.837 D_real: 0.104 D_fake: 0.288 \n"}
,{"stream_name":"stdout","time":10724.948165158,"data":"(epoch: 18, iters: 4620, time: 0.184, data: 0.003) G_GAN: 3.641 G_LPIPS: 50.186 D_real: 0.595 D_fake: 0.024 \n"}
,{"stream_name":"stdout","time":10724.948179847,"data":"(epoch: 18, iters: 4640, time: 0.185, data: 0.003) G_GAN: 3.064 G_LPIPS: 60.503 D_real: 0.039 D_fake: 0.090 \n"}
,{"stream_name":"stdout","time":10724.94818255,"data":"(epoch: 18, iters: 4660, time: 0.185, data: 0.003) G_GAN: 2.443 G_LPIPS: 58.033 D_real: 0.125 D_fake: 0.109 \n"}
,{"stream_name":"stdout","time":10724.948184943,"data":"(epoch: 18, iters: 4680, time: 0.184, data: 0.003) G_GAN: 1.300 G_LPIPS: 57.228 D_real: 0.584 D_fake: 0.211 \n"}
,{"stream_name":"stdout","time":10724.948187218,"data":"(epoch: 18, iters: 4700, time: 0.190, data: 0.003) G_GAN: 1.346 G_LPIPS: 51.921 D_real: 1.037 D_fake: 0.217 \n"}
,{"stream_name":"stdout","time":10724.94818975,"data":"(epoch: 18, iters: 4720, time: 0.184, data: 0.003) G_GAN: 2.603 G_LPIPS: 53.915 D_real: 0.276 D_fake: 0.090 \n"}
,{"stream_name":"stdout","time":10724.948192907,"data":"(epoch: 18, iters: 4740, time: 0.184, data: 0.003) G_GAN: 2.475 G_LPIPS: 52.430 D_real: 0.287 D_fake: 0.134 \n"}
,{"stream_name":"stdout","time":10724.948208863,"data":"(epoch: 18, iters: 4760, time: 0.184, data: 0.003) G_GAN: 1.968 G_LPIPS: 52.726 D_real: 0.204 D_fake: 0.197 \n"}
,{"stream_name":"stdout","time":10724.948213257,"data":"(epoch: 18, iters: 4780, time: 0.185, data: 0.003) G_GAN: 2.413 G_LPIPS: 55.597 D_real: 0.216 D_fake: 0.141 \n"}
,{"stream_name":"stdout","time":10724.948217256,"data":"(epoch: 18, iters: 4800, time: 0.185, data: 0.003) G_GAN: 1.427 G_LPIPS: 56.847 D_real: 0.392 D_fake: 0.444 \n"}
,{"stream_name":"stdout","time":10724.948221831,"data":"(epoch: 18, iters: 4820, time: 0.185, data: 0.003) G_GAN: 3.358 G_LPIPS: 56.905 D_real: 0.012 D_fake: 0.071 \n"}
,{"stream_name":"stdout","time":10724.948226045,"data":"(epoch: 18, iters: 4840, time: 0.236, data: 0.003) G_GAN: 2.319 G_LPIPS: 51.456 D_real: 0.411 D_fake: 0.118 \n"}
,{"stream_name":"stdout","time":10724.948229569,"data":"(epoch: 18, iters: 4860, time: 0.185, data: 0.003) G_GAN: 0.992 G_LPIPS: 46.926 D_real: 0.646 D_fake: 0.441 \n"}
,{"stream_name":"stdout","time":10724.948233085,"data":"(epoch: 18, iters: 4880, time: 0.184, data: 0.003) G_GAN: 1.902 G_LPIPS: 56.332 D_real: 1.083 D_fake: 0.092 \n"}
,{"stream_name":"stdout","time":10724.948236643,"data":"(epoch: 18, iters: 4900, time: 0.193, data: 0.003) G_GAN: 1.631 G_LPIPS: 51.024 D_real: 1.141 D_fake: 0.082 \n"}
,{"stream_name":"stdout","time":10724.948240161,"data":"(epoch: 18, iters: 4920, time: 0.234, data: 0.003) G_GAN: 2.665 G_LPIPS: 53.230 D_real: 0.022 D_fake: 0.109 \n"}
,{"stream_name":"stdout","time":10724.948245207,"data":"(epoch: 18, iters: 4940, time: 0.186, data: 0.003) G_GAN: 2.393 G_LPIPS: 60.672 D_real: 0.016 D_fake: 0.144 \n"}
,{"stream_name":"stdout","time":10724.948248838,"data":"(epoch: 18, iters: 4960, time: 0.186, data: 0.003) G_GAN: 2.067 G_LPIPS: 51.857 D_real: 0.239 D_fake: 0.251 \n"}
,{"stream_name":"stdout","time":10724.948252416,"data":"(epoch: 18, iters: 4980, time: 0.185, data: 0.003) G_GAN: 2.062 G_LPIPS: 51.946 D_real: 0.409 D_fake: 0.174 \n"}
,{"stream_name":"stdout","time":10724.948255928,"data":"(epoch: 18, iters: 5000, time: 0.234, data: 0.003) G_GAN: 2.422 G_LPIPS: 50.338 D_real: 0.023 D_fake: 0.299 \n"}
,{"stream_name":"stdout","time":10724.948259403,"data":"(epoch: 18, iters: 5020, time: 0.186, data: 0.003) G_GAN: 2.803 G_LPIPS: 51.993 D_real: 0.087 D_fake: 0.076 \n"}
,{"stream_name":"stdout","time":10724.948262852,"data":"(epoch: 18, iters: 5040, time: 0.187, data: 0.003) G_GAN: 1.735 G_LPIPS: 50.655 D_real: 0.674 D_fake: 0.174 \n"}
,{"stream_name":"stdout","time":10724.948266387,"data":"(epoch: 18, iters: 5060, time: 0.185, data: 0.003) G_GAN: 2.128 G_LPIPS: 52.019 D_real: 0.842 D_fake: 0.102 \n"}
,{"stream_name":"stdout","time":10724.948269996,"data":"(epoch: 18, iters: 5080, time: 0.238, data: 0.003) G_GAN: 3.435 G_LPIPS: 54.453 D_real: 0.029 D_fake: 0.051 \n"}
,{"stream_name":"stdout","time":10724.948281133,"data":"(epoch: 18, iters: 5100, time: 0.188, data: 0.003) G_GAN: 2.532 G_LPIPS: 51.815 D_real: 1.115 D_fake: 0.032 \n"}
,{"stream_name":"stdout","time":10724.948283691,"data":"(epoch: 18, iters: 5120, time: 0.186, data: 0.003) G_GAN: 2.506 G_LPIPS: 57.002 D_real: 0.024 D_fake: 0.171 \n"}
,{"stream_name":"stdout","time":10724.948285977,"data":"(epoch: 18, iters: 5140, time: 0.187, data: 0.003) G_GAN: 2.540 G_LPIPS: 59.228 D_real: 0.007 D_fake: 0.121 \n"}
,{"stream_name":"stdout","time":10724.948288268,"data":"(epoch: 18, iters: 5160, time: 0.186, data: 0.003) G_GAN: 2.194 G_LPIPS: 53.893 D_real: 0.018 D_fake: 0.156 \n"}
,{"stream_name":"stdout","time":10724.948291068,"data":"(epoch: 18, iters: 5180, time: 0.185, data: 0.003) G_GAN: 2.697 G_LPIPS: 52.287 D_real: 0.019 D_fake: 0.161 \n"}
,{"stream_name":"stdout","time":10724.94830562,"data":"(epoch: 18, iters: 5200, time: 0.185, data: 0.003) G_GAN: 1.758 G_LPIPS: 58.520 D_real: 0.153 D_fake: 0.708 \n"}
,{"stream_name":"stdout","time":10724.948309875,"data":"(epoch: 18, iters: 5220, time: 0.184, data: 0.003) G_GAN: 2.301 G_LPIPS: 59.763 D_real: 1.284 D_fake: 0.034 \n"}
,{"stream_name":"stdout","time":10724.948314105,"data":"(epoch: 18, iters: 5240, time: 0.186, data: 0.003) G_GAN: 2.564 G_LPIPS: 56.545 D_real: 0.012 D_fake: 0.207 \n"}
,{"stream_name":"stdout","time":10724.948318203,"data":"(epoch: 18, iters: 5260, time: 0.184, data: 0.003) G_GAN: 2.986 G_LPIPS: 54.404 D_real: 0.615 D_fake: 0.036 \n"}
,{"stream_name":"stdout","time":10724.948322237,"data":"(epoch: 18, iters: 5280, time: 0.184, data: 0.003) G_GAN: 2.329 G_LPIPS: 52.926 D_real: 0.031 D_fake: 0.277 \n"}
,{"stream_name":"stdout","time":10724.948325765,"data":"(epoch: 18, iters: 5300, time: 0.192, data: 0.003) G_GAN: 2.280 G_LPIPS: 58.458 D_real: 0.105 D_fake: 0.294 \n"}
,{"stream_name":"stdout","time":10724.948329762,"data":"(epoch: 18, iters: 5320, time: 0.184, data: 0.003) G_GAN: 2.857 G_LPIPS: 55.379 D_real: 0.011 D_fake: 0.130 \n"}
,{"stream_name":"stdout","time":10724.948333494,"data":"(epoch: 18, iters: 5340, time: 0.240, data: 0.004) G_GAN: 3.375 G_LPIPS: 54.881 D_real: 0.020 D_fake: 0.062 \n"}
,{"stream_name":"stdout","time":10724.948336998,"data":"(epoch: 18, iters: 5360, time: 0.185, data: 0.003) G_GAN: 3.441 G_LPIPS: 50.247 D_real: 0.177 D_fake: 0.042 \n"}
,{"stream_name":"stdout","time":10724.948340495,"data":"(epoch: 18, iters: 5380, time: 0.185, data: 0.003) G_GAN: 3.002 G_LPIPS: 56.114 D_real: 0.037 D_fake: 0.113 \n"}
,{"stream_name":"stdout","time":10724.948344028,"data":"(epoch: 18, iters: 5400, time: 0.186, data: 0.003) G_GAN: 2.775 G_LPIPS: 56.697 D_real: 0.488 D_fake: 0.068 \n"}
,{"stream_name":"stdout","time":10724.94834753,"data":"(epoch: 18, iters: 5420, time: 0.238, data: 0.003) G_GAN: 2.245 G_LPIPS: 61.456 D_real: 0.001 D_fake: 0.286 \n"}
,{"stream_name":"stdout","time":10724.948351075,"data":"(epoch: 18, iters: 5440, time: 0.188, data: 0.003) G_GAN: 1.838 G_LPIPS: 51.606 D_real: 1.003 D_fake: 0.119 \n"}
,{"stream_name":"stdout","time":10724.948354609,"data":"(epoch: 18, iters: 5460, time: 0.187, data: 0.003) G_GAN: 2.070 G_LPIPS: 53.360 D_real: 0.134 D_fake: 0.319 \n"}
,{"stream_name":"stdout","time":10724.948358148,"data":"(epoch: 18, iters: 5480, time: 0.185, data: 0.003) G_GAN: 1.810 G_LPIPS: 54.750 D_real: 0.072 D_fake: 0.247 \n"}
,{"stream_name":"stdout","time":10724.948361995,"data":"(epoch: 18, iters: 5500, time: 0.239, data: 0.003) G_GAN: 3.006 G_LPIPS: 55.643 D_real: 0.674 D_fake: 0.033 \n"}
,{"stream_name":"stdout","time":10724.948365562,"data":"(epoch: 18, iters: 5520, time: 0.186, data: 0.003) G_GAN: 2.887 G_LPIPS: 50.094 D_real: 0.405 D_fake: 0.074 \n"}
,{"stream_name":"stdout","time":10724.948369075,"data":"(epoch: 18, iters: 5540, time: 0.186, data: 0.003) G_GAN: 2.142 G_LPIPS: 52.293 D_real: 0.457 D_fake: 0.135 \n"}
,{"stream_name":"stdout","time":10724.948378203,"data":"(epoch: 18, iters: 5560, time: 0.186, data: 0.003) G_GAN: 2.761 G_LPIPS: 58.504 D_real: 0.138 D_fake: 0.097 \n"}
,{"stream_name":"stdout","time":10724.94838473,"data":"(epoch: 18, iters: 5580, time: 0.187, data: 0.003) G_GAN: 0.783 G_LPIPS: 50.259 D_real: 1.674 D_fake: 0.470 \n"}
,{"stream_name":"stdout","time":10724.948401345,"data":"saving the model at the end of epoch 18, iters 89280\n"}
,{"stream_name":"stdout","time":10724.948405818,"data":"End of epoch 18 / 20 \t Time Taken: 829 sec\n"}
,{"stream_name":"stdout","time":10724.948410033,"data":"learning rate 0.0000182 -\u003e 0.0000091\n"}
,{"stream_name":"stdout","time":10957.215199676,"data":"(epoch: 19, iters: 20, time: 0.186, data: 0.253) G_GAN: 2.191 G_LPIPS: 56.894 D_real: 0.304 D_fake: 0.193 \n"}
,{"stream_name":"stdout","time":10957.215241912,"data":"(epoch: 19, iters: 40, time: 0.206, data: 0.005) G_GAN: 3.664 G_LPIPS: 55.644 D_real: 0.102 D_fake: 0.037 \n"}
,{"stream_name":"stdout","time":10957.215249133,"data":"(epoch: 19, iters: 60, time: 0.187, data: 0.003) G_GAN: 2.298 G_LPIPS: 56.973 D_real: 0.163 D_fake: 0.108 \n"}
,{"stream_name":"stdout","time":10957.21525464,"data":"(epoch: 19, iters: 80, time: 0.188, data: 0.003) G_GAN: 2.457 G_LPIPS: 55.694 D_real: 0.022 D_fake: 0.155 \n"}
,{"stream_name":"stdout","time":10957.215260297,"data":"(epoch: 19, iters: 100, time: 0.187, data: 0.003) G_GAN: 2.649 G_LPIPS: 50.722 D_real: 0.189 D_fake: 0.091 \n"}
,{"stream_name":"stdout","time":10957.215265892,"data":"(epoch: 19, iters: 120, time: 0.188, data: 0.003) G_GAN: 3.384 G_LPIPS: 59.870 D_real: 0.108 D_fake: 0.042 \n"}
,{"stream_name":"stdout","time":10957.21527179,"data":"(epoch: 19, iters: 140, time: 0.187, data: 0.003) G_GAN: 3.032 G_LPIPS: 52.962 D_real: 0.058 D_fake: 0.082 \n"}
,{"stream_name":"stdout","time":10957.215276597,"data":"(epoch: 19, iters: 160, time: 0.187, data: 0.003) G_GAN: 2.993 G_LPIPS: 60.587 D_real: 0.086 D_fake: 0.069 \n"}
,{"stream_name":"stdout","time":10957.215282357,"data":"(epoch: 19, iters: 180, time: 0.188, data: 0.003) G_GAN: 1.922 G_LPIPS: 55.794 D_real: 0.024 D_fake: 0.268 \n"}
,{"stream_name":"stdout","time":10957.215287424,"data":"(epoch: 19, iters: 200, time: 0.187, data: 0.004) G_GAN: 2.814 G_LPIPS: 55.958 D_real: 0.077 D_fake: 0.094 \n"}
,{"stream_name":"stdout","time":10957.215292445,"data":"(epoch: 19, iters: 220, time: 0.188, data: 0.003) G_GAN: 2.480 G_LPIPS: 51.754 D_real: 0.055 D_fake: 0.122 \n"}
,{"stream_name":"stdout","time":10957.215297395,"data":"(epoch: 19, iters: 240, time: 0.187, data: 0.003) G_GAN: 2.732 G_LPIPS: 52.279 D_real: 1.612 D_fake: 0.043 \n"}
,{"stream_name":"stdout","time":10957.215302858,"data":"(epoch: 19, iters: 260, time: 0.238, data: 0.004) G_GAN: 2.406 G_LPIPS: 57.843 D_real: 0.256 D_fake: 0.135 \n"}
,{"stream_name":"stdout","time":10957.215308576,"data":"(epoch: 19, iters: 280, time: 0.188, data: 0.003) G_GAN: 2.297 G_LPIPS: 56.006 D_real: 0.007 D_fake: 0.182 \n"}
,{"stream_name":"stdout","time":10957.215313715,"data":"(epoch: 19, iters: 300, time: 0.188, data: 0.003) G_GAN: 2.950 G_LPIPS: 56.996 D_real: 0.070 D_fake: 0.072 \n"}
,{"stream_name":"stdout","time":10957.215318786,"data":"(epoch: 19, iters: 320, time: 0.210, data: 0.004) G_GAN: 2.489 G_LPIPS: 55.596 D_real: 0.043 D_fake: 0.146 \n"}
,{"stream_name":"stdout","time":10957.215323975,"data":"(epoch: 19, iters: 340, time: 0.187, data: 0.003) G_GAN: 2.602 G_LPIPS: 57.929 D_real: 0.043 D_fake: 0.095 \n"}
,{"stream_name":"stdout","time":10957.215328912,"data":"(epoch: 19, iters: 360, time: 0.186, data: 0.003) G_GAN: 2.612 G_LPIPS: 60.982 D_real: 0.002 D_fake: 0.136 \n"}
,{"stream_name":"stdout","time":10957.215334157,"data":"(epoch: 19, iters: 380, time: 0.187, data: 0.003) G_GAN: 2.593 G_LPIPS: 60.762 D_real: 0.002 D_fake: 0.094 \n"}
,{"stream_name":"stdout","time":10957.215356305,"data":"(epoch: 19, iters: 400, time: 0.186, data: 0.003) G_GAN: 1.884 G_LPIPS: 57.469 D_real: 0.205 D_fake: 0.286 \n"}
,{"stream_name":"stdout","time":10957.21536148,"data":"(epoch: 19, iters: 420, time: 0.185, data: 0.003) G_GAN: 3.107 G_LPIPS: 58.019 D_real: 0.003 D_fake: 0.068 \n"}
,{"stream_name":"stdout","time":10957.215366167,"data":"(epoch: 19, iters: 440, time: 0.186, data: 0.003) G_GAN: 1.923 G_LPIPS: 58.168 D_real: 0.043 D_fake: 0.247 \n"}
,{"stream_name":"stdout","time":10957.215370704,"data":"(epoch: 19, iters: 460, time: 0.187, data: 0.003) G_GAN: 2.425 G_LPIPS: 56.902 D_real: 0.123 D_fake: 0.111 \n"}
,{"stream_name":"stdout","time":10957.215375113,"data":"(epoch: 19, iters: 480, time: 0.186, data: 0.003) G_GAN: 2.215 G_LPIPS: 55.945 D_real: 0.851 D_fake: 0.111 \n"}
,{"stream_name":"stdout","time":10957.215379642,"data":"(epoch: 19, iters: 500, time: 0.187, data: 0.003) G_GAN: 2.272 G_LPIPS: 56.505 D_real: 0.395 D_fake: 0.137 \n"}
,{"stream_name":"stdout","time":10957.215384308,"data":"(epoch: 19, iters: 520, time: 0.185, data: 0.003) G_GAN: 1.763 G_LPIPS: 52.503 D_real: 0.084 D_fake: 0.341 \n"}
,{"stream_name":"stdout","time":10957.215388861,"data":"(epoch: 19, iters: 540, time: 0.188, data: 0.003) G_GAN: 2.709 G_LPIPS: 57.705 D_real: 0.591 D_fake: 0.070 \n"}
,{"stream_name":"stdout","time":10957.215393589,"data":"(epoch: 19, iters: 560, time: 0.186, data: 0.003) G_GAN: 1.879 G_LPIPS: 54.299 D_real: 0.033 D_fake: 0.240 \n"}
,{"stream_name":"stdout","time":10957.215397932,"data":"(epoch: 19, iters: 580, time: 0.186, data: 0.003) G_GAN: 2.316 G_LPIPS: 56.464 D_real: 0.106 D_fake: 0.154 \n"}
,{"stream_name":"stdout","time":10957.215402192,"data":"(epoch: 19, iters: 600, time: 0.236, data: 0.004) G_GAN: 2.105 G_LPIPS: 61.010 D_real: 0.014 D_fake: 0.225 \n"}
,{"stream_name":"stdout","time":10957.215407177,"data":"(epoch: 19, iters: 620, time: 0.186, data: 0.003) G_GAN: 3.294 G_LPIPS: 56.994 D_real: 0.076 D_fake: 0.051 \n"}
,{"stream_name":"stdout","time":10957.215411098,"data":"(epoch: 19, iters: 640, time: 0.186, data: 0.004) G_GAN: 2.313 G_LPIPS: 54.194 D_real: 0.312 D_fake: 0.111 \n"}
,{"stream_name":"stdout","time":10957.215414933,"data":"(epoch: 19, iters: 660, time: 0.186, data: 0.003) G_GAN: 2.575 G_LPIPS: 54.053 D_real: 0.037 D_fake: 0.143 \n"}
,{"stream_name":"stdout","time":10957.215419301,"data":"(epoch: 19, iters: 680, time: 0.186, data: 0.003) G_GAN: 2.247 G_LPIPS: 52.465 D_real: 0.273 D_fake: 0.151 \n"}
,{"stream_name":"stdout","time":10957.215423522,"data":"(epoch: 19, iters: 700, time: 0.186, data: 0.003) G_GAN: 1.452 G_LPIPS: 45.625 D_real: 0.566 D_fake: 0.300 \n"}
,{"stream_name":"stdout","time":10957.215428321,"data":"(epoch: 19, iters: 720, time: 0.208, data: 0.003) G_GAN: 2.902 G_LPIPS: 55.209 D_real: 0.185 D_fake: 0.080 \n"}
,{"stream_name":"stdout","time":10957.21543274,"data":"saving the latest model (epoch 19, total_iters 90000)\n"}
,{"stream_name":"stdout","time":10957.215436735,"data":"(epoch: 19, iters: 740, time: 0.191, data: 0.003) G_GAN: 2.997 G_LPIPS: 56.210 D_real: 0.422 D_fake: 0.060 \n"}
,{"stream_name":"stdout","time":10957.215441298,"data":"(epoch: 19, iters: 760, time: 0.187, data: 0.003) G_GAN: 1.848 G_LPIPS: 54.389 D_real: 0.029 D_fake: 0.288 \n"}
,{"stream_name":"stdout","time":10957.215445225,"data":"(epoch: 19, iters: 780, time: 0.185, data: 0.003) G_GAN: 2.159 G_LPIPS: 52.702 D_real: 0.265 D_fake: 0.171 \n"}
,{"stream_name":"stdout","time":10957.215451027,"data":"(epoch: 19, iters: 800, time: 0.187, data: 0.003) G_GAN: 2.509 G_LPIPS: 52.464 D_real: 0.136 D_fake: 0.128 \n"}
,{"stream_name":"stdout","time":10957.215460564,"data":"(epoch: 19, iters: 820, time: 0.188, data: 0.003) G_GAN: 2.241 G_LPIPS: 56.774 D_real: 1.203 D_fake: 0.065 \n"}
,{"stream_name":"stdout","time":10957.215470132,"data":"(epoch: 19, iters: 840, time: 0.187, data: 0.004) G_GAN: 1.733 G_LPIPS: 57.657 D_real: 0.024 D_fake: 0.434 \n"}
,{"stream_name":"stdout","time":10957.215473141,"data":"(epoch: 19, iters: 860, time: 0.237, data: 0.003) G_GAN: 1.190 G_LPIPS: 50.175 D_real: 0.512 D_fake: 0.382 \n"}
,{"stream_name":"stdout","time":10957.215476032,"data":"(epoch: 19, iters: 880, time: 0.186, data: 0.003) G_GAN: 3.138 G_LPIPS: 55.556 D_real: 0.131 D_fake: 0.059 \n"}
,{"stream_name":"stdout","time":10957.215478735,"data":"(epoch: 19, iters: 900, time: 0.187, data: 0.003) G_GAN: 1.946 G_LPIPS: 54.398 D_real: 0.898 D_fake: 0.147 \n"}
,{"stream_name":"stdout","time":10957.215481424,"data":"(epoch: 19, iters: 920, time: 0.189, data: 0.003) G_GAN: 2.611 G_LPIPS: 55.268 D_real: 0.186 D_fake: 0.110 \n"}
,{"stream_name":"stdout","time":10957.215484189,"data":"(epoch: 19, iters: 940, time: 0.188, data: 0.003) G_GAN: 2.083 G_LPIPS: 53.664 D_real: 0.053 D_fake: 0.241 \n"}
,{"stream_name":"stdout","time":10957.215486886,"data":"(epoch: 19, iters: 960, time: 0.186, data: 0.003) G_GAN: 2.179 G_LPIPS: 54.338 D_real: 0.131 D_fake: 0.205 \n"}
,{"stream_name":"stdout","time":10957.215489669,"data":"(epoch: 19, iters: 980, time: 0.188, data: 0.003) G_GAN: 1.460 G_LPIPS: 55.071 D_real: 0.005 D_fake: 0.788 \n"}
,{"stream_name":"stdout","time":10957.215492361,"data":"(epoch: 19, iters: 1000, time: 0.185, data: 0.003) G_GAN: 2.490 G_LPIPS: 54.622 D_real: 0.337 D_fake: 0.112 \n"}
,{"stream_name":"stdout","time":10957.215495047,"data":"(epoch: 19, iters: 1020, time: 0.193, data: 0.004) G_GAN: 2.702 G_LPIPS: 57.591 D_real: 0.108 D_fake: 0.100 \n"}
,{"stream_name":"stdout","time":10957.215497821,"data":"(epoch: 19, iters: 1040, time: 0.233, data: 0.003) G_GAN: 2.538 G_LPIPS: 54.604 D_real: 0.130 D_fake: 0.103 \n"}
,{"stream_name":"stdout","time":10957.215500504,"data":"(epoch: 19, iters: 1060, time: 0.185, data: 0.003) G_GAN: 2.166 G_LPIPS: 57.415 D_real: 0.059 D_fake: 0.160 \n"}
,{"stream_name":"stdout","time":10957.215503213,"data":"(epoch: 19, iters: 1080, time: 0.185, data: 0.003) G_GAN: 3.009 G_LPIPS: 58.718 D_real: 0.155 D_fake: 0.080 \n"}
,{"stream_name":"stdout","time":10957.215505898,"data":"(epoch: 19, iters: 1100, time: 0.186, data: 0.003) G_GAN: 2.095 G_LPIPS: 57.434 D_real: 0.011 D_fake: 0.194 \n"}
,{"stream_name":"stdout","time":10957.215508683,"data":"(epoch: 19, iters: 1120, time: 0.190, data: 0.003) G_GAN: 3.122 G_LPIPS: 59.592 D_real: 0.003 D_fake: 0.069 \n"}
,{"stream_name":"stdout","time":10957.215512012,"data":"(epoch: 19, iters: 1140, time: 0.239, data: 0.003) G_GAN: 2.193 G_LPIPS: 54.666 D_real: 0.105 D_fake: 0.175 \n"}
,{"stream_name":"stdout","time":10957.215514741,"data":"(epoch: 19, iters: 1160, time: 0.188, data: 0.003) G_GAN: 2.234 G_LPIPS: 58.013 D_real: 0.104 D_fake: 0.167 \n"}
,{"stream_name":"stdout","time":10957.215517423,"data":"(epoch: 19, iters: 1180, time: 0.188, data: 0.003) G_GAN: 2.741 G_LPIPS: 54.778 D_real: 0.058 D_fake: 0.099 \n"}
,{"stream_name":"stdout","time":10957.215520201,"data":"(epoch: 19, iters: 1200, time: 0.188, data: 0.003) G_GAN: 2.192 G_LPIPS: 55.234 D_real: 0.074 D_fake: 0.192 \n"}
,{"stream_name":"stdout","time":10957.215522895,"data":"(epoch: 19, iters: 1220, time: 0.238, data: 0.003) G_GAN: 2.677 G_LPIPS: 54.618 D_real: 0.273 D_fake: 0.090 \n"}
,{"stream_name":"stdout","time":10957.215525579,"data":"(epoch: 19, iters: 1240, time: 0.187, data: 0.003) G_GAN: 3.221 G_LPIPS: 55.989 D_real: 0.125 D_fake: 0.056 \n"}
,{"stream_name":"stdout","time":10957.215528249,"data":"(epoch: 19, iters: 1260, time: 0.188, data: 0.003) G_GAN: 2.447 G_LPIPS: 56.896 D_real: 0.052 D_fake: 0.150 \n"}
,{"stream_name":"stdout","time":10957.215530929,"data":"(epoch: 19, iters: 1280, time: 0.188, data: 0.004) G_GAN: 2.682 G_LPIPS: 57.381 D_real: 0.036 D_fake: 0.099 \n"}
,{"stream_name":"stdout","time":10957.215535879,"data":"(epoch: 19, iters: 1300, time: 0.186, data: 0.004) G_GAN: 2.728 G_LPIPS: 54.017 D_real: 0.117 D_fake: 0.103 \n"}
,{"stream_name":"stdout","time":10957.215538721,"data":"(epoch: 19, iters: 1320, time: 0.239, data: 0.003) G_GAN: 3.506 G_LPIPS: 53.355 D_real: 0.076 D_fake: 0.042 \n"}
,{"stream_name":"stdout","time":10957.215541415,"data":"(epoch: 19, iters: 1340, time: 0.188, data: 0.003) G_GAN: 2.369 G_LPIPS: 53.945 D_real: 0.023 D_fake: 0.138 \n"}
,{"stream_name":"stdout","time":10957.215544138,"data":"(epoch: 19, iters: 1360, time: 0.187, data: 0.003) G_GAN: 2.383 G_LPIPS: 54.506 D_real: 0.729 D_fake: 0.094 \n"}
,{"stream_name":"stdout","time":10957.215546848,"data":"(epoch: 19, iters: 1380, time: 0.187, data: 0.003) G_GAN: 2.508 G_LPIPS: 54.224 D_real: 0.067 D_fake: 0.134 \n"}
,{"stream_name":"stdout","time":10957.215549564,"data":"(epoch: 19, iters: 1400, time: 0.188, data: 0.004) G_GAN: 2.170 G_LPIPS: 54.980 D_real: 0.127 D_fake: 0.158 \n"}
,{"stream_name":"stdout","time":10957.215552267,"data":"(epoch: 19, iters: 1420, time: 0.189, data: 0.003) G_GAN: 1.983 G_LPIPS: 56.333 D_real: 0.012 D_fake: 0.262 \n"}
,{"stream_name":"stdout","time":10957.215554968,"data":"(epoch: 19, iters: 1440, time: 0.186, data: 0.003) G_GAN: 2.631 G_LPIPS: 54.512 D_real: 0.232 D_fake: 0.089 \n"}
,{"stream_name":"stdout","time":10957.215610107,"data":"(epoch: 19, iters: 1460, time: 0.187, data: 0.003) G_GAN: 1.532 G_LPIPS: 55.178 D_real: 0.137 D_fake: 0.291 \n"}
,{"stream_name":"stdout","time":10957.215620253,"data":"(epoch: 19, iters: 1480, time: 0.188, data: 0.003) G_GAN: 2.584 G_LPIPS: 54.767 D_real: 0.243 D_fake: 0.098 \n"}
,{"stream_name":"stdout","time":10957.215624487,"data":"(epoch: 19, iters: 1500, time: 0.241, data: 0.003) G_GAN: 2.050 G_LPIPS: 54.436 D_real: 0.250 D_fake: 0.196 \n"}
,{"stream_name":"stdout","time":11189.490394189,"data":"(epoch: 19, iters: 1520, time: 0.187, data: 0.003) G_GAN: 2.635 G_LPIPS: 56.800 D_real: 0.053 D_fake: 0.122 \n"}
,{"stream_name":"stdout","time":11189.490439234,"data":"(epoch: 19, iters: 1540, time: 0.195, data: 0.003) G_GAN: 2.582 G_LPIPS: 56.083 D_real: 0.089 D_fake: 0.124 \n"}
,{"stream_name":"stdout","time":11189.490444197,"data":"(epoch: 19, iters: 1560, time: 0.186, data: 0.003) G_GAN: 2.390 G_LPIPS: 52.286 D_real: 0.344 D_fake: 0.101 \n"}
,{"stream_name":"stdout","time":11189.490447551,"data":"(epoch: 19, iters: 1580, time: 0.187, data: 0.003) G_GAN: 2.391 G_LPIPS: 50.373 D_real: 0.700 D_fake: 0.090 \n"}
,{"stream_name":"stdout","time":11189.490450659,"data":"(epoch: 19, iters: 1600, time: 0.186, data: 0.003) G_GAN: 3.127 G_LPIPS: 51.596 D_real: 0.070 D_fake: 0.076 \n"}
,{"stream_name":"stdout","time":11189.490453728,"data":"(epoch: 19, iters: 1620, time: 0.188, data: 0.003) G_GAN: 2.269 G_LPIPS: 58.996 D_real: 0.123 D_fake: 0.154 \n"}
,{"stream_name":"stdout","time":11189.490456863,"data":"(epoch: 19, iters: 1640, time: 0.186, data: 0.003) G_GAN: 2.790 G_LPIPS: 53.579 D_real: 0.050 D_fake: 0.088 \n"}
,{"stream_name":"stdout","time":11189.490460062,"data":"(epoch: 19, iters: 1660, time: 0.186, data: 0.003) G_GAN: 2.739 G_LPIPS: 53.081 D_real: 0.159 D_fake: 0.088 \n"}
,{"stream_name":"stdout","time":11189.490463379,"data":"(epoch: 19, iters: 1680, time: 0.240, data: 0.003) G_GAN: 2.941 G_LPIPS: 53.748 D_real: 0.002 D_fake: 0.085 \n"}
,{"stream_name":"stdout","time":11189.490466325,"data":"(epoch: 19, iters: 1700, time: 0.186, data: 0.003) G_GAN: 2.147 G_LPIPS: 57.764 D_real: 0.026 D_fake: 0.211 \n"}
,{"stream_name":"stdout","time":11189.490469261,"data":"(epoch: 19, iters: 1720, time: 0.186, data: 0.003) G_GAN: 2.235 G_LPIPS: 52.532 D_real: 0.282 D_fake: 0.140 \n"}
,{"stream_name":"stdout","time":11189.490472201,"data":"(epoch: 19, iters: 1740, time: 0.187, data: 0.003) G_GAN: 2.373 G_LPIPS: 52.429 D_real: 0.408 D_fake: 0.130 \n"}
,{"stream_name":"stdout","time":11189.490488013,"data":"(epoch: 19, iters: 1760, time: 0.187, data: 0.004) G_GAN: 2.334 G_LPIPS: 52.613 D_real: 0.014 D_fake: 0.203 \n"}
,{"stream_name":"stdout","time":11189.490490523,"data":"(epoch: 19, iters: 1780, time: 0.188, data: 0.003) G_GAN: 2.260 G_LPIPS: 57.176 D_real: 0.127 D_fake: 0.128 \n"}
,{"stream_name":"stdout","time":11189.490492805,"data":"(epoch: 19, iters: 1800, time: 0.188, data: 0.003) G_GAN: 2.832 G_LPIPS: 55.846 D_real: 0.201 D_fake: 0.087 \n"}
,{"stream_name":"stdout","time":11189.490496128,"data":"(epoch: 19, iters: 1820, time: 0.189, data: 0.003) G_GAN: 1.930 G_LPIPS: 57.231 D_real: 0.059 D_fake: 0.295 \n"}
,{"stream_name":"stdout","time":11189.490499581,"data":"(epoch: 19, iters: 1840, time: 0.188, data: 0.003) G_GAN: 1.626 G_LPIPS: 59.075 D_real: 0.131 D_fake: 0.491 \n"}
,{"stream_name":"stdout","time":11189.490502714,"data":"(epoch: 19, iters: 1860, time: 0.237, data: 0.003) G_GAN: 2.428 G_LPIPS: 50.729 D_real: 0.300 D_fake: 0.113 \n"}
,{"stream_name":"stdout","time":11189.490505118,"data":"(epoch: 19, iters: 1880, time: 0.188, data: 0.003) G_GAN: 2.569 G_LPIPS: 60.898 D_real: 0.010 D_fake: 0.117 \n"}
,{"stream_name":"stdout","time":11189.490508312,"data":"(epoch: 19, iters: 1900, time: 0.188, data: 0.003) G_GAN: 2.141 G_LPIPS: 55.628 D_real: 0.466 D_fake: 0.156 \n"}
,{"stream_name":"stdout","time":11189.490510623,"data":"(epoch: 19, iters: 1920, time: 0.186, data: 0.003) G_GAN: 2.803 G_LPIPS: 57.683 D_real: 0.002 D_fake: 0.117 \n"}
,{"stream_name":"stdout","time":11189.490512889,"data":"(epoch: 19, iters: 1940, time: 0.195, data: 0.004) G_GAN: 2.415 G_LPIPS: 56.821 D_real: 0.088 D_fake: 0.133 \n"}
,{"stream_name":"stdout","time":11189.490515328,"data":"(epoch: 19, iters: 1960, time: 0.237, data: 0.003) G_GAN: 1.766 G_LPIPS: 55.685 D_real: 0.329 D_fake: 0.204 \n"}
,{"stream_name":"stdout","time":11189.490517791,"data":"(epoch: 19, iters: 1980, time: 0.188, data: 0.003) G_GAN: 1.908 G_LPIPS: 60.410 D_real: 0.009 D_fake: 0.277 \n"}
,{"stream_name":"stdout","time":11189.490520074,"data":"(epoch: 19, iters: 2000, time: 0.187, data: 0.003) G_GAN: 2.896 G_LPIPS: 55.590 D_real: 0.224 D_fake: 0.063 \n"}
,{"stream_name":"stdout","time":11189.490522354,"data":"(epoch: 19, iters: 2020, time: 0.187, data: 0.003) G_GAN: 2.631 G_LPIPS: 54.917 D_real: 0.029 D_fake: 0.104 \n"}
,{"stream_name":"stdout","time":11189.490524708,"data":"(epoch: 19, iters: 2040, time: 0.219, data: 0.003) G_GAN: 3.166 G_LPIPS: 57.230 D_real: 0.128 D_fake: 0.060 \n"}
,{"stream_name":"stdout","time":11189.490527004,"data":"(epoch: 19, iters: 2060, time: 0.187, data: 0.003) G_GAN: 2.431 G_LPIPS: 56.928 D_real: 0.132 D_fake: 0.132 \n"}
,{"stream_name":"stdout","time":11189.490529277,"data":"(epoch: 19, iters: 2080, time: 0.187, data: 0.003) G_GAN: 2.540 G_LPIPS: 57.904 D_real: 0.049 D_fake: 0.108 \n"}
,{"stream_name":"stdout","time":11189.490531565,"data":"(epoch: 19, iters: 2100, time: 0.187, data: 0.003) G_GAN: 1.910 G_LPIPS: 58.510 D_real: 0.275 D_fake: 0.232 \n"}
,{"stream_name":"stdout","time":11189.490533847,"data":"(epoch: 19, iters: 2120, time: 0.187, data: 0.003) G_GAN: 2.404 G_LPIPS: 56.920 D_real: 0.088 D_fake: 0.149 \n"}
,{"stream_name":"stdout","time":11189.490536159,"data":"(epoch: 19, iters: 2140, time: 0.244, data: 0.003) G_GAN: 2.254 G_LPIPS: 54.523 D_real: 0.251 D_fake: 0.138 \n"}
,{"stream_name":"stdout","time":11189.490538419,"data":"(epoch: 19, iters: 2160, time: 0.186, data: 0.003) G_GAN: 1.719 G_LPIPS: 56.484 D_real: 0.091 D_fake: 0.399 \n"}
,{"stream_name":"stdout","time":11189.490540749,"data":"(epoch: 19, iters: 2180, time: 0.188, data: 0.003) G_GAN: 3.195 G_LPIPS: 55.681 D_real: 0.663 D_fake: 0.042 \n"}
,{"stream_name":"stdout","time":11189.490543225,"data":"(epoch: 19, iters: 2200, time: 0.191, data: 0.003) G_GAN: 2.653 G_LPIPS: 53.906 D_real: 0.223 D_fake: 0.092 \n"}
,{"stream_name":"stdout","time":11189.490548007,"data":"(epoch: 19, iters: 2220, time: 0.188, data: 0.003) G_GAN: 1.949 G_LPIPS: 58.130 D_real: 0.037 D_fake: 0.224 \n"}
,{"stream_name":"stdout","time":11189.490550472,"data":"(epoch: 19, iters: 2240, time: 0.189, data: 0.003) G_GAN: 2.341 G_LPIPS: 56.286 D_real: 0.520 D_fake: 0.108 \n"}
,{"stream_name":"stdout","time":11189.490552756,"data":"(epoch: 19, iters: 2260, time: 0.188, data: 0.003) G_GAN: 2.438 G_LPIPS: 56.133 D_real: 0.062 D_fake: 0.140 \n"}
,{"stream_name":"stdout","time":11189.490555251,"data":"(epoch: 19, iters: 2280, time: 0.187, data: 0.003) G_GAN: 2.361 G_LPIPS: 56.331 D_real: 0.054 D_fake: 0.150 \n"}
,{"stream_name":"stdout","time":11189.490557576,"data":"(epoch: 19, iters: 2300, time: 0.189, data: 0.003) G_GAN: 3.431 G_LPIPS: 52.972 D_real: 0.166 D_fake: 0.045 \n"}
,{"stream_name":"stdout","time":11189.490593174,"data":"(epoch: 19, iters: 2320, time: 0.237, data: 0.003) G_GAN: 3.301 G_LPIPS: 53.433 D_real: 0.110 D_fake: 0.050 \n"}
,{"stream_name":"stdout","time":11189.490600408,"data":"(epoch: 19, iters: 2340, time: 0.187, data: 0.004) G_GAN: 2.196 G_LPIPS: 55.507 D_real: 0.004 D_fake: 0.180 \n"}
,{"stream_name":"stdout","time":11189.490604105,"data":"(epoch: 19, iters: 2360, time: 0.189, data: 0.003) G_GAN: 2.307 G_LPIPS: 51.390 D_real: 0.109 D_fake: 0.168 \n"}
,{"stream_name":"stdout","time":11189.490607623,"data":"(epoch: 19, iters: 2380, time: 0.188, data: 0.003) G_GAN: 2.475 G_LPIPS: 54.819 D_real: 0.393 D_fake: 0.095 \n"}
,{"stream_name":"stdout","time":11189.490611351,"data":"(epoch: 19, iters: 2400, time: 0.191, data: 0.003) G_GAN: 2.238 G_LPIPS: 57.693 D_real: 0.992 D_fake: 0.087 \n"}
,{"stream_name":"stdout","time":11189.490614844,"data":"(epoch: 19, iters: 2420, time: 0.239, data: 0.003) G_GAN: 3.049 G_LPIPS: 56.577 D_real: 0.341 D_fake: 0.061 \n"}
,{"stream_name":"stdout","time":11189.490618351,"data":"(epoch: 19, iters: 2440, time: 0.187, data: 0.003) G_GAN: 2.382 G_LPIPS: 50.944 D_real: 0.469 D_fake: 0.108 \n"}
,{"stream_name":"stdout","time":11189.490626944,"data":"(epoch: 19, iters: 2460, time: 0.187, data: 0.003) G_GAN: 2.689 G_LPIPS: 59.907 D_real: 0.063 D_fake: 0.109 \n"}
,{"stream_name":"stdout","time":11189.490630461,"data":"(epoch: 19, iters: 2480, time: 0.187, data: 0.003) G_GAN: 2.718 G_LPIPS: 54.437 D_real: 0.211 D_fake: 0.101 \n"}
,{"stream_name":"stdout","time":11189.490632814,"data":"(epoch: 19, iters: 2500, time: 0.188, data: 0.003) G_GAN: 1.831 G_LPIPS: 50.713 D_real: 0.789 D_fake: 0.174 \n"}
,{"stream_name":"stdout","time":11189.490635094,"data":"(epoch: 19, iters: 2520, time: 0.188, data: 0.003) G_GAN: 1.987 G_LPIPS: 55.921 D_real: 0.010 D_fake: 0.360 \n"}
,{"stream_name":"stdout","time":11189.49063737,"data":"(epoch: 19, iters: 2540, time: 0.187, data: 0.003) G_GAN: 3.047 G_LPIPS: 53.730 D_real: 0.313 D_fake: 0.052 \n"}
,{"stream_name":"stdout","time":11189.490639643,"data":"(epoch: 19, iters: 2560, time: 0.187, data: 0.003) G_GAN: 2.385 G_LPIPS: 51.310 D_real: 0.559 D_fake: 0.111 \n"}
,{"stream_name":"stdout","time":11189.490641926,"data":"(epoch: 19, iters: 2580, time: 0.188, data: 0.003) G_GAN: 3.553 G_LPIPS: 57.897 D_real: 0.104 D_fake: 0.041 \n"}
,{"stream_name":"stdout","time":11189.490644211,"data":"(epoch: 19, iters: 2600, time: 0.236, data: 0.003) G_GAN: 2.492 G_LPIPS: 58.119 D_real: 0.013 D_fake: 0.109 \n"}
,{"stream_name":"stdout","time":11189.490646517,"data":"(epoch: 19, iters: 2620, time: 0.186, data: 0.003) G_GAN: 2.512 G_LPIPS: 62.406 D_real: 0.015 D_fake: 0.142 \n"}
,{"stream_name":"stdout","time":11189.490648814,"data":"(epoch: 19, iters: 2640, time: 0.186, data: 0.003) G_GAN: 2.761 G_LPIPS: 58.223 D_real: 0.025 D_fake: 0.108 \n"}
,{"stream_name":"stdout","time":11189.490651568,"data":"(epoch: 19, iters: 2660, time: 0.195, data: 0.003) G_GAN: 2.216 G_LPIPS: 59.025 D_real: 0.080 D_fake: 0.190 \n"}
,{"stream_name":"stdout","time":11189.490657009,"data":"(epoch: 19, iters: 2680, time: 0.189, data: 0.003) G_GAN: 2.443 G_LPIPS: 51.698 D_real: 0.051 D_fake: 0.137 \n"}
,{"stream_name":"stdout","time":11189.490659432,"data":"(epoch: 19, iters: 2700, time: 0.237, data: 0.003) G_GAN: 1.695 G_LPIPS: 57.552 D_real: 0.386 D_fake: 0.251 \n"}
,{"stream_name":"stdout","time":11189.490661703,"data":"(epoch: 19, iters: 2720, time: 0.208, data: 0.003) G_GAN: 3.566 G_LPIPS: 50.426 D_real: 0.019 D_fake: 0.044 \n"}
,{"stream_name":"stdout","time":11189.490664001,"data":"(epoch: 19, iters: 2740, time: 0.187, data: 0.003) G_GAN: 2.829 G_LPIPS: 58.632 D_real: 0.426 D_fake: 0.066 \n"}
,{"stream_name":"stdout","time":11189.490666284,"data":"(epoch: 19, iters: 2760, time: 0.187, data: 0.003) G_GAN: 1.713 G_LPIPS: 52.656 D_real: 0.239 D_fake: 0.279 \n"}
,{"stream_name":"stdout","time":11189.490668596,"data":"(epoch: 19, iters: 2780, time: 0.187, data: 0.003) G_GAN: 2.372 G_LPIPS: 52.032 D_real: 0.045 D_fake: 0.161 \n"}
,{"stream_name":"stdout","time":11189.490670858,"data":"(epoch: 19, iters: 2800, time: 0.189, data: 0.003) G_GAN: 2.152 G_LPIPS: 53.765 D_real: 0.194 D_fake: 0.177 \n"}
,{"stream_name":"stdout","time":11189.490673198,"data":"(epoch: 19, iters: 2820, time: 0.187, data: 0.003) G_GAN: 1.819 G_LPIPS: 53.193 D_real: 0.540 D_fake: 0.193 \n"}
,{"stream_name":"stdout","time":11189.49067549,"data":"(epoch: 19, iters: 2840, time: 0.188, data: 0.003) G_GAN: 2.334 G_LPIPS: 57.370 D_real: 0.078 D_fake: 0.155 \n"}
,{"stream_name":"stdout","time":11189.490677753,"data":"(epoch: 19, iters: 2860, time: 0.188, data: 0.003) G_GAN: 2.299 G_LPIPS: 53.469 D_real: 0.065 D_fake: 0.150 \n"}
,{"stream_name":"stdout","time":11189.490680032,"data":"(epoch: 19, iters: 2880, time: 0.237, data: 0.003) G_GAN: 2.155 G_LPIPS: 58.756 D_real: 0.036 D_fake: 0.202 \n"}
,{"stream_name":"stdout","time":11189.490682303,"data":"(epoch: 19, iters: 2900, time: 0.188, data: 0.003) G_GAN: 2.460 G_LPIPS: 59.379 D_real: 0.156 D_fake: 0.129 \n"}
,{"stream_name":"stdout","time":11189.490684615,"data":"(epoch: 19, iters: 2920, time: 0.191, data: 0.003) G_GAN: 2.687 G_LPIPS: 59.511 D_real: 0.024 D_fake: 0.117 \n"}
,{"stream_name":"stdout","time":11189.49068698,"data":"(epoch: 19, iters: 2940, time: 0.187, data: 0.003) G_GAN: 2.644 G_LPIPS: 59.621 D_real: 0.030 D_fake: 0.104 \n"}
,{"stream_name":"stdout","time":11189.490689334,"data":"(epoch: 19, iters: 2960, time: 0.189, data: 0.003) G_GAN: 2.607 G_LPIPS: 56.542 D_real: 0.041 D_fake: 0.137 \n"}
,{"stream_name":"stdout","time":11189.490691727,"data":"(epoch: 19, iters: 2980, time: 0.237, data: 0.003) G_GAN: 2.104 G_LPIPS: 56.646 D_real: 0.127 D_fake: 0.161 \n"}
,{"stream_name":"stdout","time":11189.49070911,"data":"(epoch: 19, iters: 3000, time: 0.190, data: 0.003) G_GAN: 2.205 G_LPIPS: 59.051 D_real: 0.019 D_fake: 0.210 \n"}
,{"stream_name":"stdout","time":11189.490713302,"data":"(epoch: 19, iters: 3020, time: 0.189, data: 0.003) G_GAN: 2.576 G_LPIPS: 59.377 D_real: 0.455 D_fake: 0.073 \n"}
,{"stream_name":"stdout","time":11424.545068372,"data":"(epoch: 19, iters: 3040, time: 0.188, data: 0.003) G_GAN: 2.235 G_LPIPS: 56.119 D_real: 0.081 D_fake: 0.188 \n"}
,{"stream_name":"stdout","time":11424.54511039,"data":"(epoch: 19, iters: 3060, time: 0.189, data: 0.003) G_GAN: 2.803 G_LPIPS: 54.284 D_real: 0.129 D_fake: 0.090 \n"}
,{"stream_name":"stdout","time":11424.545117632,"data":"(epoch: 19, iters: 3080, time: 0.189, data: 0.003) G_GAN: 2.464 G_LPIPS: 54.569 D_real: 0.103 D_fake: 0.120 \n"}
,{"stream_name":"stdout","time":11424.545123377,"data":"(epoch: 19, iters: 3100, time: 0.188, data: 0.003) G_GAN: 2.621 G_LPIPS: 53.503 D_real: 0.498 D_fake: 0.085 \n"}
,{"stream_name":"stdout","time":11424.545142146,"data":"(epoch: 19, iters: 3120, time: 0.187, data: 0.003) G_GAN: 2.722 G_LPIPS: 56.648 D_real: 0.014 D_fake: 0.104 \n"}
,{"stream_name":"stdout","time":11424.545146055,"data":"(epoch: 19, iters: 3140, time: 0.190, data: 0.003) G_GAN: 2.586 G_LPIPS: 59.524 D_real: 0.012 D_fake: 0.107 \n"}
,{"stream_name":"stdout","time":11424.545149677,"data":"(epoch: 19, iters: 3160, time: 0.239, data: 0.003) G_GAN: 1.948 G_LPIPS: 54.432 D_real: 0.138 D_fake: 0.234 \n"}
,{"stream_name":"stdout","time":11424.545153192,"data":"(epoch: 19, iters: 3180, time: 0.189, data: 0.003) G_GAN: 2.550 G_LPIPS: 58.525 D_real: 0.071 D_fake: 0.132 \n"}
,{"stream_name":"stdout","time":11424.545156694,"data":"(epoch: 19, iters: 3200, time: 0.188, data: 0.003) G_GAN: 3.034 G_LPIPS: 49.567 D_real: 1.148 D_fake: 0.035 \n"}
,{"stream_name":"stdout","time":11424.545160214,"data":"(epoch: 19, iters: 3220, time: 0.188, data: 0.003) G_GAN: 1.619 G_LPIPS: 55.235 D_real: 0.016 D_fake: 0.457 \n"}
,{"stream_name":"stdout","time":11424.545163834,"data":"(epoch: 19, iters: 3240, time: 0.189, data: 0.003) G_GAN: 2.892 G_LPIPS: 58.991 D_real: 0.176 D_fake: 0.085 \n"}
,{"stream_name":"stdout","time":11424.545167432,"data":"(epoch: 19, iters: 3260, time: 0.241, data: 0.003) G_GAN: 1.705 G_LPIPS: 61.500 D_real: 0.000 D_fake: 0.324 \n"}
,{"stream_name":"stdout","time":11424.545184422,"data":"(epoch: 19, iters: 3280, time: 0.192, data: 0.003) G_GAN: 2.136 G_LPIPS: 55.848 D_real: 0.037 D_fake: 0.208 \n"}
,{"stream_name":"stdout","time":11424.545187026,"data":"(epoch: 19, iters: 3300, time: 0.188, data: 0.003) G_GAN: 2.763 G_LPIPS: 58.737 D_real: 0.321 D_fake: 0.065 \n"}
,{"stream_name":"stdout","time":11424.545190086,"data":"(epoch: 19, iters: 3320, time: 0.190, data: 0.003) G_GAN: 1.817 G_LPIPS: 54.222 D_real: 0.237 D_fake: 0.210 \n"}
,{"stream_name":"stdout","time":11424.545207073,"data":"(epoch: 19, iters: 3340, time: 0.189, data: 0.003) G_GAN: 2.350 G_LPIPS: 55.334 D_real: 0.037 D_fake: 0.162 \n"}
,{"stream_name":"stdout","time":11424.545211414,"data":"(epoch: 19, iters: 3360, time: 0.240, data: 0.003) G_GAN: 1.846 G_LPIPS: 55.338 D_real: 0.675 D_fake: 0.163 \n"}
,{"stream_name":"stdout","time":11424.545216076,"data":"(epoch: 19, iters: 3380, time: 0.189, data: 0.003) G_GAN: 2.474 G_LPIPS: 49.448 D_real: 0.088 D_fake: 0.151 \n"}
,{"stream_name":"stdout","time":11424.545220428,"data":"(epoch: 19, iters: 3400, time: 0.188, data: 0.003) G_GAN: 2.494 G_LPIPS: 51.826 D_real: 0.098 D_fake: 0.125 \n"}
,{"stream_name":"stdout","time":11424.545225704,"data":"(epoch: 19, iters: 3420, time: 0.188, data: 0.003) G_GAN: 1.811 G_LPIPS: 54.603 D_real: 0.003 D_fake: 0.293 \n"}
,{"stream_name":"stdout","time":11424.545229319,"data":"(epoch: 19, iters: 3440, time: 0.192, data: 0.003) G_GAN: 2.983 G_LPIPS: 55.318 D_real: 0.098 D_fake: 0.077 \n"}
,{"stream_name":"stdout","time":11424.545232818,"data":"(epoch: 19, iters: 3460, time: 0.189, data: 0.003) G_GAN: 1.668 G_LPIPS: 56.147 D_real: 0.013 D_fake: 0.289 \n"}
,{"stream_name":"stdout","time":11424.545236413,"data":"(epoch: 19, iters: 3480, time: 0.189, data: 0.003) G_GAN: 2.165 G_LPIPS: 55.169 D_real: 0.113 D_fake: 0.229 \n"}
,{"stream_name":"stdout","time":11424.545239918,"data":"(epoch: 19, iters: 3500, time: 0.188, data: 0.003) G_GAN: 2.708 G_LPIPS: 54.194 D_real: 0.141 D_fake: 0.087 \n"}
,{"stream_name":"stdout","time":11424.545243439,"data":"(epoch: 19, iters: 3520, time: 0.190, data: 0.003) G_GAN: 3.082 G_LPIPS: 52.901 D_real: 0.161 D_fake: 0.061 \n"}
,{"stream_name":"stdout","time":11424.545246956,"data":"(epoch: 19, iters: 3540, time: 0.236, data: 0.004) G_GAN: 1.859 G_LPIPS: 55.301 D_real: 0.153 D_fake: 0.215 \n"}
,{"stream_name":"stdout","time":11424.545250538,"data":"(epoch: 19, iters: 3560, time: 0.191, data: 0.003) G_GAN: 1.748 G_LPIPS: 61.479 D_real: 0.001 D_fake: 0.365 \n"}
,{"stream_name":"stdout","time":11424.545258151,"data":"(epoch: 19, iters: 3580, time: 0.191, data: 0.003) G_GAN: 2.625 G_LPIPS: 53.695 D_real: 0.215 D_fake: 0.098 \n"}
,{"stream_name":"stdout","time":11424.545262008,"data":"(epoch: 19, iters: 3600, time: 0.189, data: 0.004) G_GAN: 2.216 G_LPIPS: 60.271 D_real: 0.011 D_fake: 0.191 \n"}
,{"stream_name":"stdout","time":11424.545265512,"data":"(epoch: 19, iters: 3620, time: 0.190, data: 0.003) G_GAN: 1.923 G_LPIPS: 53.065 D_real: 0.048 D_fake: 0.279 \n"}
,{"stream_name":"stdout","time":11424.545269118,"data":"(epoch: 19, iters: 3640, time: 0.239, data: 0.003) G_GAN: 1.985 G_LPIPS: 58.630 D_real: 0.024 D_fake: 0.253 \n"}
,{"stream_name":"stdout","time":11424.545272618,"data":"(epoch: 19, iters: 3660, time: 0.189, data: 0.003) G_GAN: 2.437 G_LPIPS: 57.356 D_real: 0.210 D_fake: 0.117 \n"}
,{"stream_name":"stdout","time":11424.545276248,"data":"(epoch: 19, iters: 3680, time: 0.188, data: 0.003) G_GAN: 2.259 G_LPIPS: 55.658 D_real: 0.181 D_fake: 0.158 \n"}
,{"stream_name":"stdout","time":11424.545284526,"data":"(epoch: 19, iters: 3700, time: 0.197, data: 0.003) G_GAN: 2.098 G_LPIPS: 56.096 D_real: 0.011 D_fake: 0.231 \n"}
,{"stream_name":"stdout","time":11424.545287243,"data":"(epoch: 19, iters: 3720, time: 0.188, data: 0.003) G_GAN: 2.738 G_LPIPS: 54.462 D_real: 0.168 D_fake: 0.090 \n"}
,{"stream_name":"stdout","time":11424.545302176,"data":"(epoch: 19, iters: 3740, time: 0.240, data: 0.003) G_GAN: 3.132 G_LPIPS: 53.603 D_real: 0.083 D_fake: 0.070 \n"}
,{"stream_name":"stdout","time":11424.545306769,"data":"(epoch: 19, iters: 3760, time: 0.190, data: 0.003) G_GAN: 2.721 G_LPIPS: 49.428 D_real: 0.119 D_fake: 0.100 \n"}
,{"stream_name":"stdout","time":11424.545310646,"data":"(epoch: 19, iters: 3780, time: 0.194, data: 0.003) G_GAN: 3.024 G_LPIPS: 58.948 D_real: 0.137 D_fake: 0.069 \n"}
,{"stream_name":"stdout","time":11424.545315188,"data":"(epoch: 19, iters: 3800, time: 0.189, data: 0.003) G_GAN: 2.316 G_LPIPS: 57.201 D_real: 0.098 D_fake: 0.180 \n"}
,{"stream_name":"stdout","time":11424.545319236,"data":"(epoch: 19, iters: 3820, time: 0.188, data: 0.003) G_GAN: 2.088 G_LPIPS: 56.623 D_real: 0.302 D_fake: 0.167 \n"}
,{"stream_name":"stdout","time":11424.545322777,"data":"(epoch: 19, iters: 3840, time: 0.238, data: 0.003) G_GAN: 3.165 G_LPIPS: 59.533 D_real: 0.348 D_fake: 0.057 \n"}
,{"stream_name":"stdout","time":11424.545326276,"data":"(epoch: 19, iters: 3860, time: 0.189, data: 0.003) G_GAN: 2.681 G_LPIPS: 58.865 D_real: 0.009 D_fake: 0.125 \n"}
,{"stream_name":"stdout","time":11424.54532983,"data":"(epoch: 19, iters: 3880, time: 0.189, data: 0.004) G_GAN: 2.321 G_LPIPS: 51.875 D_real: 0.380 D_fake: 0.111 \n"}
,{"stream_name":"stdout","time":11424.545333371,"data":"(epoch: 19, iters: 3900, time: 0.189, data: 0.003) G_GAN: 1.909 G_LPIPS: 56.321 D_real: 0.075 D_fake: 0.237 \n"}
,{"stream_name":"stdout","time":11424.545336795,"data":"(epoch: 19, iters: 3920, time: 0.188, data: 0.003) G_GAN: 2.286 G_LPIPS: 57.501 D_real: 0.443 D_fake: 0.129 \n"}
,{"stream_name":"stdout","time":11424.545340259,"data":"(epoch: 19, iters: 3940, time: 0.189, data: 0.003) G_GAN: 3.430 G_LPIPS: 61.036 D_real: 0.027 D_fake: 0.051 \n"}
,{"stream_name":"stdout","time":11424.545343772,"data":"(epoch: 19, iters: 3960, time: 0.192, data: 0.003) G_GAN: 2.271 G_LPIPS: 53.070 D_real: 0.089 D_fake: 0.129 \n"}
,{"stream_name":"stdout","time":11424.545347248,"data":"(epoch: 19, iters: 3980, time: 0.189, data: 0.003) G_GAN: 1.909 G_LPIPS: 54.956 D_real: 0.136 D_fake: 0.250 \n"}
,{"stream_name":"stdout","time":11424.545350781,"data":"(epoch: 19, iters: 4000, time: 0.190, data: 0.003) G_GAN: 2.542 G_LPIPS: 51.499 D_real: 0.270 D_fake: 0.110 \n"}
,{"stream_name":"stdout","time":11424.545354231,"data":"(epoch: 19, iters: 4020, time: 0.241, data: 0.003) G_GAN: 1.807 G_LPIPS: 57.262 D_real: 0.026 D_fake: 0.339 \n"}
,{"stream_name":"stdout","time":11424.545360903,"data":"(epoch: 19, iters: 4040, time: 0.188, data: 0.003) G_GAN: 2.860 G_LPIPS: 56.954 D_real: 0.023 D_fake: 0.098 \n"}
,{"stream_name":"stdout","time":11424.545364442,"data":"(epoch: 19, iters: 4060, time: 0.189, data: 0.003) G_GAN: 2.285 G_LPIPS: 53.793 D_real: 0.114 D_fake: 0.159 \n"}
,{"stream_name":"stdout","time":11424.545367949,"data":"(epoch: 19, iters: 4080, time: 0.188, data: 0.003) G_GAN: 2.408 G_LPIPS: 53.819 D_real: 0.243 D_fake: 0.116 \n"}
,{"stream_name":"stdout","time":11424.545371457,"data":"(epoch: 19, iters: 4100, time: 0.189, data: 0.003) G_GAN: 1.861 G_LPIPS: 58.951 D_real: 0.030 D_fake: 0.331 \n"}
,{"stream_name":"stdout","time":11424.545380571,"data":"(epoch: 19, iters: 4120, time: 0.242, data: 0.003) G_GAN: 2.098 G_LPIPS: 51.246 D_real: 0.474 D_fake: 0.156 \n"}
,{"stream_name":"stdout","time":11424.545383533,"data":"(epoch: 19, iters: 4140, time: 0.188, data: 0.003) G_GAN: 2.594 G_LPIPS: 58.247 D_real: 0.121 D_fake: 0.112 \n"}
,{"stream_name":"stdout","time":11424.54539758,"data":"(epoch: 19, iters: 4160, time: 0.189, data: 0.003) G_GAN: 2.115 G_LPIPS: 55.162 D_real: 0.168 D_fake: 0.184 \n"}
,{"stream_name":"stdout","time":11424.545402639,"data":"(epoch: 19, iters: 4180, time: 0.189, data: 0.004) G_GAN: 2.124 G_LPIPS: 57.287 D_real: 0.501 D_fake: 0.138 \n"}
,{"stream_name":"stdout","time":11424.545406816,"data":"(epoch: 19, iters: 4200, time: 0.191, data: 0.003) G_GAN: 2.047 G_LPIPS: 54.368 D_real: 0.041 D_fake: 0.246 \n"}
,{"stream_name":"stdout","time":11424.545411981,"data":"(epoch: 19, iters: 4220, time: 0.240, data: 0.003) G_GAN: 2.668 G_LPIPS: 54.587 D_real: 0.064 D_fake: 0.110 \n"}
,{"stream_name":"stdout","time":11424.545415707,"data":"(epoch: 19, iters: 4240, time: 0.189, data: 0.003) G_GAN: 3.175 G_LPIPS: 55.269 D_real: 0.087 D_fake: 0.062 \n"}
,{"stream_name":"stdout","time":11424.545419186,"data":"(epoch: 19, iters: 4260, time: 0.189, data: 0.003) G_GAN: 2.420 G_LPIPS: 52.598 D_real: 0.187 D_fake: 0.138 \n"}
,{"stream_name":"stdout","time":11424.545422646,"data":"(epoch: 19, iters: 4280, time: 0.192, data: 0.003) G_GAN: 2.244 G_LPIPS: 53.649 D_real: 0.024 D_fake: 0.311 \n"}
,{"stream_name":"stdout","time":11424.545426134,"data":"(epoch: 19, iters: 4300, time: 0.190, data: 0.003) G_GAN: 2.584 G_LPIPS: 58.175 D_real: 0.009 D_fake: 0.145 \n"}
,{"stream_name":"stdout","time":11424.545429611,"data":"(epoch: 19, iters: 4320, time: 0.241, data: 0.003) G_GAN: 2.930 G_LPIPS: 57.327 D_real: 0.082 D_fake: 0.086 \n"}
,{"stream_name":"stdout","time":11424.545433114,"data":"(epoch: 19, iters: 4340, time: 0.189, data: 0.003) G_GAN: 2.683 G_LPIPS: 52.163 D_real: 0.049 D_fake: 0.120 \n"}
,{"stream_name":"stdout","time":11424.545436629,"data":"(epoch: 19, iters: 4360, time: 0.189, data: 0.003) G_GAN: 2.756 G_LPIPS: 53.384 D_real: 0.083 D_fake: 0.096 \n"}
,{"stream_name":"stdout","time":11424.545440113,"data":"(epoch: 19, iters: 4380, time: 0.192, data: 0.003) G_GAN: 2.823 G_LPIPS: 59.387 D_real: 0.100 D_fake: 0.077 \n"}
,{"stream_name":"stdout","time":11424.545443599,"data":"(epoch: 19, iters: 4400, time: 0.188, data: 0.003) G_GAN: 2.292 G_LPIPS: 58.419 D_real: 0.015 D_fake: 0.192 \n"}
,{"stream_name":"stdout","time":11424.545447127,"data":"(epoch: 19, iters: 4420, time: 0.240, data: 0.003) G_GAN: 2.329 G_LPIPS: 56.385 D_real: 0.111 D_fake: 0.129 \n"}
,{"stream_name":"stdout","time":11424.545450673,"data":"(epoch: 19, iters: 4440, time: 0.190, data: 0.003) G_GAN: 1.778 G_LPIPS: 58.079 D_real: 0.801 D_fake: 0.242 \n"}
,{"stream_name":"stdout","time":11424.545454168,"data":"(epoch: 19, iters: 4460, time: 0.190, data: 0.003) G_GAN: 2.178 G_LPIPS: 53.652 D_real: 0.120 D_fake: 0.153 \n"}
,{"stream_name":"stdout","time":11424.545457673,"data":"(epoch: 19, iters: 4480, time: 0.189, data: 0.003) G_GAN: 2.109 G_LPIPS: 57.290 D_real: 0.023 D_fake: 0.195 \n"}
,{"stream_name":"stdout","time":11424.545464479,"data":"(epoch: 19, iters: 4500, time: 0.192, data: 0.004) G_GAN: 2.267 G_LPIPS: 50.823 D_real: 0.101 D_fake: 0.163 \n"}
,{"stream_name":"stdout","time":11424.545469676,"data":"(epoch: 19, iters: 4520, time: 0.240, data: 0.003) G_GAN: 2.384 G_LPIPS: 49.185 D_real: 0.064 D_fake: 0.151 \n"}
,{"stream_name":"stdout","time":11424.545476015,"data":"(epoch: 19, iters: 4540, time: 0.195, data: 0.003) G_GAN: 2.452 G_LPIPS: 57.347 D_real: 0.005 D_fake: 0.619 \n"}
,{"stream_name":"stdout","time":11584.696133695,"data":"(epoch: 19, iters: 4560, time: 0.189, data: 0.003) G_GAN: 2.876 G_LPIPS: 56.679 D_real: 0.025 D_fake: 0.085 \n"}
,{"stream_name":"stdout","time":11584.696185566,"data":"(epoch: 19, iters: 4580, time: 0.192, data: 0.003) G_GAN: 2.996 G_LPIPS: 55.403 D_real: 0.176 D_fake: 0.066 \n"}
,{"stream_name":"stdout","time":11584.696190421,"data":"(epoch: 19, iters: 4600, time: 0.191, data: 0.003) G_GAN: 2.283 G_LPIPS: 52.676 D_real: 0.064 D_fake: 0.173 \n"}
,{"stream_name":"stdout","time":11584.696193806,"data":"(epoch: 19, iters: 4620, time: 0.240, data: 0.003) G_GAN: 3.651 G_LPIPS: 59.072 D_real: 0.070 D_fake: 0.038 \n"}
,{"stream_name":"stdout","time":11584.69619715,"data":"(epoch: 19, iters: 4640, time: 0.191, data: 0.003) G_GAN: 3.697 G_LPIPS: 59.395 D_real: 0.058 D_fake: 0.037 \n"}
,{"stream_name":"stdout","time":11584.696200857,"data":"(epoch: 19, iters: 4660, time: 0.192, data: 0.003) G_GAN: 2.700 G_LPIPS: 58.147 D_real: 0.049 D_fake: 0.105 \n"}
,{"stream_name":"stdout","time":11584.696204346,"data":"(epoch: 19, iters: 4680, time: 0.191, data: 0.003) G_GAN: 3.756 G_LPIPS: 55.607 D_real: 0.063 D_fake: 0.032 \n"}
,{"stream_name":"stdout","time":11584.696207514,"data":"(epoch: 19, iters: 4700, time: 0.190, data: 0.003) G_GAN: 2.459 G_LPIPS: 52.920 D_real: 0.591 D_fake: 0.073 \n"}
,{"stream_name":"stdout","time":11584.696210654,"data":"(epoch: 19, iters: 4720, time: 0.260, data: 0.003) G_GAN: 2.438 G_LPIPS: 52.203 D_real: 0.086 D_fake: 0.143 \n"}
,{"stream_name":"stdout","time":11584.696213776,"data":"(epoch: 19, iters: 4740, time: 0.196, data: 0.003) G_GAN: 2.172 G_LPIPS: 52.758 D_real: 0.211 D_fake: 0.177 \n"}
,{"stream_name":"stdout","time":11584.696217004,"data":"(epoch: 19, iters: 4760, time: 0.191, data: 0.003) G_GAN: 3.090 G_LPIPS: 54.527 D_real: 0.044 D_fake: 0.079 \n"}
,{"stream_name":"stdout","time":11584.696220124,"data":"(epoch: 19, iters: 4780, time: 0.192, data: 0.003) G_GAN: 2.377 G_LPIPS: 55.152 D_real: 0.887 D_fake: 0.077 \n"}
,{"stream_name":"stdout","time":11584.696223271,"data":"(epoch: 19, iters: 4800, time: 0.190, data: 0.003) G_GAN: 2.596 G_LPIPS: 56.791 D_real: 0.113 D_fake: 0.124 \n"}
,{"stream_name":"stdout","time":11584.696226436,"data":"(epoch: 19, iters: 4820, time: 0.189, data: 0.003) G_GAN: 3.800 G_LPIPS: 54.411 D_real: 0.060 D_fake: 0.039 \n"}
,{"stream_name":"stdout","time":11584.696229601,"data":"(epoch: 19, iters: 4840, time: 0.191, data: 0.003) G_GAN: 2.009 G_LPIPS: 56.851 D_real: 0.207 D_fake: 0.169 \n"}
,{"stream_name":"stdout","time":11584.696232724,"data":"(epoch: 19, iters: 4860, time: 0.198, data: 0.003) G_GAN: 3.792 G_LPIPS: 50.838 D_real: 0.131 D_fake: 0.036 \n"}
,{"stream_name":"stdout","time":11584.696235928,"data":"(epoch: 19, iters: 4880, time: 0.190, data: 0.003) G_GAN: 3.068 G_LPIPS: 51.405 D_real: 0.455 D_fake: 0.047 \n"}
,{"stream_name":"stdout","time":11584.696239487,"data":"(epoch: 19, iters: 4900, time: 0.189, data: 0.003) G_GAN: 1.815 G_LPIPS: 59.299 D_real: 0.037 D_fake: 0.263 \n"}
,{"stream_name":"stdout","time":11584.696243082,"data":"(epoch: 19, iters: 4920, time: 0.190, data: 0.003) G_GAN: 2.731 G_LPIPS: 58.048 D_real: 0.059 D_fake: 0.085 \n"}
,{"stream_name":"stdout","time":11584.696247241,"data":"(epoch: 19, iters: 4940, time: 0.242, data: 0.004) G_GAN: 2.396 G_LPIPS: 56.364 D_real: 0.020 D_fake: 0.117 \n"}
,{"stream_name":"stdout","time":11584.696260035,"data":"(epoch: 19, iters: 4960, time: 0.190, data: 0.003) G_GAN: 2.610 G_LPIPS: 53.998 D_real: 0.146 D_fake: 0.114 \n"}
,{"stream_name":"stdout","time":11584.696262747,"data":"(epoch: 19, iters: 4980, time: 0.189, data: 0.003) G_GAN: 2.327 G_LPIPS: 54.407 D_real: 0.063 D_fake: 0.177 \n"}
,{"stream_name":"stdout","time":11584.696265276,"data":"(epoch: 19, iters: 5000, time: 0.190, data: 0.003) G_GAN: 1.863 G_LPIPS: 56.895 D_real: 0.057 D_fake: 0.289 \n"}
,{"stream_name":"stdout","time":11584.696267684,"data":"(epoch: 19, iters: 5020, time: 0.191, data: 0.003) G_GAN: 3.499 G_LPIPS: 51.942 D_real: 0.075 D_fake: 0.039 \n"}
,{"stream_name":"stdout","time":11584.69627009,"data":"(epoch: 19, iters: 5040, time: 0.240, data: 0.003) G_GAN: 2.654 G_LPIPS: 54.767 D_real: 0.022 D_fake: 0.103 \n"}
,{"stream_name":"stdout","time":11584.696272511,"data":"(epoch: 19, iters: 5060, time: 0.190, data: 0.003) G_GAN: 1.883 G_LPIPS: 52.526 D_real: 0.014 D_fake: 0.359 \n"}
,{"stream_name":"stdout","time":11584.696274996,"data":"(epoch: 19, iters: 5080, time: 0.190, data: 0.003) G_GAN: 3.595 G_LPIPS: 54.129 D_real: 0.568 D_fake: 0.028 \n"}
,{"stream_name":"stdout","time":11584.69627744,"data":"(epoch: 19, iters: 5100, time: 0.191, data: 0.003) G_GAN: 2.149 G_LPIPS: 54.862 D_real: 0.116 D_fake: 0.167 \n"}
,{"stream_name":"stdout","time":11584.696279883,"data":"(epoch: 19, iters: 5120, time: 0.190, data: 0.003) G_GAN: 2.311 G_LPIPS: 54.756 D_real: 0.142 D_fake: 0.144 \n"}
,{"stream_name":"stdout","time":11584.696282412,"data":"(epoch: 19, iters: 5140, time: 0.238, data: 0.003) G_GAN: 2.736 G_LPIPS: 56.620 D_real: 0.108 D_fake: 0.111 \n"}
,{"stream_name":"stdout","time":11584.696284895,"data":"(epoch: 19, iters: 5160, time: 0.191, data: 0.003) G_GAN: 1.850 G_LPIPS: 57.989 D_real: 0.821 D_fake: 0.177 \n"}
,{"stream_name":"stdout","time":11584.696287294,"data":"(epoch: 19, iters: 5180, time: 0.199, data: 0.003) G_GAN: 1.977 G_LPIPS: 54.480 D_real: 0.075 D_fake: 0.252 \n"}
,{"stream_name":"stdout","time":11584.696289702,"data":"(epoch: 19, iters: 5200, time: 0.191, data: 0.003) G_GAN: 2.316 G_LPIPS: 60.192 D_real: 0.136 D_fake: 0.141 \n"}
,{"stream_name":"stdout","time":11584.696292117,"data":"(epoch: 19, iters: 5220, time: 0.191, data: 0.003) G_GAN: 2.766 G_LPIPS: 55.136 D_real: 0.012 D_fake: 0.099 \n"}
,{"stream_name":"stdout","time":11584.696294602,"data":"(epoch: 19, iters: 5240, time: 0.189, data: 0.003) G_GAN: 2.523 G_LPIPS: 55.781 D_real: 0.381 D_fake: 0.110 \n"}
,{"stream_name":"stdout","time":11584.696297016,"data":"(epoch: 19, iters: 5260, time: 0.190, data: 0.003) G_GAN: 2.960 G_LPIPS: 55.792 D_real: 0.113 D_fake: 0.079 \n"}
,{"stream_name":"stdout","time":11584.696299434,"data":"(epoch: 19, iters: 5280, time: 0.194, data: 0.003) G_GAN: 2.401 G_LPIPS: 55.062 D_real: 0.291 D_fake: 0.117 \n"}
,{"stream_name":"stdout","time":11584.69630187,"data":"(epoch: 19, iters: 5300, time: 0.190, data: 0.003) G_GAN: 2.253 G_LPIPS: 55.275 D_real: 0.044 D_fake: 0.186 \n"}
,{"stream_name":"stdout","time":11584.696304701,"data":"(epoch: 19, iters: 5320, time: 0.191, data: 0.004) G_GAN: 2.428 G_LPIPS: 56.748 D_real: 0.032 D_fake: 0.156 \n"}
,{"stream_name":"stdout","time":11584.696307148,"data":"(epoch: 19, iters: 5340, time: 0.192, data: 0.003) G_GAN: 2.385 G_LPIPS: 54.208 D_real: 0.471 D_fake: 0.116 \n"}
,{"stream_name":"stdout","time":11584.696309575,"data":"(epoch: 19, iters: 5360, time: 0.242, data: 0.003) G_GAN: 3.187 G_LPIPS: 57.346 D_real: 0.059 D_fake: 0.085 \n"}
,{"stream_name":"stdout","time":11584.696311998,"data":"(epoch: 19, iters: 5380, time: 0.191, data: 0.003) G_GAN: 2.096 G_LPIPS: 54.412 D_real: 0.117 D_fake: 0.187 \n"}
,{"stream_name":"stdout","time":11584.696314419,"data":"(epoch: 19, iters: 5400, time: 0.191, data: 0.003) G_GAN: 2.424 G_LPIPS: 56.712 D_real: 0.026 D_fake: 0.159 \n"}
,{"stream_name":"stdout","time":11584.696319538,"data":"(epoch: 19, iters: 5420, time: 0.190, data: 0.003) G_GAN: 3.175 G_LPIPS: 58.289 D_real: 0.125 D_fake: 0.052 \n"}
,{"stream_name":"stdout","time":11584.696322176,"data":"(epoch: 19, iters: 5440, time: 0.189, data: 0.003) G_GAN: 1.698 G_LPIPS: 56.832 D_real: 0.014 D_fake: 0.302 \n"}
,{"stream_name":"stdout","time":11584.696324625,"data":"(epoch: 19, iters: 5460, time: 0.242, data: 0.004) G_GAN: 2.017 G_LPIPS: 49.802 D_real: 0.097 D_fake: 0.244 \n"}
,{"stream_name":"stdout","time":11584.696327054,"data":"(epoch: 19, iters: 5480, time: 0.190, data: 0.003) G_GAN: 3.010 G_LPIPS: 54.976 D_real: 0.129 D_fake: 0.066 \n"}
,{"stream_name":"stdout","time":11584.696329474,"data":"(epoch: 19, iters: 5500, time: 0.192, data: 0.003) G_GAN: 1.729 G_LPIPS: 52.942 D_real: 0.172 D_fake: 0.344 \n"}
,{"stream_name":"stdout","time":11584.6963319,"data":"(epoch: 19, iters: 5520, time: 0.191, data: 0.003) G_GAN: 2.292 G_LPIPS: 55.557 D_real: 0.020 D_fake: 0.162 \n"}
,{"stream_name":"stdout","time":11584.696334319,"data":"(epoch: 19, iters: 5540, time: 0.191, data: 0.003) G_GAN: 2.213 G_LPIPS: 50.497 D_real: 0.283 D_fake: 0.137 \n"}
,{"stream_name":"stdout","time":11584.696336746,"data":"(epoch: 19, iters: 5560, time: 0.243, data: 0.003) G_GAN: 1.463 G_LPIPS: 56.110 D_real: 0.017 D_fake: 0.459 \n"}
,{"stream_name":"stdout","time":11584.69633917,"data":"(epoch: 19, iters: 5580, time: 0.144, data: 0.003) G_GAN: 3.187 G_LPIPS: 62.264 D_real: 0.010 D_fake: 0.076 \n"}
,{"stream_name":"stdout","time":11584.69634162,"data":"saving the model at the end of epoch 19, iters 94860\n"}
,{"stream_name":"stdout","time":11584.696344004,"data":"End of epoch 19 / 20 \t Time Taken: 859 sec\n"}
,{"stream_name":"stdout","time":11584.696346732,"data":"learning rate 0.0000091 -\u003e 0.0000000\n"}
,{"stream_name":"stdout","time":11827.042915235,"data":"(epoch: 20, iters: 20, time: 0.190, data: 0.279) G_GAN: 1.439 G_LPIPS: 54.008 D_real: 0.083 D_fake: 0.355 \n"}
,{"stream_name":"stdout","time":11827.042970014,"data":"(epoch: 20, iters: 40, time: 0.198, data: 0.003) G_GAN: 2.888 G_LPIPS: 56.990 D_real: 0.036 D_fake: 0.083 \n"}
,{"stream_name":"stdout","time":11827.042977819,"data":"(epoch: 20, iters: 60, time: 0.191, data: 0.003) G_GAN: 1.808 G_LPIPS: 52.571 D_real: 0.232 D_fake: 0.250 \n"}
,{"stream_name":"stdout","time":11827.042983157,"data":"(epoch: 20, iters: 80, time: 0.241, data: 0.003) G_GAN: 2.142 G_LPIPS: 48.836 D_real: 0.500 D_fake: 0.175 \n"}
,{"stream_name":"stdout","time":11827.042988051,"data":"(epoch: 20, iters: 100, time: 0.191, data: 0.003) G_GAN: 2.318 G_LPIPS: 50.762 D_real: 0.160 D_fake: 0.163 \n"}
,{"stream_name":"stdout","time":11827.042993216,"data":"(epoch: 20, iters: 120, time: 0.192, data: 0.003) G_GAN: 2.116 G_LPIPS: 57.181 D_real: 0.120 D_fake: 0.180 \n"}
,{"stream_name":"stdout","time":11827.043003496,"data":"(epoch: 20, iters: 140, time: 0.193, data: 0.003) G_GAN: 1.930 G_LPIPS: 55.319 D_real: 0.063 D_fake: 0.204 \n"}
,{"stream_name":"stdout","time":11827.043006895,"data":"saving the latest model (epoch 20, total_iters 95000)\n"}
,{"stream_name":"stdout","time":11827.043010158,"data":"(epoch: 20, iters: 160, time: 0.199, data: 0.003) G_GAN: 2.291 G_LPIPS: 52.607 D_real: 0.167 D_fake: 0.150 \n"}
,{"stream_name":"stdout","time":11827.04301364,"data":"(epoch: 20, iters: 180, time: 0.193, data: 0.003) G_GAN: 2.475 G_LPIPS: 54.067 D_real: 0.104 D_fake: 0.119 \n"}
,{"stream_name":"stdout","time":11827.043017024,"data":"(epoch: 20, iters: 200, time: 0.263, data: 0.003) G_GAN: 2.043 G_LPIPS: 53.566 D_real: 0.185 D_fake: 0.195 \n"}
,{"stream_name":"stdout","time":11827.043020454,"data":"(epoch: 20, iters: 220, time: 0.191, data: 0.004) G_GAN: 1.817 G_LPIPS: 54.015 D_real: 0.187 D_fake: 0.236 \n"}
,{"stream_name":"stdout","time":11827.043052077,"data":"(epoch: 20, iters: 240, time: 0.191, data: 0.003) G_GAN: 1.555 G_LPIPS: 56.189 D_real: 0.164 D_fake: 0.320 \n"}
,{"stream_name":"stdout","time":11827.043057422,"data":"(epoch: 20, iters: 260, time: 0.190, data: 0.003) G_GAN: 1.878 G_LPIPS: 56.795 D_real: 0.020 D_fake: 0.222 \n"}
,{"stream_name":"stdout","time":11827.043062008,"data":"(epoch: 20, iters: 280, time: 0.191, data: 0.003) G_GAN: 3.102 G_LPIPS: 64.633 D_real: 0.003 D_fake: 0.064 \n"}
,{"stream_name":"stdout","time":11827.043066647,"data":"(epoch: 20, iters: 300, time: 0.191, data: 0.003) G_GAN: 2.561 G_LPIPS: 59.885 D_real: 0.063 D_fake: 0.117 \n"}
,{"stream_name":"stdout","time":11827.043070794,"data":"(epoch: 20, iters: 320, time: 0.191, data: 0.003) G_GAN: 1.938 G_LPIPS: 59.009 D_real: 0.041 D_fake: 0.216 \n"}
,{"stream_name":"stdout","time":11827.043074625,"data":"(epoch: 20, iters: 340, time: 0.214, data: 0.003) G_GAN: 1.528 G_LPIPS: 53.700 D_real: 0.293 D_fake: 0.351 \n"}
,{"stream_name":"stdout","time":11827.043078342,"data":"(epoch: 20, iters: 360, time: 0.193, data: 0.003) G_GAN: 2.613 G_LPIPS: 55.327 D_real: 0.049 D_fake: 0.107 \n"}
,{"stream_name":"stdout","time":11827.043083714,"data":"(epoch: 20, iters: 380, time: 0.191, data: 0.003) G_GAN: 1.704 G_LPIPS: 49.209 D_real: 0.211 D_fake: 0.275 \n"}
,{"stream_name":"stdout","time":11827.043087582,"data":"(epoch: 20, iters: 400, time: 0.239, data: 0.003) G_GAN: 1.493 G_LPIPS: 55.880 D_real: 0.029 D_fake: 0.339 \n"}
,{"stream_name":"stdout","time":11827.043091322,"data":"(epoch: 20, iters: 420, time: 0.190, data: 0.003) G_GAN: 1.746 G_LPIPS: 53.779 D_real: 0.057 D_fake: 0.284 \n"}
,{"stream_name":"stdout","time":11827.043095078,"data":"(epoch: 20, iters: 440, time: 0.193, data: 0.003) G_GAN: 1.773 G_LPIPS: 52.339 D_real: 0.166 D_fake: 0.261 \n"}
,{"stream_name":"stdout","time":11827.04309908,"data":"(epoch: 20, iters: 460, time: 0.192, data: 0.003) G_GAN: 2.304 G_LPIPS: 61.603 D_real: 0.061 D_fake: 0.149 \n"}
,{"stream_name":"stdout","time":11827.043102828,"data":"(epoch: 20, iters: 480, time: 0.193, data: 0.003) G_GAN: 1.397 G_LPIPS: 53.380 D_real: 0.363 D_fake: 0.375 \n"}
,{"stream_name":"stdout","time":11827.043106603,"data":"(epoch: 20, iters: 500, time: 0.191, data: 0.003) G_GAN: 1.382 G_LPIPS: 57.529 D_real: 0.067 D_fake: 0.402 \n"}
,{"stream_name":"stdout","time":11827.043110341,"data":"(epoch: 20, iters: 520, time: 0.241, data: 0.003) G_GAN: 1.812 G_LPIPS: 52.489 D_real: 0.249 D_fake: 0.235 \n"}
,{"stream_name":"stdout","time":11827.043115907,"data":"(epoch: 20, iters: 540, time: 0.194, data: 0.003) G_GAN: 2.062 G_LPIPS: 52.990 D_real: 0.389 D_fake: 0.186 \n"}
,{"stream_name":"stdout","time":11827.043122548,"data":"(epoch: 20, iters: 560, time: 0.193, data: 0.003) G_GAN: 1.923 G_LPIPS: 56.042 D_real: 0.052 D_fake: 0.222 \n"}
,{"stream_name":"stdout","time":11827.043125093,"data":"(epoch: 20, iters: 580, time: 0.192, data: 0.003) G_GAN: 2.207 G_LPIPS: 55.032 D_real: 0.059 D_fake: 0.160 \n"}
,{"stream_name":"stdout","time":11827.043127606,"data":"(epoch: 20, iters: 600, time: 0.193, data: 0.003) G_GAN: 1.713 G_LPIPS: 53.628 D_real: 0.022 D_fake: 0.262 \n"}
,{"stream_name":"stdout","time":11827.043130041,"data":"(epoch: 20, iters: 620, time: 0.194, data: 0.003) G_GAN: 2.271 G_LPIPS: 57.941 D_real: 0.064 D_fake: 0.155 \n"}
,{"stream_name":"stdout","time":11827.043132598,"data":"(epoch: 20, iters: 640, time: 0.243, data: 0.003) G_GAN: 2.728 G_LPIPS: 51.568 D_real: 0.264 D_fake: 0.096 \n"}
,{"stream_name":"stdout","time":11827.043146675,"data":"(epoch: 20, iters: 660, time: 0.200, data: 0.003) G_GAN: 2.082 G_LPIPS: 54.694 D_real: 0.131 D_fake: 0.186 \n"}
,{"stream_name":"stdout","time":11827.04315095,"data":"(epoch: 20, iters: 680, time: 0.191, data: 0.003) G_GAN: 2.639 G_LPIPS: 55.251 D_real: 0.047 D_fake: 0.103 \n"}
,{"stream_name":"stdout","time":11827.043159479,"data":"(epoch: 20, iters: 700, time: 0.191, data: 0.003) G_GAN: 2.076 G_LPIPS: 59.631 D_real: 0.075 D_fake: 0.185 \n"}
,{"stream_name":"stdout","time":11827.043164258,"data":"(epoch: 20, iters: 720, time: 0.192, data: 0.003) G_GAN: 2.452 G_LPIPS: 56.785 D_real: 0.101 D_fake: 0.126 \n"}
,{"stream_name":"stdout","time":11827.043168629,"data":"(epoch: 20, iters: 740, time: 0.192, data: 0.003) G_GAN: 1.724 G_LPIPS: 54.634 D_real: 0.101 D_fake: 0.278 \n"}
,{"stream_name":"stdout","time":11827.04317342,"data":"(epoch: 20, iters: 760, time: 0.245, data: 0.003) G_GAN: 2.496 G_LPIPS: 57.148 D_real: 0.027 D_fake: 0.119 \n"}
,{"stream_name":"stdout","time":11827.043177063,"data":"(epoch: 20, iters: 780, time: 0.192, data: 0.003) G_GAN: 2.434 G_LPIPS: 56.887 D_real: 0.040 D_fake: 0.125 \n"}
,{"stream_name":"stdout","time":11827.043180319,"data":"(epoch: 20, iters: 800, time: 0.194, data: 0.003) G_GAN: 1.592 G_LPIPS: 54.789 D_real: 0.073 D_fake: 0.303 \n"}
,{"stream_name":"stdout","time":11827.043183628,"data":"(epoch: 20, iters: 820, time: 0.193, data: 0.003) G_GAN: 2.217 G_LPIPS: 55.962 D_real: 0.009 D_fake: 0.174 \n"}
,{"stream_name":"stdout","time":11827.043187131,"data":"(epoch: 20, iters: 840, time: 0.192, data: 0.003) G_GAN: 2.921 G_LPIPS: 51.633 D_real: 0.315 D_fake: 0.081 \n"}
,{"stream_name":"stdout","time":11827.043191129,"data":"(epoch: 20, iters: 860, time: 0.192, data: 0.003) G_GAN: 1.704 G_LPIPS: 54.051 D_real: 0.074 D_fake: 0.260 \n"}
,{"stream_name":"stdout","time":11827.043194396,"data":"(epoch: 20, iters: 880, time: 0.244, data: 0.003) G_GAN: 1.445 G_LPIPS: 58.404 D_real: 0.115 D_fake: 0.355 \n"}
,{"stream_name":"stdout","time":11827.043197842,"data":"(epoch: 20, iters: 900, time: 0.193, data: 0.003) G_GAN: 2.111 G_LPIPS: 55.215 D_real: 0.125 D_fake: 0.174 \n"}
,{"stream_name":"stdout","time":11827.043201239,"data":"(epoch: 20, iters: 920, time: 0.201, data: 0.003) G_GAN: 2.081 G_LPIPS: 50.242 D_real: 0.128 D_fake: 0.209 \n"}
,{"stream_name":"stdout","time":11827.043205031,"data":"(epoch: 20, iters: 940, time: 0.192, data: 0.003) G_GAN: 2.208 G_LPIPS: 53.208 D_real: 0.068 D_fake: 0.198 \n"}
,{"stream_name":"stdout","time":11827.043208425,"data":"(epoch: 20, iters: 960, time: 0.191, data: 0.003) G_GAN: 3.031 G_LPIPS: 53.743 D_real: 0.133 D_fake: 0.070 \n"}
,{"stream_name":"stdout","time":11827.043211697,"data":"(epoch: 20, iters: 980, time: 0.195, data: 0.003) G_GAN: 2.073 G_LPIPS: 53.632 D_real: 0.472 D_fake: 0.183 \n"}
,{"stream_name":"stdout","time":11827.043215281,"data":"(epoch: 20, iters: 1000, time: 0.193, data: 0.003) G_GAN: 2.090 G_LPIPS: 55.059 D_real: 0.027 D_fake: 0.186 \n"}
,{"stream_name":"stdout","time":11827.043219347,"data":"(epoch: 20, iters: 1020, time: 0.191, data: 0.003) G_GAN: 2.370 G_LPIPS: 54.429 D_real: 0.063 D_fake: 0.139 \n"}
,{"stream_name":"stdout","time":11827.043223032,"data":"(epoch: 20, iters: 1040, time: 0.192, data: 0.003) G_GAN: 1.952 G_LPIPS: 61.034 D_real: 0.010 D_fake: 0.210 \n"}
,{"stream_name":"stdout","time":11827.043226993,"data":"(epoch: 20, iters: 1060, time: 0.192, data: 0.003) G_GAN: 1.330 G_LPIPS: 63.787 D_real: 0.001 D_fake: 0.422 \n"}
,{"stream_name":"stdout","time":11827.043230674,"data":"(epoch: 20, iters: 1080, time: 0.192, data: 0.003) G_GAN: 2.067 G_LPIPS: 56.899 D_real: 0.110 D_fake: 0.187 \n"}
,{"stream_name":"stdout","time":11827.043234146,"data":"(epoch: 20, iters: 1100, time: 0.243, data: 0.003) G_GAN: 2.479 G_LPIPS: 55.338 D_real: 0.040 D_fake: 0.128 \n"}
,{"stream_name":"stdout","time":11827.04323796,"data":"(epoch: 20, iters: 1120, time: 0.196, data: 0.003) G_GAN: 2.087 G_LPIPS: 57.811 D_real: 0.326 D_fake: 0.177 \n"}
,{"stream_name":"stdout","time":11827.043242738,"data":"(epoch: 20, iters: 1140, time: 0.215, data: 0.003) G_GAN: 2.061 G_LPIPS: 56.518 D_real: 0.031 D_fake: 0.188 \n"}
,{"stream_name":"stdout","time":11827.043250433,"data":"(epoch: 20, iters: 1160, time: 0.192, data: 0.003) G_GAN: 2.008 G_LPIPS: 58.186 D_real: 0.014 D_fake: 0.201 \n"}
,{"stream_name":"stdout","time":11827.04325421,"data":"(epoch: 20, iters: 1180, time: 0.195, data: 0.003) G_GAN: 2.908 G_LPIPS: 54.660 D_real: 0.007 D_fake: 0.079 \n"}
,{"stream_name":"stdout","time":11827.043257665,"data":"(epoch: 20, iters: 1200, time: 0.195, data: 0.003) G_GAN: 1.355 G_LPIPS: 56.195 D_real: 0.126 D_fake: 0.404 \n"}
,{"stream_name":"stdout","time":11827.043261339,"data":"(epoch: 20, iters: 1220, time: 0.250, data: 0.003) G_GAN: 1.857 G_LPIPS: 57.600 D_real: 0.226 D_fake: 0.225 \n"}
,{"stream_name":"stdout","time":11827.043264868,"data":"(epoch: 20, iters: 1240, time: 0.195, data: 0.003) G_GAN: 2.803 G_LPIPS: 62.307 D_real: 0.019 D_fake: 0.096 \n"}
,{"stream_name":"stdout","time":11827.043268313,"data":"(epoch: 20, iters: 1260, time: 0.194, data: 0.003) G_GAN: 2.894 G_LPIPS: 57.159 D_real: 0.065 D_fake: 0.082 \n"}
,{"stream_name":"stdout","time":11827.043272346,"data":"(epoch: 20, iters: 1280, time: 0.194, data: 0.003) G_GAN: 2.753 G_LPIPS: 49.451 D_real: 0.416 D_fake: 0.097 \n"}
,{"stream_name":"stdout","time":11827.043276466,"data":"(epoch: 20, iters: 1300, time: 0.193, data: 0.003) G_GAN: 2.755 G_LPIPS: 59.490 D_real: 0.009 D_fake: 0.098 \n"}
,{"stream_name":"stdout","time":11827.043280606,"data":"(epoch: 20, iters: 1320, time: 0.195, data: 0.003) G_GAN: 1.545 G_LPIPS: 53.732 D_real: 0.004 D_fake: 0.326 \n"}
,{"stream_name":"stdout","time":11827.043284878,"data":"(epoch: 20, iters: 1340, time: 0.244, data: 0.003) G_GAN: 2.316 G_LPIPS: 52.021 D_real: 0.187 D_fake: 0.143 \n"}
,{"stream_name":"stdout","time":11827.043288563,"data":"(epoch: 20, iters: 1360, time: 0.202, data: 0.003) G_GAN: 1.892 G_LPIPS: 52.723 D_real: 0.147 D_fake: 0.215 \n"}
,{"stream_name":"stdout","time":11827.04329209,"data":"(epoch: 20, iters: 1380, time: 0.193, data: 0.003) G_GAN: 2.112 G_LPIPS: 52.297 D_real: 0.257 D_fake: 0.175 \n"}
,{"stream_name":"stdout","time":11827.043296304,"data":"(epoch: 20, iters: 1400, time: 0.192, data: 0.003) G_GAN: 1.773 G_LPIPS: 54.336 D_real: 0.007 D_fake: 0.249 \n"}
,{"stream_name":"stdout","time":11827.043300466,"data":"(epoch: 20, iters: 1420, time: 0.196, data: 0.003) G_GAN: 2.417 G_LPIPS: 52.146 D_real: 0.063 D_fake: 0.147 \n"}
,{"stream_name":"stdout","time":11827.043304365,"data":"(epoch: 20, iters: 1440, time: 0.192, data: 0.004) G_GAN: 2.041 G_LPIPS: 54.999 D_real: 0.047 D_fake: 0.199 \n"}
,{"stream_name":"stdout","time":11827.043308199,"data":"(epoch: 20, iters: 1460, time: 0.242, data: 0.003) G_GAN: 1.617 G_LPIPS: 55.359 D_real: 0.035 D_fake: 0.300 \n"}
,{"stream_name":"stdout","time":11827.043311936,"data":"(epoch: 20, iters: 1480, time: 0.194, data: 0.003) G_GAN: 2.225 G_LPIPS: 57.323 D_real: 0.008 D_fake: 0.155 \n"}
,{"stream_name":"stdout","time":11827.043315694,"data":"(epoch: 20, iters: 1500, time: 0.193, data: 0.003) G_GAN: 2.579 G_LPIPS: 58.951 D_real: 0.216 D_fake: 0.112 \n"}
,{"stream_name":"stdout","time":12069.596419294,"data":"(epoch: 20, iters: 1520, time: 0.193, data: 0.003) G_GAN: 1.840 G_LPIPS: 57.700 D_real: 0.048 D_fake: 0.232 \n"}
,{"stream_name":"stdout","time":12069.596460591,"data":"(epoch: 20, iters: 1540, time: 0.193, data: 0.003) G_GAN: 1.931 G_LPIPS: 56.396 D_real: 0.069 D_fake: 0.210 \n"}
,{"stream_name":"stdout","time":12069.596466897,"data":"(epoch: 20, iters: 1560, time: 0.195, data: 0.003) G_GAN: 2.326 G_LPIPS: 60.277 D_real: 0.031 D_fake: 0.140 \n"}
,{"stream_name":"stdout","time":12069.596471566,"data":"(epoch: 20, iters: 1580, time: 0.244, data: 0.003) G_GAN: 1.693 G_LPIPS: 59.557 D_real: 0.014 D_fake: 0.272 \n"}
,{"stream_name":"stdout","time":12069.596476209,"data":"(epoch: 20, iters: 1600, time: 0.195, data: 0.003) G_GAN: 1.603 G_LPIPS: 58.344 D_real: 0.015 D_fake: 0.293 \n"}
,{"stream_name":"stdout","time":12069.596496179,"data":"(epoch: 20, iters: 1620, time: 0.194, data: 0.003) G_GAN: 2.192 G_LPIPS: 53.880 D_real: 0.167 D_fake: 0.165 \n"}
,{"stream_name":"stdout","time":12069.596499094,"data":"(epoch: 20, iters: 1640, time: 0.194, data: 0.003) G_GAN: 2.162 G_LPIPS: 56.312 D_real: 0.205 D_fake: 0.165 \n"}
,{"stream_name":"stdout","time":12069.596501378,"data":"(epoch: 20, iters: 1660, time: 0.193, data: 0.003) G_GAN: 1.972 G_LPIPS: 53.556 D_real: 0.439 D_fake: 0.202 \n"}
,{"stream_name":"stdout","time":12069.596504183,"data":"(epoch: 20, iters: 1680, time: 0.193, data: 0.003) G_GAN: 2.489 G_LPIPS: 59.700 D_real: 0.205 D_fake: 0.122 \n"}
,{"stream_name":"stdout","time":12069.59650646,"data":"(epoch: 20, iters: 1700, time: 0.245, data: 0.003) G_GAN: 2.385 G_LPIPS: 53.454 D_real: 0.239 D_fake: 0.141 \n"}
,{"stream_name":"stdout","time":12069.596508781,"data":"(epoch: 20, iters: 1720, time: 0.193, data: 0.003) G_GAN: 2.164 G_LPIPS: 53.292 D_real: 0.312 D_fake: 0.172 \n"}
,{"stream_name":"stdout","time":12069.596511042,"data":"(epoch: 20, iters: 1740, time: 0.193, data: 0.003) G_GAN: 1.580 G_LPIPS: 57.615 D_real: 0.065 D_fake: 0.300 \n"}
,{"stream_name":"stdout","time":12069.59651338,"data":"(epoch: 20, iters: 1760, time: 0.194, data: 0.003) G_GAN: 2.638 G_LPIPS: 51.601 D_real: 0.696 D_fake: 0.100 \n"}
,{"stream_name":"stdout","time":12069.596515715,"data":"(epoch: 20, iters: 1780, time: 0.194, data: 0.003) G_GAN: 2.221 G_LPIPS: 52.598 D_real: 0.132 D_fake: 0.160 \n"}
,{"stream_name":"stdout","time":12069.596517967,"data":"(epoch: 20, iters: 1800, time: 0.249, data: 0.003) G_GAN: 2.223 G_LPIPS: 51.886 D_real: 0.196 D_fake: 0.162 \n"}
,{"stream_name":"stdout","time":12069.596521246,"data":"(epoch: 20, iters: 1820, time: 0.192, data: 0.003) G_GAN: 2.399 G_LPIPS: 55.102 D_real: 0.108 D_fake: 0.141 \n"}
,{"stream_name":"stdout","time":12069.596534941,"data":"(epoch: 20, iters: 1840, time: 0.192, data: 0.003) G_GAN: 2.281 G_LPIPS: 57.061 D_real: 0.016 D_fake: 0.151 \n"}
,{"stream_name":"stdout","time":12069.596539444,"data":"(epoch: 20, iters: 1860, time: 0.196, data: 0.003) G_GAN: 2.244 G_LPIPS: 54.189 D_real: 0.023 D_fake: 0.156 \n"}
,{"stream_name":"stdout","time":12069.596543377,"data":"(epoch: 20, iters: 1880, time: 0.193, data: 0.003) G_GAN: 1.476 G_LPIPS: 59.869 D_real: 0.026 D_fake: 0.337 \n"}
,{"stream_name":"stdout","time":12069.596548649,"data":"(epoch: 20, iters: 1900, time: 0.192, data: 0.003) G_GAN: 2.695 G_LPIPS: 54.944 D_real: 0.008 D_fake: 0.104 \n"}
,{"stream_name":"stdout","time":12069.596552267,"data":"(epoch: 20, iters: 1920, time: 0.250, data: 0.003) G_GAN: 2.069 G_LPIPS: 57.723 D_real: 0.028 D_fake: 0.187 \n"}
,{"stream_name":"stdout","time":12069.5965558,"data":"(epoch: 20, iters: 1940, time: 0.200, data: 0.003) G_GAN: 2.266 G_LPIPS: 59.315 D_real: 0.001 D_fake: 0.161 \n"}
,{"stream_name":"stdout","time":12069.59655926,"data":"(epoch: 20, iters: 1960, time: 0.192, data: 0.003) G_GAN: 1.490 G_LPIPS: 53.894 D_real: 0.353 D_fake: 0.349 \n"}
,{"stream_name":"stdout","time":12069.596563286,"data":"(epoch: 20, iters: 1980, time: 0.196, data: 0.003) G_GAN: 2.228 G_LPIPS: 59.278 D_real: 0.005 D_fake: 0.158 \n"}
,{"stream_name":"stdout","time":12069.596585783,"data":"(epoch: 20, iters: 2000, time: 0.195, data: 0.003) G_GAN: 2.391 G_LPIPS: 56.656 D_real: 0.198 D_fake: 0.133 \n"}
,{"stream_name":"stdout","time":12069.596589551,"data":"(epoch: 20, iters: 2020, time: 0.193, data: 0.003) G_GAN: 2.361 G_LPIPS: 58.503 D_real: 0.098 D_fake: 0.137 \n"}
,{"stream_name":"stdout","time":12069.596593094,"data":"(epoch: 20, iters: 2040, time: 0.242, data: 0.003) G_GAN: 2.234 G_LPIPS: 59.001 D_real: 0.055 D_fake: 0.158 \n"}
,{"stream_name":"stdout","time":12069.59659663,"data":"(epoch: 20, iters: 2060, time: 0.192, data: 0.003) G_GAN: 2.126 G_LPIPS: 55.691 D_real: 0.147 D_fake: 0.175 \n"}
,{"stream_name":"stdout","time":12069.596604211,"data":"(epoch: 20, iters: 2080, time: 0.193, data: 0.003) G_GAN: 2.159 G_LPIPS: 61.557 D_real: 0.085 D_fake: 0.176 \n"}
,{"stream_name":"stdout","time":12069.596607836,"data":"(epoch: 20, iters: 2100, time: 0.193, data: 0.003) G_GAN: 0.877 G_LPIPS: 55.911 D_real: 0.022 D_fake: 0.690 \n"}
,{"stream_name":"stdout","time":12069.596611315,"data":"(epoch: 20, iters: 2120, time: 0.192, data: 0.003) G_GAN: 1.344 G_LPIPS: 55.842 D_real: 0.248 D_fake: 0.395 \n"}
,{"stream_name":"stdout","time":12069.596614888,"data":"(epoch: 20, iters: 2140, time: 0.195, data: 0.003) G_GAN: 2.053 G_LPIPS: 57.468 D_real: 0.040 D_fake: 0.183 \n"}
,{"stream_name":"stdout","time":12069.596618534,"data":"(epoch: 20, iters: 2160, time: 0.243, data: 0.003) G_GAN: 1.540 G_LPIPS: 55.861 D_real: 0.076 D_fake: 0.314 \n"}
,{"stream_name":"stdout","time":12069.5966222,"data":"(epoch: 20, iters: 2180, time: 0.192, data: 0.003) G_GAN: 2.093 G_LPIPS: 59.347 D_real: 0.010 D_fake: 0.185 \n"}
,{"stream_name":"stdout","time":12069.596625986,"data":"(epoch: 20, iters: 2200, time: 0.193, data: 0.003) G_GAN: 1.987 G_LPIPS: 51.172 D_real: 0.435 D_fake: 0.216 \n"}
,{"stream_name":"stdout","time":12069.596630176,"data":"(epoch: 20, iters: 2220, time: 0.194, data: 0.003) G_GAN: 2.225 G_LPIPS: 56.356 D_real: 0.086 D_fake: 0.159 \n"}
,{"stream_name":"stdout","time":12069.596634422,"data":"(epoch: 20, iters: 2240, time: 0.192, data: 0.004) G_GAN: 2.051 G_LPIPS: 54.917 D_real: 0.075 D_fake: 0.196 \n"}
,{"stream_name":"stdout","time":12069.596638918,"data":"(epoch: 20, iters: 2260, time: 0.192, data: 0.003) G_GAN: 1.966 G_LPIPS: 56.200 D_real: 0.090 D_fake: 0.218 \n"}
,{"stream_name":"stdout","time":12069.596643563,"data":"(epoch: 20, iters: 2280, time: 0.247, data: 0.003) G_GAN: 1.962 G_LPIPS: 54.552 D_real: 0.268 D_fake: 0.200 \n"}
,{"stream_name":"stdout","time":12069.596647211,"data":"(epoch: 20, iters: 2300, time: 0.195, data: 0.003) G_GAN: 1.995 G_LPIPS: 51.953 D_real: 0.287 D_fake: 0.203 \n"}
,{"stream_name":"stdout","time":12069.596650766,"data":"(epoch: 20, iters: 2320, time: 0.195, data: 0.003) G_GAN: 2.290 G_LPIPS: 57.016 D_real: 0.019 D_fake: 0.148 \n"}
,{"stream_name":"stdout","time":12069.596654281,"data":"(epoch: 20, iters: 2340, time: 0.194, data: 0.003) G_GAN: 1.934 G_LPIPS: 55.456 D_real: 0.069 D_fake: 0.209 \n"}
,{"stream_name":"stdout","time":12069.596657736,"data":"(epoch: 20, iters: 2360, time: 0.194, data: 0.003) G_GAN: 1.777 G_LPIPS: 52.039 D_real: 0.260 D_fake: 0.245 \n"}
,{"stream_name":"stdout","time":12069.596661287,"data":"(epoch: 20, iters: 2380, time: 0.194, data: 0.003) G_GAN: 2.675 G_LPIPS: 57.642 D_real: 0.038 D_fake: 0.102 \n"}
,{"stream_name":"stdout","time":12069.596665027,"data":"(epoch: 20, iters: 2400, time: 0.248, data: 0.003) G_GAN: 2.378 G_LPIPS: 61.818 D_real: 0.004 D_fake: 0.137 \n"}
,{"stream_name":"stdout","time":12069.596668616,"data":"(epoch: 20, iters: 2420, time: 0.195, data: 0.003) G_GAN: 1.723 G_LPIPS: 51.121 D_real: 0.363 D_fake: 0.272 \n"}
,{"stream_name":"stdout","time":12069.596672089,"data":"(epoch: 20, iters: 2440, time: 0.194, data: 0.003) G_GAN: 2.337 G_LPIPS: 55.644 D_real: 0.078 D_fake: 0.141 \n"}
,{"stream_name":"stdout","time":12069.596675911,"data":"(epoch: 20, iters: 2460, time: 0.195, data: 0.003) G_GAN: 2.206 G_LPIPS: 53.600 D_real: 0.124 D_fake: 0.166 \n"}
,{"stream_name":"stdout","time":12069.596679455,"data":"(epoch: 20, iters: 2480, time: 0.194, data: 0.003) G_GAN: 2.029 G_LPIPS: 56.716 D_real: 0.033 D_fake: 0.195 \n"}
,{"stream_name":"stdout","time":12069.5966829,"data":"(epoch: 20, iters: 2500, time: 0.194, data: 0.003) G_GAN: 3.031 G_LPIPS: 62.864 D_real: 0.015 D_fake: 0.073 \n"}
,{"stream_name":"stdout","time":12069.596686392,"data":"(epoch: 20, iters: 2520, time: 0.246, data: 0.003) G_GAN: 2.214 G_LPIPS: 53.134 D_real: 0.052 D_fake: 0.161 \n"}
,{"stream_name":"stdout","time":12069.596693084,"data":"(epoch: 20, iters: 2540, time: 0.194, data: 0.003) G_GAN: 1.842 G_LPIPS: 56.827 D_real: 0.225 D_fake: 0.236 \n"}
,{"stream_name":"stdout","time":12069.596696734,"data":"(epoch: 20, iters: 2560, time: 0.195, data: 0.003) G_GAN: 1.519 G_LPIPS: 54.690 D_real: 0.053 D_fake: 0.324 \n"}
,{"stream_name":"stdout","time":12069.596703613,"data":"(epoch: 20, iters: 2580, time: 0.195, data: 0.003) G_GAN: 2.125 G_LPIPS: 53.788 D_real: 0.126 D_fake: 0.186 \n"}
,{"stream_name":"stdout","time":12069.596705981,"data":"(epoch: 20, iters: 2600, time: 0.194, data: 0.003) G_GAN: 1.819 G_LPIPS: 58.987 D_real: 0.076 D_fake: 0.237 \n"}
,{"stream_name":"stdout","time":12069.596708776,"data":"(epoch: 20, iters: 2620, time: 0.193, data: 0.003) G_GAN: 1.918 G_LPIPS: 51.854 D_real: 0.348 D_fake: 0.210 \n"}
,{"stream_name":"stdout","time":12069.596720786,"data":"(epoch: 20, iters: 2640, time: 0.248, data: 0.003) G_GAN: 1.367 G_LPIPS: 49.040 D_real: 0.124 D_fake: 0.423 \n"}
,{"stream_name":"stdout","time":12069.596725914,"data":"(epoch: 20, iters: 2660, time: 0.193, data: 0.004) G_GAN: 2.301 G_LPIPS: 59.253 D_real: 0.017 D_fake: 0.151 \n"}
,{"stream_name":"stdout","time":12069.596730071,"data":"(epoch: 20, iters: 2680, time: 0.194, data: 0.003) G_GAN: 1.491 G_LPIPS: 56.637 D_real: 0.029 D_fake: 0.341 \n"}
,{"stream_name":"stdout","time":12069.596734367,"data":"(epoch: 20, iters: 2700, time: 0.196, data: 0.003) G_GAN: 2.194 G_LPIPS: 56.175 D_real: 0.031 D_fake: 0.171 \n"}
,{"stream_name":"stdout","time":12069.596738196,"data":"(epoch: 20, iters: 2720, time: 0.193, data: 0.003) G_GAN: 1.258 G_LPIPS: 57.931 D_real: 0.033 D_fake: 0.439 \n"}
,{"stream_name":"stdout","time":12069.596748929,"data":"(epoch: 20, iters: 2740, time: 0.193, data: 0.003) G_GAN: 2.147 G_LPIPS: 53.857 D_real: 0.038 D_fake: 0.175 \n"}
,{"stream_name":"stdout","time":12069.596752501,"data":"(epoch: 20, iters: 2760, time: 0.244, data: 0.003) G_GAN: 2.331 G_LPIPS: 49.522 D_real: 0.467 D_fake: 0.148 \n"}
,{"stream_name":"stdout","time":12069.596755986,"data":"(epoch: 20, iters: 2780, time: 0.195, data: 0.003) G_GAN: 2.238 G_LPIPS: 60.808 D_real: 0.010 D_fake: 0.159 \n"}
,{"stream_name":"stdout","time":12069.59675953,"data":"(epoch: 20, iters: 2800, time: 0.195, data: 0.003) G_GAN: 1.814 G_LPIPS: 54.729 D_real: 0.061 D_fake: 0.249 \n"}
,{"stream_name":"stdout","time":12069.596763017,"data":"(epoch: 20, iters: 2820, time: 0.193, data: 0.003) G_GAN: 1.995 G_LPIPS: 57.241 D_real: 0.358 D_fake: 0.198 \n"}
,{"stream_name":"stdout","time":12069.596766492,"data":"(epoch: 20, iters: 2840, time: 0.193, data: 0.003) G_GAN: 1.887 G_LPIPS: 58.694 D_real: 0.109 D_fake: 0.221 \n"}
,{"stream_name":"stdout","time":12069.596769987,"data":"(epoch: 20, iters: 2860, time: 0.194, data: 0.003) G_GAN: 1.716 G_LPIPS: 54.987 D_real: 0.030 D_fake: 0.257 \n"}
,{"stream_name":"stdout","time":12069.596773471,"data":"(epoch: 20, iters: 2880, time: 0.244, data: 0.003) G_GAN: 1.616 G_LPIPS: 58.514 D_real: 0.020 D_fake: 0.294 \n"}
,{"stream_name":"stdout","time":12069.596776953,"data":"(epoch: 20, iters: 2900, time: 0.193, data: 0.003) G_GAN: 1.914 G_LPIPS: 55.653 D_real: 0.030 D_fake: 0.217 \n"}
,{"stream_name":"stdout","time":12069.596780451,"data":"(epoch: 20, iters: 2920, time: 0.193, data: 0.003) G_GAN: 1.970 G_LPIPS: 57.702 D_real: 0.101 D_fake: 0.208 \n"}
,{"stream_name":"stdout","time":12069.596783944,"data":"(epoch: 20, iters: 2940, time: 0.194, data: 0.003) G_GAN: 1.734 G_LPIPS: 53.176 D_real: 0.018 D_fake: 0.266 \n"}
,{"stream_name":"stdout","time":12069.596787491,"data":"(epoch: 20, iters: 2960, time: 0.194, data: 0.003) G_GAN: 2.690 G_LPIPS: 55.684 D_real: 0.031 D_fake: 0.099 \n"}
,{"stream_name":"stdout","time":12069.596793761,"data":"(epoch: 20, iters: 2980, time: 0.195, data: 0.003) G_GAN: 1.731 G_LPIPS: 51.597 D_real: 0.483 D_fake: 0.283 \n"}
,{"stream_name":"stdout","time":12069.59679987,"data":"(epoch: 20, iters: 3000, time: 0.246, data: 0.003) G_GAN: 2.099 G_LPIPS: 59.383 D_real: 0.006 D_fake: 0.177 \n"}
,{"stream_name":"stdout","time":12069.596803018,"data":"(epoch: 20, iters: 3020, time: 0.195, data: 0.003) G_GAN: 1.931 G_LPIPS: 52.704 D_real: 0.301 D_fake: 0.210 \n"}
,{"stream_name":"stdout","time":12313.346339038,"data":"(epoch: 20, iters: 3040, time: 0.196, data: 0.003) G_GAN: 2.232 G_LPIPS: 55.941 D_real: 0.166 D_fake: 0.163 \n"}
,{"stream_name":"stdout","time":12313.346397685,"data":"(epoch: 20, iters: 3060, time: 0.196, data: 0.003) G_GAN: 1.614 G_LPIPS: 55.676 D_real: 0.289 D_fake: 0.299 \n"}
,{"stream_name":"stdout","time":12313.346402374,"data":"(epoch: 20, iters: 3080, time: 0.194, data: 0.003) G_GAN: 2.502 G_LPIPS: 57.070 D_real: 0.216 D_fake: 0.117 \n"}
,{"stream_name":"stdout","time":12313.346405825,"data":"(epoch: 20, iters: 3100, time: 0.192, data: 0.003) G_GAN: 1.498 G_LPIPS: 54.067 D_real: 0.077 D_fake: 0.324 \n"}
,{"stream_name":"stdout","time":12313.346409014,"data":"(epoch: 20, iters: 3120, time: 0.193, data: 0.003) G_GAN: 2.550 G_LPIPS: 59.639 D_real: 0.012 D_fake: 0.111 \n"}
,{"stream_name":"stdout","time":12313.346412189,"data":"(epoch: 20, iters: 3140, time: 0.217, data: 0.003) G_GAN: 2.299 G_LPIPS: 56.555 D_real: 0.080 D_fake: 0.143 \n"}
,{"stream_name":"stdout","time":12313.346415498,"data":"(epoch: 20, iters: 3160, time: 0.194, data: 0.003) G_GAN: 2.704 G_LPIPS: 50.544 D_real: 0.237 D_fake: 0.109 \n"}
,{"stream_name":"stdout","time":12313.346418457,"data":"(epoch: 20, iters: 3180, time: 0.195, data: 0.003) G_GAN: 2.509 G_LPIPS: 55.993 D_real: 0.071 D_fake: 0.118 \n"}
,{"stream_name":"stdout","time":12313.346421474,"data":"(epoch: 20, iters: 3200, time: 0.193, data: 0.003) G_GAN: 1.548 G_LPIPS: 56.904 D_real: 0.064 D_fake: 0.306 \n"}
,{"stream_name":"stdout","time":12313.346424404,"data":"(epoch: 20, iters: 3220, time: 0.195, data: 0.003) G_GAN: 2.220 G_LPIPS: 50.999 D_real: 0.042 D_fake: 0.155 \n"}
,{"stream_name":"stdout","time":12313.346427323,"data":"(epoch: 20, iters: 3240, time: 0.244, data: 0.003) G_GAN: 2.315 G_LPIPS: 52.966 D_real: 0.266 D_fake: 0.147 \n"}
,{"stream_name":"stdout","time":12313.346430358,"data":"(epoch: 20, iters: 3260, time: 0.245, data: 0.003) G_GAN: 2.152 G_LPIPS: 58.078 D_real: 0.021 D_fake: 0.178 \n"}
,{"stream_name":"stdout","time":12313.346433317,"data":"(epoch: 20, iters: 3280, time: 0.196, data: 0.003) G_GAN: 3.095 G_LPIPS: 57.819 D_real: 0.258 D_fake: 0.069 \n"}
,{"stream_name":"stdout","time":12313.34643633,"data":"(epoch: 20, iters: 3300, time: 0.202, data: 0.003) G_GAN: 1.444 G_LPIPS: 58.705 D_real: 0.018 D_fake: 0.354 \n"}
,{"stream_name":"stdout","time":12313.346439269,"data":"(epoch: 20, iters: 3320, time: 0.195, data: 0.003) G_GAN: 2.322 G_LPIPS: 58.124 D_real: 0.005 D_fake: 0.149 \n"}
,{"stream_name":"stdout","time":12313.34644221,"data":"(epoch: 20, iters: 3340, time: 0.192, data: 0.003) G_GAN: 3.188 G_LPIPS: 56.922 D_real: 0.024 D_fake: 0.066 \n"}
,{"stream_name":"stdout","time":12313.346445136,"data":"(epoch: 20, iters: 3360, time: 0.243, data: 0.003) G_GAN: 1.847 G_LPIPS: 54.646 D_real: 0.014 D_fake: 0.229 \n"}
,{"stream_name":"stdout","time":12313.346448083,"data":"(epoch: 20, iters: 3380, time: 0.247, data: 0.004) G_GAN: 1.664 G_LPIPS: 55.571 D_real: 0.339 D_fake: 0.281 \n"}
,{"stream_name":"stdout","time":12313.346451007,"data":"(epoch: 20, iters: 3400, time: 0.196, data: 0.003) G_GAN: 2.068 G_LPIPS: 58.034 D_real: 0.022 D_fake: 0.185 \n"}
,{"stream_name":"stdout","time":12313.346455092,"data":"(epoch: 20, iters: 3420, time: 0.194, data: 0.003) G_GAN: 2.399 G_LPIPS: 61.697 D_real: 0.009 D_fake: 0.138 \n"}
,{"stream_name":"stdout","time":12313.346458741,"data":"(epoch: 20, iters: 3440, time: 0.194, data: 0.003) G_GAN: 2.035 G_LPIPS: 56.131 D_real: 0.142 D_fake: 0.203 \n"}
,{"stream_name":"stdout","time":12313.346473385,"data":"(epoch: 20, iters: 3460, time: 0.194, data: 0.003) G_GAN: 2.334 G_LPIPS: 55.425 D_real: 0.048 D_fake: 0.144 \n"}
,{"stream_name":"stdout","time":12313.346476075,"data":"(epoch: 20, iters: 3480, time: 0.246, data: 0.003) G_GAN: 2.778 G_LPIPS: 53.765 D_real: 0.057 D_fake: 0.091 \n"}
,{"stream_name":"stdout","time":12313.346478465,"data":"(epoch: 20, iters: 3500, time: 0.248, data: 0.003) G_GAN: 1.840 G_LPIPS: 56.094 D_real: 0.008 D_fake: 0.248 \n"}
,{"stream_name":"stdout","time":12313.346480733,"data":"(epoch: 20, iters: 3520, time: 0.195, data: 0.004) G_GAN: 2.427 G_LPIPS: 55.576 D_real: 0.156 D_fake: 0.136 \n"}
,{"stream_name":"stdout","time":12313.346482994,"data":"(epoch: 20, iters: 3540, time: 0.195, data: 0.003) G_GAN: 1.807 G_LPIPS: 53.580 D_real: 0.124 D_fake: 0.245 \n"}
,{"stream_name":"stdout","time":12313.346485327,"data":"(epoch: 20, iters: 3560, time: 0.195, data: 0.003) G_GAN: 1.822 G_LPIPS: 56.390 D_real: 0.043 D_fake: 0.238 \n"}
,{"stream_name":"stdout","time":12313.346487663,"data":"(epoch: 20, iters: 3580, time: 0.195, data: 0.003) G_GAN: 2.367 G_LPIPS: 57.746 D_real: 0.033 D_fake: 0.135 \n"}
,{"stream_name":"stdout","time":12313.346490015,"data":"(epoch: 20, iters: 3600, time: 0.229, data: 0.004) G_GAN: 2.438 G_LPIPS: 56.732 D_real: 0.085 D_fake: 0.134 \n"}
,{"stream_name":"stdout","time":12313.346492282,"data":"(epoch: 20, iters: 3620, time: 0.245, data: 0.003) G_GAN: 1.661 G_LPIPS: 57.318 D_real: 0.008 D_fake: 0.288 \n"}
,{"stream_name":"stdout","time":12313.34649454,"data":"(epoch: 20, iters: 3640, time: 0.195, data: 0.004) G_GAN: 2.288 G_LPIPS: 58.884 D_real: 0.221 D_fake: 0.155 \n"}
,{"stream_name":"stdout","time":12313.346496874,"data":"(epoch: 20, iters: 3660, time: 0.195, data: 0.003) G_GAN: 1.705 G_LPIPS: 53.911 D_real: 0.065 D_fake: 0.259 \n"}
,{"stream_name":"stdout","time":12313.34649925,"data":"(epoch: 20, iters: 3680, time: 0.196, data: 0.003) G_GAN: 1.312 G_LPIPS: 54.098 D_real: 0.111 D_fake: 0.450 \n"}
,{"stream_name":"stdout","time":12313.346501505,"data":"(epoch: 20, iters: 3700, time: 0.195, data: 0.003) G_GAN: 2.951 G_LPIPS: 59.053 D_real: 0.042 D_fake: 0.079 \n"}
,{"stream_name":"stdout","time":12313.346503773,"data":"(epoch: 20, iters: 3720, time: 0.195, data: 0.003) G_GAN: 1.740 G_LPIPS: 56.999 D_real: 0.084 D_fake: 0.259 \n"}
,{"stream_name":"stdout","time":12313.346506066,"data":"(epoch: 20, iters: 3740, time: 0.197, data: 0.003) G_GAN: 2.336 G_LPIPS: 58.198 D_real: 0.051 D_fake: 0.142 \n"}
,{"stream_name":"stdout","time":12313.346508328,"data":"(epoch: 20, iters: 3760, time: 0.194, data: 0.003) G_GAN: 2.146 G_LPIPS: 55.003 D_real: 0.062 D_fake: 0.169 \n"}
,{"stream_name":"stdout","time":12313.346510615,"data":"(epoch: 20, iters: 3780, time: 0.194, data: 0.003) G_GAN: 2.283 G_LPIPS: 56.840 D_real: 0.265 D_fake: 0.151 \n"}
,{"stream_name":"stdout","time":12313.346513121,"data":"(epoch: 20, iters: 3800, time: 0.202, data: 0.003) G_GAN: 2.232 G_LPIPS: 53.092 D_real: 0.031 D_fake: 0.155 \n"}
,{"stream_name":"stdout","time":12313.346515437,"data":"(epoch: 20, iters: 3820, time: 0.196, data: 0.003) G_GAN: 1.673 G_LPIPS: 52.984 D_real: 0.105 D_fake: 0.275 \n"}
,{"stream_name":"stdout","time":12313.346517708,"data":"(epoch: 20, iters: 3840, time: 0.194, data: 0.003) G_GAN: 2.225 G_LPIPS: 59.466 D_real: 0.196 D_fake: 0.155 \n"}
,{"stream_name":"stdout","time":12313.346519995,"data":"(epoch: 20, iters: 3860, time: 0.194, data: 0.003) G_GAN: 3.004 G_LPIPS: 50.655 D_real: 1.044 D_fake: 0.074 \n"}
,{"stream_name":"stdout","time":12313.346522262,"data":"(epoch: 20, iters: 3880, time: 0.194, data: 0.003) G_GAN: 1.185 G_LPIPS: 58.239 D_real: 0.055 D_fake: 0.483 \n"}
,{"stream_name":"stdout","time":12313.346524569,"data":"(epoch: 20, iters: 3900, time: 0.195, data: 0.003) G_GAN: 2.002 G_LPIPS: 52.225 D_real: 0.348 D_fake: 0.202 \n"}
,{"stream_name":"stdout","time":12313.346529278,"data":"(epoch: 20, iters: 3920, time: 0.199, data: 0.003) G_GAN: 2.293 G_LPIPS: 52.815 D_real: 0.265 D_fake: 0.146 \n"}
,{"stream_name":"stdout","time":12313.346531734,"data":"(epoch: 20, iters: 3940, time: 0.195, data: 0.003) G_GAN: 1.848 G_LPIPS: 56.960 D_real: 0.238 D_fake: 0.227 \n"}
,{"stream_name":"stdout","time":12313.346534039,"data":"(epoch: 20, iters: 3960, time: 0.194, data: 0.003) G_GAN: 2.325 G_LPIPS: 54.570 D_real: 0.161 D_fake: 0.141 \n"}
,{"stream_name":"stdout","time":12313.346536323,"data":"(epoch: 20, iters: 3980, time: 0.195, data: 0.003) G_GAN: 2.254 G_LPIPS: 57.602 D_real: 0.368 D_fake: 0.155 \n"}
,{"stream_name":"stdout","time":12313.346538599,"data":"(epoch: 20, iters: 4000, time: 0.197, data: 0.003) G_GAN: 2.424 G_LPIPS: 55.529 D_real: 0.082 D_fake: 0.125 \n"}
,{"stream_name":"stdout","time":12313.34654088,"data":"(epoch: 20, iters: 4020, time: 0.195, data: 0.003) G_GAN: 0.824 G_LPIPS: 59.634 D_real: 0.006 D_fake: 0.755 \n"}
,{"stream_name":"stdout","time":12313.346543168,"data":"(epoch: 20, iters: 4040, time: 0.195, data: 0.003) G_GAN: 2.248 G_LPIPS: 54.163 D_real: 0.020 D_fake: 0.155 \n"}
,{"stream_name":"stdout","time":12313.346545483,"data":"(epoch: 20, iters: 4060, time: 0.194, data: 0.003) G_GAN: 1.949 G_LPIPS: 55.104 D_real: 0.016 D_fake: 0.221 \n"}
,{"stream_name":"stdout","time":12313.34654777,"data":"(epoch: 20, iters: 4080, time: 0.196, data: 0.003) G_GAN: 2.251 G_LPIPS: 58.674 D_real: 0.026 D_fake: 0.160 \n"}
,{"stream_name":"stdout","time":12313.346550047,"data":"(epoch: 20, iters: 4100, time: 0.195, data: 0.003) G_GAN: 1.687 G_LPIPS: 53.976 D_real: 0.271 D_fake: 0.270 \n"}
,{"stream_name":"stdout","time":12313.346552433,"data":"(epoch: 20, iters: 4120, time: 0.194, data: 0.003) G_GAN: 1.643 G_LPIPS: 56.520 D_real: 0.007 D_fake: 0.282 \n"}
,{"stream_name":"stdout","time":12313.346554738,"data":"(epoch: 20, iters: 4140, time: 0.195, data: 0.003) G_GAN: 2.902 G_LPIPS: 52.835 D_real: 0.677 D_fake: 0.088 \n"}
,{"stream_name":"stdout","time":12313.346589195,"data":"(epoch: 20, iters: 4160, time: 0.195, data: 0.003) G_GAN: 2.399 G_LPIPS: 57.942 D_real: 0.007 D_fake: 0.136 \n"}
,{"stream_name":"stdout","time":12313.346597637,"data":"(epoch: 20, iters: 4180, time: 0.195, data: 0.003) G_GAN: 1.803 G_LPIPS: 53.764 D_real: 0.091 D_fake: 0.240 \n"}
,{"stream_name":"stdout","time":12313.346601633,"data":"(epoch: 20, iters: 4200, time: 0.197, data: 0.003) G_GAN: 2.715 G_LPIPS: 55.787 D_real: 0.108 D_fake: 0.099 \n"}
,{"stream_name":"stdout","time":12313.34660898,"data":"(epoch: 20, iters: 4220, time: 0.195, data: 0.003) G_GAN: 1.046 G_LPIPS: 55.662 D_real: 0.203 D_fake: 0.621 \n"}
,{"stream_name":"stdout","time":12313.346611587,"data":"(epoch: 20, iters: 4240, time: 0.195, data: 0.003) G_GAN: 1.926 G_LPIPS: 57.135 D_real: 0.027 D_fake: 0.214 \n"}
,{"stream_name":"stdout","time":12313.34661388,"data":"(epoch: 20, iters: 4260, time: 0.195, data: 0.003) G_GAN: 2.092 G_LPIPS: 52.019 D_real: 0.040 D_fake: 0.176 \n"}
,{"stream_name":"stdout","time":12313.346616163,"data":"(epoch: 20, iters: 4280, time: 0.194, data: 0.003) G_GAN: 2.282 G_LPIPS: 54.791 D_real: 0.395 D_fake: 0.145 \n"}
,{"stream_name":"stdout","time":12313.346618532,"data":"(epoch: 20, iters: 4300, time: 0.200, data: 0.003) G_GAN: 1.842 G_LPIPS: 59.268 D_real: 0.031 D_fake: 0.258 \n"}
,{"stream_name":"stdout","time":12313.346620815,"data":"(epoch: 20, iters: 4320, time: 0.245, data: 0.003) G_GAN: 1.752 G_LPIPS: 56.708 D_real: 0.070 D_fake: 0.262 \n"}
,{"stream_name":"stdout","time":12313.34662318,"data":"(epoch: 20, iters: 4340, time: 0.194, data: 0.003) G_GAN: 2.029 G_LPIPS: 57.661 D_real: 0.042 D_fake: 0.191 \n"}
,{"stream_name":"stdout","time":12313.346625444,"data":"(epoch: 20, iters: 4360, time: 0.194, data: 0.003) G_GAN: 1.620 G_LPIPS: 60.172 D_real: 0.008 D_fake: 0.317 \n"}
,{"stream_name":"stdout","time":12313.346630737,"data":"(epoch: 20, iters: 4380, time: 0.193, data: 0.004) G_GAN: 1.848 G_LPIPS: 53.267 D_real: 0.014 D_fake: 0.236 \n"}
,{"stream_name":"stdout","time":12313.346633163,"data":"(epoch: 20, iters: 4400, time: 0.195, data: 0.003) G_GAN: 1.699 G_LPIPS: 57.158 D_real: 0.196 D_fake: 0.270 \n"}
,{"stream_name":"stdout","time":12313.346635442,"data":"(epoch: 20, iters: 4420, time: 0.196, data: 0.003) G_GAN: 1.940 G_LPIPS: 52.187 D_real: 0.145 D_fake: 0.221 \n"}
,{"stream_name":"stdout","time":12313.346637715,"data":"(epoch: 20, iters: 4440, time: 0.244, data: 0.003) G_GAN: 2.041 G_LPIPS: 51.291 D_real: 0.090 D_fake: 0.187 \n"}
,{"stream_name":"stdout","time":12313.34663998,"data":"(epoch: 20, iters: 4460, time: 0.194, data: 0.003) G_GAN: 2.160 G_LPIPS: 53.364 D_real: 0.094 D_fake: 0.165 \n"}
,{"stream_name":"stdout","time":12313.346642247,"data":"(epoch: 20, iters: 4480, time: 0.195, data: 0.003) G_GAN: 1.523 G_LPIPS: 55.972 D_real: 0.150 D_fake: 0.341 \n"}
,{"stream_name":"stdout","time":12313.346644603,"data":"(epoch: 20, iters: 4500, time: 0.196, data: 0.003) G_GAN: 2.057 G_LPIPS: 59.132 D_real: 0.071 D_fake: 0.190 \n"}
,{"stream_name":"stdout","time":12313.346646863,"data":"(epoch: 20, iters: 4520, time: 0.197, data: 0.003) G_GAN: 1.600 G_LPIPS: 57.960 D_real: 0.022 D_fake: 0.316 \n"}
,{"stream_name":"stdout","time":12313.346649173,"data":"(epoch: 20, iters: 4540, time: 0.197, data: 0.003) G_GAN: 1.747 G_LPIPS: 54.903 D_real: 0.044 D_fake: 0.263 \n"}
,{"stream_name":"stdout","time":12479.758424065,"data":"(epoch: 20, iters: 4560, time: 0.194, data: 0.003) G_GAN: 2.108 G_LPIPS: 59.213 D_real: 0.065 D_fake: 0.182 \n"}
,{"stream_name":"stdout","time":12479.758480053,"data":"(epoch: 20, iters: 4580, time: 0.246, data: 0.003) G_GAN: 2.071 G_LPIPS: 54.270 D_real: 0.190 D_fake: 0.184 \n"}
,{"stream_name":"stdout","time":12479.758488485,"data":"(epoch: 20, iters: 4600, time: 0.195, data: 0.003) G_GAN: 2.625 G_LPIPS: 48.822 D_real: 0.150 D_fake: 0.108 \n"}
,{"stream_name":"stdout","time":12479.758494263,"data":"(epoch: 20, iters: 4620, time: 0.194, data: 0.003) G_GAN: 1.900 G_LPIPS: 54.704 D_real: 0.065 D_fake: 0.226 \n"}
,{"stream_name":"stdout","time":12479.758511365,"data":"(epoch: 20, iters: 4640, time: 0.193, data: 0.003) G_GAN: 2.461 G_LPIPS: 53.837 D_real: 0.058 D_fake: 0.122 \n"}
,{"stream_name":"stdout","time":12479.758516837,"data":"(epoch: 20, iters: 4660, time: 0.192, data: 0.003) G_GAN: 2.576 G_LPIPS: 56.403 D_real: 0.092 D_fake: 0.111 \n"}
,{"stream_name":"stdout","time":12479.758527693,"data":"(epoch: 20, iters: 4680, time: 0.193, data: 0.003) G_GAN: 2.247 G_LPIPS: 57.829 D_real: 0.092 D_fake: 0.158 \n"}
,{"stream_name":"stdout","time":12479.758531336,"data":"(epoch: 20, iters: 4700, time: 0.195, data: 0.003) G_GAN: 1.984 G_LPIPS: 55.194 D_real: 0.068 D_fake: 0.196 \n"}
,{"stream_name":"stdout","time":12479.758534773,"data":"(epoch: 20, iters: 4720, time: 0.247, data: 0.003) G_GAN: 1.621 G_LPIPS: 60.282 D_real: 0.008 D_fake: 0.323 \n"}
,{"stream_name":"stdout","time":12479.758538151,"data":"(epoch: 20, iters: 4740, time: 0.194, data: 0.003) G_GAN: 1.896 G_LPIPS: 56.832 D_real: 0.049 D_fake: 0.243 \n"}
,{"stream_name":"stdout","time":12479.758541439,"data":"(epoch: 20, iters: 4760, time: 0.193, data: 0.003) G_GAN: 2.367 G_LPIPS: 59.456 D_real: 0.037 D_fake: 0.138 \n"}
,{"stream_name":"stdout","time":12479.758544558,"data":"(epoch: 20, iters: 4780, time: 0.195, data: 0.003) G_GAN: 1.794 G_LPIPS: 57.301 D_real: 0.089 D_fake: 0.249 \n"}
,{"stream_name":"stdout","time":12479.75854774,"data":"(epoch: 20, iters: 4800, time: 0.194, data: 0.004) G_GAN: 3.080 G_LPIPS: 54.657 D_real: 0.992 D_fake: 0.069 \n"}
,{"stream_name":"stdout","time":12479.758595516,"data":"(epoch: 20, iters: 4820, time: 0.200, data: 0.003) G_GAN: 2.947 G_LPIPS: 54.558 D_real: 0.008 D_fake: 0.081 \n"}
,{"stream_name":"stdout","time":12479.758603605,"data":"(epoch: 20, iters: 4840, time: 0.195, data: 0.003) G_GAN: 2.218 G_LPIPS: 56.084 D_real: 0.121 D_fake: 0.159 \n"}
,{"stream_name":"stdout","time":12479.758607593,"data":"(epoch: 20, iters: 4860, time: 0.201, data: 0.003) G_GAN: 1.934 G_LPIPS: 51.046 D_real: 0.208 D_fake: 0.221 \n"}
,{"stream_name":"stdout","time":12479.758611459,"data":"(epoch: 20, iters: 4880, time: 0.195, data: 0.003) G_GAN: 2.128 G_LPIPS: 55.948 D_real: 0.015 D_fake: 0.173 \n"}
,{"stream_name":"stdout","time":12479.758615239,"data":"(epoch: 20, iters: 4900, time: 0.196, data: 0.003) G_GAN: 2.502 G_LPIPS: 53.357 D_real: 0.066 D_fake: 0.116 \n"}
,{"stream_name":"stdout","time":12479.758619046,"data":"(epoch: 20, iters: 4920, time: 0.198, data: 0.003) G_GAN: 1.989 G_LPIPS: 57.570 D_real: 0.382 D_fake: 0.205 \n"}
,{"stream_name":"stdout","time":12479.758625139,"data":"(epoch: 20, iters: 4940, time: 0.194, data: 0.004) G_GAN: 2.543 G_LPIPS: 61.435 D_real: 0.067 D_fake: 0.117 \n"}
,{"stream_name":"stdout","time":12479.758628938,"data":"(epoch: 20, iters: 4960, time: 0.246, data: 0.003) G_GAN: 1.543 G_LPIPS: 52.137 D_real: 0.097 D_fake: 0.340 \n"}
,{"stream_name":"stdout","time":12479.758632715,"data":"(epoch: 20, iters: 4980, time: 0.196, data: 0.003) G_GAN: 2.017 G_LPIPS: 53.189 D_real: 0.061 D_fake: 0.199 \n"}
,{"stream_name":"stdout","time":12479.758636561,"data":"(epoch: 20, iters: 5000, time: 0.198, data: 0.003) G_GAN: 2.237 G_LPIPS: 59.779 D_real: 0.104 D_fake: 0.158 \n"}
,{"stream_name":"stdout","time":12479.758640254,"data":"(epoch: 20, iters: 5020, time: 0.194, data: 0.003) G_GAN: 2.582 G_LPIPS: 52.972 D_real: 0.019 D_fake: 0.116 \n"}
,{"stream_name":"stdout","time":12479.758644483,"data":"(epoch: 20, iters: 5040, time: 0.195, data: 0.003) G_GAN: 2.046 G_LPIPS: 50.284 D_real: 0.272 D_fake: 0.188 \n"}
,{"stream_name":"stdout","time":12479.758650143,"data":"(epoch: 20, iters: 5060, time: 0.194, data: 0.003) G_GAN: 2.153 G_LPIPS: 54.208 D_real: 0.082 D_fake: 0.167 \n"}
,{"stream_name":"stdout","time":12479.758657605,"data":"(epoch: 20, iters: 5080, time: 0.194, data: 0.003) G_GAN: 1.988 G_LPIPS: 59.659 D_real: 0.058 D_fake: 0.208 \n"}
,{"stream_name":"stdout","time":12479.758660158,"data":"(epoch: 20, iters: 5100, time: 0.244, data: 0.003) G_GAN: 2.120 G_LPIPS: 50.275 D_real: 0.174 D_fake: 0.182 \n"}
,{"stream_name":"stdout","time":12479.758662629,"data":"(epoch: 20, iters: 5120, time: 0.252, data: 0.003) G_GAN: 2.505 G_LPIPS: 56.465 D_real: 0.043 D_fake: 0.118 \n"}
,{"stream_name":"stdout","time":12479.758665257,"data":"(epoch: 20, iters: 5140, time: 0.222, data: 0.003) G_GAN: 2.223 G_LPIPS: 50.806 D_real: 0.066 D_fake: 0.158 \n"}
,{"stream_name":"stdout","time":12479.758681793,"data":"saving the latest model (epoch 20, total_iters 100000)\n"}
,{"stream_name":"stdout","time":12479.758686065,"data":"(epoch: 20, iters: 5160, time: 0.194, data: 0.003) G_GAN: 2.405 G_LPIPS: 50.622 D_real: 0.067 D_fake: 0.140 \n"}
,{"stream_name":"stdout","time":12479.758690406,"data":"(epoch: 20, iters: 5180, time: 0.195, data: 0.003) G_GAN: 2.136 G_LPIPS: 58.964 D_real: 0.044 D_fake: 0.177 \n"}
,{"stream_name":"stdout","time":12479.758694388,"data":"(epoch: 20, iters: 5200, time: 0.196, data: 0.003) G_GAN: 2.166 G_LPIPS: 56.642 D_real: 0.162 D_fake: 0.174 \n"}
,{"stream_name":"stdout","time":12479.758699173,"data":"(epoch: 20, iters: 5220, time: 0.195, data: 0.003) G_GAN: 1.889 G_LPIPS: 56.520 D_real: 0.346 D_fake: 0.232 \n"}
,{"stream_name":"stdout","time":12479.758703021,"data":"(epoch: 20, iters: 5240, time: 0.247, data: 0.003) G_GAN: 2.512 G_LPIPS: 57.205 D_real: 0.052 D_fake: 0.121 \n"}
,{"stream_name":"stdout","time":12479.758706717,"data":"(epoch: 20, iters: 5260, time: 0.195, data: 0.003) G_GAN: 2.135 G_LPIPS: 52.678 D_real: 0.016 D_fake: 0.189 \n"}
,{"stream_name":"stdout","time":12479.758715077,"data":"(epoch: 20, iters: 5280, time: 0.197, data: 0.003) G_GAN: 2.053 G_LPIPS: 53.636 D_real: 0.082 D_fake: 0.189 \n"}
,{"stream_name":"stdout","time":12479.758718959,"data":"(epoch: 20, iters: 5300, time: 0.196, data: 0.003) G_GAN: 2.707 G_LPIPS: 54.351 D_real: 0.005 D_fake: 0.101 \n"}
,{"stream_name":"stdout","time":12479.758723439,"data":"(epoch: 20, iters: 5320, time: 0.196, data: 0.003) G_GAN: 2.529 G_LPIPS: 60.172 D_real: 0.065 D_fake: 0.114 \n"}
,{"stream_name":"stdout","time":12479.758727259,"data":"(epoch: 20, iters: 5340, time: 0.197, data: 0.003) G_GAN: 1.776 G_LPIPS: 57.568 D_real: 0.004 D_fake: 0.251 \n"}
,{"stream_name":"stdout","time":12479.758731111,"data":"(epoch: 20, iters: 5360, time: 0.197, data: 0.003) G_GAN: 2.306 G_LPIPS: 52.490 D_real: 0.061 D_fake: 0.147 \n"}
,{"stream_name":"stdout","time":12479.758734822,"data":"(epoch: 20, iters: 5380, time: 0.249, data: 0.003) G_GAN: 2.416 G_LPIPS: 54.516 D_real: 0.108 D_fake: 0.132 \n"}
,{"stream_name":"stdout","time":12479.758738563,"data":"(epoch: 20, iters: 5400, time: 0.198, data: 0.003) G_GAN: 1.786 G_LPIPS: 58.452 D_real: 0.012 D_fake: 0.252 \n"}
,{"stream_name":"stdout","time":12479.758742304,"data":"(epoch: 20, iters: 5420, time: 0.196, data: 0.003) G_GAN: 1.890 G_LPIPS: 57.708 D_real: 0.136 D_fake: 0.222 \n"}
,{"stream_name":"stdout","time":12479.758746009,"data":"(epoch: 20, iters: 5440, time: 0.195, data: 0.003) G_GAN: 2.571 G_LPIPS: 59.737 D_real: 0.026 D_fake: 0.113 \n"}
,{"stream_name":"stdout","time":12479.75874985,"data":"(epoch: 20, iters: 5460, time: 0.196, data: 0.003) G_GAN: 2.421 G_LPIPS: 52.396 D_real: 0.101 D_fake: 0.125 \n"}
,{"stream_name":"stdout","time":12479.758754119,"data":"(epoch: 20, iters: 5480, time: 0.195, data: 0.003) G_GAN: 2.470 G_LPIPS: 59.224 D_real: 0.096 D_fake: 0.126 \n"}
,{"stream_name":"stdout","time":12479.758760054,"data":"(epoch: 20, iters: 5500, time: 0.195, data: 0.003) G_GAN: 2.613 G_LPIPS: 63.646 D_real: 0.031 D_fake: 0.106 \n"}
,{"stream_name":"stdout","time":12479.758767409,"data":"(epoch: 20, iters: 5520, time: 0.246, data: 0.003) G_GAN: 2.225 G_LPIPS: 55.852 D_real: 0.302 D_fake: 0.160 \n"}
,{"stream_name":"stdout","time":12479.758784348,"data":"(epoch: 20, iters: 5540, time: 0.202, data: 0.003) G_GAN: 2.049 G_LPIPS: 51.993 D_real: 0.014 D_fake: 0.187 \n"}
,{"stream_name":"stdout","time":12479.758788935,"data":"(epoch: 20, iters: 5560, time: 0.195, data: 0.003) G_GAN: 2.777 G_LPIPS: 53.933 D_real: 0.171 D_fake: 0.091 \n"}
,{"stream_name":"stdout","time":12479.758793359,"data":"(epoch: 20, iters: 5580, time: 0.147, data: 0.003) G_GAN: 2.958 G_LPIPS: 53.752 D_real: 0.756 D_fake: 0.076 \n"}
,{"stream_name":"stdout","time":12479.758797815,"data":"saving the model at the end of epoch 20, iters 100440\n"}
,{"stream_name":"stdout","time":12479.758802103,"data":"End of epoch 20 / 20 \t Time Taken: 895 sec\n"}
,{"stream_name":"stdout","time":12481.315774569,"data":"C4 done; checkpoints in /kaggle/working/checkpoints/C4\n"}
,{"stream_name":"stderr","time":12484.635791873,"data":"/usr/local/lib/python3.12/dist-packages/mistune.py:435: SyntaxWarning: invalid escape sequence '\\|'\n"}
,{"stream_name":"stderr","time":12484.635822969,"data":"  cells[i][c] = re.sub('\\\\\\\\\\|', '|', cell)\n"}
,{"stream_name":"stderr","time":12484.882538748,"data":"/usr/local/lib/python3.12/dist-packages/nbconvert/filters/filter_links.py:36: SyntaxWarning: invalid escape sequence '\\_'\n"}
,{"stream_name":"stderr","time":12484.882600775,"data":"  text = re.sub(r'_', '\\_', text) # Escape underscores in display text\n"}
,{"stream_name":"stderr","time":12485.51041819,"data":"[NbConvertApp] Converting notebook __script__.ipynb to html\n"}
,{"stream_name":"stderr","time":12486.76182471,"data":"[NbConvertApp] Writing 334477 bytes to __results__.html\n"}
]