[{"stream_name":"stdout","time":6.541882279,"data":"==============================================================================\n"}
,{"stream_name":"stdout","time":6.542703077,"data":"[preflight] arm=C5  seed=42  utc=2026-08-23T19:51:33.285450+00:00\n"}
,{"stream_name":"stdout","time":6.8039446649999995,"data":"[preflight] torch=2.10.0+cu128  cuda_available=True\n"}
,{"stream_name":"stdout","time":6.845563704,"data":"[preflight] device=Tesla T4  count=2  capability=(7, 5)\n"}
,{"stream_name":"stdout","time":6.845602142,"data":"[preflight] torch arch list=['sm_70', 'sm_75', 'sm_80', 'sm_86', 'sm_90', 'sm_100', 'sm_120']\n"}
,{"stream_name":"stdout","time":6.845608031,"data":"[preflight] arch OK: sm_75 is in the torch arch list\n"}
,{"stream_name":"stdout","time":6.845613171,"data":"[preflight] dataset resolved to: /kaggle/input/datasets/vedatyildirim/gencp-tr\n"}
,{"stream_name":"stdout","time":6.910542733,"data":"[preflight] mount OK: /kaggle/input/datasets/vedatyildirim/gencp-tr -\u003e ['eu_pairs', 'latest_net_G.pth', 'pairs']\n"}
,{"stream_name":"stdout","time":6.910566924,"data":"[preflight] training pairs: 5577\n"}
,{"stream_name":"stdout","time":6.910570154,"data":"==============================================================================\n"}
,{"stream_name":"stderr","time":6.942427811,"data":"Cloning into '/kaggle/working/GenCP'...\n"}
,{"stream_name":"stdout","time":14.091410677,"data":"     ━━━━━━━━━━━━━━━━━━━━━━━━━━━━━━━━━━━━━━━━ 1.4/1.4 MB 19.1 MB/s eta 0:00:00\n"}
,{"stream_name":"stdout","time":48.226475949,"data":"[deps] torchmetrics 1.9.0 already in the image\n"}
,{"stream_name":"stdout","time":51.147008314,"data":"initialize network with normal\n"}
,{"stream_name":"stdout","time":51.226393121,"data":"initialize network with normal\n"}
,{"stream_name":"stdout","time":51.264170413,"data":"==============================================================================\n"}
,{"stream_name":"stdout","time":51.264189343,"data":"COLD-START DISCRIMINATOR - PROVENANCE\n"}
,{"stream_name":"stdout","time":51.264193111,"data":"==============================================================================\n"}
,{"stream_name":"stdout","time":51.264196346,"data":"latest_net_D.pth in this directory was NOT released with the GenCP weights.\n"}
,{"stream_name":"stdout","time":51.264214528,"data":"No discriminator has ever been published for the GenCP HR model.\n"}
,{"stream_name":"stdout","time":51.264219756,"data":"\n"}
,{"stream_name":"stdout","time":51.264224759,"data":"It was randomly initialised by tubitak/kaggle/train_c1_c2.py at the start of the run\n"}
,{"stream_name":"stdout","time":51.264230176,"data":"recorded below, through the repository's own networks.define_D -\u003e init_net -\u003e init_weights\n"}
,{"stream_name":"stdout","time":51.264236006,"data":"path, so that it starts in the distribution the training loop expects.\n"}
,{"stream_name":"stdout","time":51.264240621,"data":"\n"}
,{"stream_name":"stdout","time":51.264244791,"data":"  created (UTC) : 2026-08-23T19:52:18.007488+00:00\n"}
,{"stream_name":"stdout","time":51.264249054,"data":"  arm           : C5\n"}
,{"stream_name":"stdout","time":51.264253284,"data":"  seed          : 42  (torch.manual_seed + torch.cuda.manual_seed_all, immediately before define_D)\n"}
,{"stream_name":"stdout","time":51.264257724,"data":"  init scheme   : normal, gain 0.02  (init_type='normal', init_gain=0.02 - framework default)\n"}
,{"stream_name":"stdout","time":51.264266641,"data":"  architecture  : define_D(input_nc=6, ndf=64, netD='basic', n_layers_D=3, norm='batch')\n"}
,{"stream_name":"stdout","time":51.264270316,"data":"  parameters    : 2770500\n"}
,{"stream_name":"stdout","time":51.264285214,"data":"  sha256        : 06317d0b5fd9efe491ccb53c899e33b67b5ed381cfaca1c522298ede7ea22321\n"}
,{"stream_name":"stdout","time":51.2642878,"data":"  paired with   : latest_net_G.pth, the released GenCP HR RGB generator (genuinely pretrained)\n"}
,{"stream_name":"stdout","time":51.264290149,"data":"\n"}
,{"stream_name":"stdout","time":51.264292228,"data":"Do not cite, publish, redistribute or reuse this file as a pretrained discriminator.\n"}
,{"stream_name":"stdout","time":51.264294569,"data":"Any result produced from it starts from a cold, random D by design; see\n"}
,{"stream_name":"stdout","time":51.264296828,"data":"tubitak/docs/phase-c-config.md, \"Discriminator cold-start\".\n"}
,{"stream_name":"stdout","time":51.264299633,"data":"\n"}
,{"stream_name":"stdout","time":51.264315203,"data":"==============================================================================\n"}
,{"stream_name":"stdout","time":51.26463161,"data":"[C5] adversarial term zeroed in the Kaggle copy of pix2pix_model.py\n"}
,{"stream_name":"stdout","time":51.264644472,"data":"==============================================================================\n"}
,{"stream_name":"stdout","time":51.264647343,"data":"COLD-START DISCRIMINATOR - PROVENANCE\n"}
,{"stream_name":"stdout","time":51.26464996,"data":"==============================================================================\n"}
,{"stream_name":"stdout","time":51.264652293,"data":"latest_net_D.pth in this directory was NOT released with the GenCP weights.\n"}
,{"stream_name":"stdout","time":51.264654531,"data":"No discriminator has ever been published for the GenCP HR model.\n"}
,{"stream_name":"stdout","time":51.264656802,"data":"\n"}
,{"stream_name":"stdout","time":51.264658935,"data":"It was randomly initialised by tubitak/kaggle/train_c1_c2.py at the start of the run\n"}
,{"stream_name":"stdout","time":51.26466126,"data":"recorded below, through the repository's own networks.define_D -\u003e init_net -\u003e init_weights\n"}
,{"stream_name":"stdout","time":51.264663693,"data":"path, so that it starts in the distribution the training loop expects.\n"}
,{"stream_name":"stdout","time":51.264665874,"data":"\n"}
,{"stream_name":"stdout","time":51.264667915,"data":"  created (UTC) : 2026-08-23T19:52:18.007488+00:00\n"}
,{"stream_name":"stdout","time":51.264670233,"data":"  arm           : C5\n"}
,{"stream_name":"stdout","time":51.264672367,"data":"  seed          : 42  (torch.manual_seed + torch.cuda.manual_seed_all, immediately before define_D)\n"}
,{"stream_name":"stdout","time":51.264674661,"data":"  init scheme   : normal, gain 0.02  (init_type='normal', init_gain=0.02 - framework default)\n"}
,{"stream_name":"stdout","time":51.26467693,"data":"  architecture  : define_D(input_nc=6, ndf=64, netD='basic', n_layers_D=3, norm='batch')\n"}
,{"stream_name":"stdout","time":51.264679242,"data":"  parameters    : 2770500\n"}
,{"stream_name":"stdout","time":51.264681362,"data":"  sha256        : 06317d0b5fd9efe491ccb53c899e33b67b5ed381cfaca1c522298ede7ea22321\n"}
,{"stream_name":"stdout","time":51.264683579,"data":"  paired with   : latest_net_G.pth, the released GenCP HR RGB generator (genuinely pretrained)\n"}
,{"stream_name":"stdout","time":51.26468584,"data":"\n"}
,{"stream_name":"stdout","time":51.264687947,"data":"Do not cite, publish, redistribute or reuse this file as a pretrained discriminator.\n"}
,{"stream_name":"stdout","time":51.264690162,"data":"Any result produced from it starts from a cold, random D by design; see\n"}
,{"stream_name":"stdout","time":51.264692362,"data":"tubitak/docs/phase-c-config.md, \"Discriminator cold-start\".\n"}
,{"stream_name":"stdout","time":51.26471418,"data":"\n"}
,{"stream_name":"stdout","time":51.264718575,"data":"==============================================================================\n"}
,{"stream_name":"stdout","time":52.91551162,"data":"[seed-hook] random/numpy/torch seeded with 42\n"}
,{"stream_name":"stdout","time":72.157692434,"data":"----------------- Options ---------------\n"}
,{"stream_name":"stdout","time":72.157723717,"data":"                    LPIPS: True                          \t[default: False]\n"}
,{"stream_name":"stdout","time":72.157730314,"data":"               batch_size: 4                             \t[default: 1]\n"}
,{"stream_name":"stdout","time":72.157735353,"data":"                    beta1: 0.5                           \n"}
,{"stream_name":"stdout","time":72.157739927,"data":"          checkpoints_dir: /kaggle/working/checkpoints   \t[default: ./checkpoints]\n"}
,{"stream_name":"stdout","time":72.157744481,"data":"           continue_train: True                          \t[default: False]\n"}
,{"stream_name":"stdout","time":72.157748753,"data":"                crop_size: 256                           \n"}
,{"stream_name":"stdout","time":72.157753319,"data":"                 dataroot: /kaggle/working/GenCP/datasets/tr\t[default: None]\n"}
,{"stream_name":"stdout","time":72.157758064,"data":"             dataset_mode: aligned                       \n"}
,{"stream_name":"stdout","time":72.157762167,"data":"                direction: BtoA                          \t[default: AtoB]\n"}
,{"stream_name":"stdout","time":72.157766774,"data":"              display_env: main                          \n"}
,{"stream_name":"stdout","time":72.157771746,"data":"             display_freq: 400                           \n"}
,{"stream_name":"stdout","time":72.157776553,"data":"               display_id: -1                            \t[default: 1]\n"}
,{"stream_name":"stdout","time":72.157781447,"data":"            display_ncols: 4                             \n"}
,{"stream_name":"stdout","time":72.157786163,"data":"             display_port: 8097                          \n"}
,{"stream_name":"stdout","time":72.157791296,"data":"           display_server: http://localhost              \n"}
,{"stream_name":"stdout","time":72.157796214,"data":"          display_winsize: 256                           \n"}
,{"stream_name":"stdout","time":72.157800913,"data":"                    epoch: latest                        \n"}
,{"stream_name":"stdout","time":72.157805057,"data":"              epoch_count: 1                             \n"}
,{"stream_name":"stdout","time":72.157809541,"data":"                 gan_mode: vanilla                       \n"}
,{"stream_name":"stdout","time":72.157815143,"data":"                  gpu_ids: 0                             \n"}
,{"stream_name":"stdout","time":72.157819529,"data":"                init_gain: 0.02                          \n"}
,{"stream_name":"stdout","time":72.157824348,"data":"                init_type: normal                        \n"}
,{"stream_name":"stdout","time":72.157829268,"data":"                 input_nc: 3                             \n"}
,{"stream_name":"stdout","time":72.157834339,"data":"                  isTrain: True                          \t[default: None]\n"}
,{"stream_name":"stdout","time":72.157839235,"data":"                lambda_L1: 100.0                         \n"}
,{"stream_name":"stdout","time":72.157844343,"data":"                load_iter: 0                             \t[default: 0]\n"}
,{"stream_name":"stdout","time":72.157849148,"data":"                load_size: 286                           \n"}
,{"stream_name":"stdout","time":72.157863389,"data":"                       lr: 0.0001                        \t[default: 0.0002]\n"}
,{"stream_name":"stdout","time":72.157867637,"data":"           lr_decay_iters: 50                            \n"}
,{"stream_name":"stdout","time":72.157871807,"data":"                lr_policy: linear                        \n"}
,{"stream_name":"stdout","time":72.157875148,"data":"         max_dataset_size: inf                           \n"}
,{"stream_name":"stdout","time":72.157881226,"data":"                    model: pix2pix                       \t[default: cycle_gan]\n"}
,{"stream_name":"stdout","time":72.157885398,"data":"                 n_epochs: 10                            \t[default: 100]\n"}
,{"stream_name":"stdout","time":72.157889741,"data":"           n_epochs_decay: 10                            \t[default: 100]\n"}
,{"stream_name":"stdout","time":72.157893529,"data":"               n_layers_D: 3                             \n"}
,{"stream_name":"stdout","time":72.157896766,"data":"                     name: C5                            \t[default: experiment_name]\n"}
,{"stream_name":"stdout","time":72.157900238,"data":"                      ndf: 64                            \n"}
,{"stream_name":"stdout","time":72.157903581,"data":"                     netD: basic                         \n"}
,{"stream_name":"stdout","time":72.157906999,"data":"                     netG: unet_256                      \n"}
,{"stream_name":"stdout","time":72.157910063,"data":"                      ngf: 64                            \n"}
,{"stream_name":"stdout","time":72.157914981,"data":"               no_dropout: False                         \n"}
,{"stream_name":"stdout","time":72.15791809,"data":"                  no_flip: False                         \n"}
,{"stream_name":"stdout","time":72.157921447,"data":"                  no_html: False                         \n"}
,{"stream_name":"stdout","time":72.15792643,"data":"                     norm: batch                         \n"}
,{"stream_name":"stdout","time":72.157930063,"data":"              num_threads: 4                             \n"}
,{"stream_name":"stdout","time":72.157933971,"data":"                output_nc: 3                             \n"}
,{"stream_name":"stdout","time":72.157937668,"data":"                    phase: train                         \n"}
,{"stream_name":"stdout","time":72.157941439,"data":"                pool_size: 0                             \n"}
,{"stream_name":"stdout","time":72.157944914,"data":"               preprocess: resize_and_crop               \n"}
,{"stream_name":"stdout","time":72.157948285,"data":"               print_freq: 10                            \t[default: 100]\n"}
,{"stream_name":"stdout","time":72.157952047,"data":"             save_by_iter: False                         \n"}
,{"stream_name":"stdout","time":72.15795603,"data":"          save_epoch_freq: 1                             \t[default: 5]\n"}
,{"stream_name":"stdout","time":72.157959559,"data":"         save_latest_freq: 5000                          \n"}
,{"stream_name":"stdout","time":72.157962919,"data":"           serial_batches: False                         \n"}
,{"stream_name":"stdout","time":72.157966318,"data":"                   suffix:                               \n"}
,{"stream_name":"stdout","time":72.15797002,"data":"         update_html_freq: 1000                          \n"}
,{"stream_name":"stdout","time":72.157973391,"data":"                use_wandb: False                         \n"}
,{"stream_name":"stdout","time":72.157976743,"data":"                  verbose: False                         \n"}
,{"stream_name":"stdout","time":72.157991143,"data":"       wandb_project_name: CycleGAN-and-pix2pix          \n"}
,{"stream_name":"stdout","time":72.157993905,"data":"----------------- End -------------------\n"}
,{"stream_name":"stdout","time":72.157996118,"data":"dataset [AlignedDataset] was created\n"}
,{"stream_name":"stdout","time":72.157998279,"data":"The number of training images = 5577\n"}
,{"stream_name":"stdout","time":72.158000519,"data":"initialize network with normal\n"}
,{"stream_name":"stdout","time":72.158002663,"data":"initialize network with normal\n"}
,{"stream_name":"stdout","time":72.158004848,"data":"Downloading: \"https://download.pytorch.org/models/vgg16-397923af.pth\" to /root/.cache/torch/hub/checkpoints/vgg16-397923af.pth\n"}
,{"stream_name":"stderr","time":75.023771516,"data":"\r  0%|          | 0.00/528M [00:00\u003c?, ?B/s]\r  1%|▏         | 7.25M/528M [00:00\u003c00:07, 75.6MB/s]\r  5%|▍         | 26.0M/528M [00:00\u003c00:03, 146MB/s] \r  8%|▊         | 43.9M/528M [00:00\u003c00:03, 165MB/s]\r 12%|█▏        | 61.6M/528M [00:00\u003c00:02, 173MB/s]\r 15%|█▌        | 79.2M/528M [00:00\u003c00:02, 177MB/s]\r 18%|█▊        | 96.6M/528M [00:00\u003c00:02, 178MB/s]\r 22%|██▏       | 114M/528M [00:00\u003c00:02, 181MB/s] \r 25%|██▍       | 132M/528M [00:00\u003c00:02, 181MB/s]\r 28%|██▊       | 149M/528M [00:00\u003c00:02, 182MB/s]\r 32%|███▏      | 167M/528M [00:01\u003c00:02, 183MB/s]\r 35%|███▌      | 185M/528M [00:01\u003c00:01, 184MB/s]\r 38%|███▊      | 203M/528M [00:01\u003c00:01, 185MB/s]\r 42%|████▏     | 220M/528M [00:01\u003c00:01, 185MB/s]\r 45%|████▌     | 238M/528M [00:01\u003c00:01, 185MB/s]\r 48%|████▊     | 256M/528M [00:01\u003c00:01, 185MB/s]\r 52%|█████▏    | 273M/528M [00:01\u003c00:01, 184MB/s]\r 55%|█████▌    | 291M/528M [00:01\u003c00:01, 184MB/s]\r 59%|█████▉    | 312M/528M [00:01\u003c00:01, 194MB/s]\r 63%|██████▎   | 332M/528M [00:01\u003c00:01, 201MB/s]\r 67%|██████▋   | 354M/528M [00:02\u003c00:00, 207MB/s]\r 71%|███████   | 374M/528M [00:02\u003c00:00, 207MB/s]\r 75%|███████▍  | 393M/528M [00:02\u003c00:00, 207MB/s]\r 79%|███████▊  | 414M/528M [00:02\u003c00:00, 211MB/s]\r 82%|████████▏ | 435M/528M [00:02\u003c00:00, 211MB/s]\r 86%|████████▌ | 455M/528M [00:02\u003c00:00, 211MB/s]\r 90%|█████████ | 476M/528M [00:02\u003c00:00, 212MB/s]\r 94%|█████████▍| 496M/528M [00:02\u003c00:00, 214MB/s]\r 98%|█████████▊| 517M/528M [00:02\u003c00:00, 214MB/s]\r100%|██████████| 528M/528M [00:02\u003c00:00, 193MB/s]\n"}
,{"stream_name":"stderr","time":75.63817249,"data":"/kaggle/working/GenCP/models/base_model.py:123: UserWarning: Detected call of `lr_scheduler.step()` before `optimizer.step()`. In PyTorch 1.1.0 and later, you should call them in the opposite order: `optimizer.step()` before `lr_scheduler.step()`.  Failure to do this will result in PyTorch skipping the first value of the learning rate schedule. See more details at https://pytorch.org/docs/stable/optim.html#how-to-adjust-learning-rate\n"}
,{"stream_name":"stderr","time":75.638203072,"data":"  scheduler.step()\n"}
,{"stream_name":"stdout","time":75.644124425,"data":"model [Pix2PixModel] was created\n"}
,{"stream_name":"stdout","time":75.644146558,"data":"loading the model from /kaggle/working/checkpoints/C5/latest_net_G.pth\n"}
,{"stream_name":"stdout","time":75.644156784,"data":"loading the model from /kaggle/working/checkpoints/C5/latest_net_D.pth\n"}
,{"stream_name":"stdout","time":75.644160482,"data":"---------- Networks initialized -------------\n"}
,{"stream_name":"stdout","time":75.64417561,"data":"[Network G] Total number of parameters : 54.414 M\n"}
,{"stream_name":"stdout","time":75.644179628,"data":"[Network D] Total number of parameters : 2.769 M\n"}
,{"stream_name":"stdout","time":75.644183295,"data":"-----------------------------------------------\n"}
,{"stream_name":"stdout","time":75.644187256,"data":"create web directory /kaggle/working/checkpoints/C5/web...\n"}
,{"stream_name":"stdout","time":75.644191027,"data":"learning rate 0.0001000 -\u003e 0.0001000\n"}
,{"stream_name":"stderr","time":90.805500797,"data":"/kaggle/working/GenCP/models/base_model.py:141: UserWarning: Converting a tensor with requires_grad=True to a scalar may lead to unexpected behavior.\n"}
,{"stream_name":"stderr","time":90.805550492,"data":"Consider using tensor.detach() first. (Triggered internally at /pytorch/torch/csrc/autograd/generated/python_variable_methods.cpp:836.)\n"}
,{"stream_name":"stderr","time":90.805555605,"data":"  errors_ret[name] = float(getattr(self, 'loss_' + name))  # float(...) works for both scalar tensor and float number\n"}
,{"stream_name":"stdout","time":188.030194714,"data":"(epoch: 1, iters: 20, time: 0.099, data: 0.547) G_GAN: 0.822 G_LPIPS: 56.067 D_real: 0.779 D_fake: 0.807 \n"}
,{"stream_name":"stdout","time":188.030252421,"data":"(epoch: 1, iters: 40, time: 0.099, data: 0.002) G_GAN: 0.834 G_LPIPS: 64.090 D_real: 0.743 D_fake: 0.733 \n"}
,{"stream_name":"stdout","time":188.030259248,"data":"(epoch: 1, iters: 60, time: 0.100, data: 0.003) G_GAN: 0.733 G_LPIPS: 61.194 D_real: 0.624 D_fake: 0.850 \n"}
,{"stream_name":"stdout","time":188.030264043,"data":"(epoch: 1, iters: 80, time: 0.099, data: 0.003) G_GAN: 0.784 G_LPIPS: 56.016 D_real: 0.734 D_fake: 0.749 \n"}
,{"stream_name":"stdout","time":188.030268593,"data":"(epoch: 1, iters: 100, time: 0.099, data: 0.004) G_GAN: 0.737 G_LPIPS: 56.631 D_real: 0.939 D_fake: 0.988 \n"}
,{"stream_name":"stdout","time":188.030281101,"data":"(epoch: 1, iters: 120, time: 0.099, data: 0.003) G_GAN: 0.828 G_LPIPS: 56.629 D_real: 0.682 D_fake: 0.938 \n"}
,{"stream_name":"stdout","time":188.030284591,"data":"(epoch: 1, iters: 140, time: 0.100, data: 0.003) G_GAN: 0.775 G_LPIPS: 55.254 D_real: 0.645 D_fake: 0.798 \n"}
,{"stream_name":"stdout","time":188.030287771,"data":"(epoch: 1, iters: 160, time: 0.099, data: 0.003) G_GAN: 0.785 G_LPIPS: 54.620 D_real: 0.688 D_fake: 0.714 \n"}
,{"stream_name":"stdout","time":188.030291104,"data":"(epoch: 1, iters: 180, time: 0.101, data: 0.003) G_GAN: 0.901 G_LPIPS: 54.891 D_real: 0.731 D_fake: 0.611 \n"}
,{"stream_name":"stdout","time":188.030294014,"data":"(epoch: 1, iters: 200, time: 0.100, data: 0.003) G_GAN: 0.895 G_LPIPS: 56.985 D_real: 0.555 D_fake: 0.708 \n"}
,{"stream_name":"stdout","time":188.030296999,"data":"(epoch: 1, iters: 220, time: 0.100, data: 0.003) G_GAN: 0.899 G_LPIPS: 56.253 D_real: 0.612 D_fake: 0.649 \n"}
,{"stream_name":"stdout","time":188.030299918,"data":"(epoch: 1, iters: 240, time: 0.101, data: 0.003) G_GAN: 0.865 G_LPIPS: 56.161 D_real: 0.529 D_fake: 0.792 \n"}
,{"stream_name":"stdout","time":188.030302904,"data":"(epoch: 1, iters: 260, time: 0.101, data: 0.003) G_GAN: 1.021 G_LPIPS: 55.237 D_real: 0.521 D_fake: 0.723 \n"}
,{"stream_name":"stdout","time":188.030305814,"data":"(epoch: 1, iters: 280, time: 0.102, data: 0.003) G_GAN: 1.025 G_LPIPS: 54.951 D_real: 0.502 D_fake: 0.538 \n"}
,{"stream_name":"stdout","time":188.030309576,"data":"(epoch: 1, iters: 300, time: 0.101, data: 0.003) G_GAN: 0.907 G_LPIPS: 58.509 D_real: 0.718 D_fake: 0.697 \n"}
,{"stream_name":"stdout","time":188.030327089,"data":"(epoch: 1, iters: 320, time: 0.101, data: 0.003) G_GAN: 1.120 G_LPIPS: 57.362 D_real: 0.438 D_fake: 0.472 \n"}
,{"stream_name":"stdout","time":188.030333,"data":"(epoch: 1, iters: 340, time: 0.101, data: 0.003) G_GAN: 1.479 G_LPIPS: 57.444 D_real: 0.522 D_fake: 0.282 \n"}
,{"stream_name":"stdout","time":188.030353428,"data":"(epoch: 1, iters: 360, time: 0.102, data: 0.003) G_GAN: 1.213 G_LPIPS: 55.266 D_real: 0.536 D_fake: 0.651 \n"}
,{"stream_name":"stdout","time":188.030357545,"data":"(epoch: 1, iters: 380, time: 0.101, data: 0.003) G_GAN: 1.349 G_LPIPS: 55.507 D_real: 0.449 D_fake: 0.369 \n"}
,{"stream_name":"stdout","time":188.030362421,"data":"(epoch: 1, iters: 400, time: 0.116, data: 0.003) G_GAN: 1.468 G_LPIPS: 57.265 D_real: 0.356 D_fake: 0.382 \n"}
,{"stream_name":"stdout","time":188.030366006,"data":"(epoch: 1, iters: 420, time: 0.102, data: 0.003) G_GAN: 0.776 G_LPIPS: 53.689 D_real: 0.437 D_fake: 0.921 \n"}
,{"stream_name":"stdout","time":188.030369545,"data":"(epoch: 1, iters: 440, time: 0.102, data: 0.003) G_GAN: 1.238 G_LPIPS: 53.972 D_real: 0.681 D_fake: 0.348 \n"}
,{"stream_name":"stdout","time":188.030373101,"data":"(epoch: 1, iters: 460, time: 0.101, data: 0.003) G_GAN: 1.354 G_LPIPS: 54.993 D_real: 0.313 D_fake: 0.454 \n"}
,{"stream_name":"stdout","time":188.030376639,"data":"(epoch: 1, iters: 480, time: 0.102, data: 0.003) G_GAN: 1.883 G_LPIPS: 58.751 D_real: 0.260 D_fake: 0.217 \n"}
,{"stream_name":"stdout","time":188.030380182,"data":"(epoch: 1, iters: 500, time: 0.103, data: 0.003) G_GAN: 1.505 G_LPIPS: 53.579 D_real: 0.495 D_fake: 0.207 \n"}
,{"stream_name":"stdout","time":188.030383791,"data":"(epoch: 1, iters: 520, time: 0.103, data: 0.003) G_GAN: 1.940 G_LPIPS: 55.284 D_real: 0.146 D_fake: 0.255 \n"}
,{"stream_name":"stdout","time":188.030392144,"data":"(epoch: 1, iters: 540, time: 0.102, data: 0.003) G_GAN: 1.965 G_LPIPS: 54.616 D_real: 0.295 D_fake: 0.234 \n"}
,{"stream_name":"stdout","time":188.030395139,"data":"(epoch: 1, iters: 560, time: 0.102, data: 0.003) G_GAN: 2.192 G_LPIPS: 57.767 D_real: 0.226 D_fake: 0.157 \n"}
,{"stream_name":"stdout","time":188.030397423,"data":"(epoch: 1, iters: 580, time: 0.103, data: 0.003) G_GAN: 1.669 G_LPIPS: 57.544 D_real: 0.126 D_fake: 0.323 \n"}
,{"stream_name":"stdout","time":188.030399691,"data":"(epoch: 1, iters: 600, time: 0.103, data: 0.003) G_GAN: 1.693 G_LPIPS: 59.860 D_real: 0.092 D_fake: 0.456 \n"}
,{"stream_name":"stdout","time":188.030401983,"data":"(epoch: 1, iters: 620, time: 0.102, data: 0.003) G_GAN: 2.339 G_LPIPS: 53.461 D_real: 0.450 D_fake: 0.106 \n"}
,{"stream_name":"stdout","time":188.030404231,"data":"(epoch: 1, iters: 640, time: 0.103, data: 0.004) G_GAN: 1.747 G_LPIPS: 54.131 D_real: 0.399 D_fake: 0.253 \n"}
,{"stream_name":"stdout","time":188.030406917,"data":"(epoch: 1, iters: 660, time: 0.104, data: 0.003) G_GAN: 2.654 G_LPIPS: 57.591 D_real: 0.191 D_fake: 0.084 \n"}
,{"stream_name":"stdout","time":188.030421408,"data":"(epoch: 1, iters: 680, time: 0.103, data: 0.003) G_GAN: 2.626 G_LPIPS: 55.444 D_real: 0.067 D_fake: 0.188 \n"}
,{"stream_name":"stdout","time":188.030425499,"data":"(epoch: 1, iters: 700, time: 0.103, data: 0.003) G_GAN: 3.040 G_LPIPS: 56.014 D_real: 0.125 D_fake: 0.052 \n"}
,{"stream_name":"stdout","time":188.030429705,"data":"(epoch: 1, iters: 720, time: 0.104, data: 0.003) G_GAN: 2.027 G_LPIPS: 52.097 D_real: 0.113 D_fake: 0.134 \n"}
,{"stream_name":"stdout","time":188.030433786,"data":"(epoch: 1, iters: 740, time: 0.104, data: 0.003) G_GAN: 3.432 G_LPIPS: 57.377 D_real: 0.094 D_fake: 0.044 \n"}
,{"stream_name":"stdout","time":188.030437817,"data":"(epoch: 1, iters: 760, time: 0.104, data: 0.003) G_GAN: 2.687 G_LPIPS: 53.777 D_real: 0.227 D_fake: 0.104 \n"}
,{"stream_name":"stdout","time":188.030441816,"data":"(epoch: 1, iters: 780, time: 0.104, data: 0.004) G_GAN: 1.961 G_LPIPS: 54.042 D_real: 0.195 D_fake: 0.255 \n"}
,{"stream_name":"stdout","time":188.030445297,"data":"(epoch: 1, iters: 800, time: 0.104, data: 0.003) G_GAN: 2.151 G_LPIPS: 49.650 D_real: 0.467 D_fake: 0.106 \n"}
,{"stream_name":"stdout","time":188.030452606,"data":"(epoch: 1, iters: 820, time: 0.104, data: 0.003) G_GAN: 2.621 G_LPIPS: 53.223 D_real: 0.171 D_fake: 0.153 \n"}
,{"stream_name":"stdout","time":188.030456135,"data":"(epoch: 1, iters: 840, time: 0.104, data: 0.003) G_GAN: 2.158 G_LPIPS: 53.952 D_real: 0.102 D_fake: 0.330 \n"}
,{"stream_name":"stdout","time":188.030459631,"data":"(epoch: 1, iters: 860, time: 0.105, data: 0.003) G_GAN: 3.117 G_LPIPS: 58.433 D_real: 0.075 D_fake: 0.057 \n"}
,{"stream_name":"stdout","time":188.030463048,"data":"(epoch: 1, iters: 880, time: 0.104, data: 0.003) G_GAN: 2.569 G_LPIPS: 55.905 D_real: 0.034 D_fake: 0.145 \n"}
,{"stream_name":"stdout","time":188.030466444,"data":"(epoch: 1, iters: 900, time: 0.104, data: 0.003) G_GAN: 3.560 G_LPIPS: 51.882 D_real: 0.075 D_fake: 0.034 \n"}
,{"stream_name":"stdout","time":188.030469999,"data":"(epoch: 1, iters: 920, time: 0.105, data: 0.003) G_GAN: 2.770 G_LPIPS: 54.558 D_real: 0.061 D_fake: 0.091 \n"}
,{"stream_name":"stdout","time":188.030473504,"data":"(epoch: 1, iters: 940, time: 0.106, data: 0.003) G_GAN: 2.135 G_LPIPS: 55.590 D_real: 0.060 D_fake: 0.222 \n"}
,{"stream_name":"stdout","time":188.030476988,"data":"(epoch: 1, iters: 960, time: 0.105, data: 0.003) G_GAN: 3.346 G_LPIPS: 55.624 D_real: 0.072 D_fake: 0.037 \n"}
,{"stream_name":"stdout","time":188.030480866,"data":"(epoch: 1, iters: 980, time: 0.106, data: 0.003) G_GAN: 3.211 G_LPIPS: 54.184 D_real: 0.049 D_fake: 0.060 \n"}
,{"stream_name":"stdout","time":188.030484333,"data":"(epoch: 1, iters: 1000, time: 0.106, data: 0.003) G_GAN: 3.468 G_LPIPS: 54.121 D_real: 0.065 D_fake: 0.211 \n"}
,{"stream_name":"stdout","time":188.030487888,"data":"(epoch: 1, iters: 1020, time: 0.106, data: 0.003) G_GAN: 4.280 G_LPIPS: 58.104 D_real: 0.052 D_fake: 0.024 \n"}
,{"stream_name":"stdout","time":188.030491628,"data":"(epoch: 1, iters: 1040, time: 0.106, data: 0.003) G_GAN: 3.193 G_LPIPS: 50.862 D_real: 0.125 D_fake: 0.076 \n"}
,{"stream_name":"stdout","time":188.030500518,"data":"(epoch: 1, iters: 1060, time: 0.106, data: 0.003) G_GAN: 2.206 G_LPIPS: 50.411 D_real: 0.233 D_fake: 0.146 \n"}
,{"stream_name":"stdout","time":188.030503546,"data":"(epoch: 1, iters: 1080, time: 0.106, data: 0.003) G_GAN: 3.575 G_LPIPS: 52.848 D_real: 0.054 D_fake: 0.049 \n"}
,{"stream_name":"stdout","time":188.030517909,"data":"(epoch: 1, iters: 1100, time: 0.106, data: 0.003) G_GAN: 3.030 G_LPIPS: 50.103 D_real: 0.074 D_fake: 0.097 \n"}
,{"stream_name":"stdout","time":188.030522468,"data":"(epoch: 1, iters: 1120, time: 0.106, data: 0.003) G_GAN: 3.178 G_LPIPS: 50.053 D_real: 0.095 D_fake: 0.097 \n"}
,{"stream_name":"stdout","time":188.03052661,"data":"(epoch: 1, iters: 1140, time: 0.107, data: 0.003) G_GAN: 3.287 G_LPIPS: 46.639 D_real: 0.188 D_fake: 0.031 \n"}
,{"stream_name":"stdout","time":188.030531274,"data":"(epoch: 1, iters: 1160, time: 0.106, data: 0.003) G_GAN: 3.399 G_LPIPS: 51.223 D_real: 0.091 D_fake: 0.048 \n"}
,{"stream_name":"stdout","time":188.030535144,"data":"(epoch: 1, iters: 1180, time: 0.106, data: 0.003) G_GAN: 2.352 G_LPIPS: 50.189 D_real: 0.066 D_fake: 0.221 \n"}
,{"stream_name":"stdout","time":188.030538651,"data":"(epoch: 1, iters: 1200, time: 0.107, data: 0.003) G_GAN: 4.249 G_LPIPS: 56.858 D_real: 0.023 D_fake: 0.015 \n"}
,{"stream_name":"stdout","time":188.03054214,"data":"(epoch: 1, iters: 1220, time: 0.107, data: 0.004) G_GAN: 4.840 G_LPIPS: 53.849 D_real: 0.034 D_fake: 0.009 \n"}
,{"stream_name":"stdout","time":188.030545571,"data":"(epoch: 1, iters: 1240, time: 0.108, data: 0.003) G_GAN: 3.628 G_LPIPS: 53.125 D_real: 0.019 D_fake: 0.033 \n"}
,{"stream_name":"stdout","time":188.030549051,"data":"(epoch: 1, iters: 1260, time: 0.107, data: 0.003) G_GAN: 3.659 G_LPIPS: 52.755 D_real: 0.026 D_fake: 0.031 \n"}
,{"stream_name":"stdout","time":188.030555673,"data":"(epoch: 1, iters: 1280, time: 0.108, data: 0.004) G_GAN: 4.684 G_LPIPS: 57.787 D_real: 0.017 D_fake: 0.011 \n"}
,{"stream_name":"stdout","time":188.030559221,"data":"(epoch: 1, iters: 1300, time: 0.108, data: 0.003) G_GAN: 3.017 G_LPIPS: 49.911 D_real: 0.055 D_fake: 0.057 \n"}
,{"stream_name":"stdout","time":188.030562651,"data":"(epoch: 1, iters: 1320, time: 0.107, data: 0.003) G_GAN: 4.736 G_LPIPS: 53.983 D_real: 0.017 D_fake: 0.010 \n"}
,{"stream_name":"stdout","time":188.030566159,"data":"(epoch: 1, iters: 1340, time: 0.108, data: 0.003) G_GAN: 3.902 G_LPIPS: 55.488 D_real: 0.013 D_fake: 0.023 \n"}
,{"stream_name":"stdout","time":188.03056955,"data":"(epoch: 1, iters: 1360, time: 0.107, data: 0.003) G_GAN: 4.287 G_LPIPS: 54.684 D_real: 0.015 D_fake: 0.015 \n"}
,{"stream_name":"stdout","time":188.030572973,"data":"(epoch: 1, iters: 1380, time: 0.108, data: 0.003) G_GAN: 4.380 G_LPIPS: 52.889 D_real: 0.045 D_fake: 0.014 \n"}
,{"stream_name":"stdout","time":188.030576456,"data":"(epoch: 1, iters: 1400, time: 0.108, data: 0.003) G_GAN: 3.383 G_LPIPS: 51.118 D_real: 0.045 D_fake: 0.056 \n"}
,{"stream_name":"stdout","time":188.030579981,"data":"(epoch: 1, iters: 1420, time: 0.109, data: 0.003) G_GAN: 4.044 G_LPIPS: 55.932 D_real: 0.016 D_fake: 0.025 \n"}
,{"stream_name":"stdout","time":188.030583453,"data":"(epoch: 1, iters: 1440, time: 0.108, data: 0.003) G_GAN: 4.328 G_LPIPS: 55.110 D_real: 0.008 D_fake: 0.018 \n"}
,{"stream_name":"stdout","time":188.030586933,"data":"(epoch: 1, iters: 1460, time: 0.109, data: 0.003) G_GAN: 4.009 G_LPIPS: 56.404 D_real: 0.011 D_fake: 0.020 \n"}
,{"stream_name":"stdout","time":188.030595805,"data":"(epoch: 1, iters: 1480, time: 0.109, data: 0.003) G_GAN: 3.817 G_LPIPS: 51.596 D_real: 0.009 D_fake: 0.031 \n"}
,{"stream_name":"stdout","time":188.030598896,"data":"(epoch: 1, iters: 1500, time: 0.108, data: 0.003) G_GAN: 4.571 G_LPIPS: 56.841 D_real: 0.007 D_fake: 0.012 \n"}
,{"stream_name":"stdout","time":188.030613076,"data":"(epoch: 1, iters: 1520, time: 0.108, data: 0.003) G_GAN: 3.817 G_LPIPS: 52.097 D_real: 0.015 D_fake: 0.026 \n"}
,{"stream_name":"stdout","time":288.998834831,"data":"(epoch: 1, iters: 1540, time: 0.109, data: 0.003) G_GAN: 3.989 G_LPIPS: 54.600 D_real: 0.006 D_fake: 0.028 \n"}
,{"stream_name":"stdout","time":288.998880336,"data":"(epoch: 1, iters: 1560, time: 0.109, data: 0.003) G_GAN: 4.792 G_LPIPS: 57.070 D_real: 0.007 D_fake: 0.010 \n"}
,{"stream_name":"stdout","time":288.99889176,"data":"(epoch: 1, iters: 1580, time: 0.109, data: 0.004) G_GAN: 4.980 G_LPIPS: 56.410 D_real: 0.007 D_fake: 0.008 \n"}
,{"stream_name":"stdout","time":288.998895378,"data":"(epoch: 1, iters: 1600, time: 0.110, data: 0.003) G_GAN: 5.134 G_LPIPS: 55.588 D_real: 0.014 D_fake: 0.007 \n"}
,{"stream_name":"stdout","time":288.998898482,"data":"(epoch: 1, iters: 1620, time: 0.110, data: 0.003) G_GAN: 5.200 G_LPIPS: 56.283 D_real: 0.014 D_fake: 0.006 \n"}
,{"stream_name":"stdout","time":288.998901596,"data":"(epoch: 1, iters: 1640, time: 0.109, data: 0.003) G_GAN: 4.712 G_LPIPS: 54.983 D_real: 0.006 D_fake: 0.009 \n"}
,{"stream_name":"stdout","time":288.998904664,"data":"(epoch: 1, iters: 1660, time: 0.110, data: 0.003) G_GAN: 4.239 G_LPIPS: 54.182 D_real: 0.008 D_fake: 0.019 \n"}
,{"stream_name":"stdout","time":288.998907596,"data":"(epoch: 1, iters: 1680, time: 0.109, data: 0.003) G_GAN: 3.838 G_LPIPS: 55.823 D_real: 0.007 D_fake: 0.030 \n"}
,{"stream_name":"stdout","time":288.998910524,"data":"(epoch: 1, iters: 1700, time: 0.110, data: 0.003) G_GAN: 5.229 G_LPIPS: 59.650 D_real: 0.007 D_fake: 0.006 \n"}
,{"stream_name":"stdout","time":288.998913516,"data":"(epoch: 1, iters: 1720, time: 0.109, data: 0.003) G_GAN: 4.107 G_LPIPS: 53.731 D_real: 0.008 D_fake: 0.020 \n"}
,{"stream_name":"stdout","time":288.99894593,"data":"(epoch: 1, iters: 1740, time: 0.109, data: 0.003) G_GAN: 4.390 G_LPIPS: 54.495 D_real: 0.007 D_fake: 0.015 \n"}
,{"stream_name":"stdout","time":288.998951059,"data":"(epoch: 1, iters: 1760, time: 0.110, data: 0.003) G_GAN: 4.890 G_LPIPS: 52.088 D_real: 0.012 D_fake: 0.011 \n"}
,{"stream_name":"stdout","time":288.998955156,"data":"(epoch: 1, iters: 1780, time: 0.109, data: 0.003) G_GAN: 5.359 G_LPIPS: 55.359 D_real: 0.007 D_fake: 0.005 \n"}
,{"stream_name":"stdout","time":288.998959173,"data":"(epoch: 1, iters: 1800, time: 0.109, data: 0.003) G_GAN: 5.328 G_LPIPS: 48.862 D_real: 0.010 D_fake: 0.006 \n"}
,{"stream_name":"stdout","time":288.998962858,"data":"(epoch: 1, iters: 1820, time: 0.109, data: 0.003) G_GAN: 5.430 G_LPIPS: 53.911 D_real: 0.019 D_fake: 0.005 \n"}
,{"stream_name":"stdout","time":288.998966369,"data":"(epoch: 1, iters: 1840, time: 0.108, data: 0.003) G_GAN: 4.536 G_LPIPS: 53.993 D_real: 0.004 D_fake: 0.013 \n"}
,{"stream_name":"stdout","time":288.998969791,"data":"(epoch: 1, iters: 1860, time: 0.108, data: 0.003) G_GAN: 3.764 G_LPIPS: 57.109 D_real: 0.003 D_fake: 0.037 \n"}
,{"stream_name":"stdout","time":288.998973331,"data":"(epoch: 1, iters: 1880, time: 0.108, data: 0.003) G_GAN: 5.118 G_LPIPS: 52.780 D_real: 0.012 D_fake: 0.007 \n"}
,{"stream_name":"stdout","time":288.998976884,"data":"(epoch: 1, iters: 1900, time: 0.108, data: 0.003) G_GAN: 4.376 G_LPIPS: 55.770 D_real: 0.005 D_fake: 0.015 \n"}
,{"stream_name":"stdout","time":288.998981982,"data":"(epoch: 1, iters: 1920, time: 0.108, data: 0.003) G_GAN: 4.980 G_LPIPS: 54.789 D_real: 0.007 D_fake: 0.007 \n"}
,{"stream_name":"stdout","time":288.998985596,"data":"(epoch: 1, iters: 1940, time: 0.108, data: 0.003) G_GAN: 5.476 G_LPIPS: 51.673 D_real: 0.006 D_fake: 0.005 \n"}
,{"stream_name":"stdout","time":288.998989059,"data":"(epoch: 1, iters: 1960, time: 0.108, data: 0.003) G_GAN: 5.300 G_LPIPS: 51.801 D_real: 0.012 D_fake: 0.006 \n"}
,{"stream_name":"stdout","time":288.998992603,"data":"(epoch: 1, iters: 1980, time: 0.108, data: 0.003) G_GAN: 4.738 G_LPIPS: 51.126 D_real: 0.008 D_fake: 0.010 \n"}
,{"stream_name":"stdout","time":288.998996089,"data":"(epoch: 1, iters: 2000, time: 0.120, data: 0.003) G_GAN: 5.514 G_LPIPS: 57.143 D_real: 0.006 D_fake: 0.005 \n"}
,{"stream_name":"stdout","time":288.998999588,"data":"(epoch: 1, iters: 2020, time: 0.108, data: 0.003) G_GAN: 3.138 G_LPIPS: 52.643 D_real: 0.008 D_fake: 0.047 \n"}
,{"stream_name":"stdout","time":288.999003165,"data":"(epoch: 1, iters: 2040, time: 0.107, data: 0.003) G_GAN: 3.279 G_LPIPS: 46.231 D_real: 0.032 D_fake: 0.090 \n"}
,{"stream_name":"stdout","time":288.999011986,"data":"(epoch: 1, iters: 2060, time: 0.107, data: 0.003) G_GAN: 5.341 G_LPIPS: 54.932 D_real: 0.007 D_fake: 0.010 \n"}
,{"stream_name":"stdout","time":288.999014571,"data":"(epoch: 1, iters: 2080, time: 0.108, data: 0.003) G_GAN: 5.191 G_LPIPS: 53.516 D_real: 0.013 D_fake: 0.007 \n"}
,{"stream_name":"stdout","time":288.999016849,"data":"(epoch: 1, iters: 2100, time: 0.107, data: 0.003) G_GAN: 5.260 G_LPIPS: 53.350 D_real: 0.007 D_fake: 0.006 \n"}
,{"stream_name":"stdout","time":288.999019294,"data":"(epoch: 1, iters: 2120, time: 0.107, data: 0.003) G_GAN: 5.716 G_LPIPS: 54.266 D_real: 0.004 D_fake: 0.004 \n"}
,{"stream_name":"stdout","time":288.99902161,"data":"(epoch: 1, iters: 2140, time: 0.108, data: 0.003) G_GAN: 5.609 G_LPIPS: 53.891 D_real: 0.009 D_fake: 0.004 \n"}
,{"stream_name":"stdout","time":288.999024026,"data":"(epoch: 1, iters: 2160, time: 0.108, data: 0.003) G_GAN: 4.793 G_LPIPS: 50.801 D_real: 0.022 D_fake: 0.009 \n"}
,{"stream_name":"stdout","time":288.999039291,"data":"(epoch: 1, iters: 2180, time: 0.107, data: 0.003) G_GAN: 4.519 G_LPIPS: 53.773 D_real: 0.003 D_fake: 0.014 \n"}
,{"stream_name":"stdout","time":288.999048045,"data":"(epoch: 1, iters: 2200, time: 0.107, data: 0.003) G_GAN: 4.707 G_LPIPS: 48.698 D_real: 0.005 D_fake: 0.011 \n"}
,{"stream_name":"stdout","time":288.999052263,"data":"(epoch: 1, iters: 2220, time: 0.107, data: 0.003) G_GAN: 5.837 G_LPIPS: 49.893 D_real: 0.011 D_fake: 0.003 \n"}
,{"stream_name":"stdout","time":288.999055816,"data":"(epoch: 1, iters: 2240, time: 0.108, data: 0.003) G_GAN: 5.626 G_LPIPS: 59.780 D_real: 0.003 D_fake: 0.004 \n"}
,{"stream_name":"stdout","time":288.999059319,"data":"(epoch: 1, iters: 2260, time: 0.106, data: 0.003) G_GAN: 5.395 G_LPIPS: 51.659 D_real: 0.004 D_fake: 0.005 \n"}
,{"stream_name":"stdout","time":288.999062804,"data":"(epoch: 1, iters: 2280, time: 0.107, data: 0.003) G_GAN: 5.335 G_LPIPS: 48.523 D_real: 0.014 D_fake: 0.005 \n"}
,{"stream_name":"stdout","time":288.999066666,"data":"(epoch: 1, iters: 2300, time: 0.108, data: 0.003) G_GAN: 4.449 G_LPIPS: 52.373 D_real: 0.008 D_fake: 0.014 \n"}
,{"stream_name":"stdout","time":288.99907013,"data":"(epoch: 1, iters: 2320, time: 0.108, data: 0.003) G_GAN: 5.805 G_LPIPS: 55.720 D_real: 0.003 D_fake: 0.003 \n"}
,{"stream_name":"stdout","time":288.999073639,"data":"(epoch: 1, iters: 2340, time: 0.107, data: 0.003) G_GAN: 3.870 G_LPIPS: 54.613 D_real: 0.005 D_fake: 0.035 \n"}
,{"stream_name":"stdout","time":288.999077166,"data":"(epoch: 1, iters: 2360, time: 0.108, data: 0.002) G_GAN: 5.238 G_LPIPS: 52.260 D_real: 0.010 D_fake: 0.006 \n"}
,{"stream_name":"stdout","time":288.999080699,"data":"(epoch: 1, iters: 2380, time: 0.107, data: 0.002) G_GAN: 4.760 G_LPIPS: 54.098 D_real: 0.009 D_fake: 0.011 \n"}
,{"stream_name":"stdout","time":288.999084183,"data":"(epoch: 1, iters: 2400, time: 0.107, data: 0.003) G_GAN: 3.855 G_LPIPS: 52.453 D_real: 0.002 D_fake: 0.016 \n"}
,{"stream_name":"stdout","time":288.999087653,"data":"(epoch: 1, iters: 2420, time: 0.108, data: 0.003) G_GAN: 4.476 G_LPIPS: 50.899 D_real: 0.009 D_fake: 0.017 \n"}
,{"stream_name":"stdout","time":288.999091719,"data":"(epoch: 1, iters: 2440, time: 0.108, data: 0.003) G_GAN: 5.623 G_LPIPS: 53.049 D_real: 0.008 D_fake: 0.005 \n"}
,{"stream_name":"stdout","time":288.999120965,"data":"(epoch: 1, iters: 2460, time: 0.107, data: 0.003) G_GAN: 5.127 G_LPIPS: 51.620 D_real: 0.007 D_fake: 0.007 \n"}
,{"stream_name":"stdout","time":288.999125515,"data":"(epoch: 1, iters: 2480, time: 0.108, data: 0.003) G_GAN: 5.277 G_LPIPS: 49.786 D_real: 0.007 D_fake: 0.006 \n"}
,{"stream_name":"stdout","time":288.999129136,"data":"(epoch: 1, iters: 2500, time: 0.107, data: 0.003) G_GAN: 4.730 G_LPIPS: 54.349 D_real: 0.005 D_fake: 0.010 \n"}
,{"stream_name":"stdout","time":288.999132736,"data":"(epoch: 1, iters: 2520, time: 0.107, data: 0.003) G_GAN: 5.042 G_LPIPS: 49.881 D_real: 0.009 D_fake: 0.007 \n"}
,{"stream_name":"stdout","time":288.999136219,"data":"(epoch: 1, iters: 2540, time: 0.108, data: 0.002) G_GAN: 5.703 G_LPIPS: 52.967 D_real: 0.003 D_fake: 0.004 \n"}
,{"stream_name":"stdout","time":288.999139676,"data":"(epoch: 1, iters: 2560, time: 0.107, data: 0.003) G_GAN: 4.818 G_LPIPS: 52.559 D_real: 0.006 D_fake: 0.010 \n"}
,{"stream_name":"stdout","time":288.999150144,"data":"(epoch: 1, iters: 2580, time: 0.107, data: 0.003) G_GAN: 5.850 G_LPIPS: 51.266 D_real: 0.005 D_fake: 0.003 \n"}
,{"stream_name":"stdout","time":288.99915361,"data":"(epoch: 1, iters: 2600, time: 0.108, data: 0.003) G_GAN: 5.244 G_LPIPS: 49.602 D_real: 0.012 D_fake: 0.006 \n"}
,{"stream_name":"stdout","time":288.999157297,"data":"(epoch: 1, iters: 2620, time: 0.108, data: 0.003) G_GAN: 4.304 G_LPIPS: 48.143 D_real: 0.019 D_fake: 0.016 \n"}
,{"stream_name":"stdout","time":288.999160785,"data":"(epoch: 1, iters: 2640, time: 0.108, data: 0.003) G_GAN: 5.418 G_LPIPS: 54.128 D_real: 0.002 D_fake: 0.005 \n"}
,{"stream_name":"stdout","time":288.99916794,"data":"(epoch: 1, iters: 2660, time: 0.108, data: 0.003) G_GAN: 5.134 G_LPIPS: 50.989 D_real: 0.003 D_fake: 0.007 \n"}
,{"stream_name":"stdout","time":288.999172171,"data":"(epoch: 1, iters: 2680, time: 0.108, data: 0.003) G_GAN: 5.673 G_LPIPS: 55.670 D_real: 0.002 D_fake: 0.004 \n"}
,{"stream_name":"stdout","time":288.99917571,"data":"(epoch: 1, iters: 2700, time: 0.108, data: 0.003) G_GAN: 5.802 G_LPIPS: 54.044 D_real: 0.002 D_fake: 0.003 \n"}
,{"stream_name":"stdout","time":288.999180859,"data":"(epoch: 1, iters: 2720, time: 0.108, data: 0.003) G_GAN: 5.500 G_LPIPS: 52.632 D_real: 0.003 D_fake: 0.005 \n"}
,{"stream_name":"stdout","time":288.999187599,"data":"(epoch: 1, iters: 2740, time: 0.108, data: 0.003) G_GAN: 5.410 G_LPIPS: 52.597 D_real: 0.006 D_fake: 0.006 \n"}
,{"stream_name":"stdout","time":288.999203429,"data":"(epoch: 1, iters: 2760, time: 0.108, data: 0.003) G_GAN: 5.910 G_LPIPS: 50.037 D_real: 0.005 D_fake: 0.003 \n"}
,{"stream_name":"stdout","time":288.999208006,"data":"(epoch: 1, iters: 2780, time: 0.108, data: 0.003) G_GAN: 5.993 G_LPIPS: 55.680 D_real: 0.002 D_fake: 0.003 \n"}
,{"stream_name":"stdout","time":288.999211845,"data":"(epoch: 1, iters: 2800, time: 0.108, data: 0.003) G_GAN: 5.733 G_LPIPS: 52.182 D_real: 0.005 D_fake: 0.004 \n"}
,{"stream_name":"stdout","time":288.999216175,"data":"(epoch: 1, iters: 2820, time: 0.108, data: 0.003) G_GAN: 5.384 G_LPIPS: 55.045 D_real: 0.003 D_fake: 0.005 \n"}
,{"stream_name":"stdout","time":288.999220436,"data":"(epoch: 1, iters: 2840, time: 0.109, data: 0.003) G_GAN: 5.964 G_LPIPS: 53.862 D_real: 0.002 D_fake: 0.003 \n"}
,{"stream_name":"stdout","time":288.999224006,"data":"(epoch: 1, iters: 2860, time: 0.108, data: 0.003) G_GAN: 5.575 G_LPIPS: 54.290 D_real: 0.002 D_fake: 0.004 \n"}
,{"stream_name":"stdout","time":288.999227545,"data":"(epoch: 1, iters: 2880, time: 0.108, data: 0.003) G_GAN: 3.809 G_LPIPS: 52.155 D_real: 0.005 D_fake: 0.048 \n"}
,{"stream_name":"stdout","time":288.999231075,"data":"(epoch: 1, iters: 2900, time: 0.108, data: 0.003) G_GAN: 5.999 G_LPIPS: 51.908 D_real: 0.011 D_fake: 0.003 \n"}
,{"stream_name":"stdout","time":288.999234533,"data":"(epoch: 1, iters: 2920, time: 0.108, data: 0.003) G_GAN: 6.025 G_LPIPS: 54.252 D_real: 0.003 D_fake: 0.003 \n"}
,{"stream_name":"stdout","time":288.999238002,"data":"(epoch: 1, iters: 2940, time: 0.108, data: 0.003) G_GAN: 5.836 G_LPIPS: 50.120 D_real: 0.008 D_fake: 0.003 \n"}
,{"stream_name":"stdout","time":288.999241471,"data":"(epoch: 1, iters: 2960, time: 0.108, data: 0.003) G_GAN: 5.723 G_LPIPS: 53.283 D_real: 0.004 D_fake: 0.004 \n"}
,{"stream_name":"stdout","time":288.999245014,"data":"(epoch: 1, iters: 2980, time: 0.108, data: 0.003) G_GAN: 5.464 G_LPIPS: 54.126 D_real: 0.003 D_fake: 0.005 \n"}
,{"stream_name":"stdout","time":288.999248523,"data":"(epoch: 1, iters: 3000, time: 0.109, data: 0.003) G_GAN: 5.011 G_LPIPS: 55.633 D_real: 0.005 D_fake: 0.011 \n"}
,{"stream_name":"stdout","time":288.999251986,"data":"(epoch: 1, iters: 3020, time: 0.108, data: 0.003) G_GAN: 6.000 G_LPIPS: 52.762 D_real: 0.003 D_fake: 0.003 \n"}
,{"stream_name":"stdout","time":288.999255459,"data":"(epoch: 1, iters: 3040, time: 0.108, data: 0.003) G_GAN: 4.113 G_LPIPS: 50.462 D_real: 0.004 D_fake: 0.097 \n"}
,{"stream_name":"stdout","time":390.032273277,"data":"(epoch: 1, iters: 3060, time: 0.108, data: 0.003) G_GAN: 6.505 G_LPIPS: 50.670 D_real: 0.019 D_fake: 0.002 \n"}
,{"stream_name":"stdout","time":390.032315907,"data":"(epoch: 1, iters: 3080, time: 0.108, data: 0.003) G_GAN: 6.221 G_LPIPS: 47.649 D_real: 0.010 D_fake: 0.002 \n"}
,{"stream_name":"stdout","time":390.032321855,"data":"(epoch: 1, iters: 3100, time: 0.109, data: 0.003) G_GAN: 5.822 G_LPIPS: 56.150 D_real: 0.002 D_fake: 0.003 \n"}
,{"stream_name":"stdout","time":390.032336792,"data":"(epoch: 1, iters: 3120, time: 0.108, data: 0.003) G_GAN: 6.345 G_LPIPS: 56.083 D_real: 0.002 D_fake: 0.002 \n"}
,{"stream_name":"stdout","time":390.032340821,"data":"(epoch: 1, iters: 3140, time: 0.108, data: 0.003) G_GAN: 5.729 G_LPIPS: 49.584 D_real: 0.005 D_fake: 0.004 \n"}
,{"stream_name":"stdout","time":390.032350817,"data":"(epoch: 1, iters: 3160, time: 0.109, data: 0.003) G_GAN: 5.734 G_LPIPS: 50.867 D_real: 0.007 D_fake: 0.004 \n"}
,{"stream_name":"stdout","time":390.032353822,"data":"(epoch: 1, iters: 3180, time: 0.168, data: 0.003) G_GAN: 6.073 G_LPIPS: 50.796 D_real: 0.002 D_fake: 0.003 \n"}
,{"stream_name":"stdout","time":390.032356102,"data":"(epoch: 1, iters: 3200, time: 0.107, data: 0.003) G_GAN: 6.084 G_LPIPS: 51.734 D_real: 0.005 D_fake: 0.003 \n"}
,{"stream_name":"stdout","time":390.032358388,"data":"(epoch: 1, iters: 3220, time: 0.107, data: 0.003) G_GAN: 5.705 G_LPIPS: 51.067 D_real: 0.006 D_fake: 0.004 \n"}
,{"stream_name":"stdout","time":390.032360726,"data":"(epoch: 1, iters: 3240, time: 0.107, data: 0.003) G_GAN: 6.319 G_LPIPS: 55.431 D_real: 0.002 D_fake: 0.002 \n"}
,{"stream_name":"stdout","time":390.03236309,"data":"(epoch: 1, iters: 3260, time: 0.107, data: 0.003) G_GAN: 6.326 G_LPIPS: 56.386 D_real: 0.002 D_fake: 0.002 \n"}
,{"stream_name":"stdout","time":390.032365355,"data":"(epoch: 1, iters: 3280, time: 0.108, data: 0.003) G_GAN: 5.693 G_LPIPS: 49.567 D_real: 0.003 D_fake: 0.004 \n"}
,{"stream_name":"stdout","time":390.032367744,"data":"(epoch: 1, iters: 3300, time: 0.108, data: 0.003) G_GAN: 6.197 G_LPIPS: 53.970 D_real: 0.002 D_fake: 0.002 \n"}
,{"stream_name":"stdout","time":390.032370501,"data":"(epoch: 1, iters: 3320, time: 0.107, data: 0.003) G_GAN: 6.190 G_LPIPS: 53.202 D_real: 0.002 D_fake: 0.002 \n"}
,{"stream_name":"stdout","time":390.032372868,"data":"(epoch: 1, iters: 3340, time: 0.107, data: 0.003) G_GAN: 6.062 G_LPIPS: 48.124 D_real: 0.004 D_fake: 0.003 \n"}
,{"stream_name":"stdout","time":390.032375223,"data":"(epoch: 1, iters: 3360, time: 0.108, data: 0.003) G_GAN: 4.942 G_LPIPS: 51.874 D_real: 0.003 D_fake: 0.010 \n"}
,{"stream_name":"stdout","time":390.032377488,"data":"(epoch: 1, iters: 3380, time: 0.108, data: 0.003) G_GAN: 4.926 G_LPIPS: 53.339 D_real: 0.002 D_fake: 0.010 \n"}
,{"stream_name":"stdout","time":390.032379744,"data":"(epoch: 1, iters: 3400, time: 0.107, data: 0.003) G_GAN: 5.729 G_LPIPS: 49.895 D_real: 0.003 D_fake: 0.004 \n"}
,{"stream_name":"stdout","time":390.032383003,"data":"(epoch: 1, iters: 3420, time: 0.108, data: 0.003) G_GAN: 6.159 G_LPIPS: 51.358 D_real: 0.002 D_fake: 0.002 \n"}
,{"stream_name":"stdout","time":390.032398765,"data":"(epoch: 1, iters: 3440, time: 0.107, data: 0.003) G_GAN: 5.697 G_LPIPS: 49.508 D_real: 0.003 D_fake: 0.004 \n"}
,{"stream_name":"stdout","time":390.032403067,"data":"(epoch: 1, iters: 3460, time: 0.107, data: 0.003) G_GAN: 5.346 G_LPIPS: 55.003 D_real: 0.001 D_fake: 0.006 \n"}
,{"stream_name":"stdout","time":390.032407103,"data":"(epoch: 1, iters: 3480, time: 0.108, data: 0.003) G_GAN: 6.025 G_LPIPS: 50.221 D_real: 0.008 D_fake: 0.003 \n"}
,{"stream_name":"stdout","time":390.032410867,"data":"(epoch: 1, iters: 3500, time: 0.107, data: 0.003) G_GAN: 6.553 G_LPIPS: 52.557 D_real: 0.002 D_fake: 0.002 \n"}
,{"stream_name":"stdout","time":390.032414967,"data":"(epoch: 1, iters: 3520, time: 0.107, data: 0.003) G_GAN: 5.947 G_LPIPS: 49.114 D_real: 0.006 D_fake: 0.003 \n"}
,{"stream_name":"stdout","time":390.032418489,"data":"(epoch: 1, iters: 3540, time: 0.108, data: 0.003) G_GAN: 6.348 G_LPIPS: 58.382 D_real: 0.002 D_fake: 0.002 \n"}
,{"stream_name":"stdout","time":390.032422519,"data":"(epoch: 1, iters: 3560, time: 0.108, data: 0.003) G_GAN: 6.715 G_LPIPS: 52.589 D_real: 0.001 D_fake: 0.001 \n"}
,{"stream_name":"stdout","time":390.032430599,"data":"(epoch: 1, iters: 3580, time: 0.107, data: 0.003) G_GAN: 6.795 G_LPIPS: 50.451 D_real: 0.003 D_fake: 0.001 \n"}
,{"stream_name":"stdout","time":390.032434003,"data":"(epoch: 1, iters: 3600, time: 0.107, data: 0.003) G_GAN: 4.725 G_LPIPS: 56.901 D_real: 0.002 D_fake: 0.007 \n"}
,{"stream_name":"stdout","time":390.032437062,"data":"(epoch: 1, iters: 3620, time: 0.107, data: 0.003) G_GAN: 5.802 G_LPIPS: 53.262 D_real: 0.001 D_fake: 0.004 \n"}
,{"stream_name":"stdout","time":390.032440602,"data":"(epoch: 1, iters: 3640, time: 0.107, data: 0.003) G_GAN: 6.333 G_LPIPS: 54.436 D_real: 0.002 D_fake: 0.002 \n"}
,{"stream_name":"stdout","time":390.032444127,"data":"(epoch: 1, iters: 3660, time: 0.108, data: 0.003) G_GAN: 6.017 G_LPIPS: 51.237 D_real: 0.003 D_fake: 0.004 \n"}
,{"stream_name":"stdout","time":390.03244752,"data":"(epoch: 1, iters: 3680, time: 0.108, data: 0.003) G_GAN: 6.091 G_LPIPS: 52.448 D_real: 0.002 D_fake: 0.003 \n"}
,{"stream_name":"stdout","time":390.032450606,"data":"(epoch: 1, iters: 3700, time: 0.107, data: 0.003) G_GAN: 6.389 G_LPIPS: 54.956 D_real: 0.001 D_fake: 0.002 \n"}
,{"stream_name":"stdout","time":390.03245393,"data":"(epoch: 1, iters: 3720, time: 0.107, data: 0.003) G_GAN: 6.117 G_LPIPS: 52.712 D_real: 0.001 D_fake: 0.002 \n"}
,{"stream_name":"stdout","time":390.03245723,"data":"(epoch: 1, iters: 3740, time: 0.107, data: 0.003) G_GAN: 4.009 G_LPIPS: 46.623 D_real: 0.028 D_fake: 0.027 \n"}
,{"stream_name":"stdout","time":390.032460884,"data":"(epoch: 1, iters: 3760, time: 0.107, data: 0.003) G_GAN: 6.116 G_LPIPS: 50.306 D_real: 0.003 D_fake: 0.003 \n"}
,{"stream_name":"stdout","time":390.032464963,"data":"(epoch: 1, iters: 3780, time: 0.108, data: 0.003) G_GAN: 5.640 G_LPIPS: 51.214 D_real: 0.001 D_fake: 0.004 \n"}
,{"stream_name":"stdout","time":390.032468201,"data":"(epoch: 1, iters: 3800, time: 0.108, data: 0.003) G_GAN: 5.507 G_LPIPS: 57.581 D_real: 0.001 D_fake: 0.005 \n"}
,{"stream_name":"stdout","time":390.032472244,"data":"(epoch: 1, iters: 3820, time: 0.108, data: 0.003) G_GAN: 5.413 G_LPIPS: 54.481 D_real: 0.001 D_fake: 0.006 \n"}
,{"stream_name":"stdout","time":390.032475533,"data":"(epoch: 1, iters: 3840, time: 0.107, data: 0.003) G_GAN: 6.120 G_LPIPS: 53.256 D_real: 0.001 D_fake: 0.002 \n"}
,{"stream_name":"stdout","time":390.032482338,"data":"(epoch: 1, iters: 3860, time: 0.108, data: 0.003) G_GAN: 6.575 G_LPIPS: 48.760 D_real: 0.001 D_fake: 0.002 \n"}
,{"stream_name":"stdout","time":390.032485803,"data":"(epoch: 1, iters: 3880, time: 0.108, data: 0.003) G_GAN: 6.435 G_LPIPS: 53.592 D_real: 0.002 D_fake: 0.002 \n"}
,{"stream_name":"stdout","time":390.032489438,"data":"(epoch: 1, iters: 3900, time: 0.108, data: 0.003) G_GAN: 6.421 G_LPIPS: 51.691 D_real: 0.002 D_fake: 0.002 \n"}
,{"stream_name":"stdout","time":390.032492705,"data":"(epoch: 1, iters: 3920, time: 0.108, data: 0.003) G_GAN: 6.565 G_LPIPS: 54.681 D_real: 0.001 D_fake: 0.002 \n"}
,{"stream_name":"stdout","time":390.032495983,"data":"(epoch: 1, iters: 3940, time: 0.107, data: 0.003) G_GAN: 5.666 G_LPIPS: 51.494 D_real: 0.001 D_fake: 0.004 \n"}
,{"stream_name":"stdout","time":390.032499137,"data":"(epoch: 1, iters: 3960, time: 0.108, data: 0.003) G_GAN: 5.663 G_LPIPS: 49.127 D_real: 0.003 D_fake: 0.004 \n"}
,{"stream_name":"stdout","time":390.032502303,"data":"(epoch: 1, iters: 3980, time: 0.107, data: 0.003) G_GAN: 6.723 G_LPIPS: 51.941 D_real: 0.002 D_fake: 0.001 \n"}
,{"stream_name":"stdout","time":390.032505612,"data":"(epoch: 1, iters: 4000, time: 0.120, data: 0.003) G_GAN: 5.804 G_LPIPS: 53.600 D_real: 0.001 D_fake: 0.004 \n"}
,{"stream_name":"stdout","time":390.032509332,"data":"(epoch: 1, iters: 4020, time: 0.107, data: 0.003) G_GAN: 6.610 G_LPIPS: 53.073 D_real: 0.001 D_fake: 0.001 \n"}
,{"stream_name":"stdout","time":390.032516658,"data":"(epoch: 1, iters: 4040, time: 0.107, data: 0.003) G_GAN: 6.897 G_LPIPS: 53.714 D_real: 0.001 D_fake: 0.001 \n"}
,{"stream_name":"stdout","time":390.032520809,"data":"(epoch: 1, iters: 4060, time: 0.109, data: 0.003) G_GAN: 6.687 G_LPIPS: 50.256 D_real: 0.002 D_fake: 0.001 \n"}
,{"stream_name":"stdout","time":390.032524768,"data":"(epoch: 1, iters: 4080, time: 0.108, data: 0.003) G_GAN: 6.540 G_LPIPS: 58.383 D_real: 0.001 D_fake: 0.002 \n"}
,{"stream_name":"stdout","time":390.03252821,"data":"(epoch: 1, iters: 4100, time: 0.108, data: 0.003) G_GAN: 6.733 G_LPIPS: 51.474 D_real: 0.002 D_fake: 0.001 \n"}
,{"stream_name":"stdout","time":390.032531901,"data":"(epoch: 1, iters: 4120, time: 0.108, data: 0.003) G_GAN: 5.763 G_LPIPS: 53.932 D_real: 0.003 D_fake: 0.004 \n"}
,{"stream_name":"stdout","time":390.032535827,"data":"(epoch: 1, iters: 4140, time: 0.107, data: 0.002) G_GAN: 6.476 G_LPIPS: 49.796 D_real: 0.002 D_fake: 0.002 \n"}
,{"stream_name":"stdout","time":390.03253983,"data":"(epoch: 1, iters: 4160, time: 0.107, data: 0.003) G_GAN: 6.725 G_LPIPS: 52.814 D_real: 0.001 D_fake: 0.001 \n"}
,{"stream_name":"stdout","time":390.032543493,"data":"(epoch: 1, iters: 4180, time: 0.108, data: 0.003) G_GAN: 6.438 G_LPIPS: 48.980 D_real: 0.001 D_fake: 0.002 \n"}
,{"stream_name":"stdout","time":390.032547847,"data":"(epoch: 1, iters: 4200, time: 0.107, data: 0.003) G_GAN: 6.186 G_LPIPS: 52.247 D_real: 0.001 D_fake: 0.002 \n"}
,{"stream_name":"stdout","time":390.032551487,"data":"(epoch: 1, iters: 4220, time: 0.108, data: 0.003) G_GAN: 6.583 G_LPIPS: 51.894 D_real: 0.006 D_fake: 0.002 \n"}
,{"stream_name":"stdout","time":390.032555067,"data":"(epoch: 1, iters: 4240, time: 0.108, data: 0.003) G_GAN: 6.587 G_LPIPS: 51.818 D_real: 0.001 D_fake: 0.002 \n"}
,{"stream_name":"stdout","time":390.032558887,"data":"(epoch: 1, iters: 4260, time: 0.106, data: 0.003) G_GAN: 6.968 G_LPIPS: 50.257 D_real: 0.002 D_fake: 0.001 \n"}
,{"stream_name":"stdout","time":390.032562436,"data":"(epoch: 1, iters: 4280, time: 0.108, data: 0.003) G_GAN: 5.619 G_LPIPS: 52.396 D_real: 0.002 D_fake: 0.004 \n"}
,{"stream_name":"stdout","time":390.032565877,"data":"(epoch: 1, iters: 4300, time: 0.106, data: 0.003) G_GAN: 6.558 G_LPIPS: 48.559 D_real: 0.002 D_fake: 0.002 \n"}
,{"stream_name":"stdout","time":390.032569388,"data":"(epoch: 1, iters: 4320, time: 0.108, data: 0.003) G_GAN: 6.648 G_LPIPS: 51.046 D_real: 0.001 D_fake: 0.002 \n"}
,{"stream_name":"stdout","time":390.032573408,"data":"(epoch: 1, iters: 4340, time: 0.108, data: 0.003) G_GAN: 6.860 G_LPIPS: 51.630 D_real: 0.001 D_fake: 0.001 \n"}
,{"stream_name":"stdout","time":390.032577485,"data":"(epoch: 1, iters: 4360, time: 0.107, data: 0.003) G_GAN: 5.731 G_LPIPS: 51.188 D_real: 0.003 D_fake: 0.004 \n"}
,{"stream_name":"stdout","time":390.032581392,"data":"(epoch: 1, iters: 4380, time: 0.108, data: 0.003) G_GAN: 6.333 G_LPIPS: 46.345 D_real: 0.003 D_fake: 0.002 \n"}
,{"stream_name":"stdout","time":390.032585826,"data":"(epoch: 1, iters: 4400, time: 0.108, data: 0.003) G_GAN: 6.620 G_LPIPS: 54.093 D_real: 0.001 D_fake: 0.001 \n"}
,{"stream_name":"stdout","time":390.032589668,"data":"(epoch: 1, iters: 4420, time: 0.109, data: 0.003) G_GAN: 6.945 G_LPIPS: 50.100 D_real: 0.002 D_fake: 0.001 \n"}
,{"stream_name":"stdout","time":390.032593734,"data":"(epoch: 1, iters: 4440, time: 0.107, data: 0.003) G_GAN: 6.526 G_LPIPS: 51.910 D_real: 0.001 D_fake: 0.002 \n"}
,{"stream_name":"stdout","time":390.032597258,"data":"(epoch: 1, iters: 4460, time: 0.108, data: 0.003) G_GAN: 6.413 G_LPIPS: 53.247 D_real: 0.002 D_fake: 0.002 \n"}
,{"stream_name":"stdout","time":390.03260097,"data":"(epoch: 1, iters: 4480, time: 0.108, data: 0.003) G_GAN: 6.873 G_LPIPS: 51.200 D_real: 0.001 D_fake: 0.001 \n"}
,{"stream_name":"stdout","time":390.03260784,"data":"(epoch: 1, iters: 4500, time: 0.108, data: 0.004) G_GAN: 6.860 G_LPIPS: 54.535 D_real: 0.001 D_fake: 0.001 \n"}
,{"stream_name":"stdout","time":390.032611461,"data":"(epoch: 1, iters: 4520, time: 0.109, data: 0.003) G_GAN: 6.857 G_LPIPS: 50.734 D_real: 0.001 D_fake: 0.001 \n"}
,{"stream_name":"stdout","time":390.032615696,"data":"(epoch: 1, iters: 4540, time: 0.109, data: 0.003) G_GAN: 6.949 G_LPIPS: 52.342 D_real: 0.001 D_fake: 0.001 \n"}
,{"stream_name":"stdout","time":390.03261919,"data":"(epoch: 1, iters: 4560, time: 0.108, data: 0.003) G_GAN: 6.775 G_LPIPS: 53.606 D_real: 0.001 D_fake: 0.001 \n"}
,{"stream_name":"stdout","time":468.103534166,"data":"(epoch: 1, iters: 4580, time: 0.108, data: 0.003) G_GAN: 6.704 G_LPIPS: 47.014 D_real: 0.002 D_fake: 0.001 \n"}
,{"stream_name":"stdout","time":468.103579869,"data":"(epoch: 1, iters: 4600, time: 0.107, data: 0.003) G_GAN: 6.451 G_LPIPS: 50.560 D_real: 0.002 D_fake: 0.002 \n"}
,{"stream_name":"stdout","time":468.103585603,"data":"(epoch: 1, iters: 4620, time: 0.108, data: 0.003) G_GAN: 7.023 G_LPIPS: 54.378 D_real: 0.001 D_fake: 0.001 \n"}
,{"stream_name":"stdout","time":468.10359052,"data":"(epoch: 1, iters: 4640, time: 0.107, data: 0.003) G_GAN: 6.451 G_LPIPS: 55.149 D_real: 0.001 D_fake: 0.002 \n"}
,{"stream_name":"stdout","time":468.103595184,"data":"(epoch: 1, iters: 4660, time: 0.108, data: 0.003) G_GAN: 7.022 G_LPIPS: 54.136 D_real: 0.001 D_fake: 0.001 \n"}
,{"stream_name":"stdout","time":468.103600137,"data":"(epoch: 1, iters: 4680, time: 0.108, data: 0.003) G_GAN: 6.645 G_LPIPS: 49.518 D_real: 0.002 D_fake: 0.001 \n"}
,{"stream_name":"stdout","time":468.103605452,"data":"(epoch: 1, iters: 4700, time: 0.108, data: 0.003) G_GAN: 6.963 G_LPIPS: 53.823 D_real: 0.001 D_fake: 0.001 \n"}
,{"stream_name":"stdout","time":468.103610532,"data":"(epoch: 1, iters: 4720, time: 0.108, data: 0.003) G_GAN: 6.263 G_LPIPS: 50.524 D_real: 0.003 D_fake: 0.002 \n"}
,{"stream_name":"stdout","time":468.103615488,"data":"(epoch: 1, iters: 4740, time: 0.108, data: 0.003) G_GAN: 6.503 G_LPIPS: 48.607 D_real: 0.002 D_fake: 0.002 \n"}
,{"stream_name":"stdout","time":468.103620202,"data":"(epoch: 1, iters: 4760, time: 0.109, data: 0.003) G_GAN: 6.788 G_LPIPS: 49.950 D_real: 0.004 D_fake: 0.001 \n"}
,{"stream_name":"stdout","time":468.10362507,"data":"(epoch: 1, iters: 4780, time: 0.108, data: 0.003) G_GAN: 6.924 G_LPIPS: 55.182 D_real: 0.001 D_fake: 0.001 \n"}
,{"stream_name":"stdout","time":468.103630034,"data":"(epoch: 1, iters: 4800, time: 0.108, data: 0.003) G_GAN: 6.525 G_LPIPS: 51.440 D_real: 0.001 D_fake: 0.002 \n"}
,{"stream_name":"stdout","time":468.103635076,"data":"(epoch: 1, iters: 4820, time: 0.109, data: 0.003) G_GAN: 6.496 G_LPIPS: 51.843 D_real: 0.001 D_fake: 0.002 \n"}
,{"stream_name":"stdout","time":468.103639988,"data":"(epoch: 1, iters: 4840, time: 0.108, data: 0.003) G_GAN: 6.502 G_LPIPS: 52.329 D_real: 0.001 D_fake: 0.002 \n"}
,{"stream_name":"stdout","time":468.103644654,"data":"(epoch: 1, iters: 4860, time: 0.108, data: 0.003) G_GAN: 6.310 G_LPIPS: 47.973 D_real: 0.002 D_fake: 0.002 \n"}
,{"stream_name":"stdout","time":468.103649469,"data":"(epoch: 1, iters: 4880, time: 0.108, data: 0.003) G_GAN: 6.533 G_LPIPS: 52.669 D_real: 0.002 D_fake: 0.002 \n"}
,{"stream_name":"stdout","time":468.103654276,"data":"(epoch: 1, iters: 4900, time: 0.109, data: 0.003) G_GAN: 6.809 G_LPIPS: 50.749 D_real: 0.001 D_fake: 0.001 \n"}
,{"stream_name":"stdout","time":468.10365926,"data":"(epoch: 1, iters: 4920, time: 0.109, data: 0.003) G_GAN: 6.164 G_LPIPS: 50.516 D_real: 0.002 D_fake: 0.003 \n"}
,{"stream_name":"stdout","time":468.103664154,"data":"(epoch: 1, iters: 4940, time: 0.108, data: 0.003) G_GAN: 6.371 G_LPIPS: 52.948 D_real: 0.001 D_fake: 0.002 \n"}
,{"stream_name":"stdout","time":468.103679254,"data":"(epoch: 1, iters: 4960, time: 0.108, data: 0.003) G_GAN: 6.184 G_LPIPS: 49.327 D_real: 0.001 D_fake: 0.002 \n"}
,{"stream_name":"stdout","time":468.103683371,"data":"(epoch: 1, iters: 4980, time: 0.108, data: 0.003) G_GAN: 6.327 G_LPIPS: 52.551 D_real: 0.001 D_fake: 0.002 \n"}
,{"stream_name":"stdout","time":468.103687471,"data":"(epoch: 1, iters: 5000, time: 0.109, data: 0.003) G_GAN: 6.162 G_LPIPS: 55.392 D_real: 0.001 D_fake: 0.003 \n"}
,{"stream_name":"stdout","time":468.103691453,"data":"saving the latest model (epoch 1, total_iters 5000)\n"}
,{"stream_name":"stdout","time":468.103695562,"data":"(epoch: 1, iters: 5020, time: 0.107, data: 0.003) G_GAN: 6.970 G_LPIPS: 50.521 D_real: 0.001 D_fake: 0.001 \n"}
,{"stream_name":"stdout","time":468.103699653,"data":"(epoch: 1, iters: 5040, time: 0.107, data: 0.004) G_GAN: 6.701 G_LPIPS: 54.713 D_real: 0.001 D_fake: 0.001 \n"}
,{"stream_name":"stdout","time":468.103703731,"data":"(epoch: 1, iters: 5060, time: 0.108, data: 0.003) G_GAN: 5.431 G_LPIPS: 44.044 D_real: 0.003 D_fake: 0.006 \n"}
,{"stream_name":"stdout","time":468.103707675,"data":"(epoch: 1, iters: 5080, time: 0.108, data: 0.003) G_GAN: 6.583 G_LPIPS: 49.102 D_real: 0.001 D_fake: 0.002 \n"}
,{"stream_name":"stdout","time":468.103711485,"data":"(epoch: 1, iters: 5100, time: 0.108, data: 0.003) G_GAN: 6.750 G_LPIPS: 52.096 D_real: 0.001 D_fake: 0.001 \n"}
,{"stream_name":"stdout","time":468.103715282,"data":"(epoch: 1, iters: 5120, time: 0.108, data: 0.003) G_GAN: 7.177 G_LPIPS: 51.037 D_real: 0.001 D_fake: 0.001 \n"}
,{"stream_name":"stdout","time":468.103719271,"data":"(epoch: 1, iters: 5140, time: 0.108, data: 0.003) G_GAN: 7.115 G_LPIPS: 53.907 D_real: 0.001 D_fake: 0.001 \n"}
,{"stream_name":"stdout","time":468.103723142,"data":"(epoch: 1, iters: 5160, time: 0.108, data: 0.003) G_GAN: 6.628 G_LPIPS: 51.429 D_real: 0.001 D_fake: 0.002 \n"}
,{"stream_name":"stdout","time":468.103726944,"data":"(epoch: 1, iters: 5180, time: 0.108, data: 0.003) G_GAN: 6.715 G_LPIPS: 51.907 D_real: 0.001 D_fake: 0.001 \n"}
,{"stream_name":"stdout","time":468.103731433,"data":"(epoch: 1, iters: 5200, time: 0.108, data: 0.003) G_GAN: 6.418 G_LPIPS: 51.820 D_real: 0.001 D_fake: 0.002 \n"}
,{"stream_name":"stdout","time":468.103735698,"data":"(epoch: 1, iters: 5220, time: 0.108, data: 0.003) G_GAN: 6.748 G_LPIPS: 51.575 D_real: 0.001 D_fake: 0.001 \n"}
,{"stream_name":"stdout","time":468.10373969,"data":"(epoch: 1, iters: 5240, time: 0.107, data: 0.003) G_GAN: 6.019 G_LPIPS: 51.391 D_real: 0.001 D_fake: 0.003 \n"}
,{"stream_name":"stdout","time":468.10374376,"data":"(epoch: 1, iters: 5260, time: 0.107, data: 0.003) G_GAN: 7.063 G_LPIPS: 51.153 D_real: 0.001 D_fake: 0.001 \n"}
,{"stream_name":"stdout","time":468.103747802,"data":"(epoch: 1, iters: 5280, time: 0.108, data: 0.003) G_GAN: 7.061 G_LPIPS: 54.375 D_real: 0.000 D_fake: 0.001 \n"}
,{"stream_name":"stdout","time":468.103751812,"data":"(epoch: 1, iters: 5300, time: 0.108, data: 0.003) G_GAN: 3.267 G_LPIPS: 48.016 D_real: 0.010 D_fake: 0.226 \n"}
,{"stream_name":"stdout","time":468.103755582,"data":"(epoch: 1, iters: 5320, time: 0.108, data: 0.003) G_GAN: 6.161 G_LPIPS: 48.339 D_real: 0.013 D_fake: 0.008 \n"}
,{"stream_name":"stdout","time":468.103760191,"data":"(epoch: 1, iters: 5340, time: 0.108, data: 0.003) G_GAN: 6.299 G_LPIPS: 50.874 D_real: 0.010 D_fake: 0.002 \n"}
,{"stream_name":"stdout","time":468.103764287,"data":"(epoch: 1, iters: 5360, time: 0.108, data: 0.003) G_GAN: 6.833 G_LPIPS: 48.131 D_real: 0.072 D_fake: 0.001 \n"}
,{"stream_name":"stdout","time":468.103768318,"data":"(epoch: 1, iters: 5380, time: 0.108, data: 0.003) G_GAN: 6.179 G_LPIPS: 54.751 D_real: 0.001 D_fake: 0.002 \n"}
,{"stream_name":"stdout","time":468.103772347,"data":"(epoch: 1, iters: 5400, time: 0.108, data: 0.003) G_GAN: 5.445 G_LPIPS: 51.088 D_real: 0.002 D_fake: 0.006 \n"}
,{"stream_name":"stdout","time":468.103779476,"data":"(epoch: 1, iters: 5420, time: 0.108, data: 0.003) G_GAN: 6.580 G_LPIPS: 51.782 D_real: 0.001 D_fake: 0.002 \n"}
,{"stream_name":"stdout","time":468.103783598,"data":"(epoch: 1, iters: 5440, time: 0.107, data: 0.003) G_GAN: 5.802 G_LPIPS: 52.392 D_real: 0.002 D_fake: 0.004 \n"}
,{"stream_name":"stdout","time":468.103787648,"data":"(epoch: 1, iters: 5460, time: 0.108, data: 0.003) G_GAN: 6.405 G_LPIPS: 53.002 D_real: 0.001 D_fake: 0.002 \n"}
,{"stream_name":"stdout","time":468.103791678,"data":"(epoch: 1, iters: 5480, time: 0.108, data: 0.003) G_GAN: 6.596 G_LPIPS: 50.212 D_real: 0.002 D_fake: 0.002 \n"}
,{"stream_name":"stdout","time":468.10379607,"data":"(epoch: 1, iters: 5500, time: 0.108, data: 0.003) G_GAN: 7.007 G_LPIPS: 49.056 D_real: 0.001 D_fake: 0.001 \n"}
,{"stream_name":"stdout","time":468.103800155,"data":"(epoch: 1, iters: 5520, time: 0.107, data: 0.003) G_GAN: 4.957 G_LPIPS: 50.506 D_real: 0.001 D_fake: 0.012 \n"}
,{"stream_name":"stdout","time":468.103804181,"data":"(epoch: 1, iters: 5540, time: 0.108, data: 0.003) G_GAN: 6.803 G_LPIPS: 49.793 D_real: 0.003 D_fake: 0.001 \n"}
,{"stream_name":"stdout","time":468.103808246,"data":"(epoch: 1, iters: 5560, time: 0.108, data: 0.003) G_GAN: 6.268 G_LPIPS: 49.597 D_real: 0.003 D_fake: 0.002 \n"}
,{"stream_name":"stdout","time":468.103812216,"data":"(epoch: 1, iters: 5580, time: 2.371, data: 0.003) G_GAN: 6.541 G_LPIPS: 54.921 D_real: 0.001 D_fake: 0.002 \n"}
,{"stream_name":"stdout","time":468.103816299,"data":"saving the model at the end of epoch 1, iters 5580\n"}
,{"stream_name":"stdout","time":468.103820317,"data":"End of epoch 1 / 20 \t Time Taken: 392 sec\n"}
,{"stream_name":"stdout","time":468.103824937,"data":"learning rate 0.0001000 -\u003e 0.0001000\n"}
,{"stream_name":"stdout","time":572.817463933,"data":"(epoch: 2, iters: 20, time: 0.122, data: 0.255) G_GAN: 6.792 G_LPIPS: 50.120 D_real: 0.001 D_fake: 0.001 \n"}
,{"stream_name":"stdout","time":572.817533831,"data":"(epoch: 2, iters: 40, time: 0.108, data: 0.001) G_GAN: 6.460 G_LPIPS: 48.620 D_real: 0.007 D_fake: 0.002 \n"}
,{"stream_name":"stdout","time":572.817544895,"data":"(epoch: 2, iters: 60, time: 0.108, data: 0.003) G_GAN: 6.579 G_LPIPS: 52.645 D_real: 0.001 D_fake: 0.002 \n"}
,{"stream_name":"stdout","time":572.81754857,"data":"(epoch: 2, iters: 80, time: 0.107, data: 0.003) G_GAN: 7.061 G_LPIPS: 50.097 D_real: 0.005 D_fake: 0.001 \n"}
,{"stream_name":"stdout","time":572.817552016,"data":"(epoch: 2, iters: 100, time: 0.108, data: 0.003) G_GAN: 7.148 G_LPIPS: 57.187 D_real: 0.001 D_fake: 0.001 \n"}
,{"stream_name":"stdout","time":572.817555089,"data":"(epoch: 2, iters: 120, time: 0.108, data: 0.003) G_GAN: 6.714 G_LPIPS: 54.545 D_real: 0.001 D_fake: 0.001 \n"}
,{"stream_name":"stdout","time":572.817558138,"data":"(epoch: 2, iters: 140, time: 0.109, data: 0.003) G_GAN: 6.221 G_LPIPS: 50.980 D_real: 0.001 D_fake: 0.002 \n"}
,{"stream_name":"stdout","time":572.817561495,"data":"(epoch: 2, iters: 160, time: 0.108, data: 0.004) G_GAN: 6.788 G_LPIPS: 50.910 D_real: 0.001 D_fake: 0.001 \n"}
,{"stream_name":"stdout","time":572.817564664,"data":"(epoch: 2, iters: 180, time: 0.109, data: 0.003) G_GAN: 3.487 G_LPIPS: 51.293 D_real: 0.008 D_fake: 0.113 \n"}
,{"stream_name":"stdout","time":572.817567583,"data":"(epoch: 2, iters: 200, time: 0.108, data: 0.003) G_GAN: 4.424 G_LPIPS: 52.395 D_real: 0.181 D_fake: 0.120 \n"}
,{"stream_name":"stdout","time":572.817570486,"data":"(epoch: 2, iters: 220, time: 0.109, data: 0.003) G_GAN: 6.230 G_LPIPS: 49.862 D_real: 0.239 D_fake: 0.454 \n"}
,{"stream_name":"stdout","time":572.817573407,"data":"(epoch: 2, iters: 240, time: 0.109, data: 0.004) G_GAN: 6.520 G_LPIPS: 56.020 D_real: 0.040 D_fake: 0.003 \n"}
,{"stream_name":"stdout","time":572.81760548,"data":"(epoch: 2, iters: 260, time: 0.108, data: 0.003) G_GAN: 4.521 G_LPIPS: 50.056 D_real: 0.110 D_fake: 0.450 \n"}
,{"stream_name":"stdout","time":572.817610468,"data":"(epoch: 2, iters: 280, time: 0.108, data: 0.003) G_GAN: 5.229 G_LPIPS: 53.040 D_real: 0.021 D_fake: 0.129 \n"}
,{"stream_name":"stdout","time":572.817614047,"data":"(epoch: 2, iters: 300, time: 0.108, data: 0.003) G_GAN: 5.800 G_LPIPS: 55.527 D_real: 0.005 D_fake: 0.006 \n"}
,{"stream_name":"stdout","time":572.817617674,"data":"(epoch: 2, iters: 320, time: 0.108, data: 0.003) G_GAN: 6.492 G_LPIPS: 54.595 D_real: 0.004 D_fake: 0.003 \n"}
,{"stream_name":"stdout","time":572.817621248,"data":"(epoch: 2, iters: 340, time: 0.108, data: 0.003) G_GAN: 6.429 G_LPIPS: 53.588 D_real: 0.005 D_fake: 0.003 \n"}
,{"stream_name":"stdout","time":572.817624806,"data":"(epoch: 2, iters: 360, time: 0.109, data: 0.003) G_GAN: 5.248 G_LPIPS: 47.098 D_real: 0.132 D_fake: 0.004 \n"}
,{"stream_name":"stdout","time":572.817628346,"data":"(epoch: 2, iters: 380, time: 0.108, data: 0.003) G_GAN: 5.107 G_LPIPS: 51.661 D_real: 0.002 D_fake: 0.011 \n"}
,{"stream_name":"stdout","time":572.817633383,"data":"(epoch: 2, iters: 400, time: 0.109, data: 0.003) G_GAN: 5.858 G_LPIPS: 52.552 D_real: 0.003 D_fake: 0.004 \n"}
,{"stream_name":"stdout","time":572.817636972,"data":"(epoch: 2, iters: 420, time: 0.124, data: 0.003) G_GAN: 5.334 G_LPIPS: 53.199 D_real: 0.007 D_fake: 0.007 \n"}
,{"stream_name":"stdout","time":572.817640429,"data":"(epoch: 2, iters: 440, time: 0.109, data: 0.003) G_GAN: 5.854 G_LPIPS: 52.934 D_real: 0.002 D_fake: 0.005 \n"}
,{"stream_name":"stdout","time":572.817643901,"data":"(epoch: 2, iters: 460, time: 0.108, data: 0.003) G_GAN: 5.184 G_LPIPS: 48.345 D_real: 0.010 D_fake: 0.007 \n"}
,{"stream_name":"stdout","time":572.817647436,"data":"(epoch: 2, iters: 480, time: 0.108, data: 0.003) G_GAN: 6.521 G_LPIPS: 52.363 D_real: 0.003 D_fake: 0.002 \n"}
,{"stream_name":"stdout","time":572.817651253,"data":"(epoch: 2, iters: 500, time: 0.109, data: 0.003) G_GAN: 6.151 G_LPIPS: 48.974 D_real: 0.009 D_fake: 0.003 \n"}
,{"stream_name":"stdout","time":572.817660485,"data":"(epoch: 2, iters: 520, time: 0.108, data: 0.004) G_GAN: 5.860 G_LPIPS: 52.556 D_real: 0.004 D_fake: 0.005 \n"}
,{"stream_name":"stdout","time":572.817663149,"data":"(epoch: 2, iters: 540, time: 0.109, data: 0.004) G_GAN: 5.868 G_LPIPS: 51.758 D_real: 0.002 D_fake: 0.004 \n"}
,{"stream_name":"stdout","time":572.817665416,"data":"(epoch: 2, iters: 560, time: 0.109, data: 0.003) G_GAN: 6.535 G_LPIPS: 54.357 D_real: 0.005 D_fake: 0.002 \n"}
,{"stream_name":"stdout","time":572.817667677,"data":"(epoch: 2, iters: 580, time: 0.108, data: 0.003) G_GAN: 6.235 G_LPIPS: 49.963 D_real: 0.007 D_fake: 0.003 \n"}
,{"stream_name":"stdout","time":572.817669965,"data":"(epoch: 2, iters: 600, time: 0.109, data: 0.004) G_GAN: 7.196 G_LPIPS: 53.658 D_real: 0.002 D_fake: 0.001 \n"}
,{"stream_name":"stdout","time":572.817672503,"data":"(epoch: 2, iters: 620, time: 0.109, data: 0.003) G_GAN: 6.561 G_LPIPS: 55.749 D_real: 0.003 D_fake: 0.002 \n"}
,{"stream_name":"stdout","time":572.817675753,"data":"(epoch: 2, iters: 640, time: 0.108, data: 0.003) G_GAN: 6.125 G_LPIPS: 50.926 D_real: 0.002 D_fake: 0.003 \n"}
,{"stream_name":"stdout","time":572.817689704,"data":"(epoch: 2, iters: 660, time: 0.108, data: 0.003) G_GAN: 6.762 G_LPIPS: 53.152 D_real: 0.004 D_fake: 0.002 \n"}
,{"stream_name":"stdout","time":572.817693793,"data":"(epoch: 2, iters: 680, time: 0.108, data: 0.003) G_GAN: 6.510 G_LPIPS: 52.435 D_real: 0.002 D_fake: 0.002 \n"}
,{"stream_name":"stdout","time":572.817697816,"data":"(epoch: 2, iters: 700, time: 0.108, data: 0.003) G_GAN: 6.077 G_LPIPS: 50.619 D_real: 0.005 D_fake: 0.003 \n"}
,{"stream_name":"stdout","time":572.81770599,"data":"(epoch: 2, iters: 720, time: 0.109, data: 0.003) G_GAN: 6.469 G_LPIPS: 53.571 D_real: 0.002 D_fake: 0.002 \n"}
,{"stream_name":"stdout","time":572.817709564,"data":"(epoch: 2, iters: 740, time: 0.109, data: 0.003) G_GAN: 7.057 G_LPIPS: 53.106 D_real: 0.002 D_fake: 0.001 \n"}
,{"stream_name":"stdout","time":572.817713059,"data":"(epoch: 2, iters: 760, time: 0.108, data: 0.003) G_GAN: 5.338 G_LPIPS: 52.370 D_real: 0.003 D_fake: 0.008 \n"}
,{"stream_name":"stdout","time":572.817716888,"data":"(epoch: 2, iters: 780, time: 0.108, data: 0.003) G_GAN: 4.533 G_LPIPS: 52.639 D_real: 0.003 D_fake: 0.029 \n"}
,{"stream_name":"stdout","time":572.817720478,"data":"(epoch: 2, iters: 800, time: 0.108, data: 0.003) G_GAN: 6.117 G_LPIPS: 49.799 D_real: 0.045 D_fake: 0.003 \n"}
,{"stream_name":"stdout","time":572.817724027,"data":"(epoch: 2, iters: 820, time: 0.109, data: 0.003) G_GAN: 5.692 G_LPIPS: 51.923 D_real: 0.002 D_fake: 0.005 \n"}
,{"stream_name":"stdout","time":572.817727497,"data":"(epoch: 2, iters: 840, time: 0.108, data: 0.003) G_GAN: 6.145 G_LPIPS: 50.881 D_real: 0.001 D_fake: 0.003 \n"}
,{"stream_name":"stdout","time":572.817731087,"data":"(epoch: 2, iters: 860, time: 0.109, data: 0.003) G_GAN: 6.093 G_LPIPS: 53.870 D_real: 0.002 D_fake: 0.003 \n"}
,{"stream_name":"stdout","time":572.817734663,"data":"(epoch: 2, iters: 880, time: 0.108, data: 0.003) G_GAN: 6.670 G_LPIPS: 51.252 D_real: 0.002 D_fake: 0.002 \n"}
,{"stream_name":"stdout","time":572.817738162,"data":"(epoch: 2, iters: 900, time: 0.108, data: 0.003) G_GAN: 6.151 G_LPIPS: 52.545 D_real: 0.002 D_fake: 0.003 \n"}
,{"stream_name":"stdout","time":572.817741639,"data":"(epoch: 2, iters: 920, time: 0.108, data: 0.003) G_GAN: 6.794 G_LPIPS: 54.280 D_real: 0.001 D_fake: 0.002 \n"}
,{"stream_name":"stdout","time":572.817745072,"data":"(epoch: 2, iters: 940, time: 0.107, data: 0.003) G_GAN: 6.518 G_LPIPS: 53.017 D_real: 0.001 D_fake: 0.002 \n"}
,{"stream_name":"stdout","time":572.817748547,"data":"(epoch: 2, iters: 960, time: 0.108, data: 0.003) G_GAN: 5.950 G_LPIPS: 51.670 D_real: 0.004 D_fake: 0.003 \n"}
,{"stream_name":"stdout","time":572.817752142,"data":"(epoch: 2, iters: 980, time: 0.108, data: 0.004) G_GAN: 6.142 G_LPIPS: 53.033 D_real: 0.002 D_fake: 0.003 \n"}
,{"stream_name":"stdout","time":572.817755648,"data":"(epoch: 2, iters: 1000, time: 0.108, data: 0.003) G_GAN: 6.555 G_LPIPS: 53.978 D_real: 0.002 D_fake: 0.002 \n"}
,{"stream_name":"stdout","time":572.817763895,"data":"(epoch: 2, iters: 1020, time: 0.108, data: 0.003) G_GAN: 6.497 G_LPIPS: 50.715 D_real: 0.002 D_fake: 0.002 \n"}
,{"stream_name":"stdout","time":572.817766758,"data":"(epoch: 2, iters: 1040, time: 0.108, data: 0.003) G_GAN: 7.244 G_LPIPS: 54.666 D_real: 0.002 D_fake: 0.001 \n"}
,{"stream_name":"stdout","time":572.817769557,"data":"(epoch: 2, iters: 1060, time: 0.108, data: 0.003) G_GAN: 6.759 G_LPIPS: 52.899 D_real: 0.001 D_fake: 0.002 \n"}
,{"stream_name":"stdout","time":572.817783392,"data":"(epoch: 2, iters: 1080, time: 0.109, data: 0.003) G_GAN: 6.691 G_LPIPS: 49.882 D_real: 0.002 D_fake: 0.002 \n"}
,{"stream_name":"stdout","time":572.817787523,"data":"(epoch: 2, iters: 1100, time: 0.109, data: 0.003) G_GAN: 6.913 G_LPIPS: 57.790 D_real: 0.001 D_fake: 0.001 \n"}
,{"stream_name":"stdout","time":572.81779163,"data":"(epoch: 2, iters: 1120, time: 0.108, data: 0.003) G_GAN: 6.329 G_LPIPS: 55.139 D_real: 0.001 D_fake: 0.002 \n"}
,{"stream_name":"stdout","time":572.817795715,"data":"(epoch: 2, iters: 1140, time: 0.109, data: 0.003) G_GAN: 6.538 G_LPIPS: 53.980 D_real: 0.001 D_fake: 0.002 \n"}
,{"stream_name":"stdout","time":572.817800237,"data":"(epoch: 2, iters: 1160, time: 0.108, data: 0.003) G_GAN: 6.167 G_LPIPS: 51.767 D_real: 0.002 D_fake: 0.003 \n"}
,{"stream_name":"stdout","time":572.817807043,"data":"(epoch: 2, iters: 1180, time: 0.108, data: 0.003) G_GAN: 7.094 G_LPIPS: 52.685 D_real: 0.001 D_fake: 0.001 \n"}
,{"stream_name":"stdout","time":572.817810595,"data":"(epoch: 2, iters: 1200, time: 0.109, data: 0.003) G_GAN: 6.684 G_LPIPS: 49.725 D_real: 0.013 D_fake: 0.002 \n"}
,{"stream_name":"stdout","time":572.817814111,"data":"(epoch: 2, iters: 1220, time: 0.109, data: 0.003) G_GAN: 6.844 G_LPIPS: 51.886 D_real: 0.002 D_fake: 0.001 \n"}
,{"stream_name":"stdout","time":572.8178175,"data":"(epoch: 2, iters: 1240, time: 0.108, data: 0.003) G_GAN: 6.370 G_LPIPS: 50.615 D_real: 0.001 D_fake: 0.002 \n"}
,{"stream_name":"stdout","time":572.817820991,"data":"(epoch: 2, iters: 1260, time: 0.109, data: 0.003) G_GAN: 6.699 G_LPIPS: 51.670 D_real: 0.001 D_fake: 0.002 \n"}
,{"stream_name":"stdout","time":572.817824489,"data":"(epoch: 2, iters: 1280, time: 0.109, data: 0.003) G_GAN: 6.453 G_LPIPS: 55.095 D_real: 0.001 D_fake: 0.002 \n"}
,{"stream_name":"stdout","time":572.817827976,"data":"(epoch: 2, iters: 1300, time: 0.108, data: 0.003) G_GAN: 7.181 G_LPIPS: 54.698 D_real: 0.001 D_fake: 0.001 \n"}
,{"stream_name":"stdout","time":572.8178314,"data":"(epoch: 2, iters: 1320, time: 0.108, data: 0.003) G_GAN: 6.525 G_LPIPS: 52.051 D_real: 0.001 D_fake: 0.002 \n"}
,{"stream_name":"stdout","time":572.81783479,"data":"(epoch: 2, iters: 1340, time: 0.108, data: 0.003) G_GAN: 6.645 G_LPIPS: 50.886 D_real: 0.002 D_fake: 0.002 \n"}
,{"stream_name":"stdout","time":572.817838268,"data":"(epoch: 2, iters: 1360, time: 0.109, data: 0.003) G_GAN: 7.127 G_LPIPS: 51.141 D_real: 0.002 D_fake: 0.001 \n"}
,{"stream_name":"stdout","time":572.817841732,"data":"(epoch: 2, iters: 1380, time: 0.108, data: 0.003) G_GAN: 6.772 G_LPIPS: 51.982 D_real: 0.002 D_fake: 0.001 \n"}
,{"stream_name":"stdout","time":572.817845188,"data":"(epoch: 2, iters: 1400, time: 0.109, data: 0.003) G_GAN: 6.816 G_LPIPS: 53.601 D_real: 0.001 D_fake: 0.001 \n"}
,{"stream_name":"stdout","time":572.817848597,"data":"(epoch: 2, iters: 1420, time: 0.108, data: 0.003) G_GAN: 6.602 G_LPIPS: 48.995 D_real: 0.004 D_fake: 0.002 \n"}
,{"stream_name":"stdout","time":572.817852135,"data":"(epoch: 2, iters: 1440, time: 0.109, data: 0.003) G_GAN: 6.893 G_LPIPS: 51.718 D_real: 0.002 D_fake: 0.001 \n"}
,{"stream_name":"stdout","time":572.817860428,"data":"(epoch: 2, iters: 1460, time: 0.109, data: 0.003) G_GAN: 7.290 G_LPIPS: 51.637 D_real: 0.001 D_fake: 0.001 \n"}
,{"stream_name":"stdout","time":572.81786344,"data":"(epoch: 2, iters: 1480, time: 0.109, data: 0.003) G_GAN: 6.839 G_LPIPS: 47.750 D_real: 0.002 D_fake: 0.001 \n"}
,{"stream_name":"stdout","time":572.817878124,"data":"(epoch: 2, iters: 1500, time: 0.109, data: 0.003) G_GAN: 6.548 G_LPIPS: 49.731 D_real: 0.002 D_fake: 0.002 \n"}
,{"stream_name":"stdout","time":572.817882456,"data":"(epoch: 2, iters: 1520, time: 0.108, data: 0.002) G_GAN: 6.980 G_LPIPS: 52.933 D_real: 0.001 D_fake: 0.001 \n"}
,{"stream_name":"stdout","time":677.014524275,"data":"(epoch: 2, iters: 1540, time: 0.108, data: 0.003) G_GAN: 6.695 G_LPIPS: 51.680 D_real: 0.001 D_fake: 0.002 \n"}
,{"stream_name":"stdout","time":677.014566971,"data":"(epoch: 2, iters: 1560, time: 0.109, data: 0.003) G_GAN: 6.652 G_LPIPS: 45.834 D_real: 0.008 D_fake: 0.001 \n"}
,{"stream_name":"stdout","time":677.014572032,"data":"(epoch: 2, iters: 1580, time: 0.108, data: 0.003) G_GAN: 7.224 G_LPIPS: 54.312 D_real: 0.001 D_fake: 0.001 \n"}
,{"stream_name":"stdout","time":677.014575602,"data":"(epoch: 2, iters: 1600, time: 0.109, data: 0.003) G_GAN: 6.006 G_LPIPS: 50.853 D_real: 0.001 D_fake: 0.003 \n"}
,{"stream_name":"stdout","time":677.014578991,"data":"(epoch: 2, iters: 1620, time: 0.109, data: 0.003) G_GAN: 6.732 G_LPIPS: 50.074 D_real: 0.003 D_fake: 0.001 \n"}
,{"stream_name":"stdout","time":677.014592705,"data":"(epoch: 2, iters: 1640, time: 0.109, data: 0.003) G_GAN: 7.253 G_LPIPS: 53.381 D_real: 0.001 D_fake: 0.001 \n"}
,{"stream_name":"stdout","time":677.014595499,"data":"(epoch: 2, iters: 1660, time: 0.108, data: 0.003) G_GAN: 6.926 G_LPIPS: 53.183 D_real: 0.002 D_fake: 0.001 \n"}
,{"stream_name":"stdout","time":677.014609897,"data":"(epoch: 2, iters: 1680, time: 0.109, data: 0.004) G_GAN: 6.943 G_LPIPS: 54.387 D_real: 0.001 D_fake: 0.001 \n"}
,{"stream_name":"stdout","time":677.014612281,"data":"(epoch: 2, iters: 1700, time: 0.110, data: 0.003) G_GAN: 6.976 G_LPIPS: 54.008 D_real: 0.001 D_fake: 0.001 \n"}
,{"stream_name":"stdout","time":677.014614652,"data":"(epoch: 2, iters: 1720, time: 0.109, data: 0.003) G_GAN: 6.741 G_LPIPS: 47.020 D_real: 0.005 D_fake: 0.001 \n"}
,{"stream_name":"stdout","time":677.01461703,"data":"(epoch: 2, iters: 1740, time: 0.108, data: 0.003) G_GAN: 7.199 G_LPIPS: 48.737 D_real: 0.002 D_fake: 0.001 \n"}
,{"stream_name":"stdout","time":677.014619328,"data":"(epoch: 2, iters: 1760, time: 0.109, data: 0.003) G_GAN: 7.140 G_LPIPS: 49.806 D_real: 0.001 D_fake: 0.001 \n"}
,{"stream_name":"stdout","time":677.014621586,"data":"(epoch: 2, iters: 1780, time: 0.109, data: 0.003) G_GAN: 6.924 G_LPIPS: 52.187 D_real: 0.001 D_fake: 0.001 \n"}
,{"stream_name":"stdout","time":677.014623946,"data":"(epoch: 2, iters: 1800, time: 0.109, data: 0.003) G_GAN: 7.042 G_LPIPS: 51.033 D_real: 0.001 D_fake: 0.001 \n"}
,{"stream_name":"stdout","time":677.014626218,"data":"(epoch: 2, iters: 1820, time: 0.109, data: 0.003) G_GAN: 7.116 G_LPIPS: 56.125 D_real: 0.000 D_fake: 0.001 \n"}
,{"stream_name":"stdout","time":677.014628496,"data":"(epoch: 2, iters: 1840, time: 0.108, data: 0.003) G_GAN: 7.074 G_LPIPS: 52.039 D_real: 0.001 D_fake: 0.001 \n"}
,{"stream_name":"stdout","time":677.014630764,"data":"(epoch: 2, iters: 1860, time: 0.110, data: 0.003) G_GAN: 6.503 G_LPIPS: 56.661 D_real: 0.000 D_fake: 0.002 \n"}
,{"stream_name":"stdout","time":677.014633121,"data":"(epoch: 2, iters: 1880, time: 0.109, data: 0.003) G_GAN: 6.834 G_LPIPS: 47.285 D_real: 0.003 D_fake: 0.001 \n"}
,{"stream_name":"stdout","time":677.014635419,"data":"(epoch: 2, iters: 1900, time: 0.109, data: 0.003) G_GAN: 7.100 G_LPIPS: 49.341 D_real: 0.001 D_fake: 0.001 \n"}
,{"stream_name":"stdout","time":677.014638524,"data":"(epoch: 2, iters: 1920, time: 0.109, data: 0.003) G_GAN: 6.908 G_LPIPS: 50.775 D_real: 0.001 D_fake: 0.001 \n"}
,{"stream_name":"stdout","time":677.014640851,"data":"(epoch: 2, iters: 1940, time: 0.109, data: 0.003) G_GAN: 7.146 G_LPIPS: 51.627 D_real: 0.001 D_fake: 0.001 \n"}
,{"stream_name":"stdout","time":677.014643149,"data":"(epoch: 2, iters: 1960, time: 0.107, data: 0.003) G_GAN: 7.360 G_LPIPS: 52.701 D_real: 0.001 D_fake: 0.001 \n"}
,{"stream_name":"stdout","time":677.014645429,"data":"(epoch: 2, iters: 1980, time: 0.109, data: 0.003) G_GAN: 6.432 G_LPIPS: 48.456 D_real: 0.004 D_fake: 0.002 \n"}
,{"stream_name":"stdout","time":677.014647797,"data":"(epoch: 2, iters: 2000, time: 0.109, data: 0.003) G_GAN: 7.231 G_LPIPS: 51.787 D_real: 0.001 D_fake: 0.001 \n"}
,{"stream_name":"stdout","time":677.01465009,"data":"(epoch: 2, iters: 2020, time: 0.109, data: 0.003) G_GAN: 7.194 G_LPIPS: 56.240 D_real: 0.000 D_fake: 0.001 \n"}
,{"stream_name":"stdout","time":677.014652369,"data":"(epoch: 2, iters: 2040, time: 0.109, data: 0.003) G_GAN: 6.937 G_LPIPS: 52.030 D_real: 0.001 D_fake: 0.001 \n"}
,{"stream_name":"stdout","time":677.014654661,"data":"(epoch: 2, iters: 2060, time: 0.109, data: 0.003) G_GAN: 6.873 G_LPIPS: 50.640 D_real: 0.001 D_fake: 0.001 \n"}
,{"stream_name":"stdout","time":677.014656942,"data":"(epoch: 2, iters: 2080, time: 0.108, data: 0.003) G_GAN: 7.202 G_LPIPS: 52.665 D_real: 0.000 D_fake: 0.001 \n"}
,{"stream_name":"stdout","time":677.014661703,"data":"(epoch: 2, iters: 2100, time: 0.108, data: 0.003) G_GAN: 6.663 G_LPIPS: 56.532 D_real: 0.000 D_fake: 0.002 \n"}
,{"stream_name":"stdout","time":677.014664107,"data":"(epoch: 2, iters: 2120, time: 0.109, data: 0.003) G_GAN: 6.579 G_LPIPS: 50.829 D_real: 0.001 D_fake: 0.002 \n"}
,{"stream_name":"stdout","time":677.014666409,"data":"(epoch: 2, iters: 2140, time: 0.109, data: 0.003) G_GAN: 7.347 G_LPIPS: 52.306 D_real: 0.000 D_fake: 0.001 \n"}
,{"stream_name":"stdout","time":677.014668698,"data":"(epoch: 2, iters: 2160, time: 0.109, data: 0.003) G_GAN: 7.405 G_LPIPS: 52.799 D_real: 0.000 D_fake: 0.001 \n"}
,{"stream_name":"stdout","time":677.014671577,"data":"(epoch: 2, iters: 2180, time: 0.109, data: 0.003) G_GAN: 6.508 G_LPIPS: 53.295 D_real: 0.001 D_fake: 0.002 \n"}
,{"stream_name":"stdout","time":677.014674179,"data":"(epoch: 2, iters: 2200, time: 0.109, data: 0.003) G_GAN: 6.955 G_LPIPS: 54.473 D_real: 0.000 D_fake: 0.001 \n"}
,{"stream_name":"stdout","time":677.014676461,"data":"(epoch: 2, iters: 2220, time: 0.109, data: 0.003) G_GAN: 6.589 G_LPIPS: 50.035 D_real: 0.001 D_fake: 0.002 \n"}
,{"stream_name":"stdout","time":677.014678719,"data":"(epoch: 2, iters: 2240, time: 0.109, data: 0.003) G_GAN: 6.840 G_LPIPS: 47.234 D_real: 0.001 D_fake: 0.001 \n"}
,{"stream_name":"stdout","time":677.014680988,"data":"(epoch: 2, iters: 2260, time: 0.109, data: 0.003) G_GAN: 6.993 G_LPIPS: 47.329 D_real: 0.002 D_fake: 0.001 \n"}
,{"stream_name":"stdout","time":677.014683329,"data":"(epoch: 2, iters: 2280, time: 0.109, data: 0.003) G_GAN: 6.950 G_LPIPS: 53.926 D_real: 0.001 D_fake: 0.001 \n"}
,{"stream_name":"stdout","time":677.014685799,"data":"(epoch: 2, iters: 2300, time: 0.108, data: 0.003) G_GAN: 6.903 G_LPIPS: 50.911 D_real: 0.001 D_fake: 0.001 \n"}
,{"stream_name":"stdout","time":677.014688096,"data":"(epoch: 2, iters: 2320, time: 0.109, data: 0.003) G_GAN: 7.229 G_LPIPS: 53.467 D_real: 0.001 D_fake: 0.001 \n"}
,{"stream_name":"stdout","time":677.014690359,"data":"(epoch: 2, iters: 2340, time: 0.108, data: 0.004) G_GAN: 7.273 G_LPIPS: 53.528 D_real: 0.001 D_fake: 0.001 \n"}
,{"stream_name":"stdout","time":677.014692741,"data":"(epoch: 2, iters: 2360, time: 0.109, data: 0.003) G_GAN: 5.910 G_LPIPS: 49.688 D_real: 0.002 D_fake: 0.004 \n"}
,{"stream_name":"stdout","time":677.014695036,"data":"(epoch: 2, iters: 2380, time: 0.108, data: 0.003) G_GAN: 7.231 G_LPIPS: 47.904 D_real: 0.001 D_fake: 0.001 \n"}
,{"stream_name":"stdout","time":677.014697303,"data":"(epoch: 2, iters: 2400, time: 0.108, data: 0.003) G_GAN: 7.290 G_LPIPS: 52.421 D_real: 0.000 D_fake: 0.001 \n"}
,{"stream_name":"stdout","time":677.014699569,"data":"(epoch: 2, iters: 2420, time: 0.122, data: 0.003) G_GAN: 6.838 G_LPIPS: 54.207 D_real: 0.000 D_fake: 0.001 \n"}
,{"stream_name":"stdout","time":677.014701937,"data":"(epoch: 2, iters: 2440, time: 0.109, data: 0.003) G_GAN: 6.406 G_LPIPS: 52.573 D_real: 0.000 D_fake: 0.002 \n"}
,{"stream_name":"stdout","time":677.014704202,"data":"(epoch: 2, iters: 2460, time: 0.109, data: 0.003) G_GAN: 7.129 G_LPIPS: 52.846 D_real: 0.001 D_fake: 0.001 \n"}
,{"stream_name":"stdout","time":677.014706576,"data":"(epoch: 2, iters: 2480, time: 0.109, data: 0.003) G_GAN: 7.218 G_LPIPS: 49.898 D_real: 0.001 D_fake: 0.001 \n"}
,{"stream_name":"stdout","time":677.014708835,"data":"(epoch: 2, iters: 2500, time: 0.109, data: 0.003) G_GAN: 6.942 G_LPIPS: 48.559 D_real: 0.002 D_fake: 0.001 \n"}
,{"stream_name":"stdout","time":677.01471118,"data":"(epoch: 2, iters: 2520, time: 0.109, data: 0.003) G_GAN: 7.267 G_LPIPS: 54.516 D_real: 0.000 D_fake: 0.001 \n"}
,{"stream_name":"stdout","time":677.014713574,"data":"(epoch: 2, iters: 2540, time: 0.108, data: 0.003) G_GAN: 7.407 G_LPIPS: 51.646 D_real: 0.001 D_fake: 0.001 \n"}
,{"stream_name":"stdout","time":677.014717671,"data":"(epoch: 2, iters: 2560, time: 0.109, data: 0.003) G_GAN: 6.967 G_LPIPS: 47.262 D_real: 0.001 D_fake: 0.001 \n"}
,{"stream_name":"stdout","time":677.014720107,"data":"(epoch: 2, iters: 2580, time: 0.109, data: 0.003) G_GAN: 7.299 G_LPIPS: 54.220 D_real: 0.000 D_fake: 0.001 \n"}
,{"stream_name":"stdout","time":677.014722424,"data":"(epoch: 2, iters: 2600, time: 0.109, data: 0.003) G_GAN: 7.304 G_LPIPS: 50.164 D_real: 0.001 D_fake: 0.001 \n"}
,{"stream_name":"stdout","time":677.014724696,"data":"(epoch: 2, iters: 2620, time: 0.110, data: 0.004) G_GAN: 7.053 G_LPIPS: 51.777 D_real: 0.000 D_fake: 0.001 \n"}
,{"stream_name":"stdout","time":677.014726966,"data":"(epoch: 2, iters: 2640, time: 0.108, data: 0.003) G_GAN: 7.167 G_LPIPS: 51.408 D_real: 0.001 D_fake: 0.001 \n"}
,{"stream_name":"stdout","time":677.014729236,"data":"(epoch: 2, iters: 2660, time: 0.109, data: 0.003) G_GAN: 7.302 G_LPIPS: 48.777 D_real: 0.003 D_fake: 0.001 \n"}
,{"stream_name":"stdout","time":677.014731867,"data":"(epoch: 2, iters: 2680, time: 0.111, data: 0.003) G_GAN: 7.357 G_LPIPS: 51.585 D_real: 0.001 D_fake: 0.001 \n"}
,{"stream_name":"stdout","time":677.014734214,"data":"(epoch: 2, iters: 2700, time: 0.109, data: 0.003) G_GAN: 7.283 G_LPIPS: 51.053 D_real: 0.000 D_fake: 0.001 \n"}
,{"stream_name":"stdout","time":677.014736514,"data":"(epoch: 2, iters: 2720, time: 0.110, data: 0.003) G_GAN: 7.601 G_LPIPS: 54.022 D_real: 0.001 D_fake: 0.001 \n"}
,{"stream_name":"stdout","time":677.014738774,"data":"(epoch: 2, iters: 2740, time: 0.109, data: 0.003) G_GAN: 7.383 G_LPIPS: 51.445 D_real: 0.000 D_fake: 0.001 \n"}
,{"stream_name":"stdout","time":677.014741035,"data":"(epoch: 2, iters: 2760, time: 0.109, data: 0.004) G_GAN: 6.894 G_LPIPS: 46.405 D_real: 0.004 D_fake: 0.001 \n"}
,{"stream_name":"stdout","time":677.014743302,"data":"(epoch: 2, iters: 2780, time: 0.110, data: 0.003) G_GAN: 7.408 G_LPIPS: 46.552 D_real: 0.001 D_fake: 0.001 \n"}
,{"stream_name":"stdout","time":677.014745571,"data":"(epoch: 2, iters: 2800, time: 0.110, data: 0.003) G_GAN: 7.690 G_LPIPS: 51.744 D_real: 0.001 D_fake: 0.001 \n"}
,{"stream_name":"stdout","time":677.014747837,"data":"(epoch: 2, iters: 2820, time: 0.110, data: 0.003) G_GAN: 7.054 G_LPIPS: 50.952 D_real: 0.001 D_fake: 0.001 \n"}
,{"stream_name":"stdout","time":677.014750136,"data":"(epoch: 2, iters: 2840, time: 0.109, data: 0.003) G_GAN: 7.356 G_LPIPS: 54.350 D_real: 0.000 D_fake: 0.001 \n"}
,{"stream_name":"stdout","time":677.014752421,"data":"(epoch: 2, iters: 2860, time: 0.110, data: 0.003) G_GAN: 7.125 G_LPIPS: 51.278 D_real: 0.000 D_fake: 0.001 \n"}
,{"stream_name":"stdout","time":677.014754692,"data":"(epoch: 2, iters: 2880, time: 0.109, data: 0.003) G_GAN: 7.588 G_LPIPS: 48.416 D_real: 0.001 D_fake: 0.001 \n"}
,{"stream_name":"stdout","time":677.014756967,"data":"(epoch: 2, iters: 2900, time: 0.109, data: 0.003) G_GAN: 7.069 G_LPIPS: 46.088 D_real: 0.003 D_fake: 0.001 \n"}
,{"stream_name":"stdout","time":677.014759245,"data":"(epoch: 2, iters: 2920, time: 0.109, data: 0.003) G_GAN: 7.552 G_LPIPS: 52.576 D_real: 0.001 D_fake: 0.001 \n"}
,{"stream_name":"stdout","time":677.014761517,"data":"(epoch: 2, iters: 2940, time: 0.109, data: 0.003) G_GAN: 7.301 G_LPIPS: 50.165 D_real: 0.000 D_fake: 0.001 \n"}
,{"stream_name":"stdout","time":677.014763801,"data":"(epoch: 2, iters: 2960, time: 0.109, data: 0.003) G_GAN: 6.929 G_LPIPS: 52.876 D_real: 0.001 D_fake: 0.001 \n"}
,{"stream_name":"stdout","time":677.014766073,"data":"(epoch: 2, iters: 2980, time: 0.109, data: 0.003) G_GAN: 7.561 G_LPIPS: 52.338 D_real: 0.000 D_fake: 0.001 \n"}
,{"stream_name":"stdout","time":677.014768347,"data":"(epoch: 2, iters: 3000, time: 0.109, data: 0.003) G_GAN: 7.151 G_LPIPS: 52.683 D_real: 0.001 D_fake: 0.001 \n"}
,{"stream_name":"stdout","time":677.014777261,"data":"(epoch: 2, iters: 3020, time: 0.109, data: 0.003) G_GAN: 7.418 G_LPIPS: 48.738 D_real: 0.001 D_fake: 0.001 \n"}
,{"stream_name":"stdout","time":677.014779703,"data":"(epoch: 2, iters: 3040, time: 0.110, data: 0.003) G_GAN: 7.216 G_LPIPS: 48.389 D_real: 0.001 D_fake: 0.001 \n"}
,{"stream_name":"stdout","time":783.866569854,"data":"(epoch: 2, iters: 3060, time: 0.110, data: 0.003) G_GAN: 7.432 G_LPIPS: 50.650 D_real: 0.001 D_fake: 0.001 \n"}
,{"stream_name":"stdout","time":783.866610754,"data":"(epoch: 2, iters: 3080, time: 0.109, data: 0.003) G_GAN: 7.126 G_LPIPS: 52.023 D_real: 0.000 D_fake: 0.001 \n"}
,{"stream_name":"stdout","time":783.866617802,"data":"(epoch: 2, iters: 3100, time: 0.109, data: 0.003) G_GAN: 6.189 G_LPIPS: 46.179 D_real: 0.004 D_fake: 0.002 \n"}
,{"stream_name":"stdout","time":783.866623413,"data":"(epoch: 2, iters: 3120, time: 0.111, data: 0.003) G_GAN: 7.511 G_LPIPS: 51.094 D_real: 0.001 D_fake: 0.001 \n"}
,{"stream_name":"stdout","time":783.866628353,"data":"(epoch: 2, iters: 3140, time: 0.110, data: 0.003) G_GAN: 7.412 G_LPIPS: 53.136 D_real: 0.000 D_fake: 0.001 \n"}
,{"stream_name":"stdout","time":783.866634412,"data":"(epoch: 2, iters: 3160, time: 0.110, data: 0.003) G_GAN: 6.874 G_LPIPS: 54.365 D_real: 0.000 D_fake: 0.001 \n"}
,{"stream_name":"stdout","time":783.86664001,"data":"(epoch: 2, iters: 3180, time: 0.110, data: 0.003) G_GAN: 6.800 G_LPIPS: 48.483 D_real: 0.000 D_fake: 0.001 \n"}
,{"stream_name":"stdout","time":783.866645716,"data":"(epoch: 2, iters: 3200, time: 0.110, data: 0.003) G_GAN: 6.515 G_LPIPS: 50.437 D_real: 0.001 D_fake: 0.002 \n"}
,{"stream_name":"stdout","time":783.866651199,"data":"(epoch: 2, iters: 3220, time: 0.110, data: 0.003) G_GAN: 7.005 G_LPIPS: 47.821 D_real: 0.000 D_fake: 0.001 \n"}
,{"stream_name":"stdout","time":783.866656065,"data":"(epoch: 2, iters: 3240, time: 0.110, data: 0.003) G_GAN: 7.176 G_LPIPS: 49.841 D_real: 0.001 D_fake: 0.001 \n"}
,{"stream_name":"stdout","time":783.866660955,"data":"(epoch: 2, iters: 3260, time: 0.110, data: 0.003) G_GAN: 6.363 G_LPIPS: 50.043 D_real: 0.000 D_fake: 0.002 \n"}
,{"stream_name":"stdout","time":783.86666574,"data":"(epoch: 2, iters: 3280, time: 0.109, data: 0.003) G_GAN: 7.532 G_LPIPS: 49.644 D_real: 0.001 D_fake: 0.001 \n"}
,{"stream_name":"stdout","time":783.866670768,"data":"(epoch: 2, iters: 3300, time: 0.110, data: 0.003) G_GAN: 7.551 G_LPIPS: 53.227 D_real: 0.000 D_fake: 0.001 \n"}
,{"stream_name":"stdout","time":783.866677704,"data":"(epoch: 2, iters: 3320, time: 0.109, data: 0.003) G_GAN: 6.106 G_LPIPS: 47.269 D_real: 0.003 D_fake: 0.004 \n"}
,{"stream_name":"stdout","time":783.866682731,"data":"(epoch: 2, iters: 3340, time: 0.109, data: 0.003) G_GAN: 7.545 G_LPIPS: 54.918 D_real: 0.000 D_fake: 0.001 \n"}
,{"stream_name":"stdout","time":783.866689528,"data":"(epoch: 2, iters: 3360, time: 0.110, data: 0.003) G_GAN: 6.854 G_LPIPS: 56.106 D_real: 0.000 D_fake: 0.001 \n"}
,{"stream_name":"stdout","time":783.866695888,"data":"(epoch: 2, iters: 3380, time: 0.110, data: 0.004) G_GAN: 7.394 G_LPIPS: 50.387 D_real: 0.001 D_fake: 0.001 \n"}
,{"stream_name":"stdout","time":783.866701726,"data":"(epoch: 2, iters: 3400, time: 0.110, data: 0.003) G_GAN: 7.373 G_LPIPS: 48.268 D_real: 0.001 D_fake: 0.001 \n"}
,{"stream_name":"stdout","time":783.866706997,"data":"(epoch: 2, iters: 3420, time: 0.110, data: 0.003) G_GAN: 7.472 G_LPIPS: 52.877 D_real: 0.000 D_fake: 0.001 \n"}
,{"stream_name":"stdout","time":783.866713729,"data":"(epoch: 2, iters: 3440, time: 0.109, data: 0.002) G_GAN: 7.589 G_LPIPS: 51.130 D_real: 0.001 D_fake: 0.001 \n"}
,{"stream_name":"stdout","time":783.866719624,"data":"(epoch: 2, iters: 3460, time: 0.109, data: 0.003) G_GAN: 7.226 G_LPIPS: 50.790 D_real: 0.002 D_fake: 0.001 \n"}
,{"stream_name":"stdout","time":783.866736696,"data":"(epoch: 2, iters: 3480, time: 0.109, data: 0.003) G_GAN: 7.359 G_LPIPS: 51.820 D_real: 0.000 D_fake: 0.001 \n"}
,{"stream_name":"stdout","time":783.866740758,"data":"(epoch: 2, iters: 3500, time: 0.109, data: 0.003) G_GAN: 7.666 G_LPIPS: 52.266 D_real: 0.000 D_fake: 0.001 \n"}
,{"stream_name":"stdout","time":783.866744507,"data":"(epoch: 2, iters: 3520, time: 0.109, data: 0.003) G_GAN: 7.212 G_LPIPS: 50.862 D_real: 0.000 D_fake: 0.001 \n"}
,{"stream_name":"stdout","time":783.866748235,"data":"(epoch: 2, iters: 3540, time: 0.110, data: 0.003) G_GAN: 7.498 G_LPIPS: 52.623 D_real: 0.001 D_fake: 0.001 \n"}
,{"stream_name":"stdout","time":783.866751941,"data":"(epoch: 2, iters: 3560, time: 0.109, data: 0.003) G_GAN: 7.119 G_LPIPS: 47.642 D_real: 0.003 D_fake: 0.001 \n"}
,{"stream_name":"stdout","time":783.866755619,"data":"(epoch: 2, iters: 3580, time: 0.110, data: 0.003) G_GAN: 7.198 G_LPIPS: 50.569 D_real: 0.000 D_fake: 0.001 \n"}
,{"stream_name":"stdout","time":783.86675938,"data":"(epoch: 2, iters: 3600, time: 0.110, data: 0.003) G_GAN: 6.170 G_LPIPS: 50.919 D_real: 0.001 D_fake: 0.003 \n"}
,{"stream_name":"stdout","time":783.866763115,"data":"(epoch: 2, iters: 3620, time: 0.110, data: 0.003) G_GAN: 7.515 G_LPIPS: 50.328 D_real: 0.001 D_fake: 0.001 \n"}
,{"stream_name":"stdout","time":783.866767704,"data":"(epoch: 2, iters: 3640, time: 0.109, data: 0.003) G_GAN: 7.573 G_LPIPS: 50.109 D_real: 0.000 D_fake: 0.001 \n"}
,{"stream_name":"stdout","time":783.866771936,"data":"(epoch: 2, iters: 3660, time: 0.110, data: 0.003) G_GAN: 7.201 G_LPIPS: 51.678 D_real: 0.000 D_fake: 0.001 \n"}
,{"stream_name":"stdout","time":783.866776402,"data":"(epoch: 2, iters: 3680, time: 0.109, data: 0.003) G_GAN: 7.291 G_LPIPS: 50.001 D_real: 0.001 D_fake: 0.001 \n"}
,{"stream_name":"stdout","time":783.866780712,"data":"(epoch: 2, iters: 3700, time: 0.109, data: 0.003) G_GAN: 7.311 G_LPIPS: 54.096 D_real: 0.000 D_fake: 0.001 \n"}
,{"stream_name":"stdout","time":783.866784725,"data":"(epoch: 2, iters: 3720, time: 0.110, data: 0.003) G_GAN: 7.208 G_LPIPS: 51.454 D_real: 0.001 D_fake: 0.001 \n"}
,{"stream_name":"stdout","time":783.866788436,"data":"(epoch: 2, iters: 3740, time: 0.109, data: 0.003) G_GAN: 7.458 G_LPIPS: 47.105 D_real: 0.018 D_fake: 0.001 \n"}
,{"stream_name":"stdout","time":783.866792224,"data":"(epoch: 2, iters: 3760, time: 0.110, data: 0.003) G_GAN: 7.418 G_LPIPS: 50.843 D_real: 0.000 D_fake: 0.001 \n"}
,{"stream_name":"stdout","time":783.866795916,"data":"(epoch: 2, iters: 3780, time: 0.109, data: 0.003) G_GAN: 6.005 G_LPIPS: 49.674 D_real: 0.001 D_fake: 0.004 \n"}
,{"stream_name":"stdout","time":783.866799719,"data":"(epoch: 2, iters: 3800, time: 0.110, data: 0.003) G_GAN: 7.012 G_LPIPS: 49.423 D_real: 0.001 D_fake: 0.001 \n"}
,{"stream_name":"stdout","time":783.866803713,"data":"(epoch: 2, iters: 3820, time: 0.109, data: 0.003) G_GAN: 7.286 G_LPIPS: 47.479 D_real: 0.001 D_fake: 0.001 \n"}
,{"stream_name":"stdout","time":783.86680751,"data":"(epoch: 2, iters: 3840, time: 0.109, data: 0.003) G_GAN: 7.554 G_LPIPS: 47.228 D_real: 0.001 D_fake: 0.001 \n"}
,{"stream_name":"stdout","time":783.866811123,"data":"(epoch: 2, iters: 3860, time: 0.108, data: 0.003) G_GAN: 7.741 G_LPIPS: 50.737 D_real: 0.000 D_fake: 0.000 \n"}
,{"stream_name":"stdout","time":783.866814832,"data":"(epoch: 2, iters: 3880, time: 0.109, data: 0.003) G_GAN: 7.628 G_LPIPS: 55.581 D_real: 0.000 D_fake: 0.001 \n"}
,{"stream_name":"stdout","time":783.866818506,"data":"(epoch: 2, iters: 3900, time: 0.109, data: 0.003) G_GAN: 7.604 G_LPIPS: 53.945 D_real: 0.000 D_fake: 0.001 \n"}
,{"stream_name":"stdout","time":783.866822302,"data":"(epoch: 2, iters: 3920, time: 0.110, data: 0.003) G_GAN: 6.126 G_LPIPS: 51.384 D_real: 0.000 D_fake: 0.003 \n"}
,{"stream_name":"stdout","time":783.866835618,"data":"(epoch: 2, iters: 3940, time: 0.110, data: 0.003) G_GAN: 7.757 G_LPIPS: 51.474 D_real: 0.000 D_fake: 0.000 \n"}
,{"stream_name":"stdout","time":783.866838946,"data":"(epoch: 2, iters: 3960, time: 0.109, data: 0.003) G_GAN: 7.973 G_LPIPS: 52.807 D_real: 0.000 D_fake: 0.000 \n"}
,{"stream_name":"stdout","time":783.866841396,"data":"(epoch: 2, iters: 3980, time: 0.109, data: 0.003) G_GAN: 7.792 G_LPIPS: 48.114 D_real: 0.001 D_fake: 0.000 \n"}
,{"stream_name":"stdout","time":783.866843896,"data":"(epoch: 2, iters: 4000, time: 0.110, data: 0.003) G_GAN: 5.421 G_LPIPS: 49.184 D_real: 0.001 D_fake: 0.008 \n"}
,{"stream_name":"stdout","time":783.866847223,"data":"(epoch: 2, iters: 4020, time: 0.110, data: 0.004) G_GAN: 6.985 G_LPIPS: 50.602 D_real: 0.001 D_fake: 0.001 \n"}
,{"stream_name":"stdout","time":783.866865769,"data":"(epoch: 2, iters: 4040, time: 0.109, data: 0.003) G_GAN: 7.889 G_LPIPS: 49.826 D_real: 0.001 D_fake: 0.000 \n"}
,{"stream_name":"stdout","time":783.86687049,"data":"(epoch: 2, iters: 4060, time: 0.110, data: 0.003) G_GAN: 7.184 G_LPIPS: 48.936 D_real: 0.001 D_fake: 0.001 \n"}
,{"stream_name":"stdout","time":783.866874594,"data":"(epoch: 2, iters: 4080, time: 0.109, data: 0.003) G_GAN: 7.485 G_LPIPS: 50.184 D_real: 0.000 D_fake: 0.001 \n"}
,{"stream_name":"stdout","time":783.86687906,"data":"(epoch: 2, iters: 4100, time: 0.109, data: 0.003) G_GAN: 7.540 G_LPIPS: 53.770 D_real: 0.000 D_fake: 0.001 \n"}
,{"stream_name":"stdout","time":783.866883582,"data":"(epoch: 2, iters: 4120, time: 0.109, data: 0.003) G_GAN: 7.636 G_LPIPS: 49.344 D_real: 0.001 D_fake: 0.001 \n"}
,{"stream_name":"stdout","time":783.866887248,"data":"(epoch: 2, iters: 4140, time: 0.110, data: 0.003) G_GAN: 7.685 G_LPIPS: 48.142 D_real: 0.001 D_fake: 0.001 \n"}
,{"stream_name":"stdout","time":783.866890948,"data":"(epoch: 2, iters: 4160, time: 0.110, data: 0.003) G_GAN: 7.648 G_LPIPS: 49.046 D_real: 0.001 D_fake: 0.001 \n"}
,{"stream_name":"stdout","time":783.86689462,"data":"(epoch: 2, iters: 4180, time: 0.110, data: 0.003) G_GAN: 7.150 G_LPIPS: 51.171 D_real: 0.000 D_fake: 0.001 \n"}
,{"stream_name":"stdout","time":783.866898879,"data":"(epoch: 2, iters: 4200, time: 0.109, data: 0.003) G_GAN: 7.621 G_LPIPS: 49.817 D_real: 0.001 D_fake: 0.001 \n"}
,{"stream_name":"stdout","time":783.866902632,"data":"(epoch: 2, iters: 4220, time: 0.110, data: 0.004) G_GAN: 7.527 G_LPIPS: 50.842 D_real: 0.000 D_fake: 0.001 \n"}
,{"stream_name":"stdout","time":783.866906433,"data":"(epoch: 2, iters: 4240, time: 0.109, data: 0.003) G_GAN: 7.081 G_LPIPS: 47.748 D_real: 0.001 D_fake: 0.001 \n"}
,{"stream_name":"stdout","time":783.866910123,"data":"(epoch: 2, iters: 4260, time: 0.111, data: 0.003) G_GAN: 7.666 G_LPIPS: 54.237 D_real: 0.000 D_fake: 0.001 \n"}
,{"stream_name":"stdout","time":783.866913858,"data":"(epoch: 2, iters: 4280, time: 0.110, data: 0.003) G_GAN: 7.957 G_LPIPS: 50.812 D_real: 0.000 D_fake: 0.000 \n"}
,{"stream_name":"stdout","time":783.866917506,"data":"(epoch: 2, iters: 4300, time: 0.109, data: 0.003) G_GAN: 7.691 G_LPIPS: 52.324 D_real: 0.000 D_fake: 0.001 \n"}
,{"stream_name":"stdout","time":783.866921224,"data":"(epoch: 2, iters: 4320, time: 0.110, data: 0.003) G_GAN: 7.384 G_LPIPS: 51.932 D_real: 0.000 D_fake: 0.001 \n"}
,{"stream_name":"stdout","time":783.866924926,"data":"(epoch: 2, iters: 4340, time: 0.110, data: 0.004) G_GAN: 7.820 G_LPIPS: 50.798 D_real: 0.001 D_fake: 0.000 \n"}
,{"stream_name":"stdout","time":783.866928677,"data":"(epoch: 2, iters: 4360, time: 0.155, data: 0.003) G_GAN: 7.532 G_LPIPS: 49.278 D_real: 0.000 D_fake: 0.001 \n"}
,{"stream_name":"stdout","time":783.866932362,"data":"(epoch: 2, iters: 4380, time: 0.110, data: 0.003) G_GAN: 7.668 G_LPIPS: 53.767 D_real: 0.000 D_fake: 0.001 \n"}
,{"stream_name":"stdout","time":783.866944204,"data":"(epoch: 2, iters: 4400, time: 0.110, data: 0.003) G_GAN: 7.679 G_LPIPS: 51.023 D_real: 0.000 D_fake: 0.001 \n"}
,{"stream_name":"stdout","time":783.866948238,"data":"(epoch: 2, iters: 4420, time: 0.123, data: 0.003) G_GAN: 7.661 G_LPIPS: 50.980 D_real: 0.000 D_fake: 0.001 \n"}
,{"stream_name":"stdout","time":783.866966036,"data":"saving the latest model (epoch 2, total_iters 10000)\n"}
,{"stream_name":"stdout","time":783.866970276,"data":"(epoch: 2, iters: 4440, time: 0.109, data: 0.003) G_GAN: 7.758 G_LPIPS: 52.359 D_real: 0.000 D_fake: 0.000 \n"}
,{"stream_name":"stdout","time":783.866974621,"data":"(epoch: 2, iters: 4460, time: 0.110, data: 0.003) G_GAN: 7.612 G_LPIPS: 54.321 D_real: 0.000 D_fake: 0.001 \n"}
,{"stream_name":"stdout","time":783.866978649,"data":"(epoch: 2, iters: 4480, time: 0.109, data: 0.003) G_GAN: 7.562 G_LPIPS: 51.683 D_real: 0.000 D_fake: 0.001 \n"}
,{"stream_name":"stdout","time":783.866983326,"data":"(epoch: 2, iters: 4500, time: 0.110, data: 0.004) G_GAN: 7.815 G_LPIPS: 51.768 D_real: 0.000 D_fake: 0.000 \n"}
,{"stream_name":"stdout","time":783.866987174,"data":"(epoch: 2, iters: 4520, time: 0.110, data: 0.003) G_GAN: 7.205 G_LPIPS: 51.859 D_real: 0.000 D_fake: 0.001 \n"}
,{"stream_name":"stdout","time":783.866990952,"data":"(epoch: 2, iters: 4540, time: 0.110, data: 0.003) G_GAN: 7.385 G_LPIPS: 49.342 D_real: 0.000 D_fake: 0.001 \n"}
,{"stream_name":"stdout","time":783.866994778,"data":"(epoch: 2, iters: 4560, time: 0.110, data: 0.003) G_GAN: 7.655 G_LPIPS: 48.470 D_real: 0.000 D_fake: 0.001 \n"}
,{"stream_name":"stdout","time":855.511003449,"data":"(epoch: 2, iters: 4580, time: 0.109, data: 0.003) G_GAN: 7.568 G_LPIPS: 49.122 D_real: 0.000 D_fake: 0.001 \n"}
,{"stream_name":"stdout","time":855.511046297,"data":"(epoch: 2, iters: 4600, time: 0.110, data: 0.003) G_GAN: 7.818 G_LPIPS: 49.897 D_real: 0.001 D_fake: 0.000 \n"}
,{"stream_name":"stdout","time":855.511051166,"data":"(epoch: 2, iters: 4620, time: 0.110, data: 0.003) G_GAN: 7.573 G_LPIPS: 49.406 D_real: 0.000 D_fake: 0.001 \n"}
,{"stream_name":"stdout","time":855.511054657,"data":"(epoch: 2, iters: 4640, time: 0.109, data: 0.003) G_GAN: 7.443 G_LPIPS: 46.332 D_real: 0.001 D_fake: 0.001 \n"}
,{"stream_name":"stdout","time":855.511058029,"data":"(epoch: 2, iters: 4660, time: 0.110, data: 0.003) G_GAN: 7.378 G_LPIPS: 51.424 D_real: 0.000 D_fake: 0.001 \n"}
,{"stream_name":"stdout","time":855.511061008,"data":"(epoch: 2, iters: 4680, time: 0.110, data: 0.003) G_GAN: 6.638 G_LPIPS: 50.579 D_real: 0.000 D_fake: 0.002 \n"}
,{"stream_name":"stdout","time":855.511063952,"data":"(epoch: 2, iters: 4700, time: 0.110, data: 0.004) G_GAN: 7.517 G_LPIPS: 51.192 D_real: 0.000 D_fake: 0.001 \n"}
,{"stream_name":"stdout","time":855.511067217,"data":"(epoch: 2, iters: 4720, time: 0.110, data: 0.003) G_GAN: 7.642 G_LPIPS: 51.736 D_real: 0.000 D_fake: 0.001 \n"}
,{"stream_name":"stdout","time":855.51107028,"data":"(epoch: 2, iters: 4740, time: 0.110, data: 0.003) G_GAN: 7.701 G_LPIPS: 49.973 D_real: 0.000 D_fake: 0.001 \n"}
,{"stream_name":"stdout","time":855.511073204,"data":"(epoch: 2, iters: 4760, time: 0.110, data: 0.003) G_GAN: 8.017 G_LPIPS: 53.168 D_real: 0.000 D_fake: 0.000 \n"}
,{"stream_name":"stdout","time":855.511076113,"data":"(epoch: 2, iters: 4780, time: 0.110, data: 0.003) G_GAN: 6.987 G_LPIPS: 51.286 D_real: 0.000 D_fake: 0.001 \n"}
,{"stream_name":"stdout","time":855.511079012,"data":"(epoch: 2, iters: 4800, time: 0.110, data: 0.004) G_GAN: 7.637 G_LPIPS: 48.141 D_real: 0.000 D_fake: 0.001 \n"}
,{"stream_name":"stdout","time":855.511082006,"data":"(epoch: 2, iters: 4820, time: 0.110, data: 0.003) G_GAN: 7.625 G_LPIPS: 56.193 D_real: 0.000 D_fake: 0.001 \n"}
,{"stream_name":"stdout","time":855.511130822,"data":"(epoch: 2, iters: 4840, time: 0.145, data: 0.003) G_GAN: 7.408 G_LPIPS: 51.014 D_real: 0.000 D_fake: 0.001 \n"}
,{"stream_name":"stdout","time":855.511137643,"data":"(epoch: 2, iters: 4860, time: 0.111, data: 0.003) G_GAN: 7.805 G_LPIPS: 49.279 D_real: 0.000 D_fake: 0.000 \n"}
,{"stream_name":"stdout","time":855.511141399,"data":"(epoch: 2, iters: 4880, time: 0.110, data: 0.003) G_GAN: 6.898 G_LPIPS: 47.047 D_real: 0.000 D_fake: 0.001 \n"}
,{"stream_name":"stdout","time":855.511144975,"data":"(epoch: 2, iters: 4900, time: 0.109, data: 0.003) G_GAN: 7.748 G_LPIPS: 51.748 D_real: 0.000 D_fake: 0.000 \n"}
,{"stream_name":"stdout","time":855.511148445,"data":"(epoch: 2, iters: 4920, time: 0.110, data: 0.003) G_GAN: 6.803 G_LPIPS: 52.114 D_real: 0.000 D_fake: 0.001 \n"}
,{"stream_name":"stdout","time":855.511163469,"data":"(epoch: 2, iters: 4940, time: 0.110, data: 0.003) G_GAN: 7.802 G_LPIPS: 52.182 D_real: 0.000 D_fake: 0.000 \n"}
,{"stream_name":"stdout","time":855.511167762,"data":"(epoch: 2, iters: 4960, time: 0.110, data: 0.003) G_GAN: 7.460 G_LPIPS: 50.384 D_real: 0.000 D_fake: 0.001 \n"}
,{"stream_name":"stdout","time":855.511170176,"data":"(epoch: 2, iters: 4980, time: 0.110, data: 0.003) G_GAN: 7.563 G_LPIPS: 51.805 D_real: 0.000 D_fake: 0.001 \n"}
,{"stream_name":"stdout","time":855.511172446,"data":"(epoch: 2, iters: 5000, time: 0.110, data: 0.003) G_GAN: 7.804 G_LPIPS: 51.990 D_real: 0.000 D_fake: 0.000 \n"}
,{"stream_name":"stdout","time":855.511174705,"data":"(epoch: 2, iters: 5020, time: 0.111, data: 0.003) G_GAN: 7.921 G_LPIPS: 50.475 D_real: 0.000 D_fake: 0.000 \n"}
,{"stream_name":"stdout","time":855.511177014,"data":"(epoch: 2, iters: 5040, time: 0.110, data: 0.003) G_GAN: 7.830 G_LPIPS: 48.565 D_real: 0.001 D_fake: 0.000 \n"}
,{"stream_name":"stdout","time":855.511179364,"data":"(epoch: 2, iters: 5060, time: 0.110, data: 0.003) G_GAN: 7.534 G_LPIPS: 48.479 D_real: 0.000 D_fake: 0.001 \n"}
,{"stream_name":"stdout","time":855.511181628,"data":"(epoch: 2, iters: 5080, time: 0.111, data: 0.003) G_GAN: 7.546 G_LPIPS: 49.237 D_real: 0.000 D_fake: 0.001 \n"}
,{"stream_name":"stdout","time":855.511183895,"data":"(epoch: 2, iters: 5100, time: 0.110, data: 0.003) G_GAN: 7.735 G_LPIPS: 50.676 D_real: 0.000 D_fake: 0.000 \n"}
,{"stream_name":"stdout","time":855.511186162,"data":"(epoch: 2, iters: 5120, time: 0.110, data: 0.003) G_GAN: 8.026 G_LPIPS: 51.250 D_real: 0.000 D_fake: 0.000 \n"}
,{"stream_name":"stdout","time":855.511188507,"data":"(epoch: 2, iters: 5140, time: 0.110, data: 0.003) G_GAN: 7.551 G_LPIPS: 46.544 D_real: 0.001 D_fake: 0.001 \n"}
,{"stream_name":"stdout","time":855.511190795,"data":"(epoch: 2, iters: 5160, time: 0.111, data: 0.003) G_GAN: 7.977 G_LPIPS: 50.900 D_real: 0.000 D_fake: 0.000 \n"}
,{"stream_name":"stdout","time":855.511193053,"data":"(epoch: 2, iters: 5180, time: 0.111, data: 0.003) G_GAN: 7.628 G_LPIPS: 50.611 D_real: 0.000 D_fake: 0.001 \n"}
,{"stream_name":"stdout","time":855.511195332,"data":"(epoch: 2, iters: 5200, time: 0.110, data: 0.003) G_GAN: 7.617 G_LPIPS: 49.518 D_real: 0.000 D_fake: 0.001 \n"}
,{"stream_name":"stdout","time":855.511197675,"data":"(epoch: 2, iters: 5220, time: 0.111, data: 0.003) G_GAN: 7.319 G_LPIPS: 52.497 D_real: 0.000 D_fake: 0.001 \n"}
,{"stream_name":"stdout","time":855.511199927,"data":"(epoch: 2, iters: 5240, time: 0.110, data: 0.003) G_GAN: 7.680 G_LPIPS: 49.696 D_real: 0.000 D_fake: 0.001 \n"}
,{"stream_name":"stdout","time":855.511202238,"data":"(epoch: 2, iters: 5260, time: 0.111, data: 0.003) G_GAN: 7.937 G_LPIPS: 54.300 D_real: 0.000 D_fake: 0.000 \n"}
,{"stream_name":"stdout","time":855.511204486,"data":"(epoch: 2, iters: 5280, time: 0.110, data: 0.004) G_GAN: 7.490 G_LPIPS: 52.120 D_real: 0.000 D_fake: 0.001 \n"}
,{"stream_name":"stdout","time":855.511206838,"data":"(epoch: 2, iters: 5300, time: 0.110, data: 0.003) G_GAN: 7.995 G_LPIPS: 52.894 D_real: 0.000 D_fake: 0.000 \n"}
,{"stream_name":"stdout","time":855.511216589,"data":"(epoch: 2, iters: 5320, time: 0.111, data: 0.003) G_GAN: 7.793 G_LPIPS: 50.867 D_real: 0.000 D_fake: 0.000 \n"}
,{"stream_name":"stdout","time":855.511219465,"data":"(epoch: 2, iters: 5340, time: 0.110, data: 0.003) G_GAN: 6.578 G_LPIPS: 47.673 D_real: 0.000 D_fake: 0.002 \n"}
,{"stream_name":"stdout","time":855.511221868,"data":"(epoch: 2, iters: 5360, time: 0.110, data: 0.003) G_GAN: 7.956 G_LPIPS: 54.514 D_real: 0.000 D_fake: 0.000 \n"}
,{"stream_name":"stdout","time":855.511224157,"data":"(epoch: 2, iters: 5380, time: 0.111, data: 0.003) G_GAN: 7.990 G_LPIPS: 49.176 D_real: 0.000 D_fake: 0.000 \n"}
,{"stream_name":"stdout","time":855.511226439,"data":"(epoch: 2, iters: 5400, time: 0.110, data: 0.003) G_GAN: 7.423 G_LPIPS: 54.412 D_real: 0.000 D_fake: 0.001 \n"}
,{"stream_name":"stdout","time":855.511228715,"data":"(epoch: 2, iters: 5420, time: 0.110, data: 0.003) G_GAN: 7.680 G_LPIPS: 49.793 D_real: 0.001 D_fake: 0.001 \n"}
,{"stream_name":"stdout","time":855.511230987,"data":"(epoch: 2, iters: 5440, time: 0.111, data: 0.003) G_GAN: 7.777 G_LPIPS: 51.036 D_real: 0.000 D_fake: 0.000 \n"}
,{"stream_name":"stdout","time":855.511233318,"data":"(epoch: 2, iters: 5460, time: 0.110, data: 0.003) G_GAN: 8.121 G_LPIPS: 51.239 D_real: 0.000 D_fake: 0.000 \n"}
,{"stream_name":"stdout","time":855.511235606,"data":"(epoch: 2, iters: 5480, time: 0.111, data: 0.003) G_GAN: 7.524 G_LPIPS: 51.059 D_real: 0.000 D_fake: 0.001 \n"}
,{"stream_name":"stdout","time":855.511237886,"data":"(epoch: 2, iters: 5500, time: 0.111, data: 0.004) G_GAN: 7.724 G_LPIPS: 45.164 D_real: 0.001 D_fake: 0.001 \n"}
,{"stream_name":"stdout","time":855.511240191,"data":"(epoch: 2, iters: 5520, time: 0.110, data: 0.003) G_GAN: 7.851 G_LPIPS: 48.111 D_real: 0.000 D_fake: 0.000 \n"}
,{"stream_name":"stdout","time":855.511242541,"data":"(epoch: 2, iters: 5540, time: 0.111, data: 0.003) G_GAN: 7.947 G_LPIPS: 49.192 D_real: 0.001 D_fake: 0.000 \n"}
,{"stream_name":"stdout","time":855.511244826,"data":"(epoch: 2, iters: 5560, time: 0.110, data: 0.003) G_GAN: 7.778 G_LPIPS: 53.250 D_real: 0.000 D_fake: 0.000 \n"}
,{"stream_name":"stdout","time":855.5112471,"data":"(epoch: 2, iters: 5580, time: 0.067, data: 0.003) G_GAN: 7.182 G_LPIPS: 47.984 D_real: 0.001 D_fake: 0.001 \n"}
,{"stream_name":"stdout","time":855.511249388,"data":"saving the model at the end of epoch 2, iters 11160\n"}
,{"stream_name":"stdout","time":855.5112517,"data":"End of epoch 2 / 20 \t Time Taken: 387 sec\n"}
,{"stream_name":"stdout","time":855.511254347,"data":"learning rate 0.0001000 -\u003e 0.0001000\n"}
,{"stream_name":"stdout","time":966.354212896,"data":"(epoch: 3, iters: 20, time: 0.110, data: 0.262) G_GAN: 7.407 G_LPIPS: 51.544 D_real: 0.000 D_fake: 0.001 \n"}
,{"stream_name":"stdout","time":966.354249388,"data":"(epoch: 3, iters: 40, time: 0.123, data: 0.001) G_GAN: 7.794 G_LPIPS: 53.132 D_real: 0.000 D_fake: 0.000 \n"}
,{"stream_name":"stdout","time":966.354255522,"data":"(epoch: 3, iters: 60, time: 0.110, data: 0.003) G_GAN: 7.707 G_LPIPS: 48.078 D_real: 0.000 D_fake: 0.001 \n"}
,{"stream_name":"stdout","time":966.354260157,"data":"(epoch: 3, iters: 80, time: 0.110, data: 0.003) G_GAN: 8.080 G_LPIPS: 54.237 D_real: 0.000 D_fake: 0.000 \n"}
,{"stream_name":"stdout","time":966.354264844,"data":"(epoch: 3, iters: 100, time: 0.110, data: 0.003) G_GAN: 7.534 G_LPIPS: 53.099 D_real: 0.000 D_fake: 0.001 \n"}
,{"stream_name":"stdout","time":966.35426935,"data":"(epoch: 3, iters: 120, time: 0.110, data: 0.003) G_GAN: 8.150 G_LPIPS: 50.753 D_real: 0.000 D_fake: 0.000 \n"}
,{"stream_name":"stdout","time":966.354273775,"data":"(epoch: 3, iters: 140, time: 0.111, data: 0.003) G_GAN: 7.884 G_LPIPS: 50.176 D_real: 0.000 D_fake: 0.000 \n"}
,{"stream_name":"stdout","time":966.354293527,"data":"(epoch: 3, iters: 160, time: 0.111, data: 0.003) G_GAN: 7.957 G_LPIPS: 54.624 D_real: 0.000 D_fake: 0.000 \n"}
,{"stream_name":"stdout","time":966.354297744,"data":"(epoch: 3, iters: 180, time: 0.110, data: 0.003) G_GAN: 8.151 G_LPIPS: 52.735 D_real: 0.000 D_fake: 0.000 \n"}
,{"stream_name":"stdout","time":966.35430104,"data":"(epoch: 3, iters: 200, time: 0.111, data: 0.003) G_GAN: 7.443 G_LPIPS: 49.086 D_real: 0.000 D_fake: 0.001 \n"}
,{"stream_name":"stdout","time":966.354304713,"data":"(epoch: 3, iters: 220, time: 0.110, data: 0.003) G_GAN: 8.188 G_LPIPS: 51.899 D_real: 0.000 D_fake: 0.000 \n"}
,{"stream_name":"stdout","time":966.354308136,"data":"(epoch: 3, iters: 240, time: 0.111, data: 0.003) G_GAN: 7.684 G_LPIPS: 47.251 D_real: 0.001 D_fake: 0.001 \n"}
,{"stream_name":"stdout","time":966.354311866,"data":"(epoch: 3, iters: 260, time: 0.109, data: 0.003) G_GAN: 7.077 G_LPIPS: 46.049 D_real: 0.001 D_fake: 0.001 \n"}
,{"stream_name":"stdout","time":966.354315037,"data":"(epoch: 3, iters: 280, time: 0.111, data: 0.003) G_GAN: 8.045 G_LPIPS: 53.105 D_real: 0.000 D_fake: 0.000 \n"}
,{"stream_name":"stdout","time":966.354318238,"data":"(epoch: 3, iters: 300, time: 0.111, data: 0.003) G_GAN: 8.117 G_LPIPS: 52.937 D_real: 0.000 D_fake: 0.000 \n"}
,{"stream_name":"stdout","time":966.354322005,"data":"(epoch: 3, iters: 320, time: 0.111, data: 0.003) G_GAN: 7.934 G_LPIPS: 52.106 D_real: 0.000 D_fake: 0.000 \n"}
,{"stream_name":"stdout","time":966.35432569,"data":"(epoch: 3, iters: 340, time: 0.111, data: 0.003) G_GAN: 7.916 G_LPIPS: 53.412 D_real: 0.000 D_fake: 0.000 \n"}
,{"stream_name":"stdout","time":966.354328757,"data":"(epoch: 3, iters: 360, time: 0.111, data: 0.003) G_GAN: 7.917 G_LPIPS: 52.014 D_real: 0.000 D_fake: 0.000 \n"}
,{"stream_name":"stdout","time":966.354332023,"data":"(epoch: 3, iters: 380, time: 0.110, data: 0.003) G_GAN: 7.537 G_LPIPS: 51.913 D_real: 0.000 D_fake: 0.001 \n"}
,{"stream_name":"stdout","time":966.354337509,"data":"(epoch: 3, iters: 400, time: 0.110, data: 0.002) G_GAN: 7.852 G_LPIPS: 47.909 D_real: 0.000 D_fake: 0.000 \n"}
,{"stream_name":"stdout","time":966.354341094,"data":"(epoch: 3, iters: 420, time: 0.111, data: 0.003) G_GAN: 8.241 G_LPIPS: 56.142 D_real: 0.000 D_fake: 0.000 \n"}
,{"stream_name":"stdout","time":966.354344648,"data":"(epoch: 3, iters: 440, time: 0.110, data: 0.003) G_GAN: 8.036 G_LPIPS: 52.275 D_real: 0.000 D_fake: 0.000 \n"}
,{"stream_name":"stdout","time":966.354347712,"data":"(epoch: 3, iters: 460, time: 0.111, data: 0.003) G_GAN: 7.851 G_LPIPS: 55.288 D_real: 0.000 D_fake: 0.000 \n"}
,{"stream_name":"stdout","time":966.354351282,"data":"(epoch: 3, iters: 480, time: 0.110, data: 0.003) G_GAN: 8.033 G_LPIPS: 50.510 D_real: 0.001 D_fake: 0.000 \n"}
,{"stream_name":"stdout","time":966.354354783,"data":"(epoch: 3, iters: 500, time: 0.111, data: 0.003) G_GAN: 7.980 G_LPIPS: 46.184 D_real: 0.001 D_fake: 0.000 \n"}
,{"stream_name":"stdout","time":966.354358413,"data":"(epoch: 3, iters: 520, time: 0.110, data: 0.003) G_GAN: 8.004 G_LPIPS: 52.034 D_real: 0.000 D_fake: 0.000 \n"}
,{"stream_name":"stdout","time":966.35436211,"data":"(epoch: 3, iters: 540, time: 0.110, data: 0.003) G_GAN: 6.939 G_LPIPS: 47.568 D_real: 0.000 D_fake: 0.001 \n"}
,{"stream_name":"stdout","time":966.35436529,"data":"(epoch: 3, iters: 560, time: 0.110, data: 0.003) G_GAN: 7.736 G_LPIPS: 54.953 D_real: 0.000 D_fake: 0.000 \n"}
,{"stream_name":"stdout","time":966.354368695,"data":"(epoch: 3, iters: 580, time: 0.111, data: 0.003) G_GAN: 7.150 G_LPIPS: 51.471 D_real: 0.000 D_fake: 0.001 \n"}
,{"stream_name":"stdout","time":966.35437184,"data":"(epoch: 3, iters: 600, time: 0.110, data: 0.003) G_GAN: 6.711 G_LPIPS: 49.769 D_real: 0.000 D_fake: 0.002 \n"}
,{"stream_name":"stdout","time":966.354388418,"data":"(epoch: 3, iters: 620, time: 0.111, data: 0.003) G_GAN: 7.886 G_LPIPS: 54.896 D_real: 0.000 D_fake: 0.000 \n"}
,{"stream_name":"stdout","time":966.354392537,"data":"(epoch: 3, iters: 640, time: 0.111, data: 0.003) G_GAN: 8.132 G_LPIPS: 52.188 D_real: 0.000 D_fake: 0.000 \n"}
,{"stream_name":"stdout","time":966.354396376,"data":"(epoch: 3, iters: 660, time: 0.111, data: 0.003) G_GAN: 7.757 G_LPIPS: 50.554 D_real: 0.000 D_fake: 0.000 \n"}
,{"stream_name":"stdout","time":966.35440022,"data":"(epoch: 3, iters: 680, time: 0.111, data: 0.003) G_GAN: 6.965 G_LPIPS: 46.843 D_real: 0.000 D_fake: 0.001 \n"}
,{"stream_name":"stdout","time":966.354403786,"data":"(epoch: 3, iters: 700, time: 0.111, data: 0.003) G_GAN: 7.814 G_LPIPS: 49.641 D_real: 0.000 D_fake: 0.000 \n"}
,{"stream_name":"stdout","time":966.354407413,"data":"(epoch: 3, iters: 720, time: 0.111, data: 0.003) G_GAN: 7.372 G_LPIPS: 50.316 D_real: 0.000 D_fake: 0.001 \n"}
,{"stream_name":"stdout","time":966.354411027,"data":"(epoch: 3, iters: 740, time: 0.111, data: 0.003) G_GAN: 7.878 G_LPIPS: 51.322 D_real: 0.000 D_fake: 0.000 \n"}
,{"stream_name":"stdout","time":966.354414748,"data":"(epoch: 3, iters: 760, time: 0.111, data: 0.003) G_GAN: 8.040 G_LPIPS: 51.695 D_real: 0.000 D_fake: 0.000 \n"}
,{"stream_name":"stdout","time":966.35441915,"data":"(epoch: 3, iters: 780, time: 0.111, data: 0.003) G_GAN: 8.069 G_LPIPS: 53.135 D_real: 0.000 D_fake: 0.000 \n"}
,{"stream_name":"stdout","time":966.354423105,"data":"(epoch: 3, iters: 800, time: 0.111, data: 0.003) G_GAN: 7.945 G_LPIPS: 54.308 D_real: 0.000 D_fake: 0.000 \n"}
,{"stream_name":"stdout","time":966.354426784,"data":"(epoch: 3, iters: 820, time: 0.111, data: 0.003) G_GAN: 7.244 G_LPIPS: 46.666 D_real: 0.001 D_fake: 0.001 \n"}
,{"stream_name":"stdout","time":966.354430242,"data":"(epoch: 3, iters: 840, time: 0.124, data: 0.003) G_GAN: 7.632 G_LPIPS: 51.155 D_real: 0.000 D_fake: 0.001 \n"}
,{"stream_name":"stdout","time":966.354434294,"data":"(epoch: 3, iters: 860, time: 0.110, data: 0.003) G_GAN: 7.559 G_LPIPS: 52.184 D_real: 0.000 D_fake: 0.001 \n"}
,{"stream_name":"stdout","time":966.354437992,"data":"(epoch: 3, iters: 880, time: 0.111, data: 0.003) G_GAN: 6.884 G_LPIPS: 48.858 D_real: 0.000 D_fake: 0.001 \n"}
,{"stream_name":"stdout","time":966.354441397,"data":"(epoch: 3, iters: 900, time: 0.110, data: 0.003) G_GAN: 8.225 G_LPIPS: 50.241 D_real: 0.000 D_fake: 0.000 \n"}
,{"stream_name":"stdout","time":966.354444712,"data":"(epoch: 3, iters: 920, time: 0.111, data: 0.003) G_GAN: 7.836 G_LPIPS: 48.854 D_real: 0.000 D_fake: 0.000 \n"}
,{"stream_name":"stdout","time":966.354448472,"data":"(epoch: 3, iters: 940, time: 0.111, data: 0.003) G_GAN: 8.209 G_LPIPS: 49.305 D_real: 0.000 D_fake: 0.000 \n"}
,{"stream_name":"stdout","time":966.354452232,"data":"(epoch: 3, iters: 960, time: 0.111, data: 0.003) G_GAN: 6.709 G_LPIPS: 44.725 D_real: 0.001 D_fake: 0.002 \n"}
,{"stream_name":"stdout","time":966.354456317,"data":"(epoch: 3, iters: 980, time: 0.111, data: 0.003) G_GAN: 7.919 G_LPIPS: 50.908 D_real: 0.000 D_fake: 0.000 \n"}
,{"stream_name":"stdout","time":966.354459955,"data":"(epoch: 3, iters: 1000, time: 0.111, data: 0.003) G_GAN: 7.825 G_LPIPS: 50.590 D_real: 0.000 D_fake: 0.001 \n"}
,{"stream_name":"stdout","time":966.354463508,"data":"(epoch: 3, iters: 1020, time: 0.110, data: 0.003) G_GAN: 7.279 G_LPIPS: 49.271 D_real: 0.001 D_fake: 0.001 \n"}
,{"stream_name":"stdout","time":966.354467137,"data":"(epoch: 3, iters: 1040, time: 0.111, data: 0.003) G_GAN: 7.751 G_LPIPS: 48.713 D_real: 0.000 D_fake: 0.000 \n"}
,{"stream_name":"stdout","time":966.354470707,"data":"(epoch: 3, iters: 1060, time: 0.111, data: 0.003) G_GAN: 8.007 G_LPIPS: 51.966 D_real: 0.000 D_fake: 0.000 \n"}
,{"stream_name":"stdout","time":966.354477898,"data":"(epoch: 3, iters: 1080, time: 0.110, data: 0.003) G_GAN: 8.098 G_LPIPS: 54.450 D_real: 0.000 D_fake: 0.000 \n"}
,{"stream_name":"stdout","time":966.354483044,"data":"(epoch: 3, iters: 1100, time: 0.111, data: 0.003) G_GAN: 7.940 G_LPIPS: 52.769 D_real: 0.000 D_fake: 0.000 \n"}
,{"stream_name":"stdout","time":966.354489904,"data":"(epoch: 3, iters: 1120, time: 0.111, data: 0.003) G_GAN: 7.907 G_LPIPS: 53.099 D_real: 0.000 D_fake: 0.000 \n"}
,{"stream_name":"stdout","time":966.354492361,"data":"(epoch: 3, iters: 1140, time: 0.111, data: 0.003) G_GAN: 8.141 G_LPIPS: 51.489 D_real: 0.000 D_fake: 0.000 \n"}
,{"stream_name":"stdout","time":966.354495387,"data":"(epoch: 3, iters: 1160, time: 0.111, data: 0.003) G_GAN: 8.175 G_LPIPS: 51.045 D_real: 0.000 D_fake: 0.000 \n"}
,{"stream_name":"stdout","time":966.35449776,"data":"(epoch: 3, iters: 1180, time: 0.111, data: 0.003) G_GAN: 7.774 G_LPIPS: 46.653 D_real: 0.000 D_fake: 0.001 \n"}
,{"stream_name":"stdout","time":966.35450002,"data":"(epoch: 3, iters: 1200, time: 0.111, data: 0.003) G_GAN: 7.881 G_LPIPS: 47.666 D_real: 0.000 D_fake: 0.000 \n"}
,{"stream_name":"stdout","time":966.354502352,"data":"(epoch: 3, iters: 1220, time: 0.110, data: 0.003) G_GAN: 6.650 G_LPIPS: 48.033 D_real: 0.001 D_fake: 0.002 \n"}
,{"stream_name":"stdout","time":966.354504616,"data":"(epoch: 3, iters: 1240, time: 0.111, data: 0.003) G_GAN: 8.127 G_LPIPS: 49.957 D_real: 0.000 D_fake: 0.000 \n"}
,{"stream_name":"stdout","time":966.354506868,"data":"(epoch: 3, iters: 1260, time: 0.111, data: 0.003) G_GAN: 7.817 G_LPIPS: 52.594 D_real: 0.000 D_fake: 0.000 \n"}
,{"stream_name":"stdout","time":966.35450912,"data":"(epoch: 3, iters: 1280, time: 0.111, data: 0.003) G_GAN: 8.025 G_LPIPS: 51.587 D_real: 0.000 D_fake: 0.000 \n"}
,{"stream_name":"stdout","time":966.354511616,"data":"(epoch: 3, iters: 1300, time: 0.111, data: 0.003) G_GAN: 8.375 G_LPIPS: 50.989 D_real: 0.000 D_fake: 0.000 \n"}
,{"stream_name":"stdout","time":966.354513873,"data":"(epoch: 3, iters: 1320, time: 0.111, data: 0.003) G_GAN: 7.989 G_LPIPS: 52.153 D_real: 0.000 D_fake: 0.000 \n"}
,{"stream_name":"stdout","time":966.354516128,"data":"(epoch: 3, iters: 1340, time: 0.110, data: 0.003) G_GAN: 7.857 G_LPIPS: 50.743 D_real: 0.000 D_fake: 0.000 \n"}
,{"stream_name":"stdout","time":966.354518387,"data":"(epoch: 3, iters: 1360, time: 0.111, data: 0.003) G_GAN: 7.828 G_LPIPS: 47.096 D_real: 0.001 D_fake: 0.000 \n"}
,{"stream_name":"stdout","time":966.35452074,"data":"(epoch: 3, iters: 1380, time: 0.111, data: 0.003) G_GAN: 7.746 G_LPIPS: 48.209 D_real: 0.000 D_fake: 0.001 \n"}
,{"stream_name":"stdout","time":966.354522993,"data":"(epoch: 3, iters: 1400, time: 0.111, data: 0.003) G_GAN: 8.204 G_LPIPS: 50.637 D_real: 0.000 D_fake: 0.000 \n"}
,{"stream_name":"stdout","time":966.35452525,"data":"(epoch: 3, iters: 1420, time: 0.111, data: 0.003) G_GAN: 7.828 G_LPIPS: 54.084 D_real: 0.000 D_fake: 0.000 \n"}
,{"stream_name":"stdout","time":966.354527514,"data":"(epoch: 3, iters: 1440, time: 0.111, data: 0.003) G_GAN: 8.278 G_LPIPS: 45.827 D_real: 0.000 D_fake: 0.000 \n"}
,{"stream_name":"stdout","time":966.354529861,"data":"(epoch: 3, iters: 1460, time: 0.111, data: 0.003) G_GAN: 8.340 G_LPIPS: 51.143 D_real: 0.000 D_fake: 0.000 \n"}
,{"stream_name":"stdout","time":966.35453211,"data":"(epoch: 3, iters: 1480, time: 0.111, data: 0.003) G_GAN: 7.542 G_LPIPS: 51.118 D_real: 0.000 D_fake: 0.001 \n"}
,{"stream_name":"stdout","time":966.354534377,"data":"(epoch: 3, iters: 1500, time: 0.110, data: 0.003) G_GAN: 7.986 G_LPIPS: 50.178 D_real: 0.000 D_fake: 0.000 \n"}
,{"stream_name":"stdout","time":966.354536643,"data":"(epoch: 3, iters: 1520, time: 0.112, data: 0.003) G_GAN: 8.241 G_LPIPS: 48.829 D_real: 0.000 D_fake: 0.000 \n"}
,{"stream_name":"stdout","time":1076.971859846,"data":"(epoch: 3, iters: 1540, time: 0.111, data: 0.003) G_GAN: 7.724 G_LPIPS: 50.551 D_real: 0.000 D_fake: 0.001 \n"}
,{"stream_name":"stdout","time":1076.971904423,"data":"(epoch: 3, iters: 1560, time: 0.111, data: 0.003) G_GAN: 7.524 G_LPIPS: 48.281 D_real: 0.002 D_fake: 0.001 \n"}
,{"stream_name":"stdout","time":1076.971908791,"data":"(epoch: 3, iters: 1580, time: 0.111, data: 0.003) G_GAN: 8.221 G_LPIPS: 48.621 D_real: 0.000 D_fake: 0.000 \n"}
,{"stream_name":"stdout","time":1076.971912245,"data":"(epoch: 3, iters: 1600, time: 0.112, data: 0.003) G_GAN: 8.287 G_LPIPS: 48.334 D_real: 0.000 D_fake: 0.000 \n"}
,{"stream_name":"stdout","time":1076.971915386,"data":"(epoch: 3, iters: 1620, time: 0.111, data: 0.003) G_GAN: 7.840 G_LPIPS: 54.400 D_real: 0.000 D_fake: 0.001 \n"}
,{"stream_name":"stdout","time":1076.971918581,"data":"(epoch: 3, iters: 1640, time: 0.112, data: 0.003) G_GAN: 8.120 G_LPIPS: 51.632 D_real: 0.000 D_fake: 0.000 \n"}
,{"stream_name":"stdout","time":1076.97192165,"data":"(epoch: 3, iters: 1660, time: 0.111, data: 0.003) G_GAN: 8.184 G_LPIPS: 51.477 D_real: 0.000 D_fake: 0.000 \n"}
,{"stream_name":"stdout","time":1076.971924817,"data":"(epoch: 3, iters: 1680, time: 0.111, data: 0.003) G_GAN: 8.079 G_LPIPS: 49.061 D_real: 0.000 D_fake: 0.000 \n"}
,{"stream_name":"stdout","time":1076.971927849,"data":"(epoch: 3, iters: 1700, time: 0.112, data: 0.003) G_GAN: 8.428 G_LPIPS: 49.074 D_real: 0.001 D_fake: 0.000 \n"}
,{"stream_name":"stdout","time":1076.971930783,"data":"(epoch: 3, iters: 1720, time: 0.111, data: 0.003) G_GAN: 8.101 G_LPIPS: 46.402 D_real: 0.001 D_fake: 0.000 \n"}
,{"stream_name":"stdout","time":1076.971933804,"data":"(epoch: 3, iters: 1740, time: 0.112, data: 0.003) G_GAN: 8.222 G_LPIPS: 53.746 D_real: 0.000 D_fake: 0.000 \n"}
,{"stream_name":"stdout","time":1076.97193676,"data":"(epoch: 3, iters: 1760, time: 0.111, data: 0.003) G_GAN: 8.412 G_LPIPS: 51.234 D_real: 0.000 D_fake: 0.000 \n"}
,{"stream_name":"stdout","time":1076.971939768,"data":"(epoch: 3, iters: 1780, time: 0.112, data: 0.004) G_GAN: 8.266 G_LPIPS: 49.555 D_real: 0.000 D_fake: 0.000 \n"}
,{"stream_name":"stdout","time":1076.971942688,"data":"(epoch: 3, iters: 1800, time: 0.111, data: 0.003) G_GAN: 8.244 G_LPIPS: 55.802 D_real: 0.000 D_fake: 0.000 \n"}
,{"stream_name":"stdout","time":1076.971945685,"data":"(epoch: 3, iters: 1820, time: 0.111, data: 0.003) G_GAN: 8.235 G_LPIPS: 55.127 D_real: 0.000 D_fake: 0.000 \n"}
,{"stream_name":"stdout","time":1076.971948606,"data":"(epoch: 3, iters: 1840, time: 0.111, data: 0.003) G_GAN: 8.362 G_LPIPS: 50.581 D_real: 0.000 D_fake: 0.000 \n"}
,{"stream_name":"stdout","time":1076.971951506,"data":"(epoch: 3, iters: 1860, time: 0.111, data: 0.003) G_GAN: 8.312 G_LPIPS: 51.249 D_real: 0.000 D_fake: 0.000 \n"}
,{"stream_name":"stdout","time":1076.97195443,"data":"(epoch: 3, iters: 1880, time: 0.113, data: 0.003) G_GAN: 8.189 G_LPIPS: 52.679 D_real: 0.000 D_fake: 0.000 \n"}
,{"stream_name":"stdout","time":1076.971957333,"data":"(epoch: 3, iters: 1900, time: 0.112, data: 0.003) G_GAN: 8.321 G_LPIPS: 49.196 D_real: 0.001 D_fake: 0.000 \n"}
,{"stream_name":"stdout","time":1076.971961229,"data":"(epoch: 3, iters: 1920, time: 0.111, data: 0.003) G_GAN: 8.173 G_LPIPS: 49.048 D_real: 0.000 D_fake: 0.000 \n"}
,{"stream_name":"stdout","time":1076.971964233,"data":"(epoch: 3, iters: 1940, time: 0.111, data: 0.003) G_GAN: 8.269 G_LPIPS: 48.530 D_real: 0.000 D_fake: 0.000 \n"}
,{"stream_name":"stdout","time":1076.971967178,"data":"(epoch: 3, iters: 1960, time: 0.111, data: 0.003) G_GAN: 8.412 G_LPIPS: 51.698 D_real: 0.000 D_fake: 0.000 \n"}
,{"stream_name":"stdout","time":1076.971970087,"data":"(epoch: 3, iters: 1980, time: 0.111, data: 0.003) G_GAN: 7.917 G_LPIPS: 55.304 D_real: 0.000 D_fake: 0.000 \n"}
,{"stream_name":"stdout","time":1076.971985056,"data":"(epoch: 3, iters: 2000, time: 0.112, data: 0.003) G_GAN: 8.323 G_LPIPS: 51.389 D_real: 0.000 D_fake: 0.000 \n"}
,{"stream_name":"stdout","time":1076.971987552,"data":"(epoch: 3, iters: 2020, time: 0.111, data: 0.003) G_GAN: 8.323 G_LPIPS: 53.232 D_real: 0.000 D_fake: 0.000 \n"}
,{"stream_name":"stdout","time":1076.971989854,"data":"(epoch: 3, iters: 2040, time: 0.111, data: 0.004) G_GAN: 8.194 G_LPIPS: 55.324 D_real: 0.000 D_fake: 0.000 \n"}
,{"stream_name":"stdout","time":1076.97199211,"data":"(epoch: 3, iters: 2060, time: 0.112, data: 0.003) G_GAN: 8.428 G_LPIPS: 49.910 D_real: 0.000 D_fake: 0.000 \n"}
,{"stream_name":"stdout","time":1076.971994406,"data":"(epoch: 3, iters: 2080, time: 0.112, data: 0.003) G_GAN: 8.045 G_LPIPS: 52.868 D_real: 0.000 D_fake: 0.000 \n"}
,{"stream_name":"stdout","time":1076.971996791,"data":"(epoch: 3, iters: 2100, time: 0.112, data: 0.003) G_GAN: 7.714 G_LPIPS: 50.656 D_real: 0.000 D_fake: 0.001 \n"}
,{"stream_name":"stdout","time":1076.971999077,"data":"(epoch: 3, iters: 2120, time: 0.112, data: 0.003) G_GAN: 8.163 G_LPIPS: 53.216 D_real: 0.000 D_fake: 0.000 \n"}
,{"stream_name":"stdout","time":1076.972001364,"data":"(epoch: 3, iters: 2140, time: 0.112, data: 0.003) G_GAN: 8.289 G_LPIPS: 50.145 D_real: 0.000 D_fake: 0.000 \n"}
,{"stream_name":"stdout","time":1076.972003643,"data":"(epoch: 3, iters: 2160, time: 0.111, data: 0.003) G_GAN: 8.311 G_LPIPS: 49.880 D_real: 0.000 D_fake: 0.000 \n"}
,{"stream_name":"stdout","time":1076.972006448,"data":"(epoch: 3, iters: 2180, time: 0.161, data: 0.003) G_GAN: 8.303 G_LPIPS: 49.415 D_real: 0.000 D_fake: 0.000 \n"}
,{"stream_name":"stdout","time":1076.972008758,"data":"(epoch: 3, iters: 2200, time: 0.111, data: 0.003) G_GAN: 8.615 G_LPIPS: 52.295 D_real: 0.000 D_fake: 0.000 \n"}
,{"stream_name":"stdout","time":1076.972011119,"data":"(epoch: 3, iters: 2220, time: 0.112, data: 0.003) G_GAN: 8.454 G_LPIPS: 51.163 D_real: 0.000 D_fake: 0.000 \n"}
,{"stream_name":"stdout","time":1076.97201351,"data":"(epoch: 3, iters: 2240, time: 0.111, data: 0.003) G_GAN: 8.313 G_LPIPS: 51.076 D_real: 0.000 D_fake: 0.000 \n"}
,{"stream_name":"stdout","time":1076.972015798,"data":"(epoch: 3, iters: 2260, time: 0.111, data: 0.003) G_GAN: 8.314 G_LPIPS: 53.158 D_real: 0.000 D_fake: 0.000 \n"}
,{"stream_name":"stdout","time":1076.972018149,"data":"(epoch: 3, iters: 2280, time: 0.111, data: 0.003) G_GAN: 8.043 G_LPIPS: 45.071 D_real: 0.010 D_fake: 0.000 \n"}
,{"stream_name":"stdout","time":1076.972020688,"data":"(epoch: 3, iters: 2300, time: 0.112, data: 0.003) G_GAN: 8.265 G_LPIPS: 50.025 D_real: 0.000 D_fake: 0.000 \n"}
,{"stream_name":"stdout","time":1076.972023105,"data":"(epoch: 3, iters: 2320, time: 0.112, data: 0.003) G_GAN: 8.032 G_LPIPS: 49.788 D_real: 0.000 D_fake: 0.000 \n"}
,{"stream_name":"stdout","time":1076.972025406,"data":"(epoch: 3, iters: 2340, time: 0.111, data: 0.003) G_GAN: 8.134 G_LPIPS: 46.922 D_real: 0.000 D_fake: 0.000 \n"}
,{"stream_name":"stdout","time":1076.972027761,"data":"(epoch: 3, iters: 2360, time: 0.112, data: 0.003) G_GAN: 8.158 G_LPIPS: 47.274 D_real: 0.001 D_fake: 0.000 \n"}
,{"stream_name":"stdout","time":1076.972030052,"data":"(epoch: 3, iters: 2380, time: 0.112, data: 0.003) G_GAN: 8.462 G_LPIPS: 48.891 D_real: 0.000 D_fake: 0.000 \n"}
,{"stream_name":"stdout","time":1076.972032352,"data":"(epoch: 3, iters: 2400, time: 0.112, data: 0.003) G_GAN: 8.385 G_LPIPS: 53.467 D_real: 0.000 D_fake: 0.000 \n"}
,{"stream_name":"stdout","time":1076.972034637,"data":"(epoch: 3, iters: 2420, time: 0.112, data: 0.003) G_GAN: 7.542 G_LPIPS: 46.533 D_real: 0.000 D_fake: 0.001 \n"}
,{"stream_name":"stdout","time":1076.972037018,"data":"(epoch: 3, iters: 2440, time: 0.110, data: 0.003) G_GAN: 8.191 G_LPIPS: 51.623 D_real: 0.000 D_fake: 0.000 \n"}
,{"stream_name":"stdout","time":1076.972041441,"data":"(epoch: 3, iters: 2460, time: 0.112, data: 0.003) G_GAN: 8.167 G_LPIPS: 50.892 D_real: 0.000 D_fake: 0.000 \n"}
,{"stream_name":"stdout","time":1076.972043852,"data":"(epoch: 3, iters: 2480, time: 0.111, data: 0.003) G_GAN: 8.576 G_LPIPS: 46.660 D_real: 0.000 D_fake: 0.000 \n"}
,{"stream_name":"stdout","time":1076.972046137,"data":"(epoch: 3, iters: 2500, time: 0.112, data: 0.003) G_GAN: 7.545 G_LPIPS: 55.269 D_real: 0.000 D_fake: 0.001 \n"}
,{"stream_name":"stdout","time":1076.97204843,"data":"(epoch: 3, iters: 2520, time: 0.112, data: 0.003) G_GAN: 8.668 G_LPIPS: 53.079 D_real: 0.000 D_fake: 0.000 \n"}
,{"stream_name":"stdout","time":1076.972050723,"data":"(epoch: 3, iters: 2540, time: 0.113, data: 0.003) G_GAN: 8.405 G_LPIPS: 53.809 D_real: 0.000 D_fake: 0.000 \n"}
,{"stream_name":"stdout","time":1076.97205303,"data":"(epoch: 3, iters: 2560, time: 0.112, data: 0.003) G_GAN: 8.393 G_LPIPS: 47.432 D_real: 0.000 D_fake: 0.000 \n"}
,{"stream_name":"stdout","time":1076.972055318,"data":"(epoch: 3, iters: 2580, time: 0.112, data: 0.003) G_GAN: 8.125 G_LPIPS: 50.909 D_real: 0.000 D_fake: 0.000 \n"}
,{"stream_name":"stdout","time":1076.972057613,"data":"(epoch: 3, iters: 2600, time: 0.112, data: 0.003) G_GAN: 8.540 G_LPIPS: 49.555 D_real: 0.000 D_fake: 0.000 \n"}
,{"stream_name":"stdout","time":1076.972059916,"data":"(epoch: 3, iters: 2620, time: 0.112, data: 0.003) G_GAN: 8.133 G_LPIPS: 53.359 D_real: 0.000 D_fake: 0.000 \n"}
,{"stream_name":"stdout","time":1076.972062191,"data":"(epoch: 3, iters: 2640, time: 0.112, data: 0.003) G_GAN: 7.571 G_LPIPS: 49.165 D_real: 0.000 D_fake: 0.001 \n"}
,{"stream_name":"stdout","time":1076.972064485,"data":"(epoch: 3, iters: 2660, time: 0.112, data: 0.004) G_GAN: 6.219 G_LPIPS: 50.636 D_real: 0.000 D_fake: 0.004 \n"}
,{"stream_name":"stdout","time":1076.97206732,"data":"(epoch: 3, iters: 2680, time: 0.112, data: 0.003) G_GAN: 8.513 G_LPIPS: 52.832 D_real: 0.000 D_fake: 0.000 \n"}
,{"stream_name":"stdout","time":1076.972069715,"data":"(epoch: 3, iters: 2700, time: 0.112, data: 0.003) G_GAN: 8.563 G_LPIPS: 51.482 D_real: 0.000 D_fake: 0.000 \n"}
,{"stream_name":"stdout","time":1076.972072111,"data":"(epoch: 3, iters: 2720, time: 0.112, data: 0.003) G_GAN: 8.250 G_LPIPS: 45.261 D_real: 0.010 D_fake: 0.000 \n"}
,{"stream_name":"stdout","time":1076.972074388,"data":"(epoch: 3, iters: 2740, time: 0.112, data: 0.003) G_GAN: 8.108 G_LPIPS: 51.770 D_real: 0.000 D_fake: 0.000 \n"}
,{"stream_name":"stdout","time":1076.972076746,"data":"(epoch: 3, iters: 2760, time: 0.112, data: 0.003) G_GAN: 8.062 G_LPIPS: 50.574 D_real: 0.000 D_fake: 0.000 \n"}
,{"stream_name":"stdout","time":1076.972079024,"data":"(epoch: 3, iters: 2780, time: 0.113, data: 0.003) G_GAN: 8.313 G_LPIPS: 50.746 D_real: 0.000 D_fake: 0.000 \n"}
,{"stream_name":"stdout","time":1076.972081373,"data":"(epoch: 3, iters: 2800, time: 0.112, data: 0.003) G_GAN: 8.379 G_LPIPS: 51.586 D_real: 0.000 D_fake: 0.000 \n"}
,{"stream_name":"stdout","time":1076.972083653,"data":"(epoch: 3, iters: 2820, time: 0.112, data: 0.003) G_GAN: 8.271 G_LPIPS: 47.409 D_real: 0.002 D_fake: 0.000 \n"}
,{"stream_name":"stdout","time":1076.972085918,"data":"(epoch: 3, iters: 2840, time: 0.125, data: 0.003) G_GAN: 8.188 G_LPIPS: 55.761 D_real: 0.000 D_fake: 0.000 \n"}
,{"stream_name":"stdout","time":1076.972122705,"data":"(epoch: 3, iters: 2860, time: 0.112, data: 0.003) G_GAN: 8.306 G_LPIPS: 55.349 D_real: 0.000 D_fake: 0.000 \n"}
,{"stream_name":"stdout","time":1076.972127157,"data":"(epoch: 3, iters: 2880, time: 0.112, data: 0.003) G_GAN: 7.701 G_LPIPS: 45.245 D_real: 0.001 D_fake: 0.001 \n"}
,{"stream_name":"stdout","time":1076.972133423,"data":"(epoch: 3, iters: 2900, time: 0.111, data: 0.003) G_GAN: 8.023 G_LPIPS: 49.826 D_real: 0.000 D_fake: 0.000 \n"}
,{"stream_name":"stdout","time":1076.972139467,"data":"(epoch: 3, iters: 2920, time: 0.112, data: 0.003) G_GAN: 8.203 G_LPIPS: 50.368 D_real: 0.000 D_fake: 0.000 \n"}
,{"stream_name":"stdout","time":1076.972141914,"data":"(epoch: 3, iters: 2940, time: 0.112, data: 0.003) G_GAN: 8.291 G_LPIPS: 49.411 D_real: 0.000 D_fake: 0.000 \n"}
,{"stream_name":"stdout","time":1076.972144273,"data":"(epoch: 3, iters: 2960, time: 0.112, data: 0.003) G_GAN: 8.356 G_LPIPS: 51.133 D_real: 0.000 D_fake: 0.000 \n"}
,{"stream_name":"stdout","time":1076.972146526,"data":"(epoch: 3, iters: 2980, time: 0.112, data: 0.003) G_GAN: 8.157 G_LPIPS: 50.072 D_real: 0.000 D_fake: 0.000 \n"}
,{"stream_name":"stdout","time":1076.972148788,"data":"(epoch: 3, iters: 3000, time: 0.111, data: 0.004) G_GAN: 7.962 G_LPIPS: 51.996 D_real: 0.000 D_fake: 0.000 \n"}
,{"stream_name":"stdout","time":1076.972151139,"data":"(epoch: 3, iters: 3020, time: 0.112, data: 0.003) G_GAN: 8.348 G_LPIPS: 53.029 D_real: 0.000 D_fake: 0.000 \n"}
,{"stream_name":"stdout","time":1076.972153426,"data":"(epoch: 3, iters: 3040, time: 0.113, data: 0.003) G_GAN: 8.638 G_LPIPS: 52.229 D_real: 0.000 D_fake: 0.000 \n"}
,{"stream_name":"stdout","time":1190.61320065,"data":"(epoch: 3, iters: 3060, time: 0.113, data: 0.003) G_GAN: 8.069 G_LPIPS: 50.513 D_real: 0.000 D_fake: 0.000 \n"}
,{"stream_name":"stdout","time":1190.613248721,"data":"(epoch: 3, iters: 3080, time: 0.112, data: 0.003) G_GAN: 8.044 G_LPIPS: 52.200 D_real: 0.000 D_fake: 0.000 \n"}
,{"stream_name":"stdout","time":1190.613253891,"data":"(epoch: 3, iters: 3100, time: 0.112, data: 0.003) G_GAN: 8.449 G_LPIPS: 49.966 D_real: 0.000 D_fake: 0.000 \n"}
,{"stream_name":"stdout","time":1190.613257213,"data":"(epoch: 3, iters: 3120, time: 0.113, data: 0.003) G_GAN: 6.635 G_LPIPS: 48.135 D_real: 0.000 D_fake: 0.002 \n"}
,{"stream_name":"stdout","time":1190.613260358,"data":"(epoch: 3, iters: 3140, time: 0.113, data: 0.003) G_GAN: 8.070 G_LPIPS: 51.638 D_real: 0.000 D_fake: 0.000 \n"}
,{"stream_name":"stdout","time":1190.613263535,"data":"(epoch: 3, iters: 3160, time: 0.112, data: 0.003) G_GAN: 8.234 G_LPIPS: 48.270 D_real: 0.000 D_fake: 0.000 \n"}
,{"stream_name":"stdout","time":1190.613266877,"data":"(epoch: 3, iters: 3180, time: 0.113, data: 0.003) G_GAN: 8.805 G_LPIPS: 49.781 D_real: 0.000 D_fake: 0.000 \n"}
,{"stream_name":"stdout","time":1190.613269852,"data":"(epoch: 3, iters: 3200, time: 0.112, data: 0.003) G_GAN: 8.235 G_LPIPS: 51.504 D_real: 0.000 D_fake: 0.000 \n"}
,{"stream_name":"stdout","time":1190.613272882,"data":"(epoch: 3, iters: 3220, time: 0.112, data: 0.003) G_GAN: 8.390 G_LPIPS: 50.666 D_real: 0.000 D_fake: 0.000 \n"}
,{"stream_name":"stdout","time":1190.613275795,"data":"(epoch: 3, iters: 3240, time: 0.112, data: 0.003) G_GAN: 8.156 G_LPIPS: 49.489 D_real: 0.000 D_fake: 0.000 \n"}
,{"stream_name":"stdout","time":1190.613278732,"data":"(epoch: 3, iters: 3260, time: 0.112, data: 0.003) G_GAN: 8.381 G_LPIPS: 54.100 D_real: 0.000 D_fake: 0.000 \n"}
,{"stream_name":"stdout","time":1190.613281719,"data":"(epoch: 3, iters: 3280, time: 0.112, data: 0.003) G_GAN: 8.805 G_LPIPS: 52.828 D_real: 0.000 D_fake: 0.000 \n"}
,{"stream_name":"stdout","time":1190.613284648,"data":"(epoch: 3, iters: 3300, time: 0.113, data: 0.003) G_GAN: 8.615 G_LPIPS: 51.102 D_real: 0.000 D_fake: 0.000 \n"}
,{"stream_name":"stdout","time":1190.613287558,"data":"(epoch: 3, iters: 3320, time: 0.112, data: 0.003) G_GAN: 8.338 G_LPIPS: 50.600 D_real: 0.000 D_fake: 0.000 \n"}
,{"stream_name":"stdout","time":1190.613290589,"data":"(epoch: 3, iters: 3340, time: 0.112, data: 0.003) G_GAN: 8.335 G_LPIPS: 51.696 D_real: 0.000 D_fake: 0.000 \n"}
,{"stream_name":"stdout","time":1190.613293515,"data":"(epoch: 3, iters: 3360, time: 0.112, data: 0.003) G_GAN: 8.627 G_LPIPS: 49.520 D_real: 0.000 D_fake: 0.000 \n"}
,{"stream_name":"stdout","time":1190.613307646,"data":"(epoch: 3, iters: 3380, time: 0.112, data: 0.004) G_GAN: 8.722 G_LPIPS: 52.450 D_real: 0.000 D_fake: 0.000 \n"}
,{"stream_name":"stdout","time":1190.613310176,"data":"(epoch: 3, iters: 3400, time: 0.112, data: 0.003) G_GAN: 8.827 G_LPIPS: 51.719 D_real: 0.000 D_fake: 0.000 \n"}
,{"stream_name":"stdout","time":1190.613312544,"data":"(epoch: 3, iters: 3420, time: 0.113, data: 0.003) G_GAN: 8.514 G_LPIPS: 49.999 D_real: 0.000 D_fake: 0.000 \n"}
,{"stream_name":"stdout","time":1190.613315843,"data":"(epoch: 3, iters: 3440, time: 0.113, data: 0.003) G_GAN: 8.664 G_LPIPS: 48.898 D_real: 0.000 D_fake: 0.000 \n"}
,{"stream_name":"stdout","time":1190.613318199,"data":"(epoch: 3, iters: 3460, time: 0.114, data: 0.003) G_GAN: 8.564 G_LPIPS: 51.266 D_real: 0.000 D_fake: 0.000 \n"}
,{"stream_name":"stdout","time":1190.613320473,"data":"(epoch: 3, iters: 3480, time: 0.112, data: 0.003) G_GAN: 8.714 G_LPIPS: 51.487 D_real: 0.000 D_fake: 0.000 \n"}
,{"stream_name":"stdout","time":1190.613322908,"data":"(epoch: 3, iters: 3500, time: 0.113, data: 0.003) G_GAN: 8.502 G_LPIPS: 48.151 D_real: 0.000 D_fake: 0.000 \n"}
,{"stream_name":"stdout","time":1190.613325186,"data":"(epoch: 3, iters: 3520, time: 0.112, data: 0.003) G_GAN: 8.856 G_LPIPS: 55.055 D_real: 0.000 D_fake: 0.000 \n"}
,{"stream_name":"stdout","time":1190.613327452,"data":"(epoch: 3, iters: 3540, time: 0.113, data: 0.003) G_GAN: 8.267 G_LPIPS: 52.571 D_real: 0.000 D_fake: 0.000 \n"}
,{"stream_name":"stdout","time":1190.613329715,"data":"(epoch: 3, iters: 3560, time: 0.113, data: 0.003) G_GAN: 8.397 G_LPIPS: 50.783 D_real: 0.000 D_fake: 0.000 \n"}
,{"stream_name":"stdout","time":1190.613332052,"data":"(epoch: 3, iters: 3580, time: 0.111, data: 0.004) G_GAN: 8.575 G_LPIPS: 49.703 D_real: 0.000 D_fake: 0.000 \n"}
,{"stream_name":"stdout","time":1190.613334318,"data":"(epoch: 3, iters: 3600, time: 0.113, data: 0.003) G_GAN: 8.573 G_LPIPS: 53.358 D_real: 0.000 D_fake: 0.000 \n"}
,{"stream_name":"stdout","time":1190.613336562,"data":"(epoch: 3, iters: 3620, time: 0.113, data: 0.003) G_GAN: 8.309 G_LPIPS: 49.971 D_real: 0.001 D_fake: 0.000 \n"}
,{"stream_name":"stdout","time":1190.613338805,"data":"(epoch: 3, iters: 3640, time: 0.112, data: 0.003) G_GAN: 8.512 G_LPIPS: 53.541 D_real: 0.000 D_fake: 0.000 \n"}
,{"stream_name":"stdout","time":1190.613341172,"data":"(epoch: 3, iters: 3660, time: 0.116, data: 0.003) G_GAN: 8.333 G_LPIPS: 50.463 D_real: 0.000 D_fake: 0.000 \n"}
,{"stream_name":"stdout","time":1190.613343432,"data":"(epoch: 3, iters: 3680, time: 0.113, data: 0.003) G_GAN: 8.556 G_LPIPS: 50.800 D_real: 0.000 D_fake: 0.000 \n"}
,{"stream_name":"stdout","time":1190.613345665,"data":"(epoch: 3, iters: 3700, time: 0.112, data: 0.003) G_GAN: 8.824 G_LPIPS: 50.402 D_real: 0.000 D_fake: 0.000 \n"}
,{"stream_name":"stdout","time":1190.613347925,"data":"(epoch: 3, iters: 3720, time: 0.112, data: 0.003) G_GAN: 8.534 G_LPIPS: 51.818 D_real: 0.000 D_fake: 0.000 \n"}
,{"stream_name":"stdout","time":1190.613350268,"data":"(epoch: 3, iters: 3740, time: 0.113, data: 0.004) G_GAN: 8.733 G_LPIPS: 50.031 D_real: 0.000 D_fake: 0.000 \n"}
,{"stream_name":"stdout","time":1190.613352523,"data":"(epoch: 3, iters: 3760, time: 0.113, data: 0.003) G_GAN: 8.838 G_LPIPS: 53.317 D_real: 0.000 D_fake: 0.000 \n"}
,{"stream_name":"stdout","time":1190.613354777,"data":"(epoch: 3, iters: 3780, time: 0.112, data: 0.003) G_GAN: 8.462 G_LPIPS: 51.414 D_real: 0.000 D_fake: 0.000 \n"}
,{"stream_name":"stdout","time":1190.613357022,"data":"(epoch: 3, iters: 3800, time: 0.112, data: 0.003) G_GAN: 8.738 G_LPIPS: 50.464 D_real: 0.000 D_fake: 0.000 \n"}
,{"stream_name":"stdout","time":1190.613359527,"data":"(epoch: 3, iters: 3820, time: 0.113, data: 0.004) G_GAN: 8.609 G_LPIPS: 52.210 D_real: 0.000 D_fake: 0.000 \n"}
,{"stream_name":"stdout","time":1190.613364083,"data":"(epoch: 3, iters: 3840, time: 0.113, data: 0.002) G_GAN: 8.676 G_LPIPS: 49.709 D_real: 0.000 D_fake: 0.000 \n"}
,{"stream_name":"stdout","time":1190.61336652,"data":"saving the latest model (epoch 3, total_iters 15000)\n"}
,{"stream_name":"stdout","time":1190.613368757,"data":"(epoch: 3, iters: 3860, time: 0.113, data: 0.003) G_GAN: 8.640 G_LPIPS: 53.003 D_real: 0.000 D_fake: 0.000 \n"}
,{"stream_name":"stdout","time":1190.613371039,"data":"(epoch: 3, iters: 3880, time: 0.112, data: 0.004) G_GAN: 8.762 G_LPIPS: 51.388 D_real: 0.000 D_fake: 0.000 \n"}
,{"stream_name":"stdout","time":1190.613373303,"data":"(epoch: 3, iters: 3900, time: 0.113, data: 0.003) G_GAN: 7.713 G_LPIPS: 51.501 D_real: 0.000 D_fake: 0.001 \n"}
,{"stream_name":"stdout","time":1190.613375566,"data":"(epoch: 3, iters: 3920, time: 0.113, data: 0.003) G_GAN: 8.764 G_LPIPS: 52.028 D_real: 0.000 D_fake: 0.000 \n"}
,{"stream_name":"stdout","time":1190.613377823,"data":"(epoch: 3, iters: 3940, time: 0.113, data: 0.003) G_GAN: 7.161 G_LPIPS: 46.523 D_real: 0.000 D_fake: 0.001 \n"}
,{"stream_name":"stdout","time":1190.613380105,"data":"(epoch: 3, iters: 3960, time: 0.113, data: 0.003) G_GAN: 8.783 G_LPIPS: 49.597 D_real: 0.000 D_fake: 0.000 \n"}
,{"stream_name":"stdout","time":1190.613382375,"data":"(epoch: 3, iters: 3980, time: 0.113, data: 0.003) G_GAN: 8.661 G_LPIPS: 50.155 D_real: 0.000 D_fake: 0.000 \n"}
,{"stream_name":"stdout","time":1190.613384638,"data":"(epoch: 3, iters: 4000, time: 0.113, data: 0.003) G_GAN: 7.608 G_LPIPS: 43.870 D_real: 0.001 D_fake: 0.001 \n"}
,{"stream_name":"stdout","time":1190.613386903,"data":"(epoch: 3, iters: 4020, time: 0.112, data: 0.003) G_GAN: 8.659 G_LPIPS: 51.686 D_real: 0.000 D_fake: 0.000 \n"}
,{"stream_name":"stdout","time":1190.613389165,"data":"(epoch: 3, iters: 4040, time: 0.113, data: 0.003) G_GAN: 8.930 G_LPIPS: 54.040 D_real: 0.000 D_fake: 0.000 \n"}
,{"stream_name":"stdout","time":1190.613391427,"data":"(epoch: 3, iters: 4060, time: 0.113, data: 0.003) G_GAN: 8.779 G_LPIPS: 49.383 D_real: 0.000 D_fake: 0.000 \n"}
,{"stream_name":"stdout","time":1190.613393704,"data":"(epoch: 3, iters: 4080, time: 0.113, data: 0.003) G_GAN: 8.697 G_LPIPS: 51.839 D_real: 0.000 D_fake: 0.000 \n"}
,{"stream_name":"stdout","time":1190.613410425,"data":"(epoch: 3, iters: 4100, time: 0.113, data: 0.003) G_GAN: 8.575 G_LPIPS: 47.417 D_real: 0.001 D_fake: 0.000 \n"}
,{"stream_name":"stdout","time":1190.61341471,"data":"(epoch: 3, iters: 4120, time: 0.113, data: 0.003) G_GAN: 8.795 G_LPIPS: 53.197 D_real: 0.000 D_fake: 0.000 \n"}
,{"stream_name":"stdout","time":1190.613418775,"data":"(epoch: 3, iters: 4140, time: 0.113, data: 0.003) G_GAN: 8.378 G_LPIPS: 52.645 D_real: 0.000 D_fake: 0.000 \n"}
,{"stream_name":"stdout","time":1190.613422295,"data":"(epoch: 3, iters: 4160, time: 0.113, data: 0.003) G_GAN: 8.364 G_LPIPS: 52.508 D_real: 0.000 D_fake: 0.000 \n"}
,{"stream_name":"stdout","time":1190.61342618,"data":"(epoch: 3, iters: 4180, time: 0.113, data: 0.003) G_GAN: 8.674 G_LPIPS: 48.964 D_real: 0.000 D_fake: 0.000 \n"}
,{"stream_name":"stdout","time":1190.613431207,"data":"(epoch: 3, iters: 4200, time: 0.113, data: 0.003) G_GAN: 8.722 G_LPIPS: 49.784 D_real: 0.000 D_fake: 0.000 \n"}
,{"stream_name":"stdout","time":1190.613435389,"data":"(epoch: 3, iters: 4220, time: 0.114, data: 0.003) G_GAN: 8.465 G_LPIPS: 49.609 D_real: 0.000 D_fake: 0.000 \n"}
,{"stream_name":"stdout","time":1190.61343928,"data":"(epoch: 3, iters: 4240, time: 0.113, data: 0.003) G_GAN: 8.575 G_LPIPS: 47.899 D_real: 0.000 D_fake: 0.000 \n"}
,{"stream_name":"stdout","time":1190.613442905,"data":"(epoch: 3, iters: 4260, time: 0.113, data: 0.003) G_GAN: 8.442 G_LPIPS: 50.452 D_real: 0.000 D_fake: 0.000 \n"}
,{"stream_name":"stdout","time":1190.61345001,"data":"(epoch: 3, iters: 4280, time: 0.113, data: 0.003) G_GAN: 8.644 G_LPIPS: 54.541 D_real: 0.000 D_fake: 0.000 \n"}
,{"stream_name":"stdout","time":1190.613453592,"data":"(epoch: 3, iters: 4300, time: 0.113, data: 0.003) G_GAN: 8.516 G_LPIPS: 52.386 D_real: 0.000 D_fake: 0.000 \n"}
,{"stream_name":"stdout","time":1190.613457037,"data":"(epoch: 3, iters: 4320, time: 0.112, data: 0.003) G_GAN: 8.497 G_LPIPS: 53.582 D_real: 0.000 D_fake: 0.000 \n"}
,{"stream_name":"stdout","time":1190.613460503,"data":"(epoch: 3, iters: 4340, time: 0.113, data: 0.003) G_GAN: 8.676 G_LPIPS: 51.699 D_real: 0.000 D_fake: 0.000 \n"}
,{"stream_name":"stdout","time":1190.613463924,"data":"(epoch: 3, iters: 4360, time: 0.113, data: 0.003) G_GAN: 8.461 G_LPIPS: 53.223 D_real: 0.000 D_fake: 0.000 \n"}
,{"stream_name":"stdout","time":1190.613467383,"data":"(epoch: 3, iters: 4380, time: 0.113, data: 0.003) G_GAN: 8.562 G_LPIPS: 49.523 D_real: 0.000 D_fake: 0.000 \n"}
,{"stream_name":"stdout","time":1190.61347081,"data":"(epoch: 3, iters: 4400, time: 0.113, data: 0.003) G_GAN: 8.703 G_LPIPS: 50.602 D_real: 0.000 D_fake: 0.000 \n"}
,{"stream_name":"stdout","time":1190.61347428,"data":"(epoch: 3, iters: 4420, time: 0.113, data: 0.003) G_GAN: 8.630 G_LPIPS: 52.859 D_real: 0.000 D_fake: 0.000 \n"}
,{"stream_name":"stdout","time":1190.613477801,"data":"(epoch: 3, iters: 4440, time: 0.113, data: 0.003) G_GAN: 8.752 G_LPIPS: 55.168 D_real: 0.000 D_fake: 0.000 \n"}
,{"stream_name":"stdout","time":1190.613482952,"data":"(epoch: 3, iters: 4460, time: 0.113, data: 0.003) G_GAN: 7.765 G_LPIPS: 49.622 D_real: 0.000 D_fake: 0.001 \n"}
,{"stream_name":"stdout","time":1190.613489711,"data":"(epoch: 3, iters: 4480, time: 0.113, data: 0.003) G_GAN: 8.112 G_LPIPS: 51.252 D_real: 0.000 D_fake: 0.000 \n"}
,{"stream_name":"stdout","time":1190.613492177,"data":"(epoch: 3, iters: 4500, time: 0.113, data: 0.003) G_GAN: 8.059 G_LPIPS: 50.603 D_real: 0.000 D_fake: 0.000 \n"}
,{"stream_name":"stdout","time":1190.613494467,"data":"(epoch: 3, iters: 4520, time: 0.114, data: 0.003) G_GAN: 8.681 G_LPIPS: 51.350 D_real: 0.000 D_fake: 0.000 \n"}
,{"stream_name":"stdout","time":1190.613496743,"data":"(epoch: 3, iters: 4540, time: 0.112, data: 0.003) G_GAN: 8.717 G_LPIPS: 48.467 D_real: 0.000 D_fake: 0.000 \n"}
,{"stream_name":"stdout","time":1190.61349985,"data":"(epoch: 3, iters: 4560, time: 0.113, data: 0.003) G_GAN: 8.634 G_LPIPS: 50.472 D_real: 0.000 D_fake: 0.000 \n"}
,{"stream_name":"stdout","time":1266.698143627,"data":"(epoch: 3, iters: 4580, time: 0.113, data: 0.003) G_GAN: 8.862 G_LPIPS: 51.309 D_real: 0.000 D_fake: 0.000 \n"}
,{"stream_name":"stdout","time":1266.698188989,"data":"(epoch: 3, iters: 4600, time: 0.114, data: 0.003) G_GAN: 8.205 G_LPIPS: 47.072 D_real: 0.000 D_fake: 0.000 \n"}
,{"stream_name":"stdout","time":1266.698195111,"data":"(epoch: 3, iters: 4620, time: 0.114, data: 0.003) G_GAN: 8.744 G_LPIPS: 49.710 D_real: 0.000 D_fake: 0.000 \n"}
,{"stream_name":"stdout","time":1266.698200105,"data":"(epoch: 3, iters: 4640, time: 0.114, data: 0.003) G_GAN: 8.649 G_LPIPS: 47.155 D_real: 0.000 D_fake: 0.000 \n"}
,{"stream_name":"stdout","time":1266.69820498,"data":"(epoch: 3, iters: 4660, time: 0.114, data: 0.003) G_GAN: 8.532 G_LPIPS: 50.981 D_real: 0.000 D_fake: 0.000 \n"}
,{"stream_name":"stdout","time":1266.69821006,"data":"(epoch: 3, iters: 4680, time: 0.113, data: 0.003) G_GAN: 8.551 G_LPIPS: 46.947 D_real: 0.000 D_fake: 0.000 \n"}
,{"stream_name":"stdout","time":1266.698214852,"data":"(epoch: 3, iters: 4700, time: 0.113, data: 0.003) G_GAN: 8.362 G_LPIPS: 53.322 D_real: 0.000 D_fake: 0.000 \n"}
,{"stream_name":"stdout","time":1266.698219724,"data":"(epoch: 3, iters: 4720, time: 0.113, data: 0.003) G_GAN: 8.411 G_LPIPS: 48.871 D_real: 0.000 D_fake: 0.000 \n"}
,{"stream_name":"stdout","time":1266.698232246,"data":"(epoch: 3, iters: 4740, time: 0.113, data: 0.003) G_GAN: 8.585 G_LPIPS: 52.382 D_real: 0.000 D_fake: 0.000 \n"}
,{"stream_name":"stdout","time":1266.698236238,"data":"(epoch: 3, iters: 4760, time: 0.114, data: 0.003) G_GAN: 8.418 G_LPIPS: 48.936 D_real: 0.000 D_fake: 0.000 \n"}
,{"stream_name":"stdout","time":1266.698239956,"data":"(epoch: 3, iters: 4780, time: 0.113, data: 0.003) G_GAN: 7.886 G_LPIPS: 49.518 D_real: 0.000 D_fake: 0.000 \n"}
,{"stream_name":"stdout","time":1266.69824402,"data":"(epoch: 3, iters: 4800, time: 0.113, data: 0.003) G_GAN: 7.701 G_LPIPS: 50.129 D_real: 0.000 D_fake: 0.001 \n"}
,{"stream_name":"stdout","time":1266.698247786,"data":"(epoch: 3, iters: 4820, time: 0.114, data: 0.003) G_GAN: 8.736 G_LPIPS: 52.343 D_real: 0.000 D_fake: 0.000 \n"}
,{"stream_name":"stdout","time":1266.698251583,"data":"(epoch: 3, iters: 4840, time: 0.126, data: 0.003) G_GAN: 8.703 G_LPIPS: 51.379 D_real: 0.000 D_fake: 0.000 \n"}
,{"stream_name":"stdout","time":1266.69825523,"data":"(epoch: 3, iters: 4860, time: 0.114, data: 0.003) G_GAN: 8.596 G_LPIPS: 45.793 D_real: 0.000 D_fake: 0.000 \n"}
,{"stream_name":"stdout","time":1266.698258949,"data":"(epoch: 3, iters: 4880, time: 0.113, data: 0.003) G_GAN: 8.600 G_LPIPS: 50.928 D_real: 0.000 D_fake: 0.000 \n"}
,{"stream_name":"stdout","time":1266.698262518,"data":"(epoch: 3, iters: 4900, time: 0.113, data: 0.003) G_GAN: 8.285 G_LPIPS: 48.449 D_real: 0.000 D_fake: 0.000 \n"}
,{"stream_name":"stdout","time":1266.69826617,"data":"(epoch: 3, iters: 4920, time: 0.113, data: 0.003) G_GAN: 8.548 G_LPIPS: 48.404 D_real: 0.000 D_fake: 0.000 \n"}
,{"stream_name":"stdout","time":1266.698270026,"data":"(epoch: 3, iters: 4940, time: 0.113, data: 0.003) G_GAN: 8.541 G_LPIPS: 49.332 D_real: 0.000 D_fake: 0.000 \n"}
,{"stream_name":"stdout","time":1266.698274738,"data":"(epoch: 3, iters: 4960, time: 0.113, data: 0.003) G_GAN: 8.966 G_LPIPS: 47.220 D_real: 0.001 D_fake: 0.000 \n"}
,{"stream_name":"stdout","time":1266.698278802,"data":"(epoch: 3, iters: 4980, time: 0.113, data: 0.003) G_GAN: 8.725 G_LPIPS: 51.722 D_real: 0.000 D_fake: 0.000 \n"}
,{"stream_name":"stdout","time":1266.698282525,"data":"(epoch: 3, iters: 5000, time: 0.114, data: 0.003) G_GAN: 8.779 G_LPIPS: 48.625 D_real: 0.000 D_fake: 0.000 \n"}
,{"stream_name":"stdout","time":1266.698286317,"data":"(epoch: 3, iters: 5020, time: 0.113, data: 0.003) G_GAN: 8.915 G_LPIPS: 49.852 D_real: 0.000 D_fake: 0.000 \n"}
,{"stream_name":"stdout","time":1266.698290367,"data":"(epoch: 3, iters: 5040, time: 0.114, data: 0.003) G_GAN: 8.876 G_LPIPS: 51.967 D_real: 0.000 D_fake: 0.000 \n"}
,{"stream_name":"stdout","time":1266.698294435,"data":"(epoch: 3, iters: 5060, time: 0.114, data: 0.003) G_GAN: 8.887 G_LPIPS: 51.956 D_real: 0.000 D_fake: 0.000 \n"}
,{"stream_name":"stdout","time":1266.698298501,"data":"(epoch: 3, iters: 5080, time: 0.114, data: 0.003) G_GAN: 8.616 G_LPIPS: 50.722 D_real: 0.000 D_fake: 0.000 \n"}
,{"stream_name":"stdout","time":1266.698302455,"data":"(epoch: 3, iters: 5100, time: 0.112, data: 0.003) G_GAN: 8.649 G_LPIPS: 48.604 D_real: 0.000 D_fake: 0.000 \n"}
,{"stream_name":"stdout","time":1266.698306465,"data":"(epoch: 3, iters: 5120, time: 0.114, data: 0.003) G_GAN: 8.478 G_LPIPS: 48.482 D_real: 0.000 D_fake: 0.000 \n"}
,{"stream_name":"stdout","time":1266.6983105,"data":"(epoch: 3, iters: 5140, time: 0.113, data: 0.003) G_GAN: 8.708 G_LPIPS: 49.219 D_real: 0.000 D_fake: 0.000 \n"}
,{"stream_name":"stdout","time":1266.698314699,"data":"(epoch: 3, iters: 5160, time: 0.113, data: 0.003) G_GAN: 8.035 G_LPIPS: 54.363 D_real: 0.000 D_fake: 0.000 \n"}
,{"stream_name":"stdout","time":1266.698318759,"data":"(epoch: 3, iters: 5180, time: 0.114, data: 0.003) G_GAN: 8.793 G_LPIPS: 53.718 D_real: 0.000 D_fake: 0.000 \n"}
,{"stream_name":"stdout","time":1266.698330635,"data":"(epoch: 3, iters: 5200, time: 0.114, data: 0.003) G_GAN: 8.533 G_LPIPS: 50.032 D_real: 0.000 D_fake: 0.000 \n"}
,{"stream_name":"stdout","time":1266.698334583,"data":"(epoch: 3, iters: 5220, time: 0.113, data: 0.003) G_GAN: 8.830 G_LPIPS: 52.810 D_real: 0.000 D_fake: 0.000 \n"}
,{"stream_name":"stdout","time":1266.698338549,"data":"(epoch: 3, iters: 5240, time: 0.114, data: 0.003) G_GAN: 8.775 G_LPIPS: 50.211 D_real: 0.000 D_fake: 0.000 \n"}
,{"stream_name":"stdout","time":1266.698342619,"data":"(epoch: 3, iters: 5260, time: 0.114, data: 0.003) G_GAN: 8.617 G_LPIPS: 51.381 D_real: 0.000 D_fake: 0.000 \n"}
,{"stream_name":"stdout","time":1266.698346494,"data":"(epoch: 3, iters: 5280, time: 0.114, data: 0.003) G_GAN: 8.852 G_LPIPS: 51.997 D_real: 0.000 D_fake: 0.000 \n"}
,{"stream_name":"stdout","time":1266.69835054,"data":"(epoch: 3, iters: 5300, time: 0.114, data: 0.003) G_GAN: 8.038 G_LPIPS: 51.352 D_real: 0.000 D_fake: 0.000 \n"}
,{"stream_name":"stdout","time":1266.698354568,"data":"(epoch: 3, iters: 5320, time: 0.113, data: 0.003) G_GAN: 8.645 G_LPIPS: 49.303 D_real: 0.000 D_fake: 0.000 \n"}
,{"stream_name":"stdout","time":1266.698359109,"data":"(epoch: 3, iters: 5340, time: 0.114, data: 0.003) G_GAN: 8.765 G_LPIPS: 46.849 D_real: 0.000 D_fake: 0.000 \n"}
,{"stream_name":"stdout","time":1266.698363181,"data":"(epoch: 3, iters: 5360, time: 0.114, data: 0.003) G_GAN: 8.878 G_LPIPS: 50.532 D_real: 0.000 D_fake: 0.000 \n"}
,{"stream_name":"stdout","time":1266.698367189,"data":"(epoch: 3, iters: 5380, time: 0.114, data: 0.003) G_GAN: 8.599 G_LPIPS: 51.405 D_real: 0.000 D_fake: 0.000 \n"}
,{"stream_name":"stdout","time":1266.698371262,"data":"(epoch: 3, iters: 5400, time: 0.146, data: 0.003) G_GAN: 8.816 G_LPIPS: 51.540 D_real: 0.000 D_fake: 0.000 \n"}
,{"stream_name":"stdout","time":1266.698375375,"data":"(epoch: 3, iters: 5420, time: 0.115, data: 0.003) G_GAN: 8.877 G_LPIPS: 54.694 D_real: 0.000 D_fake: 0.000 \n"}
,{"stream_name":"stdout","time":1266.698379402,"data":"(epoch: 3, iters: 5440, time: 0.113, data: 0.003) G_GAN: 8.374 G_LPIPS: 47.518 D_real: 0.000 D_fake: 0.000 \n"}
,{"stream_name":"stdout","time":1266.698383479,"data":"(epoch: 3, iters: 5460, time: 0.114, data: 0.003) G_GAN: 8.801 G_LPIPS: 50.253 D_real: 0.000 D_fake: 0.000 \n"}
,{"stream_name":"stdout","time":1266.698387692,"data":"(epoch: 3, iters: 5480, time: 0.114, data: 0.003) G_GAN: 8.687 G_LPIPS: 51.839 D_real: 0.000 D_fake: 0.000 \n"}
,{"stream_name":"stdout","time":1266.69839168,"data":"(epoch: 3, iters: 5500, time: 0.114, data: 0.003) G_GAN: 8.847 G_LPIPS: 50.259 D_real: 0.000 D_fake: 0.000 \n"}
,{"stream_name":"stdout","time":1266.698395751,"data":"(epoch: 3, iters: 5520, time: 0.116, data: 0.003) G_GAN: 8.520 G_LPIPS: 45.294 D_real: 0.002 D_fake: 0.000 \n"}
,{"stream_name":"stdout","time":1266.698399825,"data":"(epoch: 3, iters: 5540, time: 0.114, data: 0.003) G_GAN: 9.084 G_LPIPS: 52.669 D_real: 0.000 D_fake: 0.000 \n"}
,{"stream_name":"stdout","time":1266.69840385,"data":"(epoch: 3, iters: 5560, time: 0.114, data: 0.003) G_GAN: 7.868 G_LPIPS: 49.237 D_real: 0.000 D_fake: 0.000 \n"}
,{"stream_name":"stdout","time":1266.698408106,"data":"(epoch: 3, iters: 5580, time: 0.071, data: 0.003) G_GAN: 8.365 G_LPIPS: 51.634 D_real: 0.000 D_fake: 0.000 \n"}
,{"stream_name":"stdout","time":1266.698412149,"data":"saving the model at the end of epoch 3, iters 16740\n"}
,{"stream_name":"stdout","time":1266.698416059,"data":"End of epoch 3 / 20 \t Time Taken: 411 sec\n"}
,{"stream_name":"stdout","time":1266.698420329,"data":"learning rate 0.0001000 -\u003e 0.0001000\n"}
,{"stream_name":"stdout","time":1385.243155055,"data":"(epoch: 4, iters: 20, time: 0.114, data: 0.261) G_GAN: 8.578 G_LPIPS: 47.319 D_real: 0.000 D_fake: 0.000 \n"}
,{"stream_name":"stdout","time":1385.243211835,"data":"(epoch: 4, iters: 40, time: 0.114, data: 0.005) G_GAN: 8.680 G_LPIPS: 56.164 D_real: 0.000 D_fake: 0.000 \n"}
,{"stream_name":"stdout","time":1385.243233843,"data":"(epoch: 4, iters: 60, time: 0.130, data: 0.003) G_GAN: 8.722 G_LPIPS: 48.521 D_real: 0.000 D_fake: 0.000 \n"}
,{"stream_name":"stdout","time":1385.243237945,"data":"(epoch: 4, iters: 80, time: 0.114, data: 0.003) G_GAN: 8.928 G_LPIPS: 50.921 D_real: 0.000 D_fake: 0.000 \n"}
,{"stream_name":"stdout","time":1385.243241747,"data":"(epoch: 4, iters: 100, time: 0.115, data: 0.003) G_GAN: 8.614 G_LPIPS: 50.550 D_real: 0.000 D_fake: 0.000 \n"}
,{"stream_name":"stdout","time":1385.243250655,"data":"(epoch: 4, iters: 120, time: 0.114, data: 0.003) G_GAN: 8.903 G_LPIPS: 51.772 D_real: 0.000 D_fake: 0.000 \n"}
,{"stream_name":"stdout","time":1385.243253293,"data":"(epoch: 4, iters: 140, time: 0.114, data: 0.003) G_GAN: 8.816 G_LPIPS: 51.937 D_real: 0.000 D_fake: 0.000 \n"}
,{"stream_name":"stdout","time":1385.243255699,"data":"(epoch: 4, iters: 160, time: 0.115, data: 0.003) G_GAN: 8.381 G_LPIPS: 52.768 D_real: 0.000 D_fake: 0.000 \n"}
,{"stream_name":"stdout","time":1385.243257992,"data":"(epoch: 4, iters: 180, time: 0.114, data: 0.003) G_GAN: 8.966 G_LPIPS: 50.376 D_real: 0.000 D_fake: 0.000 \n"}
,{"stream_name":"stdout","time":1385.243260406,"data":"(epoch: 4, iters: 200, time: 0.115, data: 0.003) G_GAN: 8.962 G_LPIPS: 47.203 D_real: 0.000 D_fake: 0.000 \n"}
,{"stream_name":"stdout","time":1385.243262679,"data":"(epoch: 4, iters: 220, time: 0.114, data: 0.003) G_GAN: 9.096 G_LPIPS: 51.253 D_real: 0.000 D_fake: 0.000 \n"}
,{"stream_name":"stdout","time":1385.243264946,"data":"(epoch: 4, iters: 240, time: 0.114, data: 0.003) G_GAN: 8.731 G_LPIPS: 47.851 D_real: 0.000 D_fake: 0.000 \n"}
,{"stream_name":"stdout","time":1385.24326721,"data":"(epoch: 4, iters: 260, time: 0.114, data: 0.003) G_GAN: 9.142 G_LPIPS: 48.264 D_real: 0.000 D_fake: 0.000 \n"}
,{"stream_name":"stdout","time":1385.243269698,"data":"(epoch: 4, iters: 280, time: 0.114, data: 0.003) G_GAN: 8.484 G_LPIPS: 54.613 D_real: 0.000 D_fake: 0.000 \n"}
,{"stream_name":"stdout","time":1385.243271998,"data":"(epoch: 4, iters: 300, time: 0.114, data: 0.003) G_GAN: 7.015 G_LPIPS: 44.496 D_real: 0.000 D_fake: 0.002 \n"}
,{"stream_name":"stdout","time":1385.243274323,"data":"(epoch: 4, iters: 320, time: 0.115, data: 0.003) G_GAN: 8.515 G_LPIPS: 51.457 D_real: 0.000 D_fake: 0.000 \n"}
,{"stream_name":"stdout","time":1385.24327669,"data":"(epoch: 4, iters: 340, time: 0.114, data: 0.003) G_GAN: 8.508 G_LPIPS: 53.101 D_real: 0.000 D_fake: 0.000 \n"}
,{"stream_name":"stdout","time":1385.243278987,"data":"(epoch: 4, iters: 360, time: 0.115, data: 0.004) G_GAN: 8.200 G_LPIPS: 47.919 D_real: 0.000 D_fake: 0.000 \n"}
,{"stream_name":"stdout","time":1385.243281886,"data":"(epoch: 4, iters: 380, time: 0.115, data: 0.003) G_GAN: 8.905 G_LPIPS: 50.999 D_real: 0.000 D_fake: 0.000 \n"}
,{"stream_name":"stdout","time":1385.243307461,"data":"(epoch: 4, iters: 400, time: 0.116, data: 0.003) G_GAN: 9.056 G_LPIPS: 50.171 D_real: 0.000 D_fake: 0.000 \n"}
,{"stream_name":"stdout","time":1385.243311947,"data":"(epoch: 4, iters: 420, time: 0.115, data: 0.003) G_GAN: 9.020 G_LPIPS: 48.951 D_real: 0.000 D_fake: 0.000 \n"}
,{"stream_name":"stdout","time":1385.243316078,"data":"(epoch: 4, iters: 440, time: 0.114, data: 0.003) G_GAN: 8.762 G_LPIPS: 51.426 D_real: 0.000 D_fake: 0.000 \n"}
,{"stream_name":"stdout","time":1385.243320328,"data":"(epoch: 4, iters: 460, time: 0.116, data: 0.003) G_GAN: 8.706 G_LPIPS: 51.689 D_real: 0.000 D_fake: 0.000 \n"}
,{"stream_name":"stdout","time":1385.243324166,"data":"(epoch: 4, iters: 480, time: 0.115, data: 0.003) G_GAN: 8.772 G_LPIPS: 46.363 D_real: 0.000 D_fake: 0.000 \n"}
,{"stream_name":"stdout","time":1385.243327681,"data":"(epoch: 4, iters: 500, time: 0.115, data: 0.003) G_GAN: 9.149 G_LPIPS: 48.438 D_real: 0.000 D_fake: 0.000 \n"}
,{"stream_name":"stdout","time":1385.243335385,"data":"(epoch: 4, iters: 520, time: 0.115, data: 0.003) G_GAN: 9.053 G_LPIPS: 52.525 D_real: 0.000 D_fake: 0.000 \n"}
,{"stream_name":"stdout","time":1385.243338921,"data":"(epoch: 4, iters: 540, time: 0.115, data: 0.003) G_GAN: 9.013 G_LPIPS: 49.354 D_real: 0.000 D_fake: 0.000 \n"}
,{"stream_name":"stdout","time":1385.24334252,"data":"(epoch: 4, iters: 560, time: 0.114, data: 0.003) G_GAN: 8.861 G_LPIPS: 49.623 D_real: 0.000 D_fake: 0.000 \n"}
,{"stream_name":"stdout","time":1385.24334629,"data":"(epoch: 4, iters: 580, time: 0.115, data: 0.003) G_GAN: 8.899 G_LPIPS: 48.688 D_real: 0.000 D_fake: 0.000 \n"}
,{"stream_name":"stdout","time":1385.243349788,"data":"(epoch: 4, iters: 600, time: 0.115, data: 0.003) G_GAN: 8.790 G_LPIPS: 50.013 D_real: 0.000 D_fake: 0.000 \n"}
,{"stream_name":"stdout","time":1385.243353302,"data":"(epoch: 4, iters: 620, time: 0.115, data: 0.003) G_GAN: 9.265 G_LPIPS: 51.274 D_real: 0.000 D_fake: 0.000 \n"}
,{"stream_name":"stdout","time":1385.243356803,"data":"(epoch: 4, iters: 640, time: 0.148, data: 0.003) G_GAN: 8.397 G_LPIPS: 51.024 D_real: 0.000 D_fake: 0.000 \n"}
,{"stream_name":"stdout","time":1385.243360285,"data":"(epoch: 4, iters: 660, time: 0.116, data: 0.003) G_GAN: 9.155 G_LPIPS: 46.407 D_real: 0.000 D_fake: 0.000 \n"}
,{"stream_name":"stdout","time":1385.243363868,"data":"(epoch: 4, iters: 680, time: 0.114, data: 0.003) G_GAN: 4.875 G_LPIPS: 43.830 D_real: 4.438 D_fake: 2.982 \n"}
,{"stream_name":"stdout","time":1385.243367493,"data":"(epoch: 4, iters: 700, time: 0.115, data: 0.003) G_GAN: 2.009 G_LPIPS: 52.171 D_real: 0.607 D_fake: 2.025 \n"}
,{"stream_name":"stdout","time":1385.243372708,"data":"(epoch: 4, iters: 720, time: 0.114, data: 0.004) G_GAN: 2.653 G_LPIPS: 49.569 D_real: 0.182 D_fake: 0.890 \n"}
,{"stream_name":"stdout","time":1385.243379296,"data":"(epoch: 4, iters: 740, time: 0.115, data: 0.003) G_GAN: 4.504 G_LPIPS: 49.444 D_real: 0.047 D_fake: 0.044 \n"}
,{"stream_name":"stdout","time":1385.243381771,"data":"(epoch: 4, iters: 760, time: 0.115, data: 0.003) G_GAN: 2.400 G_LPIPS: 48.330 D_real: 0.058 D_fake: 0.283 \n"}
,{"stream_name":"stdout","time":1385.243384608,"data":"(epoch: 4, iters: 780, time: 0.115, data: 0.003) G_GAN: 6.919 G_LPIPS: 52.860 D_real: 0.031 D_fake: 0.002 \n"}
,{"stream_name":"stdout","time":1385.243403761,"data":"(epoch: 4, iters: 800, time: 0.114, data: 0.003) G_GAN: 5.055 G_LPIPS: 52.359 D_real: 0.036 D_fake: 0.012 \n"}
,{"stream_name":"stdout","time":1385.243407984,"data":"(epoch: 4, iters: 820, time: 0.114, data: 0.003) G_GAN: 6.652 G_LPIPS: 45.567 D_real: 0.032 D_fake: 0.003 \n"}
,{"stream_name":"stdout","time":1385.243411996,"data":"(epoch: 4, iters: 840, time: 0.116, data: 0.003) G_GAN: 4.716 G_LPIPS: 51.872 D_real: 0.022 D_fake: 0.012 \n"}
,{"stream_name":"stdout","time":1385.243415805,"data":"(epoch: 4, iters: 860, time: 0.114, data: 0.003) G_GAN: 4.855 G_LPIPS: 50.073 D_real: 0.013 D_fake: 0.012 \n"}
,{"stream_name":"stdout","time":1385.243420025,"data":"(epoch: 4, iters: 880, time: 0.115, data: 0.003) G_GAN: 6.703 G_LPIPS: 49.788 D_real: 0.017 D_fake: 0.375 \n"}
,{"stream_name":"stdout","time":1385.243424178,"data":"(epoch: 4, iters: 900, time: 0.114, data: 0.003) G_GAN: 6.207 G_LPIPS: 51.010 D_real: 0.029 D_fake: 0.003 \n"}
,{"stream_name":"stdout","time":1385.243428146,"data":"(epoch: 4, iters: 920, time: 0.115, data: 0.003) G_GAN: 5.056 G_LPIPS: 51.511 D_real: 0.071 D_fake: 0.007 \n"}
,{"stream_name":"stdout","time":1385.243432216,"data":"(epoch: 4, iters: 940, time: 0.114, data: 0.003) G_GAN: 7.504 G_LPIPS: 57.425 D_real: 0.005 D_fake: 0.001 \n"}
,{"stream_name":"stdout","time":1385.243435556,"data":"(epoch: 4, iters: 960, time: 0.114, data: 0.003) G_GAN: 5.199 G_LPIPS: 49.487 D_real: 0.013 D_fake: 0.009 \n"}
,{"stream_name":"stdout","time":1385.243442844,"data":"(epoch: 4, iters: 980, time: 0.115, data: 0.003) G_GAN: 5.365 G_LPIPS: 46.837 D_real: 0.027 D_fake: 0.011 \n"}
,{"stream_name":"stdout","time":1385.243446436,"data":"(epoch: 4, iters: 1000, time: 0.114, data: 0.003) G_GAN: 7.072 G_LPIPS: 51.381 D_real: 0.013 D_fake: 0.005 \n"}
,{"stream_name":"stdout","time":1385.243449646,"data":"(epoch: 4, iters: 1020, time: 0.115, data: 0.003) G_GAN: 6.794 G_LPIPS: 49.411 D_real: 0.009 D_fake: 0.002 \n"}
,{"stream_name":"stdout","time":1385.243453191,"data":"(epoch: 4, iters: 1040, time: 0.114, data: 0.003) G_GAN: 6.300 G_LPIPS: 46.990 D_real: 0.012 D_fake: 0.003 \n"}
,{"stream_name":"stdout","time":1385.243456466,"data":"(epoch: 4, iters: 1060, time: 0.115, data: 0.004) G_GAN: 5.855 G_LPIPS: 47.355 D_real: 0.008 D_fake: 0.003 \n"}
,{"stream_name":"stdout","time":1385.243459918,"data":"(epoch: 4, iters: 1080, time: 0.115, data: 0.003) G_GAN: 6.168 G_LPIPS: 48.565 D_real: 0.011 D_fake: 0.004 \n"}
,{"stream_name":"stdout","time":1385.243463596,"data":"(epoch: 4, iters: 1100, time: 0.116, data: 0.003) G_GAN: 6.302 G_LPIPS: 48.364 D_real: 0.010 D_fake: 0.003 \n"}
,{"stream_name":"stdout","time":1385.243467135,"data":"(epoch: 4, iters: 1120, time: 0.115, data: 0.003) G_GAN: 6.927 G_LPIPS: 47.861 D_real: 0.003 D_fake: 0.001 \n"}
,{"stream_name":"stdout","time":1385.243470423,"data":"(epoch: 4, iters: 1140, time: 0.115, data: 0.003) G_GAN: 7.140 G_LPIPS: 47.937 D_real: 0.002 D_fake: 0.001 \n"}
,{"stream_name":"stdout","time":1385.243474826,"data":"(epoch: 4, iters: 1160, time: 0.115, data: 0.003) G_GAN: 6.754 G_LPIPS: 47.259 D_real: 0.004 D_fake: 0.002 \n"}
,{"stream_name":"stdout","time":1385.243478085,"data":"(epoch: 4, iters: 1180, time: 0.115, data: 0.003) G_GAN: 6.332 G_LPIPS: 48.343 D_real: 0.009 D_fake: 0.003 \n"}
,{"stream_name":"stdout","time":1385.24348137,"data":"(epoch: 4, iters: 1200, time: 0.115, data: 0.003) G_GAN: 6.236 G_LPIPS: 47.900 D_real: 0.001 D_fake: 0.003 \n"}
,{"stream_name":"stdout","time":1385.243485143,"data":"(epoch: 4, iters: 1220, time: 0.114, data: 0.003) G_GAN: 6.341 G_LPIPS: 49.299 D_real: 0.004 D_fake: 0.003 \n"}
,{"stream_name":"stdout","time":1385.243488398,"data":"(epoch: 4, iters: 1240, time: 0.115, data: 0.003) G_GAN: 6.570 G_LPIPS: 50.471 D_real: 0.002 D_fake: 0.002 \n"}
,{"stream_name":"stdout","time":1385.243491521,"data":"(epoch: 4, iters: 1260, time: 0.127, data: 0.003) G_GAN: 6.380 G_LPIPS: 47.726 D_real: 0.003 D_fake: 0.003 \n"}
,{"stream_name":"stdout","time":1385.243494859,"data":"(epoch: 4, iters: 1280, time: 0.115, data: 0.003) G_GAN: 6.753 G_LPIPS: 47.548 D_real: 0.003 D_fake: 0.001 \n"}
,{"stream_name":"stdout","time":1385.24349838,"data":"(epoch: 4, iters: 1300, time: 0.115, data: 0.003) G_GAN: 6.265 G_LPIPS: 49.644 D_real: 0.007 D_fake: 0.003 \n"}
,{"stream_name":"stdout","time":1385.243502201,"data":"(epoch: 4, iters: 1320, time: 0.115, data: 0.003) G_GAN: 5.773 G_LPIPS: 48.360 D_real: 0.003 D_fake: 0.005 \n"}
,{"stream_name":"stdout","time":1385.243505955,"data":"(epoch: 4, iters: 1340, time: 0.115, data: 0.004) G_GAN: 6.853 G_LPIPS: 51.274 D_real: 0.001 D_fake: 0.001 \n"}
,{"stream_name":"stdout","time":1385.243509713,"data":"(epoch: 4, iters: 1360, time: 0.122, data: 0.003) G_GAN: 6.367 G_LPIPS: 47.331 D_real: 0.007 D_fake: 0.003 \n"}
,{"stream_name":"stdout","time":1385.243512874,"data":"(epoch: 4, iters: 1380, time: 0.115, data: 0.003) G_GAN: 6.831 G_LPIPS: 45.679 D_real: 0.004 D_fake: 0.001 \n"}
,{"stream_name":"stdout","time":1385.243516186,"data":"(epoch: 4, iters: 1400, time: 0.116, data: 0.003) G_GAN: 5.078 G_LPIPS: 50.351 D_real: 0.001 D_fake: 0.008 \n"}
,{"stream_name":"stdout","time":1385.243519286,"data":"(epoch: 4, iters: 1420, time: 0.117, data: 0.003) G_GAN: 6.807 G_LPIPS: 55.439 D_real: 0.001 D_fake: 0.002 \n"}
,{"stream_name":"stdout","time":1385.243525733,"data":"(epoch: 4, iters: 1440, time: 0.115, data: 0.003) G_GAN: 5.403 G_LPIPS: 51.003 D_real: 0.001 D_fake: 0.006 \n"}
,{"stream_name":"stdout","time":1385.243530057,"data":"(epoch: 4, iters: 1460, time: 0.115, data: 0.003) G_GAN: 6.363 G_LPIPS: 50.601 D_real: 0.003 D_fake: 0.002 \n"}
,{"stream_name":"stdout","time":1385.243533707,"data":"(epoch: 4, iters: 1480, time: 0.115, data: 0.003) G_GAN: 5.260 G_LPIPS: 50.533 D_real: 0.001 D_fake: 0.008 \n"}
,{"stream_name":"stdout","time":1385.243540829,"data":"(epoch: 4, iters: 1500, time: 0.116, data: 0.003) G_GAN: 6.259 G_LPIPS: 50.706 D_real: 0.004 D_fake: 0.002 \n"}
,{"stream_name":"stdout","time":1385.243544575,"data":"(epoch: 4, iters: 1520, time: 0.115, data: 0.003) G_GAN: 7.099 G_LPIPS: 48.553 D_real: 0.003 D_fake: 0.001 \n"}
,{"stream_name":"stdout","time":1503.793590063,"data":"(epoch: 4, iters: 1540, time: 0.116, data: 0.003) G_GAN: 6.481 G_LPIPS: 47.836 D_real: 0.002 D_fake: 0.002 \n"}
,{"stream_name":"stdout","time":1503.793646066,"data":"(epoch: 4, iters: 1560, time: 0.116, data: 0.003) G_GAN: 6.680 G_LPIPS: 52.446 D_real: 0.002 D_fake: 0.002 \n"}
,{"stream_name":"stdout","time":1503.793653922,"data":"(epoch: 4, iters: 1580, time: 0.116, data: 0.003) G_GAN: 7.055 G_LPIPS: 53.591 D_real: 0.001 D_fake: 0.001 \n"}
,{"stream_name":"stdout","time":1503.793661481,"data":"(epoch: 4, iters: 1600, time: 0.116, data: 0.003) G_GAN: 6.684 G_LPIPS: 49.143 D_real: 0.003 D_fake: 0.002 \n"}
,{"stream_name":"stdout","time":1503.793665058,"data":"(epoch: 4, iters: 1620, time: 0.115, data: 0.003) G_GAN: 7.076 G_LPIPS: 52.016 D_real: 0.002 D_fake: 0.001 \n"}
,{"stream_name":"stdout","time":1503.793668288,"data":"(epoch: 4, iters: 1640, time: 0.116, data: 0.003) G_GAN: 5.484 G_LPIPS: 47.844 D_real: 0.002 D_fake: 0.008 \n"}
,{"stream_name":"stdout","time":1503.79367129,"data":"(epoch: 4, iters: 1660, time: 0.115, data: 0.003) G_GAN: 6.582 G_LPIPS: 47.276 D_real: 0.003 D_fake: 0.002 \n"}
,{"stream_name":"stdout","time":1503.793674339,"data":"(epoch: 4, iters: 1680, time: 0.116, data: 0.003) G_GAN: 6.696 G_LPIPS: 52.678 D_real: 0.001 D_fake: 0.002 \n"}
,{"stream_name":"stdout","time":1503.793677604,"data":"(epoch: 4, iters: 1700, time: 0.116, data: 0.003) G_GAN: 7.014 G_LPIPS: 50.043 D_real: 0.001 D_fake: 0.001 \n"}
,{"stream_name":"stdout","time":1503.79368056,"data":"(epoch: 4, iters: 1720, time: 0.115, data: 0.003) G_GAN: 8.021 G_LPIPS: 55.042 D_real: 0.001 D_fake: 0.000 \n"}
,{"stream_name":"stdout","time":1503.793683486,"data":"(epoch: 4, iters: 1740, time: 0.116, data: 0.003) G_GAN: 6.436 G_LPIPS: 51.050 D_real: 0.001 D_fake: 0.002 \n"}
,{"stream_name":"stdout","time":1503.793686473,"data":"(epoch: 4, iters: 1760, time: 0.116, data: 0.003) G_GAN: 7.292 G_LPIPS: 50.986 D_real: 0.001 D_fake: 0.001 \n"}
,{"stream_name":"stdout","time":1503.793689564,"data":"(epoch: 4, iters: 1780, time: 0.116, data: 0.003) G_GAN: 6.808 G_LPIPS: 50.850 D_real: 0.002 D_fake: 0.001 \n"}
,{"stream_name":"stdout","time":1503.79370787,"data":"(epoch: 4, iters: 1800, time: 0.165, data: 0.003) G_GAN: 7.483 G_LPIPS: 55.930 D_real: 0.001 D_fake: 0.001 \n"}
,{"stream_name":"stdout","time":1503.79371366,"data":"(epoch: 4, iters: 1820, time: 0.115, data: 0.003) G_GAN: 6.212 G_LPIPS: 48.424 D_real: 0.006 D_fake: 0.003 \n"}
,{"stream_name":"stdout","time":1503.793718815,"data":"(epoch: 4, iters: 1840, time: 0.116, data: 0.003) G_GAN: 7.392 G_LPIPS: 50.667 D_real: 0.001 D_fake: 0.001 \n"}
,{"stream_name":"stdout","time":1503.793723983,"data":"(epoch: 4, iters: 1860, time: 0.115, data: 0.003) G_GAN: 6.960 G_LPIPS: 52.749 D_real: 0.001 D_fake: 0.001 \n"}
,{"stream_name":"stdout","time":1503.793728834,"data":"(epoch: 4, iters: 1880, time: 0.115, data: 0.003) G_GAN: 5.548 G_LPIPS: 45.950 D_real: 0.032 D_fake: 0.004 \n"}
,{"stream_name":"stdout","time":1503.793747771,"data":"(epoch: 4, iters: 1900, time: 0.115, data: 0.003) G_GAN: 6.898 G_LPIPS: 50.954 D_real: 0.002 D_fake: 0.001 \n"}
,{"stream_name":"stdout","time":1503.793752917,"data":"(epoch: 4, iters: 1920, time: 0.116, data: 0.003) G_GAN: 6.669 G_LPIPS: 53.107 D_real: 0.001 D_fake: 0.002 \n"}
,{"stream_name":"stdout","time":1503.79375663,"data":"(epoch: 4, iters: 1940, time: 0.115, data: 0.003) G_GAN: 7.275 G_LPIPS: 50.908 D_real: 0.001 D_fake: 0.001 \n"}
,{"stream_name":"stdout","time":1503.793760175,"data":"(epoch: 4, iters: 1960, time: 0.115, data: 0.003) G_GAN: 6.079 G_LPIPS: 46.091 D_real: 0.002 D_fake: 0.004 \n"}
,{"stream_name":"stdout","time":1503.793763604,"data":"(epoch: 4, iters: 1980, time: 0.116, data: 0.004) G_GAN: 7.540 G_LPIPS: 49.010 D_real: 0.002 D_fake: 0.001 \n"}
,{"stream_name":"stdout","time":1503.79376714,"data":"(epoch: 4, iters: 2000, time: 0.117, data: 0.003) G_GAN: 7.218 G_LPIPS: 49.475 D_real: 0.001 D_fake: 0.001 \n"}
,{"stream_name":"stdout","time":1503.793772396,"data":"(epoch: 4, iters: 2020, time: 0.115, data: 0.003) G_GAN: 7.226 G_LPIPS: 51.584 D_real: 0.001 D_fake: 0.001 \n"}
,{"stream_name":"stdout","time":1503.793779309,"data":"(epoch: 4, iters: 2040, time: 0.116, data: 0.003) G_GAN: 7.496 G_LPIPS: 50.893 D_real: 0.002 D_fake: 0.001 \n"}
,{"stream_name":"stdout","time":1503.793781689,"data":"(epoch: 4, iters: 2060, time: 0.116, data: 0.003) G_GAN: 7.163 G_LPIPS: 48.988 D_real: 0.001 D_fake: 0.001 \n"}
,{"stream_name":"stdout","time":1503.793783971,"data":"(epoch: 4, iters: 2080, time: 0.115, data: 0.003) G_GAN: 7.643 G_LPIPS: 52.897 D_real: 0.001 D_fake: 0.001 \n"}
,{"stream_name":"stdout","time":1503.793786262,"data":"(epoch: 4, iters: 2100, time: 0.116, data: 0.003) G_GAN: 6.959 G_LPIPS: 52.619 D_real: 0.001 D_fake: 0.001 \n"}
,{"stream_name":"stdout","time":1503.793788617,"data":"(epoch: 4, iters: 2120, time: 0.115, data: 0.003) G_GAN: 6.976 G_LPIPS: 53.263 D_real: 0.001 D_fake: 0.001 \n"}
,{"stream_name":"stdout","time":1503.793791525,"data":"(epoch: 4, iters: 2140, time: 0.115, data: 0.003) G_GAN: 7.568 G_LPIPS: 50.684 D_real: 0.000 D_fake: 0.001 \n"}
,{"stream_name":"stdout","time":1503.793806958,"data":"(epoch: 4, iters: 2160, time: 0.115, data: 0.003) G_GAN: 7.791 G_LPIPS: 53.938 D_real: 0.000 D_fake: 0.000 \n"}
,{"stream_name":"stdout","time":1503.793811291,"data":"(epoch: 4, iters: 2180, time: 0.115, data: 0.003) G_GAN: 6.613 G_LPIPS: 50.186 D_real: 0.001 D_fake: 0.002 \n"}
,{"stream_name":"stdout","time":1503.793815112,"data":"(epoch: 4, iters: 2200, time: 0.116, data: 0.003) G_GAN: 7.710 G_LPIPS: 53.548 D_real: 0.001 D_fake: 0.001 \n"}
,{"stream_name":"stdout","time":1503.793819291,"data":"(epoch: 4, iters: 2220, time: 0.116, data: 0.003) G_GAN: 7.591 G_LPIPS: 52.439 D_real: 0.001 D_fake: 0.001 \n"}
,{"stream_name":"stdout","time":1503.793823441,"data":"(epoch: 4, iters: 2240, time: 0.118, data: 0.003) G_GAN: 7.025 G_LPIPS: 51.942 D_real: 0.001 D_fake: 0.001 \n"}
,{"stream_name":"stdout","time":1503.793827052,"data":"(epoch: 4, iters: 2260, time: 0.119, data: 0.003) G_GAN: 7.033 G_LPIPS: 50.039 D_real: 0.001 D_fake: 0.001 \n"}
,{"stream_name":"stdout","time":1503.793830534,"data":"(epoch: 4, iters: 2280, time: 0.116, data: 0.003) G_GAN: 5.041 G_LPIPS: 46.420 D_real: 0.004 D_fake: 0.013 \n"}
,{"stream_name":"stdout","time":1503.793834372,"data":"(epoch: 4, iters: 2300, time: 0.115, data: 0.003) G_GAN: 6.702 G_LPIPS: 47.790 D_real: 0.001 D_fake: 0.002 \n"}
,{"stream_name":"stdout","time":1503.79383788,"data":"(epoch: 4, iters: 2320, time: 0.116, data: 0.003) G_GAN: 7.018 G_LPIPS: 45.854 D_real: 0.001 D_fake: 0.001 \n"}
,{"stream_name":"stdout","time":1503.79384126,"data":"(epoch: 4, iters: 2340, time: 0.115, data: 0.003) G_GAN: 7.021 G_LPIPS: 46.052 D_real: 0.002 D_fake: 0.001 \n"}
,{"stream_name":"stdout","time":1503.79384878,"data":"(epoch: 4, iters: 2360, time: 0.117, data: 0.003) G_GAN: 7.288 G_LPIPS: 44.797 D_real: 0.002 D_fake: 0.001 \n"}
,{"stream_name":"stdout","time":1503.793852342,"data":"(epoch: 4, iters: 2380, time: 0.116, data: 0.003) G_GAN: 6.932 G_LPIPS: 49.326 D_real: 0.001 D_fake: 0.001 \n"}
,{"stream_name":"stdout","time":1503.793855835,"data":"(epoch: 4, iters: 2400, time: 0.117, data: 0.003) G_GAN: 6.864 G_LPIPS: 51.422 D_real: 0.001 D_fake: 0.001 \n"}
,{"stream_name":"stdout","time":1503.793859372,"data":"(epoch: 4, iters: 2420, time: 0.115, data: 0.003) G_GAN: 6.963 G_LPIPS: 44.557 D_real: 0.004 D_fake: 0.001 \n"}
,{"stream_name":"stdout","time":1503.793862862,"data":"(epoch: 4, iters: 2440, time: 0.116, data: 0.003) G_GAN: 7.081 G_LPIPS: 47.494 D_real: 0.002 D_fake: 0.001 \n"}
,{"stream_name":"stdout","time":1503.793866326,"data":"(epoch: 4, iters: 2460, time: 0.116, data: 0.003) G_GAN: 7.584 G_LPIPS: 50.548 D_real: 0.002 D_fake: 0.001 \n"}
,{"stream_name":"stdout","time":1503.793869744,"data":"(epoch: 4, iters: 2480, time: 0.164, data: 0.003) G_GAN: 7.580 G_LPIPS: 47.696 D_real: 0.003 D_fake: 0.001 \n"}
,{"stream_name":"stdout","time":1503.793873197,"data":"(epoch: 4, iters: 2500, time: 0.116, data: 0.003) G_GAN: 7.538 G_LPIPS: 50.454 D_real: 0.001 D_fake: 0.001 \n"}
,{"stream_name":"stdout","time":1503.793876761,"data":"(epoch: 4, iters: 2520, time: 0.117, data: 0.003) G_GAN: 7.046 G_LPIPS: 47.704 D_real: 0.001 D_fake: 0.001 \n"}
,{"stream_name":"stdout","time":1503.793884715,"data":"(epoch: 4, iters: 2540, time: 0.116, data: 0.003) G_GAN: 7.365 G_LPIPS: 49.113 D_real: 0.001 D_fake: 0.001 \n"}
,{"stream_name":"stdout","time":1503.793887982,"data":"(epoch: 4, iters: 2560, time: 0.116, data: 0.003) G_GAN: 7.546 G_LPIPS: 49.838 D_real: 0.000 D_fake: 0.001 \n"}
,{"stream_name":"stdout","time":1503.79390456,"data":"(epoch: 4, iters: 2580, time: 0.117, data: 0.003) G_GAN: 7.436 G_LPIPS: 46.930 D_real: 0.003 D_fake: 0.001 \n"}
,{"stream_name":"stdout","time":1503.793909154,"data":"(epoch: 4, iters: 2600, time: 0.116, data: 0.003) G_GAN: 7.463 G_LPIPS: 53.792 D_real: 0.001 D_fake: 0.001 \n"}
,{"stream_name":"stdout","time":1503.793912968,"data":"(epoch: 4, iters: 2620, time: 0.150, data: 0.003) G_GAN: 7.320 G_LPIPS: 49.938 D_real: 0.001 D_fake: 0.001 \n"}
,{"stream_name":"stdout","time":1503.793917133,"data":"(epoch: 4, iters: 2640, time: 0.117, data: 0.003) G_GAN: 8.085 G_LPIPS: 51.611 D_real: 0.000 D_fake: 0.000 \n"}
,{"stream_name":"stdout","time":1503.793921223,"data":"(epoch: 4, iters: 2660, time: 0.116, data: 0.003) G_GAN: 6.902 G_LPIPS: 49.963 D_real: 0.001 D_fake: 0.001 \n"}
,{"stream_name":"stdout","time":1503.793925418,"data":"(epoch: 4, iters: 2680, time: 0.116, data: 0.003) G_GAN: 7.896 G_LPIPS: 51.492 D_real: 0.001 D_fake: 0.001 \n"}
,{"stream_name":"stdout","time":1503.793928978,"data":"(epoch: 4, iters: 2700, time: 0.117, data: 0.003) G_GAN: 7.032 G_LPIPS: 49.461 D_real: 0.000 D_fake: 0.001 \n"}
,{"stream_name":"stdout","time":1503.793932425,"data":"(epoch: 4, iters: 2720, time: 0.116, data: 0.003) G_GAN: 6.514 G_LPIPS: 50.891 D_real: 0.000 D_fake: 0.002 \n"}
,{"stream_name":"stdout","time":1503.793935938,"data":"(epoch: 4, iters: 2740, time: 0.116, data: 0.003) G_GAN: 6.995 G_LPIPS: 49.686 D_real: 0.001 D_fake: 0.001 \n"}
,{"stream_name":"stdout","time":1503.793939387,"data":"(epoch: 4, iters: 2760, time: 0.116, data: 0.003) G_GAN: 7.332 G_LPIPS: 52.186 D_real: 0.001 D_fake: 0.001 \n"}
,{"stream_name":"stdout","time":1503.793942917,"data":"(epoch: 4, iters: 2780, time: 0.116, data: 0.003) G_GAN: 6.465 G_LPIPS: 49.690 D_real: 0.002 D_fake: 0.003 \n"}
,{"stream_name":"stdout","time":1503.793946452,"data":"(epoch: 4, iters: 2800, time: 0.115, data: 0.003) G_GAN: 7.323 G_LPIPS: 50.913 D_real: 0.001 D_fake: 0.001 \n"}
,{"stream_name":"stdout","time":1503.793957093,"data":"(epoch: 4, iters: 2820, time: 0.116, data: 0.003) G_GAN: 7.665 G_LPIPS: 53.909 D_real: 0.001 D_fake: 0.001 \n"}
,{"stream_name":"stdout","time":1503.793960716,"data":"(epoch: 4, iters: 2840, time: 0.117, data: 0.003) G_GAN: 7.116 G_LPIPS: 50.624 D_real: 0.002 D_fake: 0.001 \n"}
,{"stream_name":"stdout","time":1503.793964218,"data":"(epoch: 4, iters: 2860, time: 0.117, data: 0.003) G_GAN: 7.717 G_LPIPS: 53.815 D_real: 0.000 D_fake: 0.001 \n"}
,{"stream_name":"stdout","time":1503.793967688,"data":"(epoch: 4, iters: 2880, time: 0.165, data: 0.003) G_GAN: 6.576 G_LPIPS: 52.784 D_real: 0.001 D_fake: 0.002 \n"}
,{"stream_name":"stdout","time":1503.793971287,"data":"(epoch: 4, iters: 2900, time: 0.117, data: 0.003) G_GAN: 7.304 G_LPIPS: 52.928 D_real: 0.000 D_fake: 0.001 \n"}
,{"stream_name":"stdout","time":1503.793974872,"data":"(epoch: 4, iters: 2920, time: 0.116, data: 0.003) G_GAN: 7.457 G_LPIPS: 47.182 D_real: 0.003 D_fake: 0.001 \n"}
,{"stream_name":"stdout","time":1503.793983319,"data":"(epoch: 4, iters: 2940, time: 0.117, data: 0.004) G_GAN: 7.067 G_LPIPS: 46.817 D_real: 0.005 D_fake: 0.001 \n"}
,{"stream_name":"stdout","time":1503.79398674,"data":"(epoch: 4, iters: 2960, time: 0.117, data: 0.003) G_GAN: 6.607 G_LPIPS: 48.643 D_real: 0.004 D_fake: 0.002 \n"}
,{"stream_name":"stdout","time":1503.794008423,"data":"(epoch: 4, iters: 2980, time: 0.117, data: 0.004) G_GAN: 7.516 G_LPIPS: 50.703 D_real: 0.000 D_fake: 0.001 \n"}
,{"stream_name":"stdout","time":1503.794020103,"data":"(epoch: 4, iters: 3000, time: 0.116, data: 0.003) G_GAN: 6.948 G_LPIPS: 52.443 D_real: 0.000 D_fake: 0.001 \n"}
,{"stream_name":"stdout","time":1503.794024234,"data":"(epoch: 4, iters: 3020, time: 0.117, data: 0.003) G_GAN: 5.562 G_LPIPS: 49.645 D_real: 0.001 D_fake: 0.005 \n"}
,{"stream_name":"stdout","time":1503.79402783,"data":"(epoch: 4, iters: 3040, time: 0.117, data: 0.003) G_GAN: 7.535 G_LPIPS: 53.314 D_real: 0.000 D_fake: 0.001 \n"}
,{"stream_name":"stdout","time":1625.357267397,"data":"(epoch: 4, iters: 3060, time: 0.117, data: 0.003) G_GAN: 7.683 G_LPIPS: 49.179 D_real: 0.001 D_fake: 0.001 \n"}
,{"stream_name":"stdout","time":1625.357318111,"data":"(epoch: 4, iters: 3080, time: 0.117, data: 0.003) G_GAN: 7.137 G_LPIPS: 52.742 D_real: 0.001 D_fake: 0.001 \n"}
,{"stream_name":"stdout","time":1625.357324724,"data":"(epoch: 4, iters: 3100, time: 0.117, data: 0.003) G_GAN: 8.183 G_LPIPS: 55.846 D_real: 0.000 D_fake: 0.000 \n"}
,{"stream_name":"stdout","time":1625.357329467,"data":"(epoch: 4, iters: 3120, time: 0.116, data: 0.003) G_GAN: 6.040 G_LPIPS: 49.244 D_real: 0.001 D_fake: 0.004 \n"}
,{"stream_name":"stdout","time":1625.357333974,"data":"(epoch: 4, iters: 3140, time: 0.117, data: 0.003) G_GAN: 7.566 G_LPIPS: 49.446 D_real: 0.000 D_fake: 0.001 \n"}
,{"stream_name":"stdout","time":1625.357338558,"data":"(epoch: 4, iters: 3160, time: 0.116, data: 0.003) G_GAN: 8.080 G_LPIPS: 53.450 D_real: 0.000 D_fake: 0.000 \n"}
,{"stream_name":"stdout","time":1625.357348478,"data":"(epoch: 4, iters: 3180, time: 0.117, data: 0.003) G_GAN: 7.594 G_LPIPS: 51.028 D_real: 0.001 D_fake: 0.001 \n"}
,{"stream_name":"stdout","time":1625.357352164,"data":"(epoch: 4, iters: 3200, time: 0.117, data: 0.003) G_GAN: 6.619 G_LPIPS: 57.335 D_real: 0.000 D_fake: 0.002 \n"}
,{"stream_name":"stdout","time":1625.35735518,"data":"(epoch: 4, iters: 3220, time: 0.117, data: 0.003) G_GAN: 8.023 G_LPIPS: 52.228 D_real: 0.001 D_fake: 0.000 \n"}
,{"stream_name":"stdout","time":1625.357358205,"data":"(epoch: 4, iters: 3240, time: 0.116, data: 0.003) G_GAN: 7.425 G_LPIPS: 50.897 D_real: 0.000 D_fake: 0.001 \n"}
,{"stream_name":"stdout","time":1625.357361149,"data":"(epoch: 4, iters: 3260, time: 0.129, data: 0.003) G_GAN: 7.681 G_LPIPS: 54.293 D_real: 0.000 D_fake: 0.001 \n"}
,{"stream_name":"stdout","time":1625.357375542,"data":"saving the latest model (epoch 4, total_iters 20000)\n"}
,{"stream_name":"stdout","time":1625.357378,"data":"(epoch: 4, iters: 3280, time: 0.117, data: 0.003) G_GAN: 7.171 G_LPIPS: 49.446 D_real: 0.001 D_fake: 0.001 \n"}
,{"stream_name":"stdout","time":1625.357380289,"data":"(epoch: 4, iters: 3300, time: 0.117, data: 0.003) G_GAN: 6.740 G_LPIPS: 47.891 D_real: 0.002 D_fake: 0.002 \n"}
,{"stream_name":"stdout","time":1625.35738342,"data":"(epoch: 4, iters: 3320, time: 0.117, data: 0.003) G_GAN: 7.971 G_LPIPS: 51.401 D_real: 0.000 D_fake: 0.000 \n"}
,{"stream_name":"stdout","time":1625.357406084,"data":"(epoch: 4, iters: 3340, time: 0.116, data: 0.003) G_GAN: 7.419 G_LPIPS: 51.253 D_real: 0.001 D_fake: 0.001 \n"}
,{"stream_name":"stdout","time":1625.357410381,"data":"(epoch: 4, iters: 3360, time: 0.116, data: 0.003) G_GAN: 7.792 G_LPIPS: 58.313 D_real: 0.000 D_fake: 0.001 \n"}
,{"stream_name":"stdout","time":1625.357414533,"data":"(epoch: 4, iters: 3380, time: 0.117, data: 0.003) G_GAN: 8.087 G_LPIPS: 48.922 D_real: 0.001 D_fake: 0.000 \n"}
,{"stream_name":"stdout","time":1625.35741808,"data":"(epoch: 4, iters: 3400, time: 0.117, data: 0.003) G_GAN: 8.418 G_LPIPS: 51.790 D_real: 0.000 D_fake: 0.000 \n"}
,{"stream_name":"stdout","time":1625.357421602,"data":"(epoch: 4, iters: 3420, time: 0.117, data: 0.003) G_GAN: 7.333 G_LPIPS: 49.542 D_real: 0.000 D_fake: 0.001 \n"}
,{"stream_name":"stdout","time":1625.357426234,"data":"(epoch: 4, iters: 3440, time: 0.117, data: 0.003) G_GAN: 7.939 G_LPIPS: 53.191 D_real: 0.000 D_fake: 0.000 \n"}
,{"stream_name":"stdout","time":1625.357429729,"data":"(epoch: 4, iters: 3460, time: 0.117, data: 0.003) G_GAN: 8.329 G_LPIPS: 49.593 D_real: 0.001 D_fake: 0.000 \n"}
,{"stream_name":"stdout","time":1625.357433221,"data":"(epoch: 4, iters: 3480, time: 0.117, data: 0.003) G_GAN: 8.074 G_LPIPS: 50.837 D_real: 0.001 D_fake: 0.000 \n"}
,{"stream_name":"stdout","time":1625.357436792,"data":"(epoch: 4, iters: 3500, time: 0.117, data: 0.003) G_GAN: 7.821 G_LPIPS: 48.145 D_real: 0.000 D_fake: 0.000 \n"}
,{"stream_name":"stdout","time":1625.357440296,"data":"(epoch: 4, iters: 3520, time: 0.169, data: 0.003) G_GAN: 8.028 G_LPIPS: 48.702 D_real: 0.002 D_fake: 0.000 \n"}
,{"stream_name":"stdout","time":1625.357443949,"data":"(epoch: 4, iters: 3540, time: 0.117, data: 0.003) G_GAN: 7.850 G_LPIPS: 46.443 D_real: 0.001 D_fake: 0.000 \n"}
,{"stream_name":"stdout","time":1625.35744755,"data":"(epoch: 4, iters: 3560, time: 0.117, data: 0.003) G_GAN: 7.833 G_LPIPS: 47.018 D_real: 0.001 D_fake: 0.000 \n"}
,{"stream_name":"stdout","time":1625.357451695,"data":"(epoch: 4, iters: 3580, time: 0.117, data: 0.003) G_GAN: 7.825 G_LPIPS: 50.627 D_real: 0.000 D_fake: 0.000 \n"}
,{"stream_name":"stdout","time":1625.357455559,"data":"(epoch: 4, iters: 3600, time: 0.118, data: 0.003) G_GAN: 6.651 G_LPIPS: 45.447 D_real: 0.003 D_fake: 0.002 \n"}
,{"stream_name":"stdout","time":1625.357459279,"data":"(epoch: 4, iters: 3620, time: 0.117, data: 0.003) G_GAN: 7.381 G_LPIPS: 53.366 D_real: 0.003 D_fake: 0.001 \n"}
,{"stream_name":"stdout","time":1625.357463359,"data":"(epoch: 4, iters: 3640, time: 0.117, data: 0.003) G_GAN: 7.770 G_LPIPS: 47.876 D_real: 0.001 D_fake: 0.001 \n"}
,{"stream_name":"stdout","time":1625.357466595,"data":"(epoch: 4, iters: 3660, time: 0.118, data: 0.003) G_GAN: 7.653 G_LPIPS: 48.630 D_real: 0.001 D_fake: 0.001 \n"}
,{"stream_name":"stdout","time":1625.357469944,"data":"(epoch: 4, iters: 3680, time: 0.117, data: 0.003) G_GAN: 8.013 G_LPIPS: 48.314 D_real: 0.001 D_fake: 0.000 \n"}
,{"stream_name":"stdout","time":1625.357473017,"data":"(epoch: 4, iters: 3700, time: 0.117, data: 0.003) G_GAN: 7.387 G_LPIPS: 53.271 D_real: 0.000 D_fake: 0.001 \n"}
,{"stream_name":"stdout","time":1625.357481474,"data":"(epoch: 4, iters: 3720, time: 0.117, data: 0.003) G_GAN: 7.522 G_LPIPS: 50.111 D_real: 0.001 D_fake: 0.001 \n"}
,{"stream_name":"stdout","time":1625.357485357,"data":"(epoch: 4, iters: 3740, time: 0.117, data: 0.003) G_GAN: 8.215 G_LPIPS: 51.824 D_real: 0.000 D_fake: 0.000 \n"}
,{"stream_name":"stdout","time":1625.357489937,"data":"(epoch: 4, iters: 3760, time: 0.118, data: 0.003) G_GAN: 7.932 G_LPIPS: 50.468 D_real: 0.000 D_fake: 0.000 \n"}
,{"stream_name":"stdout","time":1625.357493424,"data":"(epoch: 4, iters: 3780, time: 0.116, data: 0.003) G_GAN: 7.759 G_LPIPS: 50.050 D_real: 0.001 D_fake: 0.001 \n"}
,{"stream_name":"stdout","time":1625.35749669,"data":"(epoch: 4, iters: 3800, time: 0.116, data: 0.003) G_GAN: 8.019 G_LPIPS: 48.508 D_real: 0.001 D_fake: 0.000 \n"}
,{"stream_name":"stdout","time":1625.357500565,"data":"(epoch: 4, iters: 3820, time: 0.118, data: 0.003) G_GAN: 7.704 G_LPIPS: 52.587 D_real: 0.000 D_fake: 0.001 \n"}
,{"stream_name":"stdout","time":1625.357504139,"data":"(epoch: 4, iters: 3840, time: 0.118, data: 0.003) G_GAN: 7.705 G_LPIPS: 52.919 D_real: 0.000 D_fake: 0.001 \n"}
,{"stream_name":"stdout","time":1625.357507587,"data":"(epoch: 4, iters: 3860, time: 0.117, data: 0.003) G_GAN: 7.472 G_LPIPS: 47.421 D_real: 0.000 D_fake: 0.001 \n"}
,{"stream_name":"stdout","time":1625.357511258,"data":"(epoch: 4, iters: 3880, time: 0.117, data: 0.003) G_GAN: 7.238 G_LPIPS: 45.015 D_real: 0.001 D_fake: 0.001 \n"}
,{"stream_name":"stdout","time":1625.357514592,"data":"(epoch: 4, iters: 3900, time: 0.118, data: 0.003) G_GAN: 7.706 G_LPIPS: 47.716 D_real: 0.001 D_fake: 0.001 \n"}
,{"stream_name":"stdout","time":1625.357517831,"data":"(epoch: 4, iters: 3920, time: 0.117, data: 0.003) G_GAN: 8.262 G_LPIPS: 48.691 D_real: 0.004 D_fake: 0.000 \n"}
,{"stream_name":"stdout","time":1625.357521594,"data":"(epoch: 4, iters: 3940, time: 0.117, data: 0.003) G_GAN: 7.417 G_LPIPS: 49.686 D_real: 0.000 D_fake: 0.001 \n"}
,{"stream_name":"stdout","time":1625.357525384,"data":"(epoch: 4, iters: 3960, time: 0.117, data: 0.003) G_GAN: 8.343 G_LPIPS: 47.213 D_real: 0.000 D_fake: 0.000 \n"}
,{"stream_name":"stdout","time":1625.357528992,"data":"(epoch: 4, iters: 3980, time: 0.117, data: 0.003) G_GAN: 7.170 G_LPIPS: 49.924 D_real: 0.000 D_fake: 0.001 \n"}
,{"stream_name":"stdout","time":1625.357533003,"data":"(epoch: 4, iters: 4000, time: 0.117, data: 0.003) G_GAN: 7.882 G_LPIPS: 51.220 D_real: 0.000 D_fake: 0.000 \n"}
,{"stream_name":"stdout","time":1625.357536138,"data":"(epoch: 4, iters: 4020, time: 0.117, data: 0.003) G_GAN: 7.486 G_LPIPS: 48.613 D_real: 0.001 D_fake: 0.001 \n"}
,{"stream_name":"stdout","time":1625.357539284,"data":"(epoch: 4, iters: 4040, time: 0.118, data: 0.003) G_GAN: 8.049 G_LPIPS: 49.562 D_real: 0.000 D_fake: 0.000 \n"}
,{"stream_name":"stdout","time":1625.357542474,"data":"(epoch: 4, iters: 4060, time: 0.118, data: 0.004) G_GAN: 7.876 G_LPIPS: 48.240 D_real: 0.001 D_fake: 0.000 \n"}
,{"stream_name":"stdout","time":1625.35754573,"data":"(epoch: 4, iters: 4080, time: 0.117, data: 0.003) G_GAN: 7.886 G_LPIPS: 55.065 D_real: 0.000 D_fake: 0.000 \n"}
,{"stream_name":"stdout","time":1625.3575494,"data":"(epoch: 4, iters: 4100, time: 0.117, data: 0.003) G_GAN: 8.052 G_LPIPS: 52.910 D_real: 0.000 D_fake: 0.000 \n"}
,{"stream_name":"stdout","time":1625.357552474,"data":"(epoch: 4, iters: 4120, time: 0.117, data: 0.002) G_GAN: 7.607 G_LPIPS: 51.967 D_real: 0.001 D_fake: 0.001 \n"}
,{"stream_name":"stdout","time":1625.35755563,"data":"(epoch: 4, iters: 4140, time: 0.168, data: 0.003) G_GAN: 8.453 G_LPIPS: 50.676 D_real: 0.000 D_fake: 0.000 \n"}
,{"stream_name":"stdout","time":1625.357558975,"data":"(epoch: 4, iters: 4160, time: 0.118, data: 0.003) G_GAN: 7.634 G_LPIPS: 49.745 D_real: 0.001 D_fake: 0.001 \n"}
,{"stream_name":"stdout","time":1625.357566269,"data":"(epoch: 4, iters: 4180, time: 0.117, data: 0.003) G_GAN: 8.122 G_LPIPS: 48.265 D_real: 0.001 D_fake: 0.000 \n"}
,{"stream_name":"stdout","time":1625.357570297,"data":"(epoch: 4, iters: 4200, time: 0.117, data: 0.004) G_GAN: 7.614 G_LPIPS: 46.941 D_real: 0.000 D_fake: 0.001 \n"}
,{"stream_name":"stdout","time":1625.357574219,"data":"(epoch: 4, iters: 4220, time: 0.117, data: 0.003) G_GAN: 7.404 G_LPIPS: 48.173 D_real: 0.009 D_fake: 0.002 \n"}
,{"stream_name":"stdout","time":1625.357578095,"data":"(epoch: 4, iters: 4240, time: 0.118, data: 0.003) G_GAN: 7.638 G_LPIPS: 48.475 D_real: 0.003 D_fake: 0.001 \n"}
,{"stream_name":"stdout","time":1625.357581832,"data":"(epoch: 4, iters: 4260, time: 0.117, data: 0.003) G_GAN: 7.880 G_LPIPS: 52.506 D_real: 0.000 D_fake: 0.000 \n"}
,{"stream_name":"stdout","time":1625.35758599,"data":"(epoch: 4, iters: 4280, time: 0.117, data: 0.003) G_GAN: 8.369 G_LPIPS: 52.508 D_real: 0.000 D_fake: 0.000 \n"}
,{"stream_name":"stdout","time":1625.35758938,"data":"(epoch: 4, iters: 4300, time: 0.117, data: 0.003) G_GAN: 7.215 G_LPIPS: 54.456 D_real: 0.000 D_fake: 0.001 \n"}
,{"stream_name":"stdout","time":1625.357592683,"data":"(epoch: 4, iters: 4320, time: 0.117, data: 0.003) G_GAN: 6.516 G_LPIPS: 53.052 D_real: 0.000 D_fake: 0.002 \n"}
,{"stream_name":"stdout","time":1625.357596589,"data":"(epoch: 4, iters: 4340, time: 0.118, data: 0.003) G_GAN: 6.614 G_LPIPS: 50.011 D_real: 0.001 D_fake: 0.022 \n"}
,{"stream_name":"stdout","time":1625.357600418,"data":"(epoch: 4, iters: 4360, time: 0.118, data: 0.003) G_GAN: 7.597 G_LPIPS: 52.029 D_real: 0.000 D_fake: 0.001 \n"}
,{"stream_name":"stdout","time":1625.357604392,"data":"(epoch: 4, iters: 4380, time: 0.117, data: 0.003) G_GAN: 8.056 G_LPIPS: 56.558 D_real: 0.000 D_fake: 0.000 \n"}
,{"stream_name":"stdout","time":1625.357608359,"data":"(epoch: 4, iters: 4400, time: 0.118, data: 0.003) G_GAN: 7.743 G_LPIPS: 52.078 D_real: 0.000 D_fake: 0.001 \n"}
,{"stream_name":"stdout","time":1625.357612115,"data":"(epoch: 4, iters: 4420, time: 0.118, data: 0.003) G_GAN: 7.161 G_LPIPS: 48.026 D_real: 0.001 D_fake: 0.001 \n"}
,{"stream_name":"stdout","time":1625.357616233,"data":"(epoch: 4, iters: 4440, time: 0.118, data: 0.004) G_GAN: 7.783 G_LPIPS: 52.207 D_real: 0.000 D_fake: 0.001 \n"}
,{"stream_name":"stdout","time":1625.357620325,"data":"(epoch: 4, iters: 4460, time: 0.117, data: 0.003) G_GAN: 7.386 G_LPIPS: 52.106 D_real: 0.001 D_fake: 0.001 \n"}
,{"stream_name":"stdout","time":1625.357624259,"data":"(epoch: 4, iters: 4480, time: 0.118, data: 0.003) G_GAN: 8.163 G_LPIPS: 52.137 D_real: 0.000 D_fake: 0.000 \n"}
,{"stream_name":"stdout","time":1625.357628253,"data":"(epoch: 4, iters: 4500, time: 0.119, data: 0.003) G_GAN: 8.269 G_LPIPS: 51.850 D_real: 0.001 D_fake: 0.000 \n"}
,{"stream_name":"stdout","time":1625.357632156,"data":"(epoch: 4, iters: 4520, time: 0.118, data: 0.003) G_GAN: 7.849 G_LPIPS: 51.021 D_real: 0.001 D_fake: 0.000 \n"}
,{"stream_name":"stdout","time":1625.357635674,"data":"(epoch: 4, iters: 4540, time: 0.118, data: 0.003) G_GAN: 7.661 G_LPIPS: 52.222 D_real: 0.000 D_fake: 0.001 \n"}
,{"stream_name":"stdout","time":1625.357639186,"data":"(epoch: 4, iters: 4560, time: 0.118, data: 0.003) G_GAN: 7.912 G_LPIPS: 52.806 D_real: 0.000 D_fake: 0.000 \n"}
,{"stream_name":"stdout","time":1706.944988127,"data":"(epoch: 4, iters: 4580, time: 0.117, data: 0.003) G_GAN: 7.999 G_LPIPS: 49.507 D_real: 0.000 D_fake: 0.000 \n"}
,{"stream_name":"stdout","time":1706.945022678,"data":"(epoch: 4, iters: 4600, time: 0.118, data: 0.003) G_GAN: 7.456 G_LPIPS: 49.810 D_real: 0.000 D_fake: 0.001 \n"}
,{"stream_name":"stdout","time":1706.94502847,"data":"(epoch: 4, iters: 4620, time: 0.118, data: 0.002) G_GAN: 7.000 G_LPIPS: 52.003 D_real: 0.000 D_fake: 0.001 \n"}
,{"stream_name":"stdout","time":1706.945040728,"data":"(epoch: 4, iters: 4640, time: 0.117, data: 0.003) G_GAN: 8.145 G_LPIPS: 50.932 D_real: 0.000 D_fake: 0.000 \n"}
,{"stream_name":"stdout","time":1706.945044698,"data":"(epoch: 4, iters: 4660, time: 0.117, data: 0.003) G_GAN: 8.287 G_LPIPS: 47.014 D_real: 0.001 D_fake: 0.000 \n"}
,{"stream_name":"stdout","time":1706.945048697,"data":"(epoch: 4, iters: 4680, time: 0.118, data: 0.003) G_GAN: 7.631 G_LPIPS: 47.759 D_real: 0.001 D_fake: 0.001 \n"}
,{"stream_name":"stdout","time":1706.945052572,"data":"(epoch: 4, iters: 4700, time: 0.118, data: 0.003) G_GAN: 7.887 G_LPIPS: 51.647 D_real: 0.000 D_fake: 0.001 \n"}
,{"stream_name":"stdout","time":1706.945056543,"data":"(epoch: 4, iters: 4720, time: 0.119, data: 0.003) G_GAN: 7.895 G_LPIPS: 47.422 D_real: 0.002 D_fake: 0.001 \n"}
,{"stream_name":"stdout","time":1706.945060356,"data":"(epoch: 4, iters: 4740, time: 0.120, data: 0.003) G_GAN: 7.915 G_LPIPS: 49.512 D_real: 0.000 D_fake: 0.000 \n"}
,{"stream_name":"stdout","time":1706.945064167,"data":"(epoch: 4, iters: 4760, time: 0.118, data: 0.003) G_GAN: 7.486 G_LPIPS: 50.854 D_real: 0.000 D_fake: 0.001 \n"}
,{"stream_name":"stdout","time":1706.945068002,"data":"(epoch: 4, iters: 4780, time: 0.117, data: 0.003) G_GAN: 7.101 G_LPIPS: 51.636 D_real: 0.000 D_fake: 0.001 \n"}
,{"stream_name":"stdout","time":1706.945071734,"data":"(epoch: 4, iters: 4800, time: 0.118, data: 0.003) G_GAN: 7.996 G_LPIPS: 51.707 D_real: 0.000 D_fake: 0.000 \n"}
,{"stream_name":"stdout","time":1706.945075657,"data":"(epoch: 4, iters: 4820, time: 0.118, data: 0.003) G_GAN: 7.338 G_LPIPS: 45.605 D_real: 0.002 D_fake: 0.001 \n"}
,{"stream_name":"stdout","time":1706.945079407,"data":"(epoch: 4, iters: 4840, time: 0.118, data: 0.003) G_GAN: 8.016 G_LPIPS: 49.524 D_real: 0.000 D_fake: 0.000 \n"}
,{"stream_name":"stdout","time":1706.945083312,"data":"(epoch: 4, iters: 4860, time: 0.119, data: 0.003) G_GAN: 7.899 G_LPIPS: 50.553 D_real: 0.001 D_fake: 0.000 \n"}
,{"stream_name":"stdout","time":1706.945106954,"data":"(epoch: 4, iters: 4880, time: 0.118, data: 0.003) G_GAN: 7.063 G_LPIPS: 48.029 D_real: 0.001 D_fake: 0.001 \n"}
,{"stream_name":"stdout","time":1706.945112147,"data":"(epoch: 4, iters: 4900, time: 0.122, data: 0.003) G_GAN: 7.237 G_LPIPS: 44.555 D_real: 0.004 D_fake: 0.001 \n"}
,{"stream_name":"stdout","time":1706.945117472,"data":"(epoch: 4, iters: 4920, time: 0.118, data: 0.003) G_GAN: 7.856 G_LPIPS: 47.510 D_real: 0.000 D_fake: 0.000 \n"}
,{"stream_name":"stdout","time":1706.945121535,"data":"(epoch: 4, iters: 4940, time: 0.118, data: 0.003) G_GAN: 7.777 G_LPIPS: 49.317 D_real: 0.000 D_fake: 0.000 \n"}
,{"stream_name":"stdout","time":1706.94512699,"data":"(epoch: 4, iters: 4960, time: 0.118, data: 0.003) G_GAN: 6.853 G_LPIPS: 49.946 D_real: 0.001 D_fake: 0.001 \n"}
,{"stream_name":"stdout","time":1706.945130821,"data":"(epoch: 4, iters: 4980, time: 0.118, data: 0.003) G_GAN: 7.693 G_LPIPS: 53.565 D_real: 0.000 D_fake: 0.001 \n"}
,{"stream_name":"stdout","time":1706.945134607,"data":"(epoch: 4, iters: 5000, time: 0.119, data: 0.003) G_GAN: 7.816 G_LPIPS: 50.503 D_real: 0.000 D_fake: 0.000 \n"}
,{"stream_name":"stdout","time":1706.945138498,"data":"(epoch: 4, iters: 5020, time: 0.118, data: 0.003) G_GAN: 7.163 G_LPIPS: 45.923 D_real: 0.002 D_fake: 0.001 \n"}
,{"stream_name":"stdout","time":1706.945142572,"data":"(epoch: 4, iters: 5040, time: 0.118, data: 0.003) G_GAN: 7.653 G_LPIPS: 50.184 D_real: 0.000 D_fake: 0.001 \n"}
,{"stream_name":"stdout","time":1706.945146448,"data":"(epoch: 4, iters: 5060, time: 0.119, data: 0.003) G_GAN: 7.288 G_LPIPS: 52.995 D_real: 0.000 D_fake: 0.001 \n"}
,{"stream_name":"stdout","time":1706.94515054,"data":"(epoch: 4, iters: 5080, time: 0.118, data: 0.003) G_GAN: 8.373 G_LPIPS: 47.618 D_real: 0.000 D_fake: 0.000 \n"}
,{"stream_name":"stdout","time":1706.945158597,"data":"(epoch: 4, iters: 5100, time: 0.118, data: 0.003) G_GAN: 7.858 G_LPIPS: 52.918 D_real: 0.000 D_fake: 0.000 \n"}
,{"stream_name":"stdout","time":1706.945163048,"data":"(epoch: 4, iters: 5120, time: 0.118, data: 0.003) G_GAN: 8.088 G_LPIPS: 49.528 D_real: 0.000 D_fake: 0.000 \n"}
,{"stream_name":"stdout","time":1706.945167265,"data":"(epoch: 4, iters: 5140, time: 0.118, data: 0.003) G_GAN: 8.093 G_LPIPS: 51.651 D_real: 0.000 D_fake: 0.000 \n"}
,{"stream_name":"stdout","time":1706.94517094,"data":"(epoch: 4, iters: 5160, time: 0.118, data: 0.003) G_GAN: 8.169 G_LPIPS: 50.564 D_real: 0.000 D_fake: 0.000 \n"}
,{"stream_name":"stdout","time":1706.945174403,"data":"(epoch: 4, iters: 5180, time: 0.118, data: 0.003) G_GAN: 8.064 G_LPIPS: 53.479 D_real: 0.000 D_fake: 0.000 \n"}
,{"stream_name":"stdout","time":1706.94517834,"data":"(epoch: 4, iters: 5200, time: 0.119, data: 0.003) G_GAN: 8.248 G_LPIPS: 52.465 D_real: 0.000 D_fake: 0.000 \n"}
,{"stream_name":"stdout","time":1706.945182085,"data":"(epoch: 4, iters: 5220, time: 0.118, data: 0.003) G_GAN: 8.165 G_LPIPS: 52.207 D_real: 0.000 D_fake: 0.000 \n"}
,{"stream_name":"stdout","time":1706.945185873,"data":"(epoch: 4, iters: 5240, time: 0.118, data: 0.003) G_GAN: 7.584 G_LPIPS: 49.574 D_real: 0.001 D_fake: 0.001 \n"}
,{"stream_name":"stdout","time":1706.945189984,"data":"(epoch: 4, iters: 5260, time: 0.131, data: 0.003) G_GAN: 8.356 G_LPIPS: 51.636 D_real: 0.001 D_fake: 0.000 \n"}
,{"stream_name":"stdout","time":1706.945193687,"data":"(epoch: 4, iters: 5280, time: 0.119, data: 0.003) G_GAN: 8.199 G_LPIPS: 45.015 D_real: 0.000 D_fake: 0.000 \n"}
,{"stream_name":"stdout","time":1706.945197492,"data":"(epoch: 4, iters: 5300, time: 0.118, data: 0.003) G_GAN: 8.310 G_LPIPS: 49.599 D_real: 0.000 D_fake: 0.000 \n"}
,{"stream_name":"stdout","time":1706.945201325,"data":"(epoch: 4, iters: 5320, time: 0.119, data: 0.003) G_GAN: 7.905 G_LPIPS: 48.697 D_real: 0.001 D_fake: 0.000 \n"}
,{"stream_name":"stdout","time":1706.945206045,"data":"(epoch: 4, iters: 5340, time: 0.119, data: 0.003) G_GAN: 7.881 G_LPIPS: 48.622 D_real: 0.001 D_fake: 0.000 \n"}
,{"stream_name":"stdout","time":1706.945210022,"data":"(epoch: 4, iters: 5360, time: 0.118, data: 0.003) G_GAN: 7.982 G_LPIPS: 49.887 D_real: 0.001 D_fake: 0.000 \n"}
,{"stream_name":"stdout","time":1706.945213842,"data":"(epoch: 4, iters: 5380, time: 0.118, data: 0.003) G_GAN: 8.426 G_LPIPS: 50.247 D_real: 0.000 D_fake: 0.000 \n"}
,{"stream_name":"stdout","time":1706.945217925,"data":"(epoch: 4, iters: 5400, time: 0.118, data: 0.003) G_GAN: 7.872 G_LPIPS: 50.343 D_real: 0.000 D_fake: 0.000 \n"}
,{"stream_name":"stdout","time":1706.945221963,"data":"(epoch: 4, iters: 5420, time: 0.118, data: 0.003) G_GAN: 6.729 G_LPIPS: 46.380 D_real: 0.002 D_fake: 0.002 \n"}
,{"stream_name":"stdout","time":1706.945225943,"data":"(epoch: 4, iters: 5440, time: 0.118, data: 0.003) G_GAN: 8.720 G_LPIPS: 50.125 D_real: 0.000 D_fake: 0.000 \n"}
,{"stream_name":"stdout","time":1706.945229738,"data":"(epoch: 4, iters: 5460, time: 0.118, data: 0.003) G_GAN: 8.112 G_LPIPS: 54.207 D_real: 0.000 D_fake: 0.000 \n"}
,{"stream_name":"stdout","time":1706.94523438,"data":"(epoch: 4, iters: 5480, time: 0.118, data: 0.003) G_GAN: 8.276 G_LPIPS: 53.128 D_real: 0.000 D_fake: 0.000 \n"}
,{"stream_name":"stdout","time":1706.945238425,"data":"(epoch: 4, iters: 5500, time: 0.118, data: 0.003) G_GAN: 7.931 G_LPIPS: 51.494 D_real: 0.000 D_fake: 0.000 \n"}
,{"stream_name":"stdout","time":1706.945242315,"data":"(epoch: 4, iters: 5520, time: 0.118, data: 0.003) G_GAN: 7.994 G_LPIPS: 52.531 D_real: 0.000 D_fake: 0.000 \n"}
,{"stream_name":"stdout","time":1706.945246393,"data":"(epoch: 4, iters: 5540, time: 0.119, data: 0.004) G_GAN: 7.983 G_LPIPS: 48.745 D_real: 0.000 D_fake: 0.000 \n"}
,{"stream_name":"stdout","time":1706.945253775,"data":"(epoch: 4, iters: 5560, time: 0.119, data: 0.003) G_GAN: 7.624 G_LPIPS: 46.970 D_real: 0.000 D_fake: 0.001 \n"}
,{"stream_name":"stdout","time":1706.945257941,"data":"(epoch: 4, iters: 5580, time: 0.075, data: 0.003) G_GAN: 8.647 G_LPIPS: 55.002 D_real: 0.000 D_fake: 0.000 \n"}
,{"stream_name":"stdout","time":1706.945262008,"data":"saving the model at the end of epoch 4, iters 22320\n"}
,{"stream_name":"stdout","time":1706.945265916,"data":"End of epoch 4 / 20 \t Time Taken: 440 sec\n"}
,{"stream_name":"stdout","time":1706.945270097,"data":"learning rate 0.0001000 -\u003e 0.0001000\n"}
,{"stream_name":"stdout","time":1833.309056592,"data":"(epoch: 5, iters: 20, time: 0.120, data: 0.249) G_GAN: 7.850 G_LPIPS: 49.779 D_real: 0.001 D_fake: 0.000 \n"}
,{"stream_name":"stdout","time":1833.309120444,"data":"(epoch: 5, iters: 40, time: 0.118, data: 0.002) G_GAN: 7.149 G_LPIPS: 48.479 D_real: 0.000 D_fake: 0.001 \n"}
,{"stream_name":"stdout","time":1833.309129622,"data":"(epoch: 5, iters: 60, time: 0.118, data: 0.003) G_GAN: 6.734 G_LPIPS: 47.566 D_real: 0.002 D_fake: 0.218 \n"}
,{"stream_name":"stdout","time":1833.309134882,"data":"(epoch: 5, iters: 80, time: 0.136, data: 0.003) G_GAN: 7.540 G_LPIPS: 49.468 D_real: 0.006 D_fake: 0.310 \n"}
,{"stream_name":"stdout","time":1833.309139952,"data":"(epoch: 5, iters: 100, time: 0.119, data: 0.003) G_GAN: 6.620 G_LPIPS: 45.756 D_real: 0.082 D_fake: 0.002 \n"}
,{"stream_name":"stdout","time":1833.309144321,"data":"(epoch: 5, iters: 120, time: 0.119, data: 0.003) G_GAN: 7.141 G_LPIPS: 48.788 D_real: 0.004 D_fake: 0.165 \n"}
,{"stream_name":"stdout","time":1833.30914963,"data":"(epoch: 5, iters: 140, time: 0.118, data: 0.003) G_GAN: 7.132 G_LPIPS: 50.248 D_real: 0.001 D_fake: 0.019 \n"}
,{"stream_name":"stdout","time":1833.309154894,"data":"(epoch: 5, iters: 160, time: 0.119, data: 0.003) G_GAN: 9.197 G_LPIPS: 54.175 D_real: 0.001 D_fake: 0.000 \n"}
,{"stream_name":"stdout","time":1833.3091592,"data":"(epoch: 5, iters: 180, time: 0.119, data: 0.003) G_GAN: 7.996 G_LPIPS: 49.759 D_real: 0.033 D_fake: 0.002 \n"}
,{"stream_name":"stdout","time":1833.309163337,"data":"(epoch: 5, iters: 200, time: 0.119, data: 0.003) G_GAN: 8.576 G_LPIPS: 50.379 D_real: 0.001 D_fake: 0.001 \n"}
,{"stream_name":"stdout","time":1833.30916798,"data":"(epoch: 5, iters: 220, time: 0.119, data: 0.003) G_GAN: 8.403 G_LPIPS: 54.797 D_real: 0.001 D_fake: 0.001 \n"}
,{"stream_name":"stdout","time":1833.309173009,"data":"(epoch: 5, iters: 240, time: 0.120, data: 0.004) G_GAN: 6.438 G_LPIPS: 48.076 D_real: 0.011 D_fake: 0.006 \n"}
,{"stream_name":"stdout","time":1833.309178009,"data":"(epoch: 5, iters: 260, time: 0.119, data: 0.003) G_GAN: 8.024 G_LPIPS: 50.555 D_real: 0.001 D_fake: 0.001 \n"}
,{"stream_name":"stdout","time":1833.309182737,"data":"(epoch: 5, iters: 280, time: 0.119, data: 0.003) G_GAN: 8.369 G_LPIPS: 47.703 D_real: 0.003 D_fake: 0.001 \n"}
,{"stream_name":"stdout","time":1833.309188914,"data":"(epoch: 5, iters: 300, time: 0.119, data: 0.003) G_GAN: 8.492 G_LPIPS: 45.455 D_real: 0.003 D_fake: 0.001 \n"}
,{"stream_name":"stdout","time":1833.309197643,"data":"(epoch: 5, iters: 320, time: 0.119, data: 0.003) G_GAN: 8.118 G_LPIPS: 47.182 D_real: 0.005 D_fake: 0.001 \n"}
,{"stream_name":"stdout","time":1833.30920127,"data":"(epoch: 5, iters: 340, time: 0.119, data: 0.003) G_GAN: 8.475 G_LPIPS: 49.909 D_real: 0.000 D_fake: 0.001 \n"}
,{"stream_name":"stdout","time":1833.309204422,"data":"(epoch: 5, iters: 360, time: 0.119, data: 0.003) G_GAN: 6.564 G_LPIPS: 49.409 D_real: 0.001 D_fake: 0.003 \n"}
,{"stream_name":"stdout","time":1833.309207768,"data":"(epoch: 5, iters: 380, time: 0.118, data: 0.003) G_GAN: 8.813 G_LPIPS: 50.855 D_real: 0.001 D_fake: 0.000 \n"}
,{"stream_name":"stdout","time":1833.309213166,"data":"(epoch: 5, iters: 400, time: 0.119, data: 0.003) G_GAN: 7.555 G_LPIPS: 47.197 D_real: 0.008 D_fake: 0.001 \n"}
,{"stream_name":"stdout","time":1833.309226489,"data":"(epoch: 5, iters: 420, time: 0.119, data: 0.003) G_GAN: 7.582 G_LPIPS: 50.240 D_real: 0.001 D_fake: 0.001 \n"}
,{"stream_name":"stdout","time":1833.309229035,"data":"(epoch: 5, iters: 440, time: 0.119, data: 0.003) G_GAN: 8.308 G_LPIPS: 50.806 D_real: 0.001 D_fake: 0.000 \n"}
,{"stream_name":"stdout","time":1833.309231313,"data":"(epoch: 5, iters: 460, time: 0.119, data: 0.003) G_GAN: 7.861 G_LPIPS: 50.788 D_real: 0.001 D_fake: 0.001 \n"}
,{"stream_name":"stdout","time":1833.309233581,"data":"(epoch: 5, iters: 480, time: 0.121, data: 0.003) G_GAN: 7.908 G_LPIPS: 49.630 D_real: 0.002 D_fake: 0.001 \n"}
,{"stream_name":"stdout","time":1833.30923585,"data":"(epoch: 5, iters: 500, time: 0.119, data: 0.003) G_GAN: 8.434 G_LPIPS: 51.164 D_real: 0.000 D_fake: 0.001 \n"}
,{"stream_name":"stdout","time":1833.309238263,"data":"(epoch: 5, iters: 520, time: 0.119, data: 0.003) G_GAN: 6.960 G_LPIPS: 51.348 D_real: 0.001 D_fake: 0.002 \n"}
,{"stream_name":"stdout","time":1833.309240637,"data":"(epoch: 5, iters: 540, time: 0.119, data: 0.003) G_GAN: 6.628 G_LPIPS: 46.618 D_real: 0.001 D_fake: 0.004 \n"}
,{"stream_name":"stdout","time":1833.309242912,"data":"(epoch: 5, iters: 560, time: 0.119, data: 0.003) G_GAN: 8.298 G_LPIPS: 48.323 D_real: 0.001 D_fake: 0.001 \n"}
,{"stream_name":"stdout","time":1833.309245165,"data":"(epoch: 5, iters: 580, time: 0.119, data: 0.003) G_GAN: 7.819 G_LPIPS: 51.398 D_real: 0.001 D_fake: 0.001 \n"}
,{"stream_name":"stdout","time":1833.309247519,"data":"(epoch: 5, iters: 600, time: 0.119, data: 0.003) G_GAN: 8.098 G_LPIPS: 51.318 D_real: 0.002 D_fake: 0.001 \n"}
,{"stream_name":"stdout","time":1833.309249767,"data":"(epoch: 5, iters: 620, time: 0.119, data: 0.003) G_GAN: 8.333 G_LPIPS: 48.333 D_real: 0.001 D_fake: 0.001 \n"}
,{"stream_name":"stdout","time":1833.309252027,"data":"(epoch: 5, iters: 640, time: 0.119, data: 0.003) G_GAN: 7.886 G_LPIPS: 47.886 D_real: 0.001 D_fake: 0.001 \n"}
,{"stream_name":"stdout","time":1833.309254295,"data":"(epoch: 5, iters: 660, time: 0.124, data: 0.003) G_GAN: 8.183 G_LPIPS: 53.214 D_real: 0.000 D_fake: 0.001 \n"}
,{"stream_name":"stdout","time":1833.309256632,"data":"(epoch: 5, iters: 680, time: 0.119, data: 0.003) G_GAN: 7.482 G_LPIPS: 49.554 D_real: 0.003 D_fake: 0.001 \n"}
,{"stream_name":"stdout","time":1833.309258913,"data":"(epoch: 5, iters: 700, time: 0.119, data: 0.003) G_GAN: 7.230 G_LPIPS: 53.504 D_real: 0.001 D_fake: 0.002 \n"}
,{"stream_name":"stdout","time":1833.309261168,"data":"(epoch: 5, iters: 720, time: 0.119, data: 0.003) G_GAN: 8.475 G_LPIPS: 50.414 D_real: 0.001 D_fake: 0.000 \n"}
,{"stream_name":"stdout","time":1833.309263422,"data":"(epoch: 5, iters: 740, time: 0.119, data: 0.003) G_GAN: 8.328 G_LPIPS: 55.526 D_real: 0.000 D_fake: 0.001 \n"}
,{"stream_name":"stdout","time":1833.309265778,"data":"(epoch: 5, iters: 760, time: 0.120, data: 0.003) G_GAN: 8.674 G_LPIPS: 48.062 D_real: 0.002 D_fake: 0.000 \n"}
,{"stream_name":"stdout","time":1833.309268369,"data":"(epoch: 5, iters: 780, time: 0.121, data: 0.003) G_GAN: 6.336 G_LPIPS: 48.512 D_real: 0.001 D_fake: 0.003 \n"}
,{"stream_name":"stdout","time":1833.309270658,"data":"(epoch: 5, iters: 800, time: 0.119, data: 0.002) G_GAN: 7.706 G_LPIPS: 51.254 D_real: 0.000 D_fake: 0.001 \n"}
,{"stream_name":"stdout","time":1833.309272927,"data":"(epoch: 5, iters: 820, time: 0.119, data: 0.003) G_GAN: 8.337 G_LPIPS: 49.903 D_real: 0.001 D_fake: 0.000 \n"}
,{"stream_name":"stdout","time":1833.309275189,"data":"(epoch: 5, iters: 840, time: 0.119, data: 0.003) G_GAN: 7.063 G_LPIPS: 49.832 D_real: 0.001 D_fake: 0.002 \n"}
,{"stream_name":"stdout","time":1833.309277472,"data":"(epoch: 5, iters: 860, time: 0.120, data: 0.003) G_GAN: 8.475 G_LPIPS: 51.114 D_real: 0.000 D_fake: 0.000 \n"}
,{"stream_name":"stdout","time":1833.309281845,"data":"(epoch: 5, iters: 880, time: 0.119, data: 0.003) G_GAN: 7.711 G_LPIPS: 47.829 D_real: 0.001 D_fake: 0.001 \n"}
,{"stream_name":"stdout","time":1833.3092843,"data":"(epoch: 5, iters: 900, time: 0.120, data: 0.003) G_GAN: 7.199 G_LPIPS: 47.570 D_real: 0.001 D_fake: 0.001 \n"}
,{"stream_name":"stdout","time":1833.309286593,"data":"(epoch: 5, iters: 920, time: 0.119, data: 0.003) G_GAN: 8.816 G_LPIPS: 50.442 D_real: 0.000 D_fake: 0.000 \n"}
,{"stream_name":"stdout","time":1833.309288859,"data":"(epoch: 5, iters: 940, time: 0.120, data: 0.003) G_GAN: 7.446 G_LPIPS: 51.375 D_real: 0.003 D_fake: 0.001 \n"}
,{"stream_name":"stdout","time":1833.309291126,"data":"(epoch: 5, iters: 960, time: 0.118, data: 0.003) G_GAN: 8.701 G_LPIPS: 50.566 D_real: 0.003 D_fake: 0.000 \n"}
,{"stream_name":"stdout","time":1833.309293378,"data":"(epoch: 5, iters: 980, time: 0.119, data: 0.003) G_GAN: 8.153 G_LPIPS: 52.338 D_real: 0.000 D_fake: 0.001 \n"}
,{"stream_name":"stdout","time":1833.309295642,"data":"(epoch: 5, iters: 1000, time: 0.119, data: 0.003) G_GAN: 7.989 G_LPIPS: 54.115 D_real: 0.000 D_fake: 0.001 \n"}
,{"stream_name":"stdout","time":1833.309297939,"data":"(epoch: 5, iters: 1020, time: 0.119, data: 0.003) G_GAN: 7.453 G_LPIPS: 48.079 D_real: 0.000 D_fake: 0.001 \n"}
,{"stream_name":"stdout","time":1833.309300212,"data":"(epoch: 5, iters: 1040, time: 0.120, data: 0.003) G_GAN: 7.833 G_LPIPS: 53.502 D_real: 0.001 D_fake: 0.001 \n"}
,{"stream_name":"stdout","time":1833.309302493,"data":"(epoch: 5, iters: 1060, time: 0.120, data: 0.003) G_GAN: 8.406 G_LPIPS: 50.594 D_real: 0.000 D_fake: 0.000 \n"}
,{"stream_name":"stdout","time":1833.309304756,"data":"(epoch: 5, iters: 1080, time: 0.119, data: 0.003) G_GAN: 7.171 G_LPIPS: 48.758 D_real: 0.000 D_fake: 0.001 \n"}
,{"stream_name":"stdout","time":1833.309307017,"data":"(epoch: 5, iters: 1100, time: 0.119, data: 0.003) G_GAN: 7.780 G_LPIPS: 46.547 D_real: 0.001 D_fake: 0.001 \n"}
,{"stream_name":"stdout","time":1833.30930929,"data":"(epoch: 5, iters: 1120, time: 0.119, data: 0.003) G_GAN: 7.858 G_LPIPS: 50.886 D_real: 0.001 D_fake: 0.001 \n"}
,{"stream_name":"stdout","time":1833.309311557,"data":"(epoch: 5, iters: 1140, time: 0.168, data: 0.003) G_GAN: 8.674 G_LPIPS: 52.605 D_real: 0.000 D_fake: 0.000 \n"}
,{"stream_name":"stdout","time":1833.309314254,"data":"(epoch: 5, iters: 1160, time: 0.120, data: 0.003) G_GAN: 7.762 G_LPIPS: 45.578 D_real: 0.005 D_fake: 0.001 \n"}
,{"stream_name":"stdout","time":1833.309316586,"data":"(epoch: 5, iters: 1180, time: 0.120, data: 0.003) G_GAN: 6.678 G_LPIPS: 51.495 D_real: 0.000 D_fake: 0.002 \n"}
,{"stream_name":"stdout","time":1833.309318905,"data":"(epoch: 5, iters: 1200, time: 0.120, data: 0.003) G_GAN: 8.175 G_LPIPS: 50.081 D_real: 0.000 D_fake: 0.000 \n"}
,{"stream_name":"stdout","time":1833.30934101,"data":"(epoch: 5, iters: 1220, time: 0.121, data: 0.003) G_GAN: 7.709 G_LPIPS: 48.187 D_real: 0.000 D_fake: 0.001 \n"}
,{"stream_name":"stdout","time":1833.30934522,"data":"(epoch: 5, iters: 1240, time: 0.170, data: 0.003) G_GAN: 6.889 G_LPIPS: 50.141 D_real: 0.000 D_fake: 0.002 \n"}
,{"stream_name":"stdout","time":1833.309349013,"data":"(epoch: 5, iters: 1260, time: 0.121, data: 0.003) G_GAN: 6.663 G_LPIPS: 48.132 D_real: 0.001 D_fake: 0.003 \n"}
,{"stream_name":"stdout","time":1833.3093526,"data":"(epoch: 5, iters: 1280, time: 0.121, data: 0.003) G_GAN: 7.397 G_LPIPS: 47.867 D_real: 0.000 D_fake: 0.001 \n"}
,{"stream_name":"stdout","time":1833.309356355,"data":"(epoch: 5, iters: 1300, time: 0.119, data: 0.003) G_GAN: 8.375 G_LPIPS: 47.646 D_real: 0.002 D_fake: 0.000 \n"}
,{"stream_name":"stdout","time":1833.309359562,"data":"(epoch: 5, iters: 1320, time: 0.120, data: 0.003) G_GAN: 8.731 G_LPIPS: 48.264 D_real: 0.000 D_fake: 0.000 \n"}
,{"stream_name":"stdout","time":1833.309367042,"data":"(epoch: 5, iters: 1340, time: 0.120, data: 0.003) G_GAN: 7.782 G_LPIPS: 48.757 D_real: 0.000 D_fake: 0.001 \n"}
,{"stream_name":"stdout","time":1833.309371053,"data":"(epoch: 5, iters: 1360, time: 0.120, data: 0.003) G_GAN: 7.576 G_LPIPS: 49.658 D_real: 0.001 D_fake: 0.001 \n"}
,{"stream_name":"stdout","time":1833.309374199,"data":"(epoch: 5, iters: 1380, time: 0.121, data: 0.003) G_GAN: 7.829 G_LPIPS: 50.977 D_real: 0.000 D_fake: 0.001 \n"}
,{"stream_name":"stdout","time":1833.309377438,"data":"(epoch: 5, iters: 1400, time: 0.121, data: 0.003) G_GAN: 7.086 G_LPIPS: 45.837 D_real: 0.005 D_fake: 0.001 \n"}
,{"stream_name":"stdout","time":1833.309380697,"data":"(epoch: 5, iters: 1420, time: 0.119, data: 0.003) G_GAN: 8.244 G_LPIPS: 49.908 D_real: 0.000 D_fake: 0.000 \n"}
,{"stream_name":"stdout","time":1833.309383907,"data":"(epoch: 5, iters: 1440, time: 0.170, data: 0.003) G_GAN: 8.546 G_LPIPS: 50.311 D_real: 0.000 D_fake: 0.000 \n"}
,{"stream_name":"stdout","time":1833.309386952,"data":"(epoch: 5, iters: 1460, time: 0.120, data: 0.003) G_GAN: 8.378 G_LPIPS: 50.646 D_real: 0.000 D_fake: 0.000 \n"}
,{"stream_name":"stdout","time":1833.30939879,"data":"(epoch: 5, iters: 1480, time: 0.120, data: 0.003) G_GAN: 8.627 G_LPIPS: 50.821 D_real: 0.000 D_fake: 0.000 \n"}
,{"stream_name":"stdout","time":1833.309402303,"data":"(epoch: 5, iters: 1500, time: 0.121, data: 0.003) G_GAN: 8.104 G_LPIPS: 50.620 D_real: 0.001 D_fake: 0.000 \n"}
,{"stream_name":"stdout","time":1833.309405382,"data":"(epoch: 5, iters: 1520, time: 0.119, data: 0.003) G_GAN: 7.697 G_LPIPS: 51.259 D_real: 0.001 D_fake: 0.001 \n"}
,{"stream_name":"stdout","time":1960.566138497,"data":"(epoch: 5, iters: 1540, time: 0.119, data: 0.003) G_GAN: 8.529 G_LPIPS: 47.864 D_real: 0.000 D_fake: 0.000 \n"}
,{"stream_name":"stdout","time":1960.566190028,"data":"(epoch: 5, iters: 1560, time: 0.121, data: 0.003) G_GAN: 8.480 G_LPIPS: 50.592 D_real: 0.000 D_fake: 0.000 \n"}
,{"stream_name":"stdout","time":1960.566194871,"data":"(epoch: 5, iters: 1580, time: 0.119, data: 0.003) G_GAN: 7.495 G_LPIPS: 52.243 D_real: 0.000 D_fake: 0.001 \n"}
,{"stream_name":"stdout","time":1960.566198227,"data":"(epoch: 5, iters: 1600, time: 0.119, data: 0.003) G_GAN: 8.187 G_LPIPS: 47.437 D_real: 0.000 D_fake: 0.000 \n"}
,{"stream_name":"stdout","time":1960.566201421,"data":"(epoch: 5, iters: 1620, time: 0.120, data: 0.003) G_GAN: 8.490 G_LPIPS: 54.241 D_real: 0.000 D_fake: 0.000 \n"}
,{"stream_name":"stdout","time":1960.566204824,"data":"(epoch: 5, iters: 1640, time: 0.120, data: 0.003) G_GAN: 6.684 G_LPIPS: 47.651 D_real: 0.000 D_fake: 0.002 \n"}
,{"stream_name":"stdout","time":1960.566207917,"data":"(epoch: 5, iters: 1660, time: 0.119, data: 0.003) G_GAN: 7.618 G_LPIPS: 51.376 D_real: 0.000 D_fake: 0.001 \n"}
,{"stream_name":"stdout","time":1960.566210873,"data":"(epoch: 5, iters: 1680, time: 0.135, data: 0.004) G_GAN: 8.572 G_LPIPS: 52.241 D_real: 0.000 D_fake: 0.000 \n"}
,{"stream_name":"stdout","time":1960.566213809,"data":"(epoch: 5, iters: 1700, time: 0.119, data: 0.003) G_GAN: 8.585 G_LPIPS: 51.338 D_real: 0.000 D_fake: 0.000 \n"}
,{"stream_name":"stdout","time":1960.566216823,"data":"(epoch: 5, iters: 1720, time: 0.120, data: 0.003) G_GAN: 8.132 G_LPIPS: 49.786 D_real: 0.001 D_fake: 0.000 \n"}
,{"stream_name":"stdout","time":1960.566219751,"data":"(epoch: 5, iters: 1740, time: 0.120, data: 0.003) G_GAN: 8.455 G_LPIPS: 47.288 D_real: 0.000 D_fake: 0.000 \n"}
,{"stream_name":"stdout","time":1960.566222686,"data":"(epoch: 5, iters: 1760, time: 0.167, data: 0.003) G_GAN: 8.617 G_LPIPS: 50.984 D_real: 0.000 D_fake: 0.000 \n"}
,{"stream_name":"stdout","time":1960.566225624,"data":"(epoch: 5, iters: 1780, time: 0.119, data: 0.003) G_GAN: 8.395 G_LPIPS: 50.819 D_real: 0.000 D_fake: 0.000 \n"}
,{"stream_name":"stdout","time":1960.566239496,"data":"(epoch: 5, iters: 1800, time: 0.120, data: 0.003) G_GAN: 8.180 G_LPIPS: 49.518 D_real: 0.000 D_fake: 0.000 \n"}
,{"stream_name":"stdout","time":1960.566243105,"data":"(epoch: 5, iters: 1820, time: 0.120, data: 0.003) G_GAN: 8.696 G_LPIPS: 50.298 D_real: 0.000 D_fake: 0.000 \n"}
,{"stream_name":"stdout","time":1960.566245403,"data":"(epoch: 5, iters: 1840, time: 0.119, data: 0.003) G_GAN: 8.194 G_LPIPS: 53.329 D_real: 0.000 D_fake: 0.000 \n"}
,{"stream_name":"stdout","time":1960.566247666,"data":"(epoch: 5, iters: 1860, time: 0.121, data: 0.002) G_GAN: 7.811 G_LPIPS: 48.239 D_real: 0.001 D_fake: 0.001 \n"}
,{"stream_name":"stdout","time":1960.566250016,"data":"(epoch: 5, iters: 1880, time: 0.119, data: 0.003) G_GAN: 7.516 G_LPIPS: 49.161 D_real: 0.001 D_fake: 0.001 \n"}
,{"stream_name":"stdout","time":1960.566252284,"data":"(epoch: 5, iters: 1900, time: 0.120, data: 0.003) G_GAN: 7.708 G_LPIPS: 50.182 D_real: 0.000 D_fake: 0.001 \n"}
,{"stream_name":"stdout","time":1960.566255918,"data":"(epoch: 5, iters: 1920, time: 0.120, data: 0.003) G_GAN: 9.089 G_LPIPS: 49.008 D_real: 0.000 D_fake: 0.000 \n"}
,{"stream_name":"stdout","time":1960.566258212,"data":"(epoch: 5, iters: 1940, time: 0.120, data: 0.002) G_GAN: 7.940 G_LPIPS: 51.454 D_real: 0.000 D_fake: 0.001 \n"}
,{"stream_name":"stdout","time":1960.566260681,"data":"(epoch: 5, iters: 1960, time: 0.119, data: 0.003) G_GAN: 8.195 G_LPIPS: 51.703 D_real: 0.000 D_fake: 0.000 \n"}
,{"stream_name":"stdout","time":1960.566263284,"data":"(epoch: 5, iters: 1980, time: 0.120, data: 0.003) G_GAN: 8.398 G_LPIPS: 45.822 D_real: 0.003 D_fake: 0.000 \n"}
,{"stream_name":"stdout","time":1960.566265767,"data":"(epoch: 5, iters: 2000, time: 0.120, data: 0.003) G_GAN: 8.298 G_LPIPS: 47.321 D_real: 0.001 D_fake: 0.000 \n"}
,{"stream_name":"stdout","time":1960.566268025,"data":"(epoch: 5, iters: 2020, time: 0.120, data: 0.003) G_GAN: 8.105 G_LPIPS: 48.887 D_real: 0.001 D_fake: 0.000 \n"}
,{"stream_name":"stdout","time":1960.566270373,"data":"(epoch: 5, iters: 2040, time: 0.120, data: 0.003) G_GAN: 8.778 G_LPIPS: 51.229 D_real: 0.000 D_fake: 0.000 \n"}
,{"stream_name":"stdout","time":1960.566272631,"data":"(epoch: 5, iters: 2060, time: 0.121, data: 0.003) G_GAN: 7.515 G_LPIPS: 49.514 D_real: 0.000 D_fake: 0.001 \n"}
,{"stream_name":"stdout","time":1960.566274896,"data":"(epoch: 5, iters: 2080, time: 0.120, data: 0.003) G_GAN: 8.090 G_LPIPS: 49.845 D_real: 0.000 D_fake: 0.000 \n"}
,{"stream_name":"stdout","time":1960.566277137,"data":"(epoch: 5, iters: 2100, time: 0.120, data: 0.003) G_GAN: 8.235 G_LPIPS: 50.971 D_real: 0.000 D_fake: 0.000 \n"}
,{"stream_name":"stdout","time":1960.566279818,"data":"(epoch: 5, iters: 2120, time: 0.119, data: 0.003) G_GAN: 7.955 G_LPIPS: 52.170 D_real: 0.000 D_fake: 0.001 \n"}
,{"stream_name":"stdout","time":1960.566282085,"data":"(epoch: 5, iters: 2140, time: 0.120, data: 0.003) G_GAN: 8.155 G_LPIPS: 51.224 D_real: 0.000 D_fake: 0.000 \n"}
,{"stream_name":"stdout","time":1960.566284344,"data":"(epoch: 5, iters: 2160, time: 0.120, data: 0.004) G_GAN: 7.972 G_LPIPS: 49.559 D_real: 0.000 D_fake: 0.000 \n"}
,{"stream_name":"stdout","time":1960.566286613,"data":"(epoch: 5, iters: 2180, time: 0.121, data: 0.003) G_GAN: 7.905 G_LPIPS: 50.400 D_real: 0.000 D_fake: 0.001 \n"}
,{"stream_name":"stdout","time":1960.566288955,"data":"(epoch: 5, iters: 2200, time: 0.121, data: 0.003) G_GAN: 8.285 G_LPIPS: 50.968 D_real: 0.000 D_fake: 0.000 \n"}
,{"stream_name":"stdout","time":1960.566291215,"data":"(epoch: 5, iters: 2220, time: 0.120, data: 0.003) G_GAN: 8.958 G_LPIPS: 52.124 D_real: 0.000 D_fake: 0.000 \n"}
,{"stream_name":"stdout","time":1960.566293573,"data":"(epoch: 5, iters: 2240, time: 0.121, data: 0.003) G_GAN: 8.519 G_LPIPS: 50.417 D_real: 0.000 D_fake: 0.000 \n"}
,{"stream_name":"stdout","time":1960.566312367,"data":"(epoch: 5, iters: 2260, time: 0.122, data: 0.003) G_GAN: 8.576 G_LPIPS: 50.358 D_real: 0.000 D_fake: 0.000 \n"}
,{"stream_name":"stdout","time":1960.566316808,"data":"(epoch: 5, iters: 2280, time: 0.123, data: 0.003) G_GAN: 6.698 G_LPIPS: 48.354 D_real: 0.000 D_fake: 0.002 \n"}
,{"stream_name":"stdout","time":1960.56632097,"data":"(epoch: 5, iters: 2300, time: 0.120, data: 0.003) G_GAN: 7.915 G_LPIPS: 51.433 D_real: 0.000 D_fake: 0.001 \n"}
,{"stream_name":"stdout","time":1960.566325116,"data":"(epoch: 5, iters: 2320, time: 0.120, data: 0.003) G_GAN: 8.353 G_LPIPS: 47.096 D_real: 0.001 D_fake: 0.000 \n"}
,{"stream_name":"stdout","time":1960.566328793,"data":"(epoch: 5, iters: 2340, time: 0.120, data: 0.003) G_GAN: 8.056 G_LPIPS: 43.451 D_real: 0.002 D_fake: 0.001 \n"}
,{"stream_name":"stdout","time":1960.566332471,"data":"(epoch: 5, iters: 2360, time: 0.123, data: 0.003) G_GAN: 8.510 G_LPIPS: 51.797 D_real: 0.000 D_fake: 0.000 \n"}
,{"stream_name":"stdout","time":1960.566335807,"data":"(epoch: 5, iters: 2380, time: 0.121, data: 0.003) G_GAN: 8.448 G_LPIPS: 50.579 D_real: 0.000 D_fake: 0.000 \n"}
,{"stream_name":"stdout","time":1960.566339063,"data":"(epoch: 5, iters: 2400, time: 0.170, data: 0.003) G_GAN: 8.353 G_LPIPS: 51.030 D_real: 0.000 D_fake: 0.000 \n"}
,{"stream_name":"stdout","time":1960.566342536,"data":"(epoch: 5, iters: 2420, time: 0.121, data: 0.003) G_GAN: 8.671 G_LPIPS: 50.581 D_real: 0.000 D_fake: 0.000 \n"}
,{"stream_name":"stdout","time":1960.566346013,"data":"(epoch: 5, iters: 2440, time: 0.121, data: 0.003) G_GAN: 7.785 G_LPIPS: 46.594 D_real: 0.001 D_fake: 0.001 \n"}
,{"stream_name":"stdout","time":1960.566349423,"data":"(epoch: 5, iters: 2460, time: 0.122, data: 0.003) G_GAN: 8.424 G_LPIPS: 55.424 D_real: 0.000 D_fake: 0.000 \n"}
,{"stream_name":"stdout","time":1960.566352589,"data":"(epoch: 5, iters: 2480, time: 0.125, data: 0.003) G_GAN: 7.717 G_LPIPS: 48.494 D_real: 0.000 D_fake: 0.001 \n"}
,{"stream_name":"stdout","time":1960.566355655,"data":"(epoch: 5, iters: 2500, time: 0.120, data: 0.003) G_GAN: 8.048 G_LPIPS: 46.999 D_real: 0.001 D_fake: 0.000 \n"}
,{"stream_name":"stdout","time":1960.566358896,"data":"(epoch: 5, iters: 2520, time: 0.120, data: 0.003) G_GAN: 7.651 G_LPIPS: 47.236 D_real: 0.007 D_fake: 0.001 \n"}
,{"stream_name":"stdout","time":1960.566362374,"data":"(epoch: 5, iters: 2540, time: 0.120, data: 0.003) G_GAN: 7.781 G_LPIPS: 55.929 D_real: 0.000 D_fake: 0.001 \n"}
,{"stream_name":"stdout","time":1960.566365909,"data":"(epoch: 5, iters: 2560, time: 0.121, data: 0.003) G_GAN: 8.155 G_LPIPS: 51.291 D_real: 0.001 D_fake: 0.000 \n"}
,{"stream_name":"stdout","time":1960.566369081,"data":"(epoch: 5, iters: 2580, time: 0.121, data: 0.003) G_GAN: 8.056 G_LPIPS: 44.480 D_real: 0.003 D_fake: 0.000 \n"}
,{"stream_name":"stdout","time":1960.566372527,"data":"(epoch: 5, iters: 2600, time: 0.122, data: 0.003) G_GAN: 8.227 G_LPIPS: 49.806 D_real: 0.000 D_fake: 0.000 \n"}
,{"stream_name":"stdout","time":1960.566376313,"data":"(epoch: 5, iters: 2620, time: 0.120, data: 0.003) G_GAN: 8.278 G_LPIPS: 49.783 D_real: 0.000 D_fake: 0.000 \n"}
,{"stream_name":"stdout","time":1960.566379982,"data":"(epoch: 5, iters: 2640, time: 0.121, data: 0.003) G_GAN: 8.075 G_LPIPS: 46.111 D_real: 0.000 D_fake: 0.000 \n"}
,{"stream_name":"stdout","time":1960.566383718,"data":"(epoch: 5, iters: 2660, time: 0.121, data: 0.003) G_GAN: 8.281 G_LPIPS: 49.996 D_real: 0.000 D_fake: 0.000 \n"}
,{"stream_name":"stdout","time":1960.566387393,"data":"(epoch: 5, iters: 2680, time: 0.121, data: 0.003) G_GAN: 8.175 G_LPIPS: 50.313 D_real: 0.000 D_fake: 0.000 \n"}
,{"stream_name":"stdout","time":1960.566390946,"data":"saving the latest model (epoch 5, total_iters 25000)\n"}
,{"stream_name":"stdout","time":1960.566398147,"data":"(epoch: 5, iters: 2700, time: 0.169, data: 0.003) G_GAN: 8.623 G_LPIPS: 51.382 D_real: 0.000 D_fake: 0.000 \n"}
,{"stream_name":"stdout","time":1960.566402019,"data":"(epoch: 5, iters: 2720, time: 0.121, data: 0.003) G_GAN: 7.666 G_LPIPS: 50.014 D_real: 0.001 D_fake: 0.001 \n"}
,{"stream_name":"stdout","time":1960.566405708,"data":"(epoch: 5, iters: 2740, time: 0.120, data: 0.003) G_GAN: 8.041 G_LPIPS: 53.869 D_real: 0.000 D_fake: 0.000 \n"}
,{"stream_name":"stdout","time":1960.566409044,"data":"(epoch: 5, iters: 2760, time: 0.121, data: 0.003) G_GAN: 8.248 G_LPIPS: 50.014 D_real: 0.000 D_fake: 0.000 \n"}
,{"stream_name":"stdout","time":1960.566412478,"data":"(epoch: 5, iters: 2780, time: 0.121, data: 0.003) G_GAN: 8.619 G_LPIPS: 50.015 D_real: 0.000 D_fake: 0.000 \n"}
,{"stream_name":"stdout","time":1960.566415622,"data":"(epoch: 5, iters: 2800, time: 0.120, data: 0.003) G_GAN: 8.338 G_LPIPS: 52.701 D_real: 0.000 D_fake: 0.000 \n"}
,{"stream_name":"stdout","time":1960.56641879,"data":"(epoch: 5, iters: 2820, time: 0.121, data: 0.003) G_GAN: 9.029 G_LPIPS: 52.944 D_real: 0.000 D_fake: 0.000 \n"}
,{"stream_name":"stdout","time":1960.566421826,"data":"(epoch: 5, iters: 2840, time: 0.121, data: 0.003) G_GAN: 9.032 G_LPIPS: 54.012 D_real: 0.000 D_fake: 0.000 \n"}
,{"stream_name":"stdout","time":1960.566425273,"data":"(epoch: 5, iters: 2860, time: 0.121, data: 0.003) G_GAN: 8.774 G_LPIPS: 51.574 D_real: 0.000 D_fake: 0.000 \n"}
,{"stream_name":"stdout","time":1960.566428946,"data":"(epoch: 5, iters: 2880, time: 0.123, data: 0.003) G_GAN: 8.634 G_LPIPS: 51.369 D_real: 0.000 D_fake: 0.000 \n"}
,{"stream_name":"stdout","time":1960.56643294,"data":"(epoch: 5, iters: 2900, time: 0.120, data: 0.003) G_GAN: 8.640 G_LPIPS: 51.101 D_real: 0.000 D_fake: 0.000 \n"}
,{"stream_name":"stdout","time":1960.566436374,"data":"(epoch: 5, iters: 2920, time: 0.121, data: 0.003) G_GAN: 8.757 G_LPIPS: 46.155 D_real: 0.005 D_fake: 0.000 \n"}
,{"stream_name":"stdout","time":1960.566441036,"data":"(epoch: 5, iters: 2940, time: 0.122, data: 0.003) G_GAN: 9.166 G_LPIPS: 50.710 D_real: 0.000 D_fake: 0.000 \n"}
,{"stream_name":"stdout","time":1960.566445184,"data":"(epoch: 5, iters: 2960, time: 0.120, data: 0.003) G_GAN: 8.213 G_LPIPS: 47.534 D_real: 0.000 D_fake: 0.000 \n"}
,{"stream_name":"stdout","time":1960.566448981,"data":"(epoch: 5, iters: 2980, time: 0.169, data: 0.004) G_GAN: 8.370 G_LPIPS: 52.884 D_real: 0.000 D_fake: 0.000 \n"}
,{"stream_name":"stdout","time":1960.566452534,"data":"(epoch: 5, iters: 3000, time: 0.121, data: 0.003) G_GAN: 7.121 G_LPIPS: 49.746 D_real: 0.000 D_fake: 0.001 \n"}
,{"stream_name":"stdout","time":1960.566455906,"data":"(epoch: 5, iters: 3020, time: 0.121, data: 0.003) G_GAN: 8.730 G_LPIPS: 49.869 D_real: 0.000 D_fake: 0.000 \n"}
,{"stream_name":"stdout","time":1960.566459528,"data":"(epoch: 5, iters: 3040, time: 0.121, data: 0.003) G_GAN: 8.531 G_LPIPS: 52.717 D_real: 0.000 D_fake: 0.000 \n"}
,{"stream_name":"stdout","time":2089.271686447,"data":"(epoch: 5, iters: 3060, time: 0.121, data: 0.003) G_GAN: 8.291 G_LPIPS: 51.770 D_real: 0.000 D_fake: 0.000 \n"}
,{"stream_name":"stdout","time":2089.271728028,"data":"(epoch: 5, iters: 3080, time: 0.121, data: 0.003) G_GAN: 8.761 G_LPIPS: 46.331 D_real: 0.000 D_fake: 0.000 \n"}
,{"stream_name":"stdout","time":2089.271734572,"data":"(epoch: 5, iters: 3100, time: 0.120, data: 0.003) G_GAN: 9.046 G_LPIPS: 52.441 D_real: 0.000 D_fake: 0.000 \n"}
,{"stream_name":"stdout","time":2089.271740112,"data":"(epoch: 5, iters: 3120, time: 0.122, data: 0.003) G_GAN: 8.702 G_LPIPS: 51.733 D_real: 0.000 D_fake: 0.000 \n"}
,{"stream_name":"stdout","time":2089.271744956,"data":"(epoch: 5, iters: 3140, time: 0.121, data: 0.003) G_GAN: 8.581 G_LPIPS: 45.564 D_real: 0.001 D_fake: 0.000 \n"}
,{"stream_name":"stdout","time":2089.271761403,"data":"(epoch: 5, iters: 3160, time: 0.168, data: 0.003) G_GAN: 6.166 G_LPIPS: 45.729 D_real: 0.001 D_fake: 0.005 \n"}
,{"stream_name":"stdout","time":2089.271765958,"data":"(epoch: 5, iters: 3180, time: 0.121, data: 0.003) G_GAN: 8.866 G_LPIPS: 45.970 D_real: 0.000 D_fake: 0.000 \n"}
,{"stream_name":"stdout","time":2089.271769888,"data":"(epoch: 5, iters: 3200, time: 0.121, data: 0.003) G_GAN: 8.865 G_LPIPS: 48.993 D_real: 0.000 D_fake: 0.000 \n"}
,{"stream_name":"stdout","time":2089.271773684,"data":"(epoch: 5, iters: 3220, time: 0.121, data: 0.003) G_GAN: 8.516 G_LPIPS: 48.763 D_real: 0.000 D_fake: 0.000 \n"}
,{"stream_name":"stdout","time":2089.271777348,"data":"(epoch: 5, iters: 3240, time: 0.121, data: 0.003) G_GAN: 8.533 G_LPIPS: 50.112 D_real: 0.000 D_fake: 0.000 \n"}
,{"stream_name":"stdout","time":2089.271780841,"data":"(epoch: 5, iters: 3260, time: 0.120, data: 0.003) G_GAN: 8.457 G_LPIPS: 48.882 D_real: 0.001 D_fake: 0.000 \n"}
,{"stream_name":"stdout","time":2089.271784192,"data":"(epoch: 5, iters: 3280, time: 0.121, data: 0.003) G_GAN: 8.688 G_LPIPS: 49.358 D_real: 0.000 D_fake: 0.000 \n"}
,{"stream_name":"stdout","time":2089.271787903,"data":"(epoch: 5, iters: 3300, time: 0.121, data: 0.003) G_GAN: 8.882 G_LPIPS: 54.740 D_real: 0.000 D_fake: 0.000 \n"}
,{"stream_name":"stdout","time":2089.271791621,"data":"(epoch: 5, iters: 3320, time: 0.121, data: 0.003) G_GAN: 8.804 G_LPIPS: 49.621 D_real: 0.000 D_fake: 0.000 \n"}
,{"stream_name":"stdout","time":2089.271795745,"data":"(epoch: 5, iters: 3340, time: 0.171, data: 0.003) G_GAN: 8.169 G_LPIPS: 54.256 D_real: 0.000 D_fake: 0.000 \n"}
,{"stream_name":"stdout","time":2089.271799832,"data":"(epoch: 5, iters: 3360, time: 0.122, data: 0.003) G_GAN: 8.670 G_LPIPS: 49.709 D_real: 0.000 D_fake: 0.000 \n"}
,{"stream_name":"stdout","time":2089.271803429,"data":"(epoch: 5, iters: 3380, time: 0.122, data: 0.003) G_GAN: 8.437 G_LPIPS: 47.705 D_real: 0.001 D_fake: 0.000 \n"}
,{"stream_name":"stdout","time":2089.271806858,"data":"(epoch: 5, iters: 3400, time: 0.120, data: 0.003) G_GAN: 8.340 G_LPIPS: 49.069 D_real: 0.001 D_fake: 0.000 \n"}
,{"stream_name":"stdout","time":2089.271810665,"data":"(epoch: 5, iters: 3420, time: 0.121, data: 0.003) G_GAN: 8.785 G_LPIPS: 49.564 D_real: 0.000 D_fake: 0.000 \n"}
,{"stream_name":"stdout","time":2089.271820538,"data":"(epoch: 5, iters: 3440, time: 0.122, data: 0.003) G_GAN: 8.756 G_LPIPS: 49.141 D_real: 0.000 D_fake: 0.000 \n"}
,{"stream_name":"stdout","time":2089.271823227,"data":"(epoch: 5, iters: 3460, time: 0.121, data: 0.003) G_GAN: 8.265 G_LPIPS: 47.727 D_real: 0.000 D_fake: 0.000 \n"}
,{"stream_name":"stdout","time":2089.271825566,"data":"(epoch: 5, iters: 3480, time: 0.121, data: 0.003) G_GAN: 8.724 G_LPIPS: 42.411 D_real: 0.010 D_fake: 0.000 \n"}
,{"stream_name":"stdout","time":2089.271827842,"data":"(epoch: 5, iters: 3500, time: 0.122, data: 0.003) G_GAN: 8.780 G_LPIPS: 49.672 D_real: 0.000 D_fake: 0.000 \n"}
,{"stream_name":"stdout","time":2089.271830142,"data":"(epoch: 5, iters: 3520, time: 0.121, data: 0.003) G_GAN: 6.339 G_LPIPS: 49.444 D_real: 0.000 D_fake: 0.004 \n"}
,{"stream_name":"stdout","time":2089.2718325,"data":"(epoch: 5, iters: 3540, time: 0.122, data: 0.003) G_GAN: 8.944 G_LPIPS: 51.918 D_real: 0.000 D_fake: 0.000 \n"}
,{"stream_name":"stdout","time":2089.271834827,"data":"(epoch: 5, iters: 3560, time: 0.122, data: 0.003) G_GAN: 8.749 G_LPIPS: 48.999 D_real: 0.000 D_fake: 0.000 \n"}
,{"stream_name":"stdout","time":2089.271837086,"data":"(epoch: 5, iters: 3580, time: 0.121, data: 0.003) G_GAN: 8.359 G_LPIPS: 52.031 D_real: 0.000 D_fake: 0.000 \n"}
,{"stream_name":"stdout","time":2089.271839346,"data":"(epoch: 5, iters: 3600, time: 0.121, data: 0.003) G_GAN: 6.456 G_LPIPS: 44.429 D_real: 0.001 D_fake: 0.003 \n"}
,{"stream_name":"stdout","time":2089.271845472,"data":"(epoch: 5, iters: 3620, time: 0.121, data: 0.003) G_GAN: 8.638 G_LPIPS: 51.770 D_real: 0.000 D_fake: 0.000 \n"}
,{"stream_name":"stdout","time":2089.27184788,"data":"(epoch: 5, iters: 3640, time: 0.121, data: 0.003) G_GAN: 8.694 G_LPIPS: 52.268 D_real: 0.000 D_fake: 0.000 \n"}
,{"stream_name":"stdout","time":2089.271850145,"data":"(epoch: 5, iters: 3660, time: 0.126, data: 0.004) G_GAN: 8.418 G_LPIPS: 54.232 D_real: 0.000 D_fake: 0.000 \n"}
,{"stream_name":"stdout","time":2089.271852587,"data":"(epoch: 5, iters: 3680, time: 0.137, data: 0.003) G_GAN: 8.540 G_LPIPS: 52.258 D_real: 0.000 D_fake: 0.000 \n"}
,{"stream_name":"stdout","time":2089.271854884,"data":"(epoch: 5, iters: 3700, time: 0.122, data: 0.003) G_GAN: 8.661 G_LPIPS: 47.283 D_real: 0.000 D_fake: 0.000 \n"}
,{"stream_name":"stdout","time":2089.271857166,"data":"(epoch: 5, iters: 3720, time: 0.124, data: 0.003) G_GAN: 9.011 G_LPIPS: 53.109 D_real: 0.000 D_fake: 0.000 \n"}
,{"stream_name":"stdout","time":2089.271859416,"data":"(epoch: 5, iters: 3740, time: 0.122, data: 0.003) G_GAN: 7.212 G_LPIPS: 50.836 D_real: 0.000 D_fake: 0.001 \n"}
,{"stream_name":"stdout","time":2089.271861782,"data":"(epoch: 5, iters: 3760, time: 0.122, data: 0.003) G_GAN: 8.243 G_LPIPS: 49.833 D_real: 0.000 D_fake: 0.000 \n"}
,{"stream_name":"stdout","time":2089.271864031,"data":"(epoch: 5, iters: 3780, time: 0.121, data: 0.003) G_GAN: 8.576 G_LPIPS: 51.524 D_real: 0.000 D_fake: 0.000 \n"}
,{"stream_name":"stdout","time":2089.271866298,"data":"(epoch: 5, iters: 3800, time: 0.122, data: 0.003) G_GAN: 7.986 G_LPIPS: 50.980 D_real: 0.000 D_fake: 0.001 \n"}
,{"stream_name":"stdout","time":2089.271868803,"data":"(epoch: 5, iters: 3820, time: 0.121, data: 0.003) G_GAN: 7.889 G_LPIPS: 49.722 D_real: 0.000 D_fake: 0.001 \n"}
,{"stream_name":"stdout","time":2089.271871218,"data":"(epoch: 5, iters: 3840, time: 0.121, data: 0.003) G_GAN: 7.521 G_LPIPS: 49.730 D_real: 0.000 D_fake: 0.001 \n"}
,{"stream_name":"stdout","time":2089.271873479,"data":"(epoch: 5, iters: 3860, time: 0.121, data: 0.003) G_GAN: 8.567 G_LPIPS: 51.654 D_real: 0.000 D_fake: 0.000 \n"}
,{"stream_name":"stdout","time":2089.271875749,"data":"(epoch: 5, iters: 3880, time: 0.122, data: 0.003) G_GAN: 8.818 G_LPIPS: 48.727 D_real: 0.000 D_fake: 0.000 \n"}
,{"stream_name":"stdout","time":2089.271878023,"data":"(epoch: 5, iters: 3900, time: 0.121, data: 0.003) G_GAN: 8.068 G_LPIPS: 45.660 D_real: 0.000 D_fake: 0.000 \n"}
,{"stream_name":"stdout","time":2089.271880281,"data":"(epoch: 5, iters: 3920, time: 0.121, data: 0.003) G_GAN: 8.355 G_LPIPS: 45.855 D_real: 0.001 D_fake: 0.000 \n"}
,{"stream_name":"stdout","time":2089.271882526,"data":"(epoch: 5, iters: 3940, time: 0.120, data: 0.003) G_GAN: 8.688 G_LPIPS: 46.248 D_real: 0.000 D_fake: 0.000 \n"}
,{"stream_name":"stdout","time":2089.271884784,"data":"(epoch: 5, iters: 3960, time: 0.121, data: 0.003) G_GAN: 8.455 G_LPIPS: 42.656 D_real: 0.003 D_fake: 0.000 \n"}
,{"stream_name":"stdout","time":2089.271887043,"data":"(epoch: 5, iters: 3980, time: 0.123, data: 0.003) G_GAN: 7.431 G_LPIPS: 50.505 D_real: 0.000 D_fake: 0.001 \n"}
,{"stream_name":"stdout","time":2089.271889316,"data":"(epoch: 5, iters: 4000, time: 0.121, data: 0.003) G_GAN: 8.551 G_LPIPS: 50.570 D_real: 0.000 D_fake: 0.000 \n"}
,{"stream_name":"stdout","time":2089.271891564,"data":"(epoch: 5, iters: 4020, time: 0.123, data: 0.004) G_GAN: 8.204 G_LPIPS: 53.586 D_real: 0.000 D_fake: 0.000 \n"}
,{"stream_name":"stdout","time":2089.271893813,"data":"(epoch: 5, iters: 4040, time: 0.122, data: 0.003) G_GAN: 8.448 G_LPIPS: 50.033 D_real: 0.000 D_fake: 0.000 \n"}
,{"stream_name":"stdout","time":2089.271896081,"data":"(epoch: 5, iters: 4060, time: 0.121, data: 0.003) G_GAN: 8.748 G_LPIPS: 48.902 D_real: 0.001 D_fake: 0.000 \n"}
,{"stream_name":"stdout","time":2089.271900631,"data":"(epoch: 5, iters: 4080, time: 0.122, data: 0.003) G_GAN: 9.244 G_LPIPS: 49.565 D_real: 0.000 D_fake: 0.000 \n"}
,{"stream_name":"stdout","time":2089.271903029,"data":"(epoch: 5, iters: 4100, time: 0.123, data: 0.003) G_GAN: 9.263 G_LPIPS: 53.518 D_real: 0.000 D_fake: 0.000 \n"}
,{"stream_name":"stdout","time":2089.271905666,"data":"(epoch: 5, iters: 4120, time: 0.123, data: 0.003) G_GAN: 7.965 G_LPIPS: 51.080 D_real: 0.000 D_fake: 0.000 \n"}
,{"stream_name":"stdout","time":2089.271924641,"data":"(epoch: 5, iters: 4140, time: 0.122, data: 0.003) G_GAN: 8.246 G_LPIPS: 48.674 D_real: 0.000 D_fake: 0.000 \n"}
,{"stream_name":"stdout","time":2089.271928889,"data":"(epoch: 5, iters: 4160, time: 0.122, data: 0.003) G_GAN: 9.025 G_LPIPS: 52.454 D_real: 0.000 D_fake: 0.000 \n"}
,{"stream_name":"stdout","time":2089.271932484,"data":"(epoch: 5, iters: 4180, time: 0.122, data: 0.003) G_GAN: 8.798 G_LPIPS: 49.899 D_real: 0.000 D_fake: 0.000 \n"}
,{"stream_name":"stdout","time":2089.27193641,"data":"(epoch: 5, iters: 4200, time: 0.122, data: 0.003) G_GAN: 8.689 G_LPIPS: 47.391 D_real: 0.000 D_fake: 0.000 \n"}
,{"stream_name":"stdout","time":2089.271939596,"data":"(epoch: 5, iters: 4220, time: 0.121, data: 0.003) G_GAN: 8.630 G_LPIPS: 47.450 D_real: 0.000 D_fake: 0.000 \n"}
,{"stream_name":"stdout","time":2089.271943199,"data":"(epoch: 5, iters: 4240, time: 0.122, data: 0.003) G_GAN: 8.635 G_LPIPS: 48.815 D_real: 0.000 D_fake: 0.000 \n"}
,{"stream_name":"stdout","time":2089.271946881,"data":"(epoch: 5, iters: 4260, time: 0.123, data: 0.003) G_GAN: 8.678 G_LPIPS: 51.171 D_real: 0.000 D_fake: 0.000 \n"}
,{"stream_name":"stdout","time":2089.271951074,"data":"(epoch: 5, iters: 4280, time: 0.122, data: 0.003) G_GAN: 8.767 G_LPIPS: 47.670 D_real: 0.000 D_fake: 0.000 \n"}
,{"stream_name":"stdout","time":2089.271954238,"data":"(epoch: 5, iters: 4300, time: 0.122, data: 0.003) G_GAN: 8.422 G_LPIPS: 52.494 D_real: 0.000 D_fake: 0.000 \n"}
,{"stream_name":"stdout","time":2089.271957646,"data":"(epoch: 5, iters: 4320, time: 0.170, data: 0.003) G_GAN: 8.782 G_LPIPS: 56.262 D_real: 0.000 D_fake: 0.000 \n"}
,{"stream_name":"stdout","time":2089.271960961,"data":"(epoch: 5, iters: 4340, time: 0.124, data: 0.003) G_GAN: 9.081 G_LPIPS: 52.223 D_real: 0.000 D_fake: 0.000 \n"}
,{"stream_name":"stdout","time":2089.271964018,"data":"(epoch: 5, iters: 4360, time: 0.122, data: 0.003) G_GAN: 8.922 G_LPIPS: 48.710 D_real: 0.000 D_fake: 0.000 \n"}
,{"stream_name":"stdout","time":2089.271967073,"data":"(epoch: 5, iters: 4380, time: 0.122, data: 0.003) G_GAN: 8.065 G_LPIPS: 48.300 D_real: 0.000 D_fake: 0.000 \n"}
,{"stream_name":"stdout","time":2089.271970443,"data":"(epoch: 5, iters: 4400, time: 0.125, data: 0.003) G_GAN: 7.538 G_LPIPS: 49.374 D_real: 0.001 D_fake: 0.001 \n"}
,{"stream_name":"stdout","time":2089.271974198,"data":"(epoch: 5, iters: 4420, time: 0.122, data: 0.003) G_GAN: 8.574 G_LPIPS: 53.002 D_real: 0.000 D_fake: 0.000 \n"}
,{"stream_name":"stdout","time":2089.271977307,"data":"(epoch: 5, iters: 4440, time: 0.122, data: 0.003) G_GAN: 9.113 G_LPIPS: 50.524 D_real: 0.000 D_fake: 0.000 \n"}
,{"stream_name":"stdout","time":2089.271980479,"data":"(epoch: 5, iters: 4460, time: 0.121, data: 0.003) G_GAN: 8.807 G_LPIPS: 56.050 D_real: 0.000 D_fake: 0.000 \n"}
,{"stream_name":"stdout","time":2089.271983543,"data":"(epoch: 5, iters: 4480, time: 0.123, data: 0.003) G_GAN: 8.784 G_LPIPS: 51.746 D_real: 0.000 D_fake: 0.000 \n"}
,{"stream_name":"stdout","time":2089.271986541,"data":"(epoch: 5, iters: 4500, time: 0.122, data: 0.004) G_GAN: 8.790 G_LPIPS: 44.769 D_real: 0.004 D_fake: 0.000 \n"}
,{"stream_name":"stdout","time":2089.27198998,"data":"(epoch: 5, iters: 4520, time: 0.123, data: 0.003) G_GAN: 7.815 G_LPIPS: 43.496 D_real: 0.001 D_fake: 0.001 \n"}
,{"stream_name":"stdout","time":2089.271999509,"data":"(epoch: 5, iters: 4540, time: 0.122, data: 0.003) G_GAN: 8.747 G_LPIPS: 51.899 D_real: 0.000 D_fake: 0.000 \n"}
,{"stream_name":"stdout","time":2089.272003503,"data":"(epoch: 5, iters: 4560, time: 0.122, data: 0.003) G_GAN: 9.141 G_LPIPS: 50.688 D_real: 0.000 D_fake: 0.000 \n"}
,{"stream_name":"stdout","time":2175.742085196,"data":"(epoch: 5, iters: 4580, time: 0.122, data: 0.003) G_GAN: 8.131 G_LPIPS: 53.251 D_real: 0.000 D_fake: 0.000 \n"}
,{"stream_name":"stdout","time":2175.742137684,"data":"(epoch: 5, iters: 4600, time: 0.124, data: 0.003) G_GAN: 9.037 G_LPIPS: 48.351 D_real: 0.000 D_fake: 0.000 \n"}
,{"stream_name":"stdout","time":2175.742144035,"data":"(epoch: 5, iters: 4620, time: 0.122, data: 0.004) G_GAN: 8.722 G_LPIPS: 53.308 D_real: 0.000 D_fake: 0.000 \n"}
,{"stream_name":"stdout","time":2175.742149339,"data":"(epoch: 5, iters: 4640, time: 0.122, data: 0.003) G_GAN: 8.154 G_LPIPS: 51.515 D_real: 0.000 D_fake: 0.000 \n"}
,{"stream_name":"stdout","time":2175.742154444,"data":"(epoch: 5, iters: 4660, time: 0.172, data: 0.004) G_GAN: 9.064 G_LPIPS: 51.255 D_real: 0.000 D_fake: 0.000 \n"}
,{"stream_name":"stdout","time":2175.742159308,"data":"(epoch: 5, iters: 4680, time: 0.122, data: 0.003) G_GAN: 8.789 G_LPIPS: 50.453 D_real: 0.000 D_fake: 0.000 \n"}
,{"stream_name":"stdout","time":2175.742164197,"data":"(epoch: 5, iters: 4700, time: 0.122, data: 0.004) G_GAN: 8.500 G_LPIPS: 51.024 D_real: 0.000 D_fake: 0.000 \n"}
,{"stream_name":"stdout","time":2175.742168947,"data":"(epoch: 5, iters: 4720, time: 0.122, data: 0.003) G_GAN: 9.011 G_LPIPS: 49.824 D_real: 0.000 D_fake: 0.000 \n"}
,{"stream_name":"stdout","time":2175.742173787,"data":"(epoch: 5, iters: 4740, time: 0.123, data: 0.003) G_GAN: 8.503 G_LPIPS: 50.047 D_real: 0.000 D_fake: 0.000 \n"}
,{"stream_name":"stdout","time":2175.74217888,"data":"(epoch: 5, iters: 4760, time: 0.122, data: 0.003) G_GAN: 8.248 G_LPIPS: 43.601 D_real: 0.000 D_fake: 0.000 \n"}
,{"stream_name":"stdout","time":2175.742183794,"data":"(epoch: 5, iters: 4780, time: 0.122, data: 0.003) G_GAN: 8.954 G_LPIPS: 52.608 D_real: 0.000 D_fake: 0.000 \n"}
,{"stream_name":"stdout","time":2175.742198451,"data":"(epoch: 5, iters: 4800, time: 0.123, data: 0.003) G_GAN: 8.507 G_LPIPS: 48.051 D_real: 0.001 D_fake: 0.000 \n"}
,{"stream_name":"stdout","time":2175.742203329,"data":"(epoch: 5, iters: 4820, time: 0.122, data: 0.003) G_GAN: 8.926 G_LPIPS: 50.577 D_real: 0.000 D_fake: 0.000 \n"}
,{"stream_name":"stdout","time":2175.742208379,"data":"(epoch: 5, iters: 4840, time: 0.121, data: 0.003) G_GAN: 8.751 G_LPIPS: 47.756 D_real: 0.001 D_fake: 0.000 \n"}
,{"stream_name":"stdout","time":2175.742213549,"data":"(epoch: 5, iters: 4860, time: 0.121, data: 0.003) G_GAN: 9.052 G_LPIPS: 50.415 D_real: 0.000 D_fake: 0.000 \n"}
,{"stream_name":"stdout","time":2175.742218313,"data":"(epoch: 5, iters: 4880, time: 0.122, data: 0.003) G_GAN: 8.581 G_LPIPS: 46.396 D_real: 0.000 D_fake: 0.000 \n"}
,{"stream_name":"stdout","time":2175.742223154,"data":"(epoch: 5, iters: 4900, time: 0.122, data: 0.003) G_GAN: 9.217 G_LPIPS: 49.140 D_real: 0.000 D_fake: 0.000 \n"}
,{"stream_name":"stdout","time":2175.742227863,"data":"(epoch: 5, iters: 4920, time: 0.122, data: 0.003) G_GAN: 8.667 G_LPIPS: 48.630 D_real: 0.000 D_fake: 0.000 \n"}
,{"stream_name":"stdout","time":2175.742232689,"data":"(epoch: 5, iters: 4940, time: 0.122, data: 0.003) G_GAN: 8.346 G_LPIPS: 54.327 D_real: 0.000 D_fake: 0.000 \n"}
,{"stream_name":"stdout","time":2175.742238889,"data":"(epoch: 5, iters: 4960, time: 0.123, data: 0.003) G_GAN: 8.799 G_LPIPS: 53.016 D_real: 0.000 D_fake: 0.000 \n"}
,{"stream_name":"stdout","time":2175.742244238,"data":"(epoch: 5, iters: 4980, time: 0.122, data: 0.003) G_GAN: 8.763 G_LPIPS: 51.326 D_real: 0.000 D_fake: 0.000 \n"}
,{"stream_name":"stdout","time":2175.742258189,"data":"(epoch: 5, iters: 5000, time: 0.123, data: 0.003) G_GAN: 9.273 G_LPIPS: 50.419 D_real: 0.000 D_fake: 0.000 \n"}
,{"stream_name":"stdout","time":2175.742262278,"data":"(epoch: 5, iters: 5020, time: 0.123, data: 0.003) G_GAN: 8.748 G_LPIPS: 52.594 D_real: 0.000 D_fake: 0.000 \n"}
,{"stream_name":"stdout","time":2175.742266343,"data":"(epoch: 5, iters: 5040, time: 0.122, data: 0.003) G_GAN: 9.101 G_LPIPS: 48.927 D_real: 0.000 D_fake: 0.000 \n"}
,{"stream_name":"stdout","time":2175.742270417,"data":"(epoch: 5, iters: 5060, time: 0.122, data: 0.003) G_GAN: 8.834 G_LPIPS: 54.104 D_real: 0.000 D_fake: 0.000 \n"}
,{"stream_name":"stdout","time":2175.742274541,"data":"(epoch: 5, iters: 5080, time: 0.123, data: 0.003) G_GAN: 8.649 G_LPIPS: 48.487 D_real: 0.000 D_fake: 0.000 \n"}
,{"stream_name":"stdout","time":2175.742278702,"data":"(epoch: 5, iters: 5100, time: 0.123, data: 0.003) G_GAN: 8.359 G_LPIPS: 49.631 D_real: 0.000 D_fake: 0.000 \n"}
,{"stream_name":"stdout","time":2175.742282466,"data":"(epoch: 5, iters: 5120, time: 0.123, data: 0.003) G_GAN: 8.732 G_LPIPS: 49.542 D_real: 0.000 D_fake: 0.000 \n"}
,{"stream_name":"stdout","time":2175.742286154,"data":"(epoch: 5, iters: 5140, time: 0.124, data: 0.003) G_GAN: 8.636 G_LPIPS: 48.414 D_real: 0.000 D_fake: 0.000 \n"}
,{"stream_name":"stdout","time":2175.742289783,"data":"(epoch: 5, iters: 5160, time: 0.122, data: 0.003) G_GAN: 8.639 G_LPIPS: 50.446 D_real: 0.000 D_fake: 0.000 \n"}
,{"stream_name":"stdout","time":2175.742293603,"data":"(epoch: 5, iters: 5180, time: 0.123, data: 0.004) G_GAN: 8.548 G_LPIPS: 50.922 D_real: 0.000 D_fake: 0.000 \n"}
,{"stream_name":"stdout","time":2175.742297485,"data":"(epoch: 5, iters: 5200, time: 0.123, data: 0.003) G_GAN: 8.158 G_LPIPS: 50.619 D_real: 0.000 D_fake: 0.001 \n"}
,{"stream_name":"stdout","time":2175.742301332,"data":"(epoch: 5, iters: 5220, time: 0.124, data: 0.003) G_GAN: 8.613 G_LPIPS: 48.493 D_real: 0.000 D_fake: 0.000 \n"}
,{"stream_name":"stdout","time":2175.74230529,"data":"(epoch: 5, iters: 5240, time: 0.123, data: 0.003) G_GAN: 8.519 G_LPIPS: 48.210 D_real: 0.000 D_fake: 0.000 \n"}
,{"stream_name":"stdout","time":2175.742309654,"data":"(epoch: 5, iters: 5260, time: 0.157, data: 0.003) G_GAN: 8.488 G_LPIPS: 49.517 D_real: 0.000 D_fake: 0.000 \n"}
,{"stream_name":"stdout","time":2175.742313761,"data":"(epoch: 5, iters: 5280, time: 0.123, data: 0.003) G_GAN: 8.389 G_LPIPS: 52.541 D_real: 0.000 D_fake: 0.000 \n"}
,{"stream_name":"stdout","time":2175.742317826,"data":"(epoch: 5, iters: 5300, time: 0.123, data: 0.003) G_GAN: 8.660 G_LPIPS: 48.636 D_real: 0.001 D_fake: 0.000 \n"}
,{"stream_name":"stdout","time":2175.742321895,"data":"(epoch: 5, iters: 5320, time: 0.123, data: 0.004) G_GAN: 8.960 G_LPIPS: 47.939 D_real: 0.000 D_fake: 0.000 \n"}
,{"stream_name":"stdout","time":2175.742326438,"data":"(epoch: 5, iters: 5340, time: 0.157, data: 0.003) G_GAN: 9.032 G_LPIPS: 50.831 D_real: 0.000 D_fake: 0.000 \n"}
,{"stream_name":"stdout","time":2175.742330246,"data":"(epoch: 5, iters: 5360, time: 0.123, data: 0.003) G_GAN: 9.003 G_LPIPS: 52.388 D_real: 0.000 D_fake: 0.000 \n"}
,{"stream_name":"stdout","time":2175.742334428,"data":"(epoch: 5, iters: 5380, time: 0.123, data: 0.003) G_GAN: 8.674 G_LPIPS: 47.704 D_real: 0.000 D_fake: 0.000 \n"}
,{"stream_name":"stdout","time":2175.742341906,"data":"(epoch: 5, iters: 5400, time: 0.123, data: 0.003) G_GAN: 7.965 G_LPIPS: 48.205 D_real: 0.000 D_fake: 0.000 \n"}
,{"stream_name":"stdout","time":2175.742346063,"data":"(epoch: 5, iters: 5420, time: 0.173, data: 0.003) G_GAN: 9.043 G_LPIPS: 52.343 D_real: 0.000 D_fake: 0.000 \n"}
,{"stream_name":"stdout","time":2175.742350084,"data":"(epoch: 5, iters: 5440, time: 0.123, data: 0.003) G_GAN: 8.964 G_LPIPS: 52.278 D_real: 0.000 D_fake: 0.000 \n"}
,{"stream_name":"stdout","time":2175.742357206,"data":"(epoch: 5, iters: 5460, time: 0.123, data: 0.003) G_GAN: 8.390 G_LPIPS: 50.604 D_real: 0.000 D_fake: 0.000 \n"}
,{"stream_name":"stdout","time":2175.742361269,"data":"(epoch: 5, iters: 5480, time: 0.124, data: 0.003) G_GAN: 8.195 G_LPIPS: 52.289 D_real: 0.000 D_fake: 0.000 \n"}
,{"stream_name":"stdout","time":2175.742365301,"data":"(epoch: 5, iters: 5500, time: 0.125, data: 0.003) G_GAN: 8.684 G_LPIPS: 52.001 D_real: 0.000 D_fake: 0.000 \n"}
,{"stream_name":"stdout","time":2175.742369396,"data":"(epoch: 5, iters: 5520, time: 0.123, data: 0.003) G_GAN: 7.636 G_LPIPS: 51.841 D_real: 0.000 D_fake: 0.001 \n"}
,{"stream_name":"stdout","time":2175.742373544,"data":"(epoch: 5, iters: 5540, time: 0.123, data: 0.003) G_GAN: 8.181 G_LPIPS: 52.691 D_real: 0.000 D_fake: 0.000 \n"}
,{"stream_name":"stdout","time":2175.742377601,"data":"(epoch: 5, iters: 5560, time: 0.123, data: 0.003) G_GAN: 8.857 G_LPIPS: 50.699 D_real: 0.000 D_fake: 0.000 \n"}
,{"stream_name":"stdout","time":2175.742381718,"data":"(epoch: 5, iters: 5580, time: 0.080, data: 0.003) G_GAN: 8.454 G_LPIPS: 59.612 D_real: 0.000 D_fake: 0.000 \n"}
,{"stream_name":"stdout","time":2175.742385741,"data":"saving the model at the end of epoch 5, iters 27900\n"}
,{"stream_name":"stdout","time":2175.742389652,"data":"End of epoch 5 / 20 \t Time Taken: 468 sec\n"}
,{"stream_name":"stdout","time":2175.742394218,"data":"learning rate 0.0001000 -\u003e 0.0001000\n"}
,{"stream_name":"stdout","time":2310.246567843,"data":"(epoch: 6, iters: 20, time: 0.123, data: 0.257) G_GAN: 8.813 G_LPIPS: 50.708 D_real: 0.000 D_fake: 0.000 \n"}
,{"stream_name":"stdout","time":2310.246612913,"data":"(epoch: 6, iters: 40, time: 0.123, data: 0.001) G_GAN: 8.209 G_LPIPS: 52.341 D_real: 0.000 D_fake: 0.000 \n"}
,{"stream_name":"stdout","time":2310.246617696,"data":"(epoch: 6, iters: 60, time: 0.124, data: 0.003) G_GAN: 7.927 G_LPIPS: 48.821 D_real: 0.000 D_fake: 0.000 \n"}
,{"stream_name":"stdout","time":2310.246621371,"data":"(epoch: 6, iters: 80, time: 0.123, data: 0.003) G_GAN: 8.660 G_LPIPS: 52.275 D_real: 0.000 D_fake: 0.000 \n"}
,{"stream_name":"stdout","time":2310.246624443,"data":"(epoch: 6, iters: 100, time: 0.138, data: 0.003) G_GAN: 8.506 G_LPIPS: 51.915 D_real: 0.000 D_fake: 0.000 \n"}
,{"stream_name":"stdout","time":2310.246627478,"data":"(epoch: 6, iters: 120, time: 0.123, data: 0.003) G_GAN: 8.886 G_LPIPS: 50.187 D_real: 0.000 D_fake: 0.000 \n"}
,{"stream_name":"stdout","time":2310.246630385,"data":"(epoch: 6, iters: 140, time: 0.124, data: 0.003) G_GAN: 9.124 G_LPIPS: 48.436 D_real: 0.000 D_fake: 0.000 \n"}
,{"stream_name":"stdout","time":2310.246633321,"data":"(epoch: 6, iters: 160, time: 0.123, data: 0.003) G_GAN: 8.799 G_LPIPS: 47.588 D_real: 0.000 D_fake: 0.000 \n"}
,{"stream_name":"stdout","time":2310.246636612,"data":"(epoch: 6, iters: 180, time: 0.123, data: 0.003) G_GAN: 9.014 G_LPIPS: 49.494 D_real: 0.000 D_fake: 0.000 \n"}
,{"stream_name":"stdout","time":2310.246639546,"data":"(epoch: 6, iters: 200, time: 0.123, data: 0.003) G_GAN: 8.863 G_LPIPS: 53.392 D_real: 0.000 D_fake: 0.000 \n"}
,{"stream_name":"stdout","time":2310.246642455,"data":"(epoch: 6, iters: 220, time: 0.123, data: 0.003) G_GAN: 8.229 G_LPIPS: 46.532 D_real: 0.000 D_fake: 0.000 \n"}
,{"stream_name":"stdout","time":2310.246645435,"data":"(epoch: 6, iters: 240, time: 0.124, data: 0.003) G_GAN: 9.071 G_LPIPS: 53.302 D_real: 0.000 D_fake: 0.000 \n"}
,{"stream_name":"stdout","time":2310.246648437,"data":"(epoch: 6, iters: 260, time: 0.123, data: 0.003) G_GAN: 8.527 G_LPIPS: 48.609 D_real: 0.000 D_fake: 0.000 \n"}
,{"stream_name":"stdout","time":2310.24665145,"data":"(epoch: 6, iters: 280, time: 0.124, data: 0.003) G_GAN: 9.105 G_LPIPS: 49.988 D_real: 0.000 D_fake: 0.000 \n"}
,{"stream_name":"stdout","time":2310.246654402,"data":"(epoch: 6, iters: 300, time: 0.122, data: 0.003) G_GAN: 8.660 G_LPIPS: 51.441 D_real: 0.000 D_fake: 0.000 \n"}
,{"stream_name":"stdout","time":2310.246668724,"data":"(epoch: 6, iters: 320, time: 0.124, data: 0.003) G_GAN: 8.836 G_LPIPS: 45.967 D_real: 0.000 D_fake: 0.000 \n"}
,{"stream_name":"stdout","time":2310.246671355,"data":"(epoch: 6, iters: 340, time: 0.123, data: 0.003) G_GAN: 9.459 G_LPIPS: 51.573 D_real: 0.000 D_fake: 0.000 \n"}
,{"stream_name":"stdout","time":2310.246673645,"data":"(epoch: 6, iters: 360, time: 0.123, data: 0.003) G_GAN: 8.934 G_LPIPS: 50.566 D_real: 0.000 D_fake: 0.000 \n"}
,{"stream_name":"stdout","time":2310.246675946,"data":"(epoch: 6, iters: 380, time: 0.126, data: 0.003) G_GAN: 8.974 G_LPIPS: 46.515 D_real: 0.000 D_fake: 0.000 \n"}
,{"stream_name":"stdout","time":2310.246679493,"data":"(epoch: 6, iters: 400, time: 0.123, data: 0.003) G_GAN: 8.474 G_LPIPS: 49.069 D_real: 0.000 D_fake: 0.000 \n"}
,{"stream_name":"stdout","time":2310.246681902,"data":"(epoch: 6, iters: 420, time: 0.124, data: 0.003) G_GAN: 8.645 G_LPIPS: 49.399 D_real: 0.000 D_fake: 0.000 \n"}
,{"stream_name":"stdout","time":2310.24668421,"data":"(epoch: 6, iters: 440, time: 0.126, data: 0.003) G_GAN: 9.095 G_LPIPS: 51.438 D_real: 0.000 D_fake: 0.000 \n"}
,{"stream_name":"stdout","time":2310.246686476,"data":"(epoch: 6, iters: 460, time: 0.124, data: 0.003) G_GAN: 9.126 G_LPIPS: 47.927 D_real: 0.000 D_fake: 0.000 \n"}
,{"stream_name":"stdout","time":2310.246688746,"data":"(epoch: 6, iters: 480, time: 0.123, data: 0.003) G_GAN: 9.036 G_LPIPS: 53.796 D_real: 0.000 D_fake: 0.000 \n"}
,{"stream_name":"stdout","time":2310.246691013,"data":"(epoch: 6, iters: 500, time: 0.123, data: 0.003) G_GAN: 8.921 G_LPIPS: 50.944 D_real: 0.000 D_fake: 0.000 \n"}
,{"stream_name":"stdout","time":2310.246693285,"data":"(epoch: 6, iters: 520, time: 0.123, data: 0.003) G_GAN: 9.034 G_LPIPS: 55.255 D_real: 0.000 D_fake: 0.000 \n"}
,{"stream_name":"stdout","time":2310.246695536,"data":"(epoch: 6, iters: 540, time: 0.123, data: 0.003) G_GAN: 8.921 G_LPIPS: 52.307 D_real: 0.000 D_fake: 0.000 \n"}
,{"stream_name":"stdout","time":2310.246697916,"data":"(epoch: 6, iters: 560, time: 0.123, data: 0.003) G_GAN: 9.030 G_LPIPS: 50.663 D_real: 0.000 D_fake: 0.000 \n"}
,{"stream_name":"stdout","time":2310.24670018,"data":"(epoch: 6, iters: 580, time: 0.123, data: 0.003) G_GAN: 9.186 G_LPIPS: 53.090 D_real: 0.000 D_fake: 0.000 \n"}
,{"stream_name":"stdout","time":2310.24670244,"data":"(epoch: 6, iters: 600, time: 0.124, data: 0.004) G_GAN: 7.916 G_LPIPS: 42.779 D_real: 0.009 D_fake: 0.000 \n"}
,{"stream_name":"stdout","time":2310.246704697,"data":"(epoch: 6, iters: 620, time: 0.123, data: 0.003) G_GAN: 8.761 G_LPIPS: 46.023 D_real: 0.000 D_fake: 0.000 \n"}
,{"stream_name":"stdout","time":2310.246706993,"data":"(epoch: 6, iters: 640, time: 0.124, data: 0.003) G_GAN: 7.850 G_LPIPS: 48.425 D_real: 0.000 D_fake: 0.001 \n"}
,{"stream_name":"stdout","time":2310.24670925,"data":"(epoch: 6, iters: 660, time: 0.123, data: 0.003) G_GAN: 8.606 G_LPIPS: 48.893 D_real: 0.000 D_fake: 0.000 \n"}
,{"stream_name":"stdout","time":2310.246711508,"data":"(epoch: 6, iters: 680, time: 0.123, data: 0.003) G_GAN: 8.690 G_LPIPS: 48.537 D_real: 0.000 D_fake: 0.000 \n"}
,{"stream_name":"stdout","time":2310.246713771,"data":"(epoch: 6, iters: 700, time: 0.123, data: 0.003) G_GAN: 8.598 G_LPIPS: 48.137 D_real: 0.000 D_fake: 0.000 \n"}
,{"stream_name":"stdout","time":2310.246716056,"data":"(epoch: 6, iters: 720, time: 0.123, data: 0.003) G_GAN: 8.300 G_LPIPS: 50.242 D_real: 0.000 D_fake: 0.000 \n"}
,{"stream_name":"stdout","time":2310.246718311,"data":"(epoch: 6, iters: 740, time: 0.123, data: 0.003) G_GAN: 8.615 G_LPIPS: 49.044 D_real: 0.000 D_fake: 0.000 \n"}
,{"stream_name":"stdout","time":2310.246720578,"data":"(epoch: 6, iters: 760, time: 0.123, data: 0.003) G_GAN: 8.075 G_LPIPS: 50.222 D_real: 0.000 D_fake: 0.000 \n"}
,{"stream_name":"stdout","time":2310.246725684,"data":"(epoch: 6, iters: 780, time: 0.123, data: 0.004) G_GAN: 8.609 G_LPIPS: 49.359 D_real: 0.000 D_fake: 0.000 \n"}
,{"stream_name":"stdout","time":2310.246728183,"data":"(epoch: 6, iters: 800, time: 0.171, data: 0.003) G_GAN: 8.961 G_LPIPS: 52.938 D_real: 0.000 D_fake: 0.000 \n"}
,{"stream_name":"stdout","time":2310.24673049,"data":"(epoch: 6, iters: 820, time: 0.124, data: 0.003) G_GAN: 8.765 G_LPIPS: 50.513 D_real: 0.000 D_fake: 0.000 \n"}
,{"stream_name":"stdout","time":2310.24673276,"data":"(epoch: 6, iters: 840, time: 0.124, data: 0.003) G_GAN: 8.713 G_LPIPS: 52.688 D_real: 0.000 D_fake: 0.000 \n"}
,{"stream_name":"stdout","time":2310.246735041,"data":"(epoch: 6, iters: 860, time: 0.124, data: 0.003) G_GAN: 8.068 G_LPIPS: 51.496 D_real: 0.000 D_fake: 0.000 \n"}
,{"stream_name":"stdout","time":2310.246737333,"data":"(epoch: 6, iters: 880, time: 0.123, data: 0.003) G_GAN: 9.189 G_LPIPS: 54.176 D_real: 0.000 D_fake: 0.000 \n"}
,{"stream_name":"stdout","time":2310.246739612,"data":"(epoch: 6, iters: 900, time: 0.123, data: 0.003) G_GAN: 7.669 G_LPIPS: 48.525 D_real: 0.000 D_fake: 0.001 \n"}
,{"stream_name":"stdout","time":2310.24674189,"data":"(epoch: 6, iters: 920, time: 0.124, data: 0.002) G_GAN: 8.895 G_LPIPS: 47.554 D_real: 0.000 D_fake: 0.000 \n"}
,{"stream_name":"stdout","time":2310.246744166,"data":"(epoch: 6, iters: 940, time: 0.124, data: 0.003) G_GAN: 9.176 G_LPIPS: 53.054 D_real: 0.000 D_fake: 0.000 \n"}
,{"stream_name":"stdout","time":2310.24674644,"data":"(epoch: 6, iters: 960, time: 0.175, data: 0.003) G_GAN: 8.242 G_LPIPS: 45.024 D_real: 0.001 D_fake: 0.000 \n"}
,{"stream_name":"stdout","time":2310.246748718,"data":"(epoch: 6, iters: 980, time: 0.124, data: 0.004) G_GAN: 8.972 G_LPIPS: 54.896 D_real: 0.000 D_fake: 0.000 \n"}
,{"stream_name":"stdout","time":2310.246751165,"data":"(epoch: 6, iters: 1000, time: 0.124, data: 0.003) G_GAN: 8.256 G_LPIPS: 51.460 D_real: 0.000 D_fake: 0.000 \n"}
,{"stream_name":"stdout","time":2310.246753679,"data":"(epoch: 6, iters: 1020, time: 0.124, data: 0.003) G_GAN: 8.870 G_LPIPS: 47.003 D_real: 0.000 D_fake: 0.000 \n"}
,{"stream_name":"stdout","time":2310.246755969,"data":"(epoch: 6, iters: 1040, time: 0.124, data: 0.003) G_GAN: 8.860 G_LPIPS: 49.947 D_real: 0.000 D_fake: 0.000 \n"}
,{"stream_name":"stdout","time":2310.246758323,"data":"(epoch: 6, iters: 1060, time: 0.124, data: 0.003) G_GAN: 8.989 G_LPIPS: 51.564 D_real: 0.000 D_fake: 0.000 \n"}
,{"stream_name":"stdout","time":2310.246760584,"data":"(epoch: 6, iters: 1080, time: 0.125, data: 0.003) G_GAN: 8.110 G_LPIPS: 54.773 D_real: 0.000 D_fake: 0.000 \n"}
,{"stream_name":"stdout","time":2310.246762842,"data":"(epoch: 6, iters: 1100, time: 0.124, data: 0.003) G_GAN: 9.107 G_LPIPS: 51.408 D_real: 0.000 D_fake: 0.000 \n"}
,{"stream_name":"stdout","time":2310.246765111,"data":"(epoch: 6, iters: 1120, time: 0.123, data: 0.003) G_GAN: 9.111 G_LPIPS: 48.633 D_real: 0.000 D_fake: 0.000 \n"}
,{"stream_name":"stdout","time":2310.246767458,"data":"(epoch: 6, iters: 1140, time: 0.123, data: 0.003) G_GAN: 8.765 G_LPIPS: 52.643 D_real: 0.000 D_fake: 0.000 \n"}
,{"stream_name":"stdout","time":2310.24677,"data":"(epoch: 6, iters: 1160, time: 0.123, data: 0.003) G_GAN: 8.839 G_LPIPS: 55.375 D_real: 0.000 D_fake: 0.000 \n"}
,{"stream_name":"stdout","time":2310.246772281,"data":"(epoch: 6, iters: 1180, time: 0.123, data: 0.003) G_GAN: 9.121 G_LPIPS: 49.533 D_real: 0.000 D_fake: 0.000 \n"}
,{"stream_name":"stdout","time":2310.246774574,"data":"(epoch: 6, iters: 1200, time: 0.124, data: 0.003) G_GAN: 9.140 G_LPIPS: 53.738 D_real: 0.000 D_fake: 0.000 \n"}
,{"stream_name":"stdout","time":2310.246776928,"data":"(epoch: 6, iters: 1220, time: 0.124, data: 0.004) G_GAN: 8.626 G_LPIPS: 50.452 D_real: 0.000 D_fake: 0.000 \n"}
,{"stream_name":"stdout","time":2310.246781117,"data":"(epoch: 6, iters: 1240, time: 0.124, data: 0.003) G_GAN: 8.458 G_LPIPS: 51.847 D_real: 0.000 D_fake: 0.000 \n"}
,{"stream_name":"stdout","time":2310.246783617,"data":"(epoch: 6, iters: 1260, time: 0.124, data: 0.003) G_GAN: 8.823 G_LPIPS: 48.449 D_real: 0.000 D_fake: 0.000 \n"}
,{"stream_name":"stdout","time":2310.246785899,"data":"(epoch: 6, iters: 1280, time: 0.124, data: 0.003) G_GAN: 8.366 G_LPIPS: 46.535 D_real: 0.000 D_fake: 0.000 \n"}
,{"stream_name":"stdout","time":2310.246788175,"data":"(epoch: 6, iters: 1300, time: 0.127, data: 0.003) G_GAN: 9.300 G_LPIPS: 52.679 D_real: 0.000 D_fake: 0.000 \n"}
,{"stream_name":"stdout","time":2310.246790447,"data":"(epoch: 6, iters: 1320, time: 0.125, data: 0.003) G_GAN: 8.968 G_LPIPS: 49.151 D_real: 0.000 D_fake: 0.000 \n"}
,{"stream_name":"stdout","time":2310.246792733,"data":"(epoch: 6, iters: 1340, time: 0.124, data: 0.003) G_GAN: 8.944 G_LPIPS: 53.377 D_real: 0.000 D_fake: 0.000 \n"}
,{"stream_name":"stdout","time":2310.246795128,"data":"(epoch: 6, iters: 1360, time: 0.125, data: 0.003) G_GAN: 8.392 G_LPIPS: 50.703 D_real: 0.000 D_fake: 0.000 \n"}
,{"stream_name":"stdout","time":2310.246797399,"data":"(epoch: 6, iters: 1380, time: 0.124, data: 0.003) G_GAN: 8.611 G_LPIPS: 49.939 D_real: 0.000 D_fake: 0.000 \n"}
,{"stream_name":"stdout","time":2310.24679967,"data":"(epoch: 6, iters: 1400, time: 0.124, data: 0.003) G_GAN: 8.138 G_LPIPS: 45.872 D_real: 0.000 D_fake: 0.000 \n"}
,{"stream_name":"stdout","time":2310.246801937,"data":"(epoch: 6, iters: 1420, time: 0.124, data: 0.003) G_GAN: 8.956 G_LPIPS: 47.440 D_real: 0.000 D_fake: 0.000 \n"}
,{"stream_name":"stdout","time":2310.246804217,"data":"(epoch: 6, iters: 1440, time: 0.125, data: 0.003) G_GAN: 9.066 G_LPIPS: 49.159 D_real: 0.000 D_fake: 0.000 \n"}
,{"stream_name":"stdout","time":2310.246806505,"data":"(epoch: 6, iters: 1460, time: 0.125, data: 0.003) G_GAN: 8.515 G_LPIPS: 47.248 D_real: 0.000 D_fake: 0.000 \n"}
,{"stream_name":"stdout","time":2310.246808774,"data":"(epoch: 6, iters: 1480, time: 0.125, data: 0.003) G_GAN: 9.198 G_LPIPS: 53.503 D_real: 0.000 D_fake: 0.000 \n"}
,{"stream_name":"stdout","time":2310.24681104,"data":"(epoch: 6, iters: 1500, time: 0.175, data: 0.003) G_GAN: 7.935 G_LPIPS: 44.659 D_real: 0.001 D_fake: 0.000 \n"}
,{"stream_name":"stdout","time":2310.24681333,"data":"(epoch: 6, iters: 1520, time: 0.125, data: 0.003) G_GAN: 8.671 G_LPIPS: 50.864 D_real: 0.000 D_fake: 0.000 \n"}
,{"stream_name":"stdout","time":2445.40946995,"data":"(epoch: 6, iters: 1540, time: 0.125, data: 0.003) G_GAN: 9.176 G_LPIPS: 50.316 D_real: 0.000 D_fake: 0.000 \n"}
,{"stream_name":"stdout","time":2445.409529451,"data":"(epoch: 6, iters: 1560, time: 0.124, data: 0.003) G_GAN: 8.829 G_LPIPS: 50.985 D_real: 0.000 D_fake: 0.000 \n"}
,{"stream_name":"stdout","time":2445.409536232,"data":"(epoch: 6, iters: 1580, time: 0.162, data: 0.003) G_GAN: 6.709 G_LPIPS: 47.414 D_real: 0.000 D_fake: 0.002 \n"}
,{"stream_name":"stdout","time":2445.409543098,"data":"(epoch: 6, iters: 1600, time: 0.125, data: 0.003) G_GAN: 9.291 G_LPIPS: 48.951 D_real: 0.000 D_fake: 0.000 \n"}
,{"stream_name":"stdout","time":2445.409551005,"data":"(epoch: 6, iters: 1620, time: 0.124, data: 0.004) G_GAN: 8.701 G_LPIPS: 49.408 D_real: 0.000 D_fake: 0.000 \n"}
,{"stream_name":"stdout","time":2445.409554492,"data":"(epoch: 6, iters: 1640, time: 0.125, data: 0.003) G_GAN: 9.318 G_LPIPS: 49.689 D_real: 0.000 D_fake: 0.000 \n"}
,{"stream_name":"stdout","time":2445.409558067,"data":"(epoch: 6, iters: 1660, time: 0.124, data: 0.003) G_GAN: 7.918 G_LPIPS: 53.022 D_real: 0.000 D_fake: 0.000 \n"}
,{"stream_name":"stdout","time":2445.409561707,"data":"(epoch: 6, iters: 1680, time: 0.125, data: 0.003) G_GAN: 9.093 G_LPIPS: 51.381 D_real: 0.000 D_fake: 0.000 \n"}
,{"stream_name":"stdout","time":2445.409577975,"data":"(epoch: 6, iters: 1700, time: 0.125, data: 0.003) G_GAN: 9.087 G_LPIPS: 46.867 D_real: 0.000 D_fake: 0.000 \n"}
,{"stream_name":"stdout","time":2445.40958147,"data":"(epoch: 6, iters: 1720, time: 0.124, data: 0.003) G_GAN: 9.067 G_LPIPS: 49.537 D_real: 0.000 D_fake: 0.000 \n"}
,{"stream_name":"stdout","time":2445.409597746,"data":"(epoch: 6, iters: 1740, time: 0.125, data: 0.003) G_GAN: 9.065 G_LPIPS: 49.806 D_real: 0.000 D_fake: 0.000 \n"}
,{"stream_name":"stdout","time":2445.409602343,"data":"(epoch: 6, iters: 1760, time: 0.126, data: 0.004) G_GAN: 8.467 G_LPIPS: 47.050 D_real: 0.000 D_fake: 0.000 \n"}
,{"stream_name":"stdout","time":2445.409606459,"data":"(epoch: 6, iters: 1780, time: 0.124, data: 0.003) G_GAN: 9.221 G_LPIPS: 51.927 D_real: 0.000 D_fake: 0.000 \n"}
,{"stream_name":"stdout","time":2445.409611646,"data":"(epoch: 6, iters: 1800, time: 0.125, data: 0.003) G_GAN: 8.588 G_LPIPS: 50.049 D_real: 0.000 D_fake: 0.000 \n"}
,{"stream_name":"stdout","time":2445.409616174,"data":"(epoch: 6, iters: 1820, time: 0.124, data: 0.003) G_GAN: 8.936 G_LPIPS: 51.135 D_real: 0.000 D_fake: 0.000 \n"}
,{"stream_name":"stdout","time":2445.409620127,"data":"(epoch: 6, iters: 1840, time: 0.125, data: 0.003) G_GAN: 8.381 G_LPIPS: 50.695 D_real: 0.000 D_fake: 0.000 \n"}
,{"stream_name":"stdout","time":2445.409623904,"data":"(epoch: 6, iters: 1860, time: 0.126, data: 0.003) G_GAN: 8.608 G_LPIPS: 52.618 D_real: 0.000 D_fake: 0.000 \n"}
,{"stream_name":"stdout","time":2445.409627727,"data":"(epoch: 6, iters: 1880, time: 0.124, data: 0.003) G_GAN: 8.851 G_LPIPS: 46.989 D_real: 0.000 D_fake: 0.000 \n"}
,{"stream_name":"stdout","time":2445.409631424,"data":"(epoch: 6, iters: 1900, time: 0.124, data: 0.003) G_GAN: 8.932 G_LPIPS: 50.549 D_real: 0.000 D_fake: 0.000 \n"}
,{"stream_name":"stdout","time":2445.409636513,"data":"(epoch: 6, iters: 1920, time: 0.125, data: 0.003) G_GAN: 9.113 G_LPIPS: 48.725 D_real: 0.000 D_fake: 0.000 \n"}
,{"stream_name":"stdout","time":2445.40964031,"data":"(epoch: 6, iters: 1940, time: 0.125, data: 0.003) G_GAN: 9.140 G_LPIPS: 49.292 D_real: 0.000 D_fake: 0.000 \n"}
,{"stream_name":"stdout","time":2445.409644178,"data":"(epoch: 6, iters: 1960, time: 0.124, data: 0.003) G_GAN: 9.542 G_LPIPS: 51.772 D_real: 0.000 D_fake: 0.000 \n"}
,{"stream_name":"stdout","time":2445.409647989,"data":"(epoch: 6, iters: 1980, time: 0.125, data: 0.003) G_GAN: 8.643 G_LPIPS: 46.926 D_real: 0.000 D_fake: 0.000 \n"}
,{"stream_name":"stdout","time":2445.409651626,"data":"(epoch: 6, iters: 2000, time: 0.124, data: 0.003) G_GAN: 9.168 G_LPIPS: 54.544 D_real: 0.000 D_fake: 0.000 \n"}
,{"stream_name":"stdout","time":2445.409655328,"data":"(epoch: 6, iters: 2020, time: 0.125, data: 0.004) G_GAN: 9.394 G_LPIPS: 48.827 D_real: 0.000 D_fake: 0.000 \n"}
,{"stream_name":"stdout","time":2445.409659212,"data":"(epoch: 6, iters: 2040, time: 0.172, data: 0.003) G_GAN: 9.219 G_LPIPS: 47.984 D_real: 0.000 D_fake: 0.000 \n"}
,{"stream_name":"stdout","time":2445.409668739,"data":"(epoch: 6, iters: 2060, time: 0.124, data: 0.003) G_GAN: 8.950 G_LPIPS: 51.967 D_real: 0.000 D_fake: 0.000 \n"}
,{"stream_name":"stdout","time":2445.409671537,"data":"(epoch: 6, iters: 2080, time: 0.124, data: 0.003) G_GAN: 9.177 G_LPIPS: 52.992 D_real: 0.000 D_fake: 0.000 \n"}
,{"stream_name":"stdout","time":2445.409674362,"data":"(epoch: 6, iters: 2100, time: 0.139, data: 0.003) G_GAN: 9.218 G_LPIPS: 50.513 D_real: 0.000 D_fake: 0.000 \n"}
,{"stream_name":"stdout","time":2445.40967692,"data":"saving the latest model (epoch 6, total_iters 30000)\n"}
,{"stream_name":"stdout","time":2445.409679731,"data":"(epoch: 6, iters: 2120, time: 0.124, data: 0.003) G_GAN: 8.574 G_LPIPS: 47.449 D_real: 0.000 D_fake: 0.000 \n"}
,{"stream_name":"stdout","time":2445.409699692,"data":"(epoch: 6, iters: 2140, time: 0.125, data: 0.003) G_GAN: 9.211 G_LPIPS: 53.172 D_real: 0.000 D_fake: 0.000 \n"}
,{"stream_name":"stdout","time":2445.409704644,"data":"(epoch: 6, iters: 2160, time: 0.128, data: 0.003) G_GAN: 8.794 G_LPIPS: 43.769 D_real: 0.002 D_fake: 0.000 \n"}
,{"stream_name":"stdout","time":2445.409709098,"data":"(epoch: 6, iters: 2180, time: 0.124, data: 0.004) G_GAN: 8.813 G_LPIPS: 51.926 D_real: 0.000 D_fake: 0.000 \n"}
,{"stream_name":"stdout","time":2445.409712695,"data":"(epoch: 6, iters: 2200, time: 0.125, data: 0.003) G_GAN: 9.309 G_LPIPS: 52.731 D_real: 0.000 D_fake: 0.000 \n"}
,{"stream_name":"stdout","time":2445.409716704,"data":"(epoch: 6, iters: 2220, time: 0.126, data: 0.003) G_GAN: 8.623 G_LPIPS: 49.151 D_real: 0.000 D_fake: 0.000 \n"}
,{"stream_name":"stdout","time":2445.409720632,"data":"(epoch: 6, iters: 2240, time: 0.124, data: 0.003) G_GAN: 9.341 G_LPIPS: 51.080 D_real: 0.000 D_fake: 0.000 \n"}
,{"stream_name":"stdout","time":2445.409724257,"data":"(epoch: 6, iters: 2260, time: 0.126, data: 0.003) G_GAN: 8.546 G_LPIPS: 48.228 D_real: 0.000 D_fake: 0.000 \n"}
,{"stream_name":"stdout","time":2445.409728022,"data":"(epoch: 6, iters: 2280, time: 0.125, data: 0.003) G_GAN: 9.215 G_LPIPS: 49.434 D_real: 0.000 D_fake: 0.000 \n"}
,{"stream_name":"stdout","time":2445.40973172,"data":"(epoch: 6, iters: 2300, time: 0.125, data: 0.003) G_GAN: 8.994 G_LPIPS: 48.966 D_real: 0.000 D_fake: 0.000 \n"}
,{"stream_name":"stdout","time":2445.409735261,"data":"(epoch: 6, iters: 2320, time: 0.124, data: 0.004) G_GAN: 8.929 G_LPIPS: 50.673 D_real: 0.000 D_fake: 0.000 \n"}
,{"stream_name":"stdout","time":2445.409738873,"data":"(epoch: 6, iters: 2340, time: 0.124, data: 0.003) G_GAN: 9.502 G_LPIPS: 52.023 D_real: 0.000 D_fake: 0.000 \n"}
,{"stream_name":"stdout","time":2445.409742183,"data":"(epoch: 6, iters: 2360, time: 0.126, data: 0.003) G_GAN: 9.654 G_LPIPS: 51.410 D_real: 0.000 D_fake: 0.000 \n"}
,{"stream_name":"stdout","time":2445.409745763,"data":"(epoch: 6, iters: 2380, time: 0.126, data: 0.003) G_GAN: 9.172 G_LPIPS: 51.493 D_real: 0.000 D_fake: 0.000 \n"}
,{"stream_name":"stdout","time":2445.409749112,"data":"(epoch: 6, iters: 2400, time: 0.125, data: 0.003) G_GAN: 8.704 G_LPIPS: 47.503 D_real: 0.001 D_fake: 0.000 \n"}
,{"stream_name":"stdout","time":2445.409752652,"data":"(epoch: 6, iters: 2420, time: 0.124, data: 0.003) G_GAN: 8.672 G_LPIPS: 50.491 D_real: 0.000 D_fake: 0.000 \n"}
,{"stream_name":"stdout","time":2445.409756314,"data":"(epoch: 6, iters: 2440, time: 0.125, data: 0.003) G_GAN: 8.282 G_LPIPS: 48.168 D_real: 0.000 D_fake: 0.000 \n"}
,{"stream_name":"stdout","time":2445.409760158,"data":"(epoch: 6, iters: 2460, time: 0.126, data: 0.003) G_GAN: 5.453 G_LPIPS: 44.903 D_real: 0.010 D_fake: 3.367 \n"}
,{"stream_name":"stdout","time":2445.409763712,"data":"(epoch: 6, iters: 2480, time: 0.125, data: 0.003) G_GAN: 5.468 G_LPIPS: 49.652 D_real: 0.405 D_fake: 0.502 \n"}
,{"stream_name":"stdout","time":2445.409767473,"data":"(epoch: 6, iters: 2500, time: 0.171, data: 0.003) G_GAN: 4.342 G_LPIPS: 46.712 D_real: 0.021 D_fake: 0.214 \n"}
,{"stream_name":"stdout","time":2445.409771684,"data":"(epoch: 6, iters: 2520, time: 0.126, data: 0.003) G_GAN: 8.571 G_LPIPS: 54.221 D_real: 0.002 D_fake: 0.000 \n"}
,{"stream_name":"stdout","time":2445.409775054,"data":"(epoch: 6, iters: 2540, time: 0.125, data: 0.003) G_GAN: 5.984 G_LPIPS: 47.541 D_real: 3.920 D_fake: 0.002 \n"}
,{"stream_name":"stdout","time":2445.409778689,"data":"(epoch: 6, iters: 2560, time: 0.125, data: 0.003) G_GAN: 4.512 G_LPIPS: 53.513 D_real: 0.003 D_fake: 0.270 \n"}
,{"stream_name":"stdout","time":2445.409782554,"data":"(epoch: 6, iters: 2580, time: 0.124, data: 0.006) G_GAN: 7.387 G_LPIPS: 53.760 D_real: 0.005 D_fake: 0.001 \n"}
,{"stream_name":"stdout","time":2445.409789788,"data":"(epoch: 6, iters: 2600, time: 0.126, data: 0.003) G_GAN: 9.258 G_LPIPS: 52.802 D_real: 0.004 D_fake: 0.000 \n"}
,{"stream_name":"stdout","time":2445.409793231,"data":"(epoch: 6, iters: 2620, time: 0.126, data: 0.003) G_GAN: 4.878 G_LPIPS: 48.784 D_real: 0.011 D_fake: 0.050 \n"}
,{"stream_name":"stdout","time":2445.409796668,"data":"(epoch: 6, iters: 2640, time: 0.126, data: 0.003) G_GAN: 6.228 G_LPIPS: 47.814 D_real: 0.009 D_fake: 0.008 \n"}
,{"stream_name":"stdout","time":2445.409800734,"data":"(epoch: 6, iters: 2660, time: 0.125, data: 0.003) G_GAN: 6.755 G_LPIPS: 52.713 D_real: 0.002 D_fake: 0.002 \n"}
,{"stream_name":"stdout","time":2445.40980454,"data":"(epoch: 6, iters: 2680, time: 0.126, data: 0.003) G_GAN: 8.818 G_LPIPS: 50.040 D_real: 0.007 D_fake: 0.000 \n"}
,{"stream_name":"stdout","time":2445.40980813,"data":"(epoch: 6, iters: 2700, time: 0.126, data: 0.003) G_GAN: 6.980 G_LPIPS: 49.230 D_real: 0.008 D_fake: 0.003 \n"}
,{"stream_name":"stdout","time":2445.409811436,"data":"(epoch: 6, iters: 2720, time: 0.126, data: 0.003) G_GAN: 6.655 G_LPIPS: 51.126 D_real: 0.001 D_fake: 0.003 \n"}
,{"stream_name":"stdout","time":2445.409814886,"data":"(epoch: 6, iters: 2740, time: 0.125, data: 0.003) G_GAN: 6.172 G_LPIPS: 49.796 D_real: 0.263 D_fake: 0.001 \n"}
,{"stream_name":"stdout","time":2445.409818513,"data":"(epoch: 6, iters: 2760, time: 0.126, data: 0.003) G_GAN: 8.460 G_LPIPS: 50.794 D_real: 0.007 D_fake: 0.001 \n"}
,{"stream_name":"stdout","time":2445.409822272,"data":"(epoch: 6, iters: 2780, time: 0.124, data: 0.003) G_GAN: 8.442 G_LPIPS: 54.285 D_real: 0.001 D_fake: 0.001 \n"}
,{"stream_name":"stdout","time":2445.409826441,"data":"(epoch: 6, iters: 2800, time: 0.174, data: 0.003) G_GAN: 8.581 G_LPIPS: 56.815 D_real: 0.001 D_fake: 0.000 \n"}
,{"stream_name":"stdout","time":2445.409830414,"data":"(epoch: 6, iters: 2820, time: 0.125, data: 0.003) G_GAN: 7.725 G_LPIPS: 49.831 D_real: 0.001 D_fake: 0.001 \n"}
,{"stream_name":"stdout","time":2445.409834316,"data":"(epoch: 6, iters: 2840, time: 0.126, data: 0.003) G_GAN: 8.200 G_LPIPS: 54.877 D_real: 0.002 D_fake: 0.000 \n"}
,{"stream_name":"stdout","time":2445.409838846,"data":"(epoch: 6, iters: 2860, time: 0.126, data: 0.003) G_GAN: 8.369 G_LPIPS: 47.124 D_real: 0.005 D_fake: 0.001 \n"}
,{"stream_name":"stdout","time":2445.409842354,"data":"(epoch: 6, iters: 2880, time: 0.124, data: 0.003) G_GAN: 8.703 G_LPIPS: 51.222 D_real: 0.002 D_fake: 0.000 \n"}
,{"stream_name":"stdout","time":2445.409845928,"data":"(epoch: 6, iters: 2900, time: 0.129, data: 0.003) G_GAN: 7.252 G_LPIPS: 47.460 D_real: 0.019 D_fake: 0.001 \n"}
,{"stream_name":"stdout","time":2445.409850036,"data":"(epoch: 6, iters: 2920, time: 0.126, data: 0.003) G_GAN: 8.457 G_LPIPS: 52.250 D_real: 0.001 D_fake: 0.000 \n"}
,{"stream_name":"stdout","time":2445.409854245,"data":"(epoch: 6, iters: 2940, time: 0.125, data: 0.003) G_GAN: 8.492 G_LPIPS: 55.250 D_real: 0.000 D_fake: 0.000 \n"}
,{"stream_name":"stdout","time":2445.409857988,"data":"(epoch: 6, iters: 2960, time: 0.124, data: 0.003) G_GAN: 7.847 G_LPIPS: 46.817 D_real: 0.003 D_fake: 0.001 \n"}
,{"stream_name":"stdout","time":2445.409861816,"data":"(epoch: 6, iters: 2980, time: 0.125, data: 0.003) G_GAN: 7.437 G_LPIPS: 49.303 D_real: 0.001 D_fake: 0.001 \n"}
,{"stream_name":"stdout","time":2445.409865482,"data":"(epoch: 6, iters: 3000, time: 0.125, data: 0.003) G_GAN: 9.566 G_LPIPS: 53.414 D_real: 0.001 D_fake: 0.000 \n"}
,{"stream_name":"stdout","time":2445.40986924,"data":"(epoch: 6, iters: 3020, time: 0.126, data: 0.003) G_GAN: 8.410 G_LPIPS: 50.701 D_real: 0.004 D_fake: 0.000 \n"}
,{"stream_name":"stdout","time":2445.409872918,"data":"(epoch: 6, iters: 3040, time: 0.126, data: 0.003) G_GAN: 8.877 G_LPIPS: 54.125 D_real: 0.000 D_fake: 0.000 \n"}
,{"stream_name":"stdout","time":2581.620520606,"data":"(epoch: 6, iters: 3060, time: 0.125, data: 0.003) G_GAN: 8.460 G_LPIPS: 50.103 D_real: 0.001 D_fake: 0.000 \n"}
,{"stream_name":"stdout","time":2581.620577133,"data":"(epoch: 6, iters: 3080, time: 0.126, data: 0.003) G_GAN: 6.468 G_LPIPS: 50.475 D_real: 0.001 D_fake: 0.002 \n"}
,{"stream_name":"stdout","time":2581.620584098,"data":"(epoch: 6, iters: 3100, time: 0.172, data: 0.003) G_GAN: 8.006 G_LPIPS: 47.431 D_real: 0.002 D_fake: 0.001 \n"}
,{"stream_name":"stdout","time":2581.620589283,"data":"(epoch: 6, iters: 3120, time: 0.126, data: 0.003) G_GAN: 7.168 G_LPIPS: 50.218 D_real: 0.001 D_fake: 0.001 \n"}
,{"stream_name":"stdout","time":2581.620594827,"data":"(epoch: 6, iters: 3140, time: 0.126, data: 0.003) G_GAN: 8.404 G_LPIPS: 47.749 D_real: 0.008 D_fake: 0.000 \n"}
,{"stream_name":"stdout","time":2581.620599966,"data":"(epoch: 6, iters: 3160, time: 0.125, data: 0.003) G_GAN: 8.997 G_LPIPS: 50.556 D_real: 0.000 D_fake: 0.000 \n"}
,{"stream_name":"stdout","time":2581.620604553,"data":"(epoch: 6, iters: 3180, time: 0.125, data: 0.003) G_GAN: 7.238 G_LPIPS: 48.823 D_real: 0.001 D_fake: 0.001 \n"}
,{"stream_name":"stdout","time":2581.620609109,"data":"(epoch: 6, iters: 3200, time: 0.126, data: 0.003) G_GAN: 9.053 G_LPIPS: 51.930 D_real: 0.000 D_fake: 0.000 \n"}
,{"stream_name":"stdout","time":2581.62061364,"data":"(epoch: 6, iters: 3220, time: 0.126, data: 0.003) G_GAN: 8.579 G_LPIPS: 50.214 D_real: 0.001 D_fake: 0.000 \n"}
,{"stream_name":"stdout","time":2581.620618223,"data":"(epoch: 6, iters: 3240, time: 0.174, data: 0.003) G_GAN: 7.056 G_LPIPS: 48.439 D_real: 0.004 D_fake: 0.002 \n"}
,{"stream_name":"stdout","time":2581.62062736,"data":"(epoch: 6, iters: 3260, time: 0.126, data: 0.003) G_GAN: 8.873 G_LPIPS: 49.388 D_real: 0.000 D_fake: 0.000 \n"}
,{"stream_name":"stdout","time":2581.620631093,"data":"(epoch: 6, iters: 3280, time: 0.126, data: 0.003) G_GAN: 8.870 G_LPIPS: 52.387 D_real: 0.000 D_fake: 0.000 \n"}
,{"stream_name":"stdout","time":2581.62063408,"data":"(epoch: 6, iters: 3300, time: 0.126, data: 0.003) G_GAN: 6.075 G_LPIPS: 47.335 D_real: 0.001 D_fake: 0.004 \n"}
,{"stream_name":"stdout","time":2581.620637121,"data":"(epoch: 6, iters: 3320, time: 0.124, data: 0.003) G_GAN: 6.737 G_LPIPS: 46.647 D_real: 0.001 D_fake: 0.002 \n"}
,{"stream_name":"stdout","time":2581.620640078,"data":"(epoch: 6, iters: 3340, time: 0.126, data: 0.003) G_GAN: 8.835 G_LPIPS: 50.605 D_real: 0.001 D_fake: 0.000 \n"}
,{"stream_name":"stdout","time":2581.620643029,"data":"(epoch: 6, iters: 3360, time: 0.125, data: 0.003) G_GAN: 8.965 G_LPIPS: 53.201 D_real: 0.000 D_fake: 0.000 \n"}
,{"stream_name":"stdout","time":2581.620646171,"data":"(epoch: 6, iters: 3380, time: 0.175, data: 0.003) G_GAN: 8.763 G_LPIPS: 48.346 D_real: 0.001 D_fake: 0.000 \n"}
,{"stream_name":"stdout","time":2581.62064937,"data":"(epoch: 6, iters: 3400, time: 0.125, data: 0.003) G_GAN: 7.731 G_LPIPS: 53.526 D_real: 0.000 D_fake: 0.001 \n"}
,{"stream_name":"stdout","time":2581.620652442,"data":"(epoch: 6, iters: 3420, time: 0.125, data: 0.003) G_GAN: 8.510 G_LPIPS: 51.585 D_real: 0.000 D_fake: 0.000 \n"}
,{"stream_name":"stdout","time":2581.620656791,"data":"(epoch: 6, iters: 3440, time: 0.126, data: 0.003) G_GAN: 7.997 G_LPIPS: 49.699 D_real: 0.001 D_fake: 0.000 \n"}
,{"stream_name":"stdout","time":2581.620660338,"data":"(epoch: 6, iters: 3460, time: 0.125, data: 0.003) G_GAN: 7.619 G_LPIPS: 47.721 D_real: 0.000 D_fake: 0.001 \n"}
,{"stream_name":"stdout","time":2581.620677445,"data":"(epoch: 6, iters: 3480, time: 0.126, data: 0.003) G_GAN: 6.841 G_LPIPS: 44.856 D_real: 0.056 D_fake: 0.001 \n"}
,{"stream_name":"stdout","time":2581.62068321,"data":"(epoch: 6, iters: 3500, time: 0.125, data: 0.003) G_GAN: 6.002 G_LPIPS: 44.462 D_real: 0.001 D_fake: 0.005 \n"}
,{"stream_name":"stdout","time":2581.620699104,"data":"(epoch: 6, iters: 3520, time: 0.174, data: 0.003) G_GAN: 6.594 G_LPIPS: 49.033 D_real: 0.001 D_fake: 0.003 \n"}
,{"stream_name":"stdout","time":2581.620703276,"data":"(epoch: 6, iters: 3540, time: 0.126, data: 0.003) G_GAN: 7.146 G_LPIPS: 49.889 D_real: 0.001 D_fake: 0.001 \n"}
,{"stream_name":"stdout","time":2581.620706795,"data":"(epoch: 6, iters: 3560, time: 0.126, data: 0.003) G_GAN: 7.665 G_LPIPS: 50.366 D_real: 0.001 D_fake: 0.001 \n"}
,{"stream_name":"stdout","time":2581.620710269,"data":"(epoch: 6, iters: 3580, time: 0.125, data: 0.003) G_GAN: 8.493 G_LPIPS: 54.986 D_real: 0.000 D_fake: 0.000 \n"}
,{"stream_name":"stdout","time":2581.620714037,"data":"(epoch: 6, iters: 3600, time: 0.125, data: 0.003) G_GAN: 8.316 G_LPIPS: 49.216 D_real: 0.000 D_fake: 0.000 \n"}
,{"stream_name":"stdout","time":2581.620717548,"data":"(epoch: 6, iters: 3620, time: 0.126, data: 0.003) G_GAN: 7.718 G_LPIPS: 44.323 D_real: 0.002 D_fake: 0.001 \n"}
,{"stream_name":"stdout","time":2581.620721097,"data":"(epoch: 6, iters: 3640, time: 0.126, data: 0.003) G_GAN: 8.013 G_LPIPS: 50.662 D_real: 0.000 D_fake: 0.001 \n"}
,{"stream_name":"stdout","time":2581.620724491,"data":"(epoch: 6, iters: 3660, time: 0.173, data: 0.003) G_GAN: 7.398 G_LPIPS: 48.336 D_real: 0.002 D_fake: 0.001 \n"}
,{"stream_name":"stdout","time":2581.620728173,"data":"(epoch: 6, iters: 3680, time: 0.126, data: 0.003) G_GAN: 7.676 G_LPIPS: 46.686 D_real: 0.000 D_fake: 0.001 \n"}
,{"stream_name":"stdout","time":2581.620731745,"data":"(epoch: 6, iters: 3700, time: 0.125, data: 0.003) G_GAN: 8.749 G_LPIPS: 53.675 D_real: 0.000 D_fake: 0.000 \n"}
,{"stream_name":"stdout","time":2581.620735338,"data":"(epoch: 6, iters: 3720, time: 0.126, data: 0.003) G_GAN: 8.261 G_LPIPS: 48.838 D_real: 0.000 D_fake: 0.000 \n"}
,{"stream_name":"stdout","time":2581.620740726,"data":"(epoch: 6, iters: 3740, time: 0.126, data: 0.003) G_GAN: 7.510 G_LPIPS: 51.362 D_real: 0.000 D_fake: 0.001 \n"}
,{"stream_name":"stdout","time":2581.620747868,"data":"(epoch: 6, iters: 3760, time: 0.127, data: 0.003) G_GAN: 8.410 G_LPIPS: 54.421 D_real: 0.000 D_fake: 0.000 \n"}
,{"stream_name":"stdout","time":2581.620750224,"data":"(epoch: 6, iters: 3780, time: 0.126, data: 0.003) G_GAN: 8.571 G_LPIPS: 46.415 D_real: 0.002 D_fake: 0.000 \n"}
,{"stream_name":"stdout","time":2581.620752492,"data":"(epoch: 6, iters: 3800, time: 0.176, data: 0.003) G_GAN: 9.250 G_LPIPS: 49.070 D_real: 0.000 D_fake: 0.000 \n"}
,{"stream_name":"stdout","time":2581.620755025,"data":"(epoch: 6, iters: 3820, time: 0.125, data: 0.003) G_GAN: 8.984 G_LPIPS: 45.098 D_real: 0.004 D_fake: 0.000 \n"}
,{"stream_name":"stdout","time":2581.620757342,"data":"(epoch: 6, iters: 3840, time: 0.125, data: 0.003) G_GAN: 8.241 G_LPIPS: 52.774 D_real: 0.000 D_fake: 0.000 \n"}
,{"stream_name":"stdout","time":2581.620771963,"data":"(epoch: 6, iters: 3860, time: 0.126, data: 0.003) G_GAN: 7.853 G_LPIPS: 50.960 D_real: 0.000 D_fake: 0.001 \n"}
,{"stream_name":"stdout","time":2581.620776131,"data":"(epoch: 6, iters: 3880, time: 0.126, data: 0.003) G_GAN: 7.611 G_LPIPS: 49.340 D_real: 0.001 D_fake: 0.001 \n"}
,{"stream_name":"stdout","time":2581.620780385,"data":"(epoch: 6, iters: 3900, time: 0.126, data: 0.003) G_GAN: 8.401 G_LPIPS: 52.020 D_real: 0.001 D_fake: 0.000 \n"}
,{"stream_name":"stdout","time":2581.620784231,"data":"(epoch: 6, iters: 3920, time: 0.125, data: 0.003) G_GAN: 8.796 G_LPIPS: 47.025 D_real: 0.001 D_fake: 0.000 \n"}
,{"stream_name":"stdout","time":2581.620788468,"data":"(epoch: 6, iters: 3940, time: 0.175, data: 0.002) G_GAN: 8.524 G_LPIPS: 48.621 D_real: 0.001 D_fake: 0.000 \n"}
,{"stream_name":"stdout","time":2581.620792251,"data":"(epoch: 6, iters: 3960, time: 0.126, data: 0.003) G_GAN: 7.265 G_LPIPS: 50.410 D_real: 0.000 D_fake: 0.001 \n"}
,{"stream_name":"stdout","time":2581.620800243,"data":"(epoch: 6, iters: 3980, time: 0.127, data: 0.003) G_GAN: 7.674 G_LPIPS: 46.616 D_real: 0.002 D_fake: 0.001 \n"}
,{"stream_name":"stdout","time":2581.62080375,"data":"(epoch: 6, iters: 4000, time: 0.127, data: 0.003) G_GAN: 6.855 G_LPIPS: 48.782 D_real: 0.002 D_fake: 0.001 \n"}
,{"stream_name":"stdout","time":2581.620807272,"data":"(epoch: 6, iters: 4020, time: 0.130, data: 0.003) G_GAN: 8.525 G_LPIPS: 51.617 D_real: 0.001 D_fake: 0.000 \n"}
,{"stream_name":"stdout","time":2581.620810743,"data":"(epoch: 6, iters: 4040, time: 0.126, data: 0.003) G_GAN: 8.394 G_LPIPS: 49.853 D_real: 0.000 D_fake: 0.000 \n"}
,{"stream_name":"stdout","time":2581.620814275,"data":"(epoch: 6, iters: 4060, time: 0.126, data: 0.003) G_GAN: 8.413 G_LPIPS: 48.069 D_real: 0.000 D_fake: 0.000 \n"}
,{"stream_name":"stdout","time":2581.620817804,"data":"(epoch: 6, iters: 4080, time: 0.174, data: 0.003) G_GAN: 8.232 G_LPIPS: 50.413 D_real: 0.000 D_fake: 0.000 \n"}
,{"stream_name":"stdout","time":2581.620821555,"data":"(epoch: 6, iters: 4100, time: 0.140, data: 0.003) G_GAN: 7.914 G_LPIPS: 50.822 D_real: 0.000 D_fake: 0.000 \n"}
,{"stream_name":"stdout","time":2581.620825123,"data":"(epoch: 6, iters: 4120, time: 0.126, data: 0.003) G_GAN: 8.701 G_LPIPS: 48.405 D_real: 0.000 D_fake: 0.000 \n"}
,{"stream_name":"stdout","time":2581.620828635,"data":"(epoch: 6, iters: 4140, time: 0.126, data: 0.004) G_GAN: 7.599 G_LPIPS: 48.065 D_real: 0.002 D_fake: 0.001 \n"}
,{"stream_name":"stdout","time":2581.620832186,"data":"(epoch: 6, iters: 4160, time: 0.126, data: 0.003) G_GAN: 8.658 G_LPIPS: 48.566 D_real: 0.000 D_fake: 0.000 \n"}
,{"stream_name":"stdout","time":2581.620835811,"data":"(epoch: 6, iters: 4180, time: 0.127, data: 0.003) G_GAN: 7.687 G_LPIPS: 45.550 D_real: 0.001 D_fake: 0.001 \n"}
,{"stream_name":"stdout","time":2581.620839803,"data":"(epoch: 6, iters: 4200, time: 0.126, data: 0.003) G_GAN: 8.502 G_LPIPS: 47.856 D_real: 0.001 D_fake: 0.000 \n"}
,{"stream_name":"stdout","time":2581.620843363,"data":"(epoch: 6, iters: 4220, time: 0.175, data: 0.003) G_GAN: 7.709 G_LPIPS: 47.544 D_real: 0.001 D_fake: 0.001 \n"}
,{"stream_name":"stdout","time":2581.620853036,"data":"(epoch: 6, iters: 4240, time: 0.128, data: 0.003) G_GAN: 8.894 G_LPIPS: 54.995 D_real: 0.000 D_fake: 0.000 \n"}
,{"stream_name":"stdout","time":2581.620856183,"data":"(epoch: 6, iters: 4260, time: 0.127, data: 0.003) G_GAN: 9.129 G_LPIPS: 52.150 D_real: 0.000 D_fake: 0.000 \n"}
,{"stream_name":"stdout","time":2581.62087061,"data":"(epoch: 6, iters: 4280, time: 0.125, data: 0.003) G_GAN: 7.840 G_LPIPS: 50.522 D_real: 0.001 D_fake: 0.001 \n"}
,{"stream_name":"stdout","time":2581.620874885,"data":"(epoch: 6, iters: 4300, time: 0.127, data: 0.003) G_GAN: 8.820 G_LPIPS: 51.231 D_real: 0.000 D_fake: 0.000 \n"}
,{"stream_name":"stdout","time":2581.620878939,"data":"(epoch: 6, iters: 4320, time: 0.130, data: 0.003) G_GAN: 7.541 G_LPIPS: 46.795 D_real: 0.004 D_fake: 0.001 \n"}
,{"stream_name":"stdout","time":2581.620883131,"data":"(epoch: 6, iters: 4340, time: 0.126, data: 0.003) G_GAN: 8.835 G_LPIPS: 52.136 D_real: 0.000 D_fake: 0.000 \n"}
,{"stream_name":"stdout","time":2581.620887,"data":"(epoch: 6, iters: 4360, time: 0.177, data: 0.003) G_GAN: 8.742 G_LPIPS: 53.277 D_real: 0.000 D_fake: 0.000 \n"}
,{"stream_name":"stdout","time":2581.620890495,"data":"(epoch: 6, iters: 4380, time: 0.126, data: 0.003) G_GAN: 9.055 G_LPIPS: 52.789 D_real: 0.000 D_fake: 0.000 \n"}
,{"stream_name":"stdout","time":2581.620893994,"data":"(epoch: 6, iters: 4400, time: 0.127, data: 0.003) G_GAN: 9.511 G_LPIPS: 54.909 D_real: 0.000 D_fake: 0.000 \n"}
,{"stream_name":"stdout","time":2581.620897513,"data":"(epoch: 6, iters: 4420, time: 0.126, data: 0.003) G_GAN: 8.395 G_LPIPS: 48.203 D_real: 0.000 D_fake: 0.000 \n"}
,{"stream_name":"stdout","time":2581.620904301,"data":"(epoch: 6, iters: 4440, time: 0.127, data: 0.003) G_GAN: 8.312 G_LPIPS: 47.338 D_real: 0.001 D_fake: 0.000 \n"}
,{"stream_name":"stdout","time":2581.620907838,"data":"(epoch: 6, iters: 4460, time: 0.127, data: 0.003) G_GAN: 8.846 G_LPIPS: 52.830 D_real: 0.000 D_fake: 0.000 \n"}
,{"stream_name":"stdout","time":2581.620911305,"data":"(epoch: 6, iters: 4480, time: 0.128, data: 0.003) G_GAN: 8.105 G_LPIPS: 52.224 D_real: 0.000 D_fake: 0.000 \n"}
,{"stream_name":"stdout","time":2581.62091488,"data":"(epoch: 6, iters: 4500, time: 0.176, data: 0.003) G_GAN: 8.092 G_LPIPS: 50.332 D_real: 0.001 D_fake: 0.000 \n"}
,{"stream_name":"stdout","time":2581.620918323,"data":"(epoch: 6, iters: 4520, time: 0.127, data: 0.004) G_GAN: 7.544 G_LPIPS: 48.328 D_real: 0.001 D_fake: 0.001 \n"}
,{"stream_name":"stdout","time":2581.620921711,"data":"(epoch: 6, iters: 4540, time: 0.127, data: 0.003) G_GAN: 8.519 G_LPIPS: 48.494 D_real: 0.000 D_fake: 0.000 \n"}
,{"stream_name":"stdout","time":2581.620925202,"data":"(epoch: 6, iters: 4560, time: 0.126, data: 0.004) G_GAN: 7.893 G_LPIPS: 50.046 D_real: 0.000 D_fake: 0.000 \n"}
,{"stream_name":"stdout","time":2673.271471356,"data":"(epoch: 6, iters: 4580, time: 0.127, data: 0.003) G_GAN: 8.253 G_LPIPS: 50.291 D_real: 0.000 D_fake: 0.000 \n"}
,{"stream_name":"stdout","time":2673.271512165,"data":"(epoch: 6, iters: 4600, time: 0.126, data: 0.003) G_GAN: 6.728 G_LPIPS: 49.963 D_real: 0.000 D_fake: 0.002 \n"}
,{"stream_name":"stdout","time":2673.271518241,"data":"(epoch: 6, iters: 4620, time: 0.127, data: 0.003) G_GAN: 8.665 G_LPIPS: 50.586 D_real: 0.000 D_fake: 0.000 \n"}
,{"stream_name":"stdout","time":2673.271528473,"data":"(epoch: 6, iters: 4640, time: 0.174, data: 0.003) G_GAN: 9.159 G_LPIPS: 48.087 D_real: 0.000 D_fake: 0.000 \n"}
,{"stream_name":"stdout","time":2673.271531927,"data":"(epoch: 6, iters: 4660, time: 0.126, data: 0.003) G_GAN: 8.320 G_LPIPS: 47.703 D_real: 0.001 D_fake: 0.000 \n"}
,{"stream_name":"stdout","time":2673.271535001,"data":"(epoch: 6, iters: 4680, time: 0.126, data: 0.004) G_GAN: 9.406 G_LPIPS: 53.966 D_real: 0.000 D_fake: 0.000 \n"}
,{"stream_name":"stdout","time":2673.271538086,"data":"(epoch: 6, iters: 4700, time: 0.127, data: 0.003) G_GAN: 9.323 G_LPIPS: 50.555 D_real: 0.000 D_fake: 0.000 \n"}
,{"stream_name":"stdout","time":2673.271541096,"data":"(epoch: 6, iters: 4720, time: 0.127, data: 0.003) G_GAN: 9.077 G_LPIPS: 48.001 D_real: 0.000 D_fake: 0.000 \n"}
,{"stream_name":"stdout","time":2673.27154408,"data":"(epoch: 6, iters: 4740, time: 0.126, data: 0.003) G_GAN: 7.380 G_LPIPS: 47.095 D_real: 0.000 D_fake: 0.001 \n"}
,{"stream_name":"stdout","time":2673.271547091,"data":"(epoch: 6, iters: 4760, time: 0.127, data: 0.003) G_GAN: 8.841 G_LPIPS: 49.173 D_real: 0.000 D_fake: 0.000 \n"}
,{"stream_name":"stdout","time":2673.271550016,"data":"(epoch: 6, iters: 4780, time: 0.176, data: 0.003) G_GAN: 9.130 G_LPIPS: 53.902 D_real: 0.000 D_fake: 0.000 \n"}
,{"stream_name":"stdout","time":2673.27155299,"data":"(epoch: 6, iters: 4800, time: 0.125, data: 0.003) G_GAN: 8.248 G_LPIPS: 50.211 D_real: 0.000 D_fake: 0.000 \n"}
,{"stream_name":"stdout","time":2673.271555928,"data":"(epoch: 6, iters: 4820, time: 0.127, data: 0.003) G_GAN: 8.558 G_LPIPS: 49.966 D_real: 0.000 D_fake: 0.000 \n"}
,{"stream_name":"stdout","time":2673.271558853,"data":"(epoch: 6, iters: 4840, time: 0.128, data: 0.003) G_GAN: 7.766 G_LPIPS: 45.472 D_real: 0.001 D_fake: 0.001 \n"}
,{"stream_name":"stdout","time":2673.271562506,"data":"(epoch: 6, iters: 4860, time: 0.128, data: 0.003) G_GAN: 8.507 G_LPIPS: 46.779 D_real: 0.001 D_fake: 0.000 \n"}
,{"stream_name":"stdout","time":2673.271579325,"data":"(epoch: 6, iters: 4880, time: 0.126, data: 0.003) G_GAN: 8.368 G_LPIPS: 48.952 D_real: 0.000 D_fake: 0.000 \n"}
,{"stream_name":"stdout","time":2673.271597161,"data":"(epoch: 6, iters: 4900, time: 0.127, data: 0.003) G_GAN: 8.302 G_LPIPS: 47.293 D_real: 0.001 D_fake: 0.000 \n"}
,{"stream_name":"stdout","time":2673.271601336,"data":"(epoch: 6, iters: 4920, time: 0.175, data: 0.003) G_GAN: 8.527 G_LPIPS: 48.791 D_real: 0.000 D_fake: 0.000 \n"}
,{"stream_name":"stdout","time":2673.271604996,"data":"(epoch: 6, iters: 4940, time: 0.127, data: 0.003) G_GAN: 8.060 G_LPIPS: 46.276 D_real: 0.001 D_fake: 0.000 \n"}
,{"stream_name":"stdout","time":2673.27160991,"data":"(epoch: 6, iters: 4960, time: 0.127, data: 0.003) G_GAN: 8.658 G_LPIPS: 49.685 D_real: 0.000 D_fake: 0.000 \n"}
,{"stream_name":"stdout","time":2673.271613525,"data":"(epoch: 6, iters: 4980, time: 0.126, data: 0.003) G_GAN: 8.933 G_LPIPS: 47.544 D_real: 0.001 D_fake: 0.000 \n"}
,{"stream_name":"stdout","time":2673.271617128,"data":"(epoch: 6, iters: 5000, time: 0.127, data: 0.003) G_GAN: 9.307 G_LPIPS: 51.935 D_real: 0.000 D_fake: 0.000 \n"}
,{"stream_name":"stdout","time":2673.271620649,"data":"(epoch: 6, iters: 5020, time: 0.127, data: 0.003) G_GAN: 8.553 G_LPIPS: 48.647 D_real: 0.000 D_fake: 0.000 \n"}
,{"stream_name":"stdout","time":2673.271624188,"data":"(epoch: 6, iters: 5040, time: 0.128, data: 0.003) G_GAN: 8.853 G_LPIPS: 50.867 D_real: 0.000 D_fake: 0.000 \n"}
,{"stream_name":"stdout","time":2673.271627701,"data":"(epoch: 6, iters: 5060, time: 0.177, data: 0.003) G_GAN: 8.899 G_LPIPS: 49.322 D_real: 0.001 D_fake: 0.000 \n"}
,{"stream_name":"stdout","time":2673.271631262,"data":"(epoch: 6, iters: 5080, time: 0.128, data: 0.003) G_GAN: 9.237 G_LPIPS: 49.193 D_real: 0.000 D_fake: 0.000 \n"}
,{"stream_name":"stdout","time":2673.2716351,"data":"(epoch: 6, iters: 5100, time: 0.127, data: 0.003) G_GAN: 8.676 G_LPIPS: 46.684 D_real: 0.001 D_fake: 0.000 \n"}
,{"stream_name":"stdout","time":2673.271643427,"data":"(epoch: 6, iters: 5120, time: 0.127, data: 0.003) G_GAN: 8.965 G_LPIPS: 46.765 D_real: 0.000 D_fake: 0.000 \n"}
,{"stream_name":"stdout","time":2673.271646402,"data":"(epoch: 6, iters: 5140, time: 0.126, data: 0.003) G_GAN: 8.557 G_LPIPS: 51.281 D_real: 0.000 D_fake: 0.000 \n"}
,{"stream_name":"stdout","time":2673.271648682,"data":"(epoch: 6, iters: 5160, time: 0.127, data: 0.003) G_GAN: 9.485 G_LPIPS: 49.816 D_real: 0.001 D_fake: 0.000 \n"}
,{"stream_name":"stdout","time":2673.271650955,"data":"(epoch: 6, iters: 5180, time: 0.127, data: 0.003) G_GAN: 8.884 G_LPIPS: 47.367 D_real: 0.001 D_fake: 0.000 \n"}
,{"stream_name":"stdout","time":2673.271653226,"data":"(epoch: 6, iters: 5200, time: 0.174, data: 0.003) G_GAN: 9.079 G_LPIPS: 47.133 D_real: 0.000 D_fake: 0.000 \n"}
,{"stream_name":"stdout","time":2673.271655694,"data":"(epoch: 6, iters: 5220, time: 0.127, data: 0.003) G_GAN: 8.989 G_LPIPS: 50.073 D_real: 0.000 D_fake: 0.000 \n"}
,{"stream_name":"stdout","time":2673.271658122,"data":"(epoch: 6, iters: 5240, time: 0.131, data: 0.003) G_GAN: 8.717 G_LPIPS: 45.835 D_real: 0.001 D_fake: 0.000 \n"}
,{"stream_name":"stdout","time":2673.271673217,"data":"(epoch: 6, iters: 5260, time: 0.131, data: 0.004) G_GAN: 8.262 G_LPIPS: 46.322 D_real: 0.000 D_fake: 0.000 \n"}
,{"stream_name":"stdout","time":2673.271677801,"data":"(epoch: 6, iters: 5280, time: 0.127, data: 0.003) G_GAN: 8.558 G_LPIPS: 47.242 D_real: 0.002 D_fake: 0.000 \n"}
,{"stream_name":"stdout","time":2673.27168166,"data":"(epoch: 6, iters: 5300, time: 0.127, data: 0.003) G_GAN: 9.265 G_LPIPS: 51.192 D_real: 0.000 D_fake: 0.000 \n"}
,{"stream_name":"stdout","time":2673.27168596,"data":"(epoch: 6, iters: 5320, time: 0.128, data: 0.003) G_GAN: 9.281 G_LPIPS: 50.259 D_real: 0.001 D_fake: 0.000 \n"}
,{"stream_name":"stdout","time":2673.271690435,"data":"(epoch: 6, iters: 5340, time: 0.178, data: 0.003) G_GAN: 8.244 G_LPIPS: 46.009 D_real: 0.001 D_fake: 0.000 \n"}
,{"stream_name":"stdout","time":2673.271698106,"data":"(epoch: 6, iters: 5360, time: 0.127, data: 0.003) G_GAN: 9.088 G_LPIPS: 52.435 D_real: 0.000 D_fake: 0.000 \n"}
,{"stream_name":"stdout","time":2673.271701651,"data":"(epoch: 6, iters: 5380, time: 0.127, data: 0.003) G_GAN: 8.569 G_LPIPS: 50.522 D_real: 0.000 D_fake: 0.000 \n"}
,{"stream_name":"stdout","time":2673.271705115,"data":"(epoch: 6, iters: 5400, time: 0.127, data: 0.003) G_GAN: 9.184 G_LPIPS: 52.341 D_real: 0.000 D_fake: 0.000 \n"}
,{"stream_name":"stdout","time":2673.271708563,"data":"(epoch: 6, iters: 5420, time: 0.127, data: 0.003) G_GAN: 9.754 G_LPIPS: 49.377 D_real: 0.000 D_fake: 0.000 \n"}
,{"stream_name":"stdout","time":2673.271712118,"data":"(epoch: 6, iters: 5440, time: 0.127, data: 0.004) G_GAN: 9.150 G_LPIPS: 50.277 D_real: 0.000 D_fake: 0.000 \n"}
,{"stream_name":"stdout","time":2673.271715672,"data":"(epoch: 6, iters: 5460, time: 0.128, data: 0.003) G_GAN: 9.200 G_LPIPS: 50.185 D_real: 0.000 D_fake: 0.000 \n"}
,{"stream_name":"stdout","time":2673.271719198,"data":"(epoch: 6, iters: 5480, time: 0.175, data: 0.003) G_GAN: 8.485 G_LPIPS: 49.159 D_real: 0.000 D_fake: 0.000 \n"}
,{"stream_name":"stdout","time":2673.271722701,"data":"(epoch: 6, iters: 5500, time: 0.128, data: 0.003) G_GAN: 9.322 G_LPIPS: 53.210 D_real: 0.000 D_fake: 0.000 \n"}
,{"stream_name":"stdout","time":2673.271726202,"data":"(epoch: 6, iters: 5520, time: 0.127, data: 0.003) G_GAN: 8.672 G_LPIPS: 51.989 D_real: 0.000 D_fake: 0.000 \n"}
,{"stream_name":"stdout","time":2673.271729686,"data":"(epoch: 6, iters: 5540, time: 0.129, data: 0.003) G_GAN: 8.879 G_LPIPS: 49.446 D_real: 0.000 D_fake: 0.000 \n"}
,{"stream_name":"stdout","time":2673.271733221,"data":"(epoch: 6, iters: 5560, time: 0.128, data: 0.003) G_GAN: 9.043 G_LPIPS: 49.179 D_real: 0.000 D_fake: 0.000 \n"}
,{"stream_name":"stdout","time":2673.271736775,"data":"(epoch: 6, iters: 5580, time: 0.084, data: 0.003) G_GAN: 8.676 G_LPIPS: 52.156 D_real: 0.001 D_fake: 0.000 \n"}
,{"stream_name":"stdout","time":2673.271740459,"data":"saving the model at the end of epoch 6, iters 33480\n"}
,{"stream_name":"stdout","time":2673.271745644,"data":"End of epoch 6 / 20 \t Time Taken: 497 sec\n"}
,{"stream_name":"stdout","time":2673.271755004,"data":"learning rate 0.0001000 -\u003e 0.0001000\n"}
,{"stream_name":"stdout","time":2813.463747163,"data":"(epoch: 7, iters: 20, time: 0.129, data: 0.245) G_GAN: 9.517 G_LPIPS: 49.301 D_real: 0.000 D_fake: 0.000 \n"}
,{"stream_name":"stdout","time":2813.4637854,"data":"(epoch: 7, iters: 40, time: 0.127, data: 0.001) G_GAN: 9.753 G_LPIPS: 51.861 D_real: 0.000 D_fake: 0.000 \n"}
,{"stream_name":"stdout","time":2813.463789648,"data":"(epoch: 7, iters: 60, time: 0.127, data: 0.003) G_GAN: 9.497 G_LPIPS: 47.922 D_real: 0.000 D_fake: 0.000 \n"}
,{"stream_name":"stdout","time":2813.463792802,"data":"(epoch: 7, iters: 80, time: 0.131, data: 0.003) G_GAN: 8.108 G_LPIPS: 44.359 D_real: 0.006 D_fake: 0.000 \n"}
,{"stream_name":"stdout","time":2813.463796245,"data":"(epoch: 7, iters: 100, time: 0.127, data: 0.004) G_GAN: 9.542 G_LPIPS: 53.620 D_real: 0.000 D_fake: 0.000 \n"}
,{"stream_name":"stdout","time":2813.463799211,"data":"(epoch: 7, iters: 120, time: 0.143, data: 0.003) G_GAN: 8.982 G_LPIPS: 48.631 D_real: 0.001 D_fake: 0.000 \n"}
,{"stream_name":"stdout","time":2813.463802129,"data":"(epoch: 7, iters: 140, time: 0.129, data: 0.003) G_GAN: 8.660 G_LPIPS: 50.859 D_real: 0.000 D_fake: 0.000 \n"}
,{"stream_name":"stdout","time":2813.463805054,"data":"(epoch: 7, iters: 160, time: 0.127, data: 0.003) G_GAN: 8.715 G_LPIPS: 48.301 D_real: 0.001 D_fake: 0.000 \n"}
,{"stream_name":"stdout","time":2813.463808054,"data":"(epoch: 7, iters: 180, time: 0.127, data: 0.003) G_GAN: 9.105 G_LPIPS: 50.285 D_real: 0.000 D_fake: 0.000 \n"}
,{"stream_name":"stdout","time":2813.463819685,"data":"(epoch: 7, iters: 200, time: 0.127, data: 0.003) G_GAN: 9.383 G_LPIPS: 47.154 D_real: 0.000 D_fake: 0.000 \n"}
,{"stream_name":"stdout","time":2813.463822207,"data":"(epoch: 7, iters: 220, time: 0.128, data: 0.003) G_GAN: 9.213 G_LPIPS: 47.827 D_real: 0.000 D_fake: 0.000 \n"}
,{"stream_name":"stdout","time":2813.463824658,"data":"(epoch: 7, iters: 240, time: 0.176, data: 0.003) G_GAN: 8.846 G_LPIPS: 51.516 D_real: 0.000 D_fake: 0.000 \n"}
,{"stream_name":"stdout","time":2813.463827176,"data":"(epoch: 7, iters: 260, time: 0.127, data: 0.003) G_GAN: 9.117 G_LPIPS: 51.330 D_real: 0.000 D_fake: 0.000 \n"}
,{"stream_name":"stdout","time":2813.463829474,"data":"(epoch: 7, iters: 280, time: 0.130, data: 0.004) G_GAN: 9.295 G_LPIPS: 51.868 D_real: 0.000 D_fake: 0.000 \n"}
,{"stream_name":"stdout","time":2813.463831755,"data":"(epoch: 7, iters: 300, time: 0.127, data: 0.003) G_GAN: 9.101 G_LPIPS: 53.072 D_real: 0.000 D_fake: 0.000 \n"}
,{"stream_name":"stdout","time":2813.463834045,"data":"(epoch: 7, iters: 320, time: 0.128, data: 0.004) G_GAN: 8.463 G_LPIPS: 47.116 D_real: 0.000 D_fake: 0.000 \n"}
,{"stream_name":"stdout","time":2813.463836415,"data":"(epoch: 7, iters: 340, time: 0.128, data: 0.003) G_GAN: 8.444 G_LPIPS: 51.861 D_real: 0.001 D_fake: 0.000 \n"}
,{"stream_name":"stdout","time":2813.463838695,"data":"(epoch: 7, iters: 360, time: 0.128, data: 0.003) G_GAN: 9.101 G_LPIPS: 49.703 D_real: 0.000 D_fake: 0.000 \n"}
,{"stream_name":"stdout","time":2813.46384099,"data":"(epoch: 7, iters: 380, time: 0.127, data: 0.003) G_GAN: 8.768 G_LPIPS: 45.885 D_real: 0.001 D_fake: 0.000 \n"}
,{"stream_name":"stdout","time":2813.463844237,"data":"(epoch: 7, iters: 400, time: 0.128, data: 0.003) G_GAN: 9.633 G_LPIPS: 51.564 D_real: 0.000 D_fake: 0.000 \n"}
,{"stream_name":"stdout","time":2813.463846695,"data":"(epoch: 7, iters: 420, time: 0.128, data: 0.003) G_GAN: 9.468 G_LPIPS: 48.349 D_real: 0.001 D_fake: 0.000 \n"}
,{"stream_name":"stdout","time":2813.463848977,"data":"(epoch: 7, iters: 440, time: 0.129, data: 0.003) G_GAN: 8.567 G_LPIPS: 50.683 D_real: 0.000 D_fake: 0.000 \n"}
,{"stream_name":"stdout","time":2813.463851249,"data":"(epoch: 7, iters: 460, time: 0.128, data: 0.002) G_GAN: 8.757 G_LPIPS: 53.476 D_real: 0.000 D_fake: 0.000 \n"}
,{"stream_name":"stdout","time":2813.463853519,"data":"(epoch: 7, iters: 480, time: 0.128, data: 0.003) G_GAN: 8.585 G_LPIPS: 46.604 D_real: 0.000 D_fake: 0.000 \n"}
,{"stream_name":"stdout","time":2813.463855872,"data":"(epoch: 7, iters: 500, time: 0.128, data: 0.003) G_GAN: 9.411 G_LPIPS: 49.270 D_real: 0.000 D_fake: 0.000 \n"}
,{"stream_name":"stdout","time":2813.463858128,"data":"(epoch: 7, iters: 520, time: 0.145, data: 0.003) G_GAN: 9.587 G_LPIPS: 49.018 D_real: 0.000 D_fake: 0.000 \n"}
,{"stream_name":"stdout","time":2813.463860482,"data":"(epoch: 7, iters: 540, time: 0.128, data: 0.002) G_GAN: 9.689 G_LPIPS: 49.516 D_real: 0.000 D_fake: 0.000 \n"}
,{"stream_name":"stdout","time":2813.463862751,"data":"(epoch: 7, iters: 560, time: 0.128, data: 0.003) G_GAN: 9.193 G_LPIPS: 49.729 D_real: 0.000 D_fake: 0.000 \n"}
,{"stream_name":"stdout","time":2813.463865034,"data":"(epoch: 7, iters: 580, time: 0.178, data: 0.003) G_GAN: 8.215 G_LPIPS: 48.430 D_real: 0.000 D_fake: 0.000 \n"}
,{"stream_name":"stdout","time":2813.463867295,"data":"(epoch: 7, iters: 600, time: 0.129, data: 0.003) G_GAN: 9.240 G_LPIPS: 51.705 D_real: 0.000 D_fake: 0.000 \n"}
,{"stream_name":"stdout","time":2813.46386964,"data":"(epoch: 7, iters: 620, time: 0.128, data: 0.003) G_GAN: 9.047 G_LPIPS: 49.192 D_real: 0.000 D_fake: 0.000 \n"}
,{"stream_name":"stdout","time":2813.463871907,"data":"(epoch: 7, iters: 640, time: 0.130, data: 0.004) G_GAN: 8.335 G_LPIPS: 52.587 D_real: 0.000 D_fake: 0.000 \n"}
,{"stream_name":"stdout","time":2813.463874195,"data":"(epoch: 7, iters: 660, time: 0.129, data: 0.003) G_GAN: 8.810 G_LPIPS: 47.305 D_real: 0.000 D_fake: 0.000 \n"}
,{"stream_name":"stdout","time":2813.463878585,"data":"(epoch: 7, iters: 680, time: 0.129, data: 0.003) G_GAN: 8.143 G_LPIPS: 46.543 D_real: 0.000 D_fake: 0.000 \n"}
,{"stream_name":"stdout","time":2813.463880957,"data":"(epoch: 7, iters: 700, time: 0.128, data: 0.003) G_GAN: 8.124 G_LPIPS: 54.159 D_real: 0.000 D_fake: 0.000 \n"}
,{"stream_name":"stdout","time":2813.463883415,"data":"(epoch: 7, iters: 720, time: 0.128, data: 0.003) G_GAN: 9.457 G_LPIPS: 47.380 D_real: 0.000 D_fake: 0.000 \n"}
,{"stream_name":"stdout","time":2813.463885767,"data":"(epoch: 7, iters: 740, time: 0.127, data: 0.003) G_GAN: 9.675 G_LPIPS: 51.823 D_real: 0.000 D_fake: 0.000 \n"}
,{"stream_name":"stdout","time":2813.463888072,"data":"(epoch: 7, iters: 760, time: 0.128, data: 0.003) G_GAN: 9.501 G_LPIPS: 49.964 D_real: 0.001 D_fake: 0.000 \n"}
,{"stream_name":"stdout","time":2813.463890596,"data":"(epoch: 7, iters: 780, time: 0.128, data: 0.003) G_GAN: 8.333 G_LPIPS: 48.108 D_real: 0.000 D_fake: 0.000 \n"}
,{"stream_name":"stdout","time":2813.463892923,"data":"(epoch: 7, iters: 800, time: 0.128, data: 0.003) G_GAN: 9.592 G_LPIPS: 53.493 D_real: 0.000 D_fake: 0.000 \n"}
,{"stream_name":"stdout","time":2813.463895214,"data":"(epoch: 7, iters: 820, time: 0.128, data: 0.003) G_GAN: 8.403 G_LPIPS: 49.677 D_real: 0.000 D_fake: 0.000 \n"}
,{"stream_name":"stdout","time":2813.463897495,"data":"(epoch: 7, iters: 840, time: 0.175, data: 0.003) G_GAN: 9.326 G_LPIPS: 48.226 D_real: 0.000 D_fake: 0.000 \n"}
,{"stream_name":"stdout","time":2813.463899784,"data":"(epoch: 7, iters: 860, time: 0.128, data: 0.003) G_GAN: 8.184 G_LPIPS: 46.655 D_real: 0.000 D_fake: 0.000 \n"}
,{"stream_name":"stdout","time":2813.463902079,"data":"(epoch: 7, iters: 880, time: 0.128, data: 0.003) G_GAN: 9.338 G_LPIPS: 48.844 D_real: 0.000 D_fake: 0.000 \n"}
,{"stream_name":"stdout","time":2813.463904395,"data":"(epoch: 7, iters: 900, time: 0.128, data: 0.003) G_GAN: 7.176 G_LPIPS: 47.013 D_real: 0.002 D_fake: 0.001 \n"}
,{"stream_name":"stdout","time":2813.463906676,"data":"(epoch: 7, iters: 920, time: 0.128, data: 0.003) G_GAN: 8.917 G_LPIPS: 54.479 D_real: 0.000 D_fake: 0.000 \n"}
,{"stream_name":"stdout","time":2813.463908963,"data":"(epoch: 7, iters: 940, time: 0.128, data: 0.003) G_GAN: 9.885 G_LPIPS: 51.987 D_real: 0.000 D_fake: 0.000 \n"}
,{"stream_name":"stdout","time":2813.463911307,"data":"(epoch: 7, iters: 960, time: 0.128, data: 0.003) G_GAN: 8.472 G_LPIPS: 50.181 D_real: 0.000 D_fake: 0.000 \n"}
,{"stream_name":"stdout","time":2813.463913601,"data":"(epoch: 7, iters: 980, time: 0.128, data: 0.003) G_GAN: 9.055 G_LPIPS: 51.105 D_real: 0.000 D_fake: 0.000 \n"}
,{"stream_name":"stdout","time":2813.463915887,"data":"(epoch: 7, iters: 1000, time: 0.128, data: 0.003) G_GAN: 9.417 G_LPIPS: 49.710 D_real: 0.000 D_fake: 0.000 \n"}
,{"stream_name":"stdout","time":2813.463918232,"data":"(epoch: 7, iters: 1020, time: 0.129, data: 0.003) G_GAN: 8.566 G_LPIPS: 52.170 D_real: 0.000 D_fake: 0.000 \n"}
,{"stream_name":"stdout","time":2813.463920521,"data":"(epoch: 7, iters: 1040, time: 0.128, data: 0.003) G_GAN: 9.413 G_LPIPS: 55.266 D_real: 0.000 D_fake: 0.000 \n"}
,{"stream_name":"stdout","time":2813.463922918,"data":"(epoch: 7, iters: 1060, time: 0.128, data: 0.003) G_GAN: 6.911 G_LPIPS: 47.216 D_real: 0.001 D_fake: 0.002 \n"}
,{"stream_name":"stdout","time":2813.463925209,"data":"(epoch: 7, iters: 1080, time: 0.128, data: 0.004) G_GAN: 9.379 G_LPIPS: 50.943 D_real: 0.000 D_fake: 0.000 \n"}
,{"stream_name":"stdout","time":2813.463927492,"data":"(epoch: 7, iters: 1100, time: 0.129, data: 0.003) G_GAN: 8.535 G_LPIPS: 50.699 D_real: 0.000 D_fake: 0.000 \n"}
,{"stream_name":"stdout","time":2813.463929766,"data":"(epoch: 7, iters: 1120, time: 0.128, data: 0.003) G_GAN: 8.686 G_LPIPS: 51.722 D_real: 0.000 D_fake: 0.000 \n"}
,{"stream_name":"stdout","time":2813.463933945,"data":"(epoch: 7, iters: 1140, time: 0.128, data: 0.003) G_GAN: 8.907 G_LPIPS: 51.626 D_real: 0.000 D_fake: 0.000 \n"}
,{"stream_name":"stdout","time":2813.463936593,"data":"(epoch: 7, iters: 1160, time: 0.178, data: 0.003) G_GAN: 6.833 G_LPIPS: 46.202 D_real: 0.000 D_fake: 0.002 \n"}
,{"stream_name":"stdout","time":2813.46393893,"data":"(epoch: 7, iters: 1180, time: 0.128, data: 0.003) G_GAN: 8.904 G_LPIPS: 46.414 D_real: 0.000 D_fake: 0.000 \n"}
,{"stream_name":"stdout","time":2813.463941255,"data":"(epoch: 7, iters: 1200, time: 0.131, data: 0.003) G_GAN: 9.350 G_LPIPS: 52.671 D_real: 0.000 D_fake: 0.000 \n"}
,{"stream_name":"stdout","time":2813.463943578,"data":"(epoch: 7, iters: 1220, time: 0.129, data: 0.003) G_GAN: 8.000 G_LPIPS: 46.778 D_real: 0.000 D_fake: 0.000 \n"}
,{"stream_name":"stdout","time":2813.46394588,"data":"(epoch: 7, iters: 1240, time: 0.128, data: 0.003) G_GAN: 8.677 G_LPIPS: 47.873 D_real: 0.000 D_fake: 0.000 \n"}
,{"stream_name":"stdout","time":2813.463948176,"data":"(epoch: 7, iters: 1260, time: 0.129, data: 0.003) G_GAN: 9.004 G_LPIPS: 45.054 D_real: 0.000 D_fake: 0.000 \n"}
,{"stream_name":"stdout","time":2813.463950469,"data":"(epoch: 7, iters: 1280, time: 0.135, data: 0.003) G_GAN: 8.883 G_LPIPS: 47.044 D_real: 0.000 D_fake: 0.000 \n"}
,{"stream_name":"stdout","time":2813.46395276,"data":"(epoch: 7, iters: 1300, time: 0.129, data: 0.003) G_GAN: 9.826 G_LPIPS: 53.951 D_real: 0.000 D_fake: 0.000 \n"}
,{"stream_name":"stdout","time":2813.463955051,"data":"(epoch: 7, iters: 1320, time: 0.129, data: 0.003) G_GAN: 9.335 G_LPIPS: 50.880 D_real: 0.000 D_fake: 0.000 \n"}
,{"stream_name":"stdout","time":2813.463957339,"data":"(epoch: 7, iters: 1340, time: 0.129, data: 0.003) G_GAN: 9.461 G_LPIPS: 56.276 D_real: 0.000 D_fake: 0.000 \n"}
,{"stream_name":"stdout","time":2813.463959616,"data":"(epoch: 7, iters: 1360, time: 0.128, data: 0.004) G_GAN: 9.162 G_LPIPS: 52.740 D_real: 0.000 D_fake: 0.000 \n"}
,{"stream_name":"stdout","time":2813.463961929,"data":"(epoch: 7, iters: 1380, time: 0.129, data: 0.003) G_GAN: 9.076 G_LPIPS: 47.577 D_real: 0.001 D_fake: 0.000 \n"}
,{"stream_name":"stdout","time":2813.463964222,"data":"(epoch: 7, iters: 1400, time: 0.130, data: 0.003) G_GAN: 8.235 G_LPIPS: 48.035 D_real: 0.001 D_fake: 0.000 \n"}
,{"stream_name":"stdout","time":2813.463966507,"data":"(epoch: 7, iters: 1420, time: 0.131, data: 0.003) G_GAN: 9.328 G_LPIPS: 47.608 D_real: 0.001 D_fake: 0.000 \n"}
,{"stream_name":"stdout","time":2813.463968807,"data":"(epoch: 7, iters: 1440, time: 0.129, data: 0.003) G_GAN: 8.939 G_LPIPS: 50.216 D_real: 0.000 D_fake: 0.000 \n"}
,{"stream_name":"stdout","time":2813.463971106,"data":"(epoch: 7, iters: 1460, time: 0.129, data: 0.003) G_GAN: 9.722 G_LPIPS: 51.996 D_real: 0.000 D_fake: 0.000 \n"}
,{"stream_name":"stdout","time":2813.463973395,"data":"(epoch: 7, iters: 1480, time: 0.130, data: 0.003) G_GAN: 9.221 G_LPIPS: 52.640 D_real: 0.000 D_fake: 0.000 \n"}
,{"stream_name":"stdout","time":2813.46397568,"data":"(epoch: 7, iters: 1500, time: 0.128, data: 0.003) G_GAN: 9.489 G_LPIPS: 49.296 D_real: 0.000 D_fake: 0.000 \n"}
,{"stream_name":"stdout","time":2813.463977964,"data":"(epoch: 7, iters: 1520, time: 0.128, data: 0.003) G_GAN: 8.681 G_LPIPS: 49.309 D_real: 0.000 D_fake: 0.000 \n"}
,{"stream_name":"stdout","time":2956.370078401,"data":"saving the latest model (epoch 7, total_iters 35000)\n"}
,{"stream_name":"stdout","time":2956.370136136,"data":"(epoch: 7, iters: 1540, time: 0.128, data: 0.003) G_GAN: 9.523 G_LPIPS: 49.640 D_real: 0.000 D_fake: 0.000 \n"}
,{"stream_name":"stdout","time":2956.37014233,"data":"(epoch: 7, iters: 1560, time: 0.128, data: 0.003) G_GAN: 9.379 G_LPIPS: 48.790 D_real: 0.000 D_fake: 0.000 \n"}
,{"stream_name":"stdout","time":2956.370158518,"data":"(epoch: 7, iters: 1580, time: 0.132, data: 0.003) G_GAN: 9.171 G_LPIPS: 49.066 D_real: 0.000 D_fake: 0.000 \n"}
,{"stream_name":"stdout","time":2956.370161978,"data":"(epoch: 7, iters: 1600, time: 0.129, data: 0.003) G_GAN: 9.565 G_LPIPS: 49.566 D_real: 0.000 D_fake: 0.000 \n"}
,{"stream_name":"stdout","time":2956.370165816,"data":"(epoch: 7, iters: 1620, time: 0.129, data: 0.003) G_GAN: 8.982 G_LPIPS: 50.215 D_real: 0.000 D_fake: 0.000 \n"}
,{"stream_name":"stdout","time":2956.370168971,"data":"(epoch: 7, iters: 1640, time: 0.129, data: 0.003) G_GAN: 8.282 G_LPIPS: 49.648 D_real: 0.000 D_fake: 0.000 \n"}
,{"stream_name":"stdout","time":2956.370172718,"data":"(epoch: 7, iters: 1660, time: 0.129, data: 0.003) G_GAN: 9.235 G_LPIPS: 49.062 D_real: 0.000 D_fake: 0.000 \n"}
,{"stream_name":"stdout","time":2956.370176455,"data":"(epoch: 7, iters: 1680, time: 0.129, data: 0.003) G_GAN: 9.735 G_LPIPS: 53.091 D_real: 0.000 D_fake: 0.000 \n"}
,{"stream_name":"stdout","time":2956.370179821,"data":"(epoch: 7, iters: 1700, time: 0.137, data: 0.003) G_GAN: 8.517 G_LPIPS: 49.933 D_real: 0.000 D_fake: 0.000 \n"}
,{"stream_name":"stdout","time":2956.37018327,"data":"(epoch: 7, iters: 1720, time: 0.129, data: 0.003) G_GAN: 9.871 G_LPIPS: 50.788 D_real: 0.000 D_fake: 0.000 \n"}
,{"stream_name":"stdout","time":2956.370186578,"data":"(epoch: 7, iters: 1740, time: 0.179, data: 0.003) G_GAN: 9.121 G_LPIPS: 46.659 D_real: 0.000 D_fake: 0.000 \n"}
,{"stream_name":"stdout","time":2956.370190073,"data":"(epoch: 7, iters: 1760, time: 0.129, data: 0.003) G_GAN: 9.008 G_LPIPS: 46.163 D_real: 0.000 D_fake: 0.000 \n"}
,{"stream_name":"stdout","time":2956.370193423,"data":"(epoch: 7, iters: 1780, time: 0.129, data: 0.003) G_GAN: 8.865 G_LPIPS: 47.368 D_real: 0.001 D_fake: 0.000 \n"}
,{"stream_name":"stdout","time":2956.370196626,"data":"(epoch: 7, iters: 1800, time: 0.129, data: 0.003) G_GAN: 9.159 G_LPIPS: 50.805 D_real: 0.000 D_fake: 0.000 \n"}
,{"stream_name":"stdout","time":2956.370199976,"data":"(epoch: 7, iters: 1820, time: 0.129, data: 0.003) G_GAN: 8.516 G_LPIPS: 48.990 D_real: 0.000 D_fake: 0.000 \n"}
,{"stream_name":"stdout","time":2956.37020383,"data":"(epoch: 7, iters: 1840, time: 0.129, data: 0.003) G_GAN: 8.147 G_LPIPS: 46.337 D_real: 0.001 D_fake: 0.000 \n"}
,{"stream_name":"stdout","time":2956.370207144,"data":"(epoch: 7, iters: 1860, time: 0.130, data: 0.003) G_GAN: 9.881 G_LPIPS: 53.128 D_real: 0.000 D_fake: 0.000 \n"}
,{"stream_name":"stdout","time":2956.370210112,"data":"(epoch: 7, iters: 1880, time: 0.129, data: 0.003) G_GAN: 8.967 G_LPIPS: 51.501 D_real: 0.000 D_fake: 0.000 \n"}
,{"stream_name":"stdout","time":2956.370215934,"data":"(epoch: 7, iters: 1900, time: 0.130, data: 0.003) G_GAN: 9.644 G_LPIPS: 50.512 D_real: 0.000 D_fake: 0.000 \n"}
,{"stream_name":"stdout","time":2956.370219226,"data":"(epoch: 7, iters: 1920, time: 0.130, data: 0.003) G_GAN: 8.763 G_LPIPS: 47.279 D_real: 0.000 D_fake: 0.000 \n"}
,{"stream_name":"stdout","time":2956.370222321,"data":"(epoch: 7, iters: 1940, time: 0.129, data: 0.003) G_GAN: 9.096 G_LPIPS: 45.347 D_real: 0.000 D_fake: 0.000 \n"}
,{"stream_name":"stdout","time":2956.370225618,"data":"(epoch: 7, iters: 1960, time: 0.129, data: 0.003) G_GAN: 9.646 G_LPIPS: 52.700 D_real: 0.000 D_fake: 0.000 \n"}
,{"stream_name":"stdout","time":2956.370228974,"data":"(epoch: 7, iters: 1980, time: 0.130, data: 0.003) G_GAN: 8.442 G_LPIPS: 43.958 D_real: 0.000 D_fake: 0.000 \n"}
,{"stream_name":"stdout","time":2956.370232332,"data":"(epoch: 7, iters: 2000, time: 0.129, data: 0.003) G_GAN: 9.635 G_LPIPS: 52.440 D_real: 0.000 D_fake: 0.000 \n"}
,{"stream_name":"stdout","time":2956.370236301,"data":"(epoch: 7, iters: 2020, time: 0.131, data: 0.003) G_GAN: 8.534 G_LPIPS: 48.954 D_real: 0.000 D_fake: 0.000 \n"}
,{"stream_name":"stdout","time":2956.370244413,"data":"(epoch: 7, iters: 2040, time: 0.130, data: 0.004) G_GAN: 8.563 G_LPIPS: 50.656 D_real: 0.000 D_fake: 0.000 \n"}
,{"stream_name":"stdout","time":2956.370248129,"data":"(epoch: 7, iters: 2060, time: 0.176, data: 0.003) G_GAN: 9.532 G_LPIPS: 51.488 D_real: 0.000 D_fake: 0.000 \n"}
,{"stream_name":"stdout","time":2956.37025134,"data":"(epoch: 7, iters: 2080, time: 0.129, data: 0.003) G_GAN: 9.057 G_LPIPS: 51.595 D_real: 0.000 D_fake: 0.000 \n"}
,{"stream_name":"stdout","time":2956.370254483,"data":"(epoch: 7, iters: 2100, time: 0.130, data: 0.003) G_GAN: 8.996 G_LPIPS: 47.484 D_real: 0.000 D_fake: 0.000 \n"}
,{"stream_name":"stdout","time":2956.370258013,"data":"(epoch: 7, iters: 2120, time: 0.130, data: 0.003) G_GAN: 8.012 G_LPIPS: 48.507 D_real: 0.000 D_fake: 0.000 \n"}
,{"stream_name":"stdout","time":2956.370261255,"data":"(epoch: 7, iters: 2140, time: 0.130, data: 0.003) G_GAN: 8.691 G_LPIPS: 46.733 D_real: 0.000 D_fake: 0.000 \n"}
,{"stream_name":"stdout","time":2956.370264859,"data":"(epoch: 7, iters: 2160, time: 0.129, data: 0.003) G_GAN: 9.055 G_LPIPS: 52.823 D_real: 0.000 D_fake: 0.000 \n"}
,{"stream_name":"stdout","time":2956.370268239,"data":"(epoch: 7, iters: 2180, time: 0.129, data: 0.003) G_GAN: 8.878 G_LPIPS: 48.538 D_real: 0.000 D_fake: 0.000 \n"}
,{"stream_name":"stdout","time":2956.370271413,"data":"(epoch: 7, iters: 2200, time: 0.129, data: 0.003) G_GAN: 8.781 G_LPIPS: 47.825 D_real: 0.000 D_fake: 0.000 \n"}
,{"stream_name":"stdout","time":2956.370274553,"data":"(epoch: 7, iters: 2220, time: 0.129, data: 0.003) G_GAN: 7.400 G_LPIPS: 48.727 D_real: 0.001 D_fake: 0.002 \n"}
,{"stream_name":"stdout","time":2956.370277799,"data":"(epoch: 7, iters: 2240, time: 0.129, data: 0.003) G_GAN: 9.535 G_LPIPS: 49.172 D_real: 0.000 D_fake: 0.000 \n"}
,{"stream_name":"stdout","time":2956.370281155,"data":"(epoch: 7, iters: 2260, time: 0.129, data: 0.003) G_GAN: 9.144 G_LPIPS: 47.090 D_real: 0.000 D_fake: 0.000 \n"}
,{"stream_name":"stdout","time":2956.370285355,"data":"(epoch: 7, iters: 2280, time: 0.129, data: 0.003) G_GAN: 8.280 G_LPIPS: 48.387 D_real: 0.000 D_fake: 0.000 \n"}
,{"stream_name":"stdout","time":2956.370289073,"data":"(epoch: 7, iters: 2300, time: 0.129, data: 0.003) G_GAN: 8.303 G_LPIPS: 52.312 D_real: 0.000 D_fake: 0.000 \n"}
,{"stream_name":"stdout","time":2956.370292902,"data":"(epoch: 7, iters: 2320, time: 0.129, data: 0.003) G_GAN: 9.283 G_LPIPS: 50.806 D_real: 0.000 D_fake: 0.000 \n"}
,{"stream_name":"stdout","time":2956.370296917,"data":"(epoch: 7, iters: 2340, time: 0.129, data: 0.003) G_GAN: 8.626 G_LPIPS: 50.141 D_real: 0.000 D_fake: 0.000 \n"}
,{"stream_name":"stdout","time":2956.370301233,"data":"(epoch: 7, iters: 2360, time: 0.129, data: 0.003) G_GAN: 8.162 G_LPIPS: 51.560 D_real: 0.000 D_fake: 0.000 \n"}
,{"stream_name":"stdout","time":2956.370304898,"data":"(epoch: 7, iters: 2380, time: 0.175, data: 0.003) G_GAN: 9.837 G_LPIPS: 50.000 D_real: 0.000 D_fake: 0.000 \n"}
,{"stream_name":"stdout","time":2956.370308344,"data":"(epoch: 7, iters: 2400, time: 0.129, data: 0.003) G_GAN: 9.634 G_LPIPS: 51.145 D_real: 0.000 D_fake: 0.000 \n"}
,{"stream_name":"stdout","time":2956.370312116,"data":"(epoch: 7, iters: 2420, time: 0.129, data: 0.003) G_GAN: 9.811 G_LPIPS: 54.835 D_real: 0.000 D_fake: 0.000 \n"}
,{"stream_name":"stdout","time":2956.370315813,"data":"(epoch: 7, iters: 2440, time: 0.129, data: 0.003) G_GAN: 9.371 G_LPIPS: 52.106 D_real: 0.000 D_fake: 0.000 \n"}
,{"stream_name":"stdout","time":2956.370319906,"data":"(epoch: 7, iters: 2460, time: 0.129, data: 0.003) G_GAN: 8.709 G_LPIPS: 50.005 D_real: 0.000 D_fake: 0.000 \n"}
,{"stream_name":"stdout","time":2956.370323957,"data":"(epoch: 7, iters: 2480, time: 0.130, data: 0.004) G_GAN: 9.007 G_LPIPS: 49.687 D_real: 0.000 D_fake: 0.000 \n"}
,{"stream_name":"stdout","time":2956.370331859,"data":"(epoch: 7, iters: 2500, time: 0.130, data: 0.003) G_GAN: 8.549 G_LPIPS: 49.056 D_real: 0.000 D_fake: 0.000 \n"}
,{"stream_name":"stdout","time":2956.370335762,"data":"(epoch: 7, iters: 2520, time: 0.145, data: 0.003) G_GAN: 8.656 G_LPIPS: 43.007 D_real: 0.001 D_fake: 0.000 \n"}
,{"stream_name":"stdout","time":2956.370339144,"data":"(epoch: 7, iters: 2540, time: 0.130, data: 0.003) G_GAN: 9.380 G_LPIPS: 48.396 D_real: 0.000 D_fake: 0.000 \n"}
,{"stream_name":"stdout","time":2956.370342766,"data":"(epoch: 7, iters: 2560, time: 0.132, data: 0.003) G_GAN: 9.428 G_LPIPS: 48.421 D_real: 0.000 D_fake: 0.000 \n"}
,{"stream_name":"stdout","time":2956.370346287,"data":"(epoch: 7, iters: 2580, time: 0.129, data: 0.003) G_GAN: 9.437 G_LPIPS: 49.469 D_real: 0.000 D_fake: 0.000 \n"}
,{"stream_name":"stdout","time":2956.370350189,"data":"(epoch: 7, iters: 2600, time: 0.130, data: 0.003) G_GAN: 8.396 G_LPIPS: 50.567 D_real: 0.000 D_fake: 0.000 \n"}
,{"stream_name":"stdout","time":2956.370354286,"data":"(epoch: 7, iters: 2620, time: 0.130, data: 0.003) G_GAN: 9.611 G_LPIPS: 48.936 D_real: 0.000 D_fake: 0.000 \n"}
,{"stream_name":"stdout","time":2956.370357652,"data":"(epoch: 7, iters: 2640, time: 0.129, data: 0.003) G_GAN: 9.359 G_LPIPS: 50.155 D_real: 0.000 D_fake: 0.000 \n"}
,{"stream_name":"stdout","time":2956.370361853,"data":"(epoch: 7, iters: 2660, time: 0.129, data: 0.003) G_GAN: 9.196 G_LPIPS: 50.753 D_real: 0.000 D_fake: 0.000 \n"}
,{"stream_name":"stdout","time":2956.370365216,"data":"(epoch: 7, iters: 2680, time: 0.129, data: 0.003) G_GAN: 9.566 G_LPIPS: 53.145 D_real: 0.000 D_fake: 0.000 \n"}
,{"stream_name":"stdout","time":2956.370370586,"data":"(epoch: 7, iters: 2700, time: 0.178, data: 0.003) G_GAN: 8.552 G_LPIPS: 50.644 D_real: 0.000 D_fake: 0.000 \n"}
,{"stream_name":"stdout","time":2956.370398306,"data":"(epoch: 7, iters: 2720, time: 0.129, data: 0.003) G_GAN: 8.607 G_LPIPS: 49.219 D_real: 0.000 D_fake: 0.000 \n"}
,{"stream_name":"stdout","time":2956.370402393,"data":"(epoch: 7, iters: 2740, time: 0.130, data: 0.003) G_GAN: 9.586 G_LPIPS: 50.074 D_real: 0.000 D_fake: 0.000 \n"}
,{"stream_name":"stdout","time":2956.370406378,"data":"(epoch: 7, iters: 2760, time: 0.178, data: 0.003) G_GAN: 8.361 G_LPIPS: 50.926 D_real: 0.000 D_fake: 0.000 \n"}
,{"stream_name":"stdout","time":2956.370409966,"data":"(epoch: 7, iters: 2780, time: 0.130, data: 0.003) G_GAN: 8.710 G_LPIPS: 46.538 D_real: 0.001 D_fake: 0.000 \n"}
,{"stream_name":"stdout","time":2956.370413554,"data":"(epoch: 7, iters: 2800, time: 0.130, data: 0.003) G_GAN: 9.426 G_LPIPS: 49.340 D_real: 0.000 D_fake: 0.000 \n"}
,{"stream_name":"stdout","time":2956.370417561,"data":"(epoch: 7, iters: 2820, time: 0.130, data: 0.003) G_GAN: 7.944 G_LPIPS: 50.074 D_real: 0.000 D_fake: 0.000 \n"}
,{"stream_name":"stdout","time":2956.370421364,"data":"(epoch: 7, iters: 2840, time: 0.130, data: 0.003) G_GAN: 8.272 G_LPIPS: 49.492 D_real: 0.000 D_fake: 0.000 \n"}
,{"stream_name":"stdout","time":2956.370425405,"data":"(epoch: 7, iters: 2860, time: 0.130, data: 0.003) G_GAN: 9.797 G_LPIPS: 52.635 D_real: 0.000 D_fake: 0.000 \n"}
,{"stream_name":"stdout","time":2956.370428841,"data":"(epoch: 7, iters: 2880, time: 0.130, data: 0.003) G_GAN: 9.186 G_LPIPS: 49.455 D_real: 0.000 D_fake: 0.000 \n"}
,{"stream_name":"stdout","time":2956.370446289,"data":"(epoch: 7, iters: 2900, time: 0.130, data: 0.003) G_GAN: 8.767 G_LPIPS: 51.046 D_real: 0.000 D_fake: 0.000 \n"}
,{"stream_name":"stdout","time":2956.370450088,"data":"(epoch: 7, iters: 2920, time: 0.130, data: 0.003) G_GAN: 9.240 G_LPIPS: 50.817 D_real: 0.000 D_fake: 0.000 \n"}
,{"stream_name":"stdout","time":2956.370455366,"data":"(epoch: 7, iters: 2940, time: 0.130, data: 0.003) G_GAN: 9.335 G_LPIPS: 46.357 D_real: 0.000 D_fake: 0.000 \n"}
,{"stream_name":"stdout","time":2956.370464451,"data":"(epoch: 7, iters: 2960, time: 0.130, data: 0.003) G_GAN: 8.957 G_LPIPS: 46.162 D_real: 0.000 D_fake: 0.000 \n"}
,{"stream_name":"stdout","time":2956.370468776,"data":"(epoch: 7, iters: 2980, time: 0.129, data: 0.003) G_GAN: 9.527 G_LPIPS: 46.883 D_real: 0.000 D_fake: 0.000 \n"}
,{"stream_name":"stdout","time":2956.370471876,"data":"(epoch: 7, iters: 3000, time: 0.130, data: 0.004) G_GAN: 9.246 G_LPIPS: 54.600 D_real: 0.000 D_fake: 0.000 \n"}
,{"stream_name":"stdout","time":2956.370474994,"data":"(epoch: 7, iters: 3020, time: 0.130, data: 0.004) G_GAN: 9.183 G_LPIPS: 52.515 D_real: 0.000 D_fake: 0.000 \n"}
,{"stream_name":"stdout","time":3100.287742221,"data":"(epoch: 7, iters: 3040, time: 0.131, data: 0.003) G_GAN: 9.055 G_LPIPS: 51.020 D_real: 0.000 D_fake: 0.000 \n"}
,{"stream_name":"stdout","time":3100.287786098,"data":"(epoch: 7, iters: 3060, time: 0.130, data: 0.003) G_GAN: 8.995 G_LPIPS: 49.170 D_real: 0.000 D_fake: 0.000 \n"}
,{"stream_name":"stdout","time":3100.287795014,"data":"(epoch: 7, iters: 3080, time: 0.130, data: 0.003) G_GAN: 9.599 G_LPIPS: 50.691 D_real: 0.000 D_fake: 0.000 \n"}
,{"stream_name":"stdout","time":3100.287798343,"data":"(epoch: 7, iters: 3100, time: 0.131, data: 0.003) G_GAN: 9.336 G_LPIPS: 47.859 D_real: 0.000 D_fake: 0.000 \n"}
,{"stream_name":"stdout","time":3100.287801472,"data":"(epoch: 7, iters: 3120, time: 0.131, data: 0.003) G_GAN: 7.321 G_LPIPS: 47.317 D_real: 0.001 D_fake: 0.001 \n"}
,{"stream_name":"stdout","time":3100.287804535,"data":"(epoch: 7, iters: 3140, time: 0.130, data: 0.003) G_GAN: 9.090 G_LPIPS: 50.481 D_real: 0.000 D_fake: 0.000 \n"}
,{"stream_name":"stdout","time":3100.287807696,"data":"(epoch: 7, iters: 3160, time: 0.130, data: 0.003) G_GAN: 7.378 G_LPIPS: 48.955 D_real: 0.000 D_fake: 0.001 \n"}
,{"stream_name":"stdout","time":3100.28781068,"data":"(epoch: 7, iters: 3180, time: 0.130, data: 0.003) G_GAN: 9.423 G_LPIPS: 49.155 D_real: 0.000 D_fake: 0.000 \n"}
,{"stream_name":"stdout","time":3100.287813586,"data":"(epoch: 7, iters: 3200, time: 0.179, data: 0.003) G_GAN: 10.005 G_LPIPS: 54.802 D_real: 0.000 D_fake: 0.000 \n"}
,{"stream_name":"stdout","time":3100.287816756,"data":"(epoch: 7, iters: 3220, time: 0.129, data: 0.003) G_GAN: 9.387 G_LPIPS: 48.472 D_real: 0.000 D_fake: 0.000 \n"}
,{"stream_name":"stdout","time":3100.287819803,"data":"(epoch: 7, iters: 3240, time: 0.131, data: 0.003) G_GAN: 9.213 G_LPIPS: 48.682 D_real: 0.000 D_fake: 0.000 \n"}
,{"stream_name":"stdout","time":3100.287822794,"data":"(epoch: 7, iters: 3260, time: 0.130, data: 0.003) G_GAN: 8.589 G_LPIPS: 47.525 D_real: 0.000 D_fake: 0.000 \n"}
,{"stream_name":"stdout","time":3100.287825695,"data":"(epoch: 7, iters: 3280, time: 0.130, data: 0.003) G_GAN: 9.994 G_LPIPS: 52.772 D_real: 0.000 D_fake: 0.000 \n"}
,{"stream_name":"stdout","time":3100.287828599,"data":"(epoch: 7, iters: 3300, time: 0.130, data: 0.003) G_GAN: 8.940 G_LPIPS: 48.345 D_real: 0.000 D_fake: 0.000 \n"}
,{"stream_name":"stdout","time":3100.287831499,"data":"(epoch: 7, iters: 3320, time: 0.130, data: 0.003) G_GAN: 9.643 G_LPIPS: 49.762 D_real: 0.000 D_fake: 0.000 \n"}
,{"stream_name":"stdout","time":3100.287834476,"data":"(epoch: 7, iters: 3340, time: 0.130, data: 0.003) G_GAN: 8.783 G_LPIPS: 51.274 D_real: 0.001 D_fake: 0.000 \n"}
,{"stream_name":"stdout","time":3100.287837799,"data":"(epoch: 7, iters: 3360, time: 0.132, data: 0.003) G_GAN: 9.642 G_LPIPS: 53.042 D_real: 0.000 D_fake: 0.000 \n"}
,{"stream_name":"stdout","time":3100.28785554,"data":"(epoch: 7, iters: 3380, time: 0.181, data: 0.003) G_GAN: 9.431 G_LPIPS: 51.816 D_real: 0.000 D_fake: 0.000 \n"}
,{"stream_name":"stdout","time":3100.287860464,"data":"(epoch: 7, iters: 3400, time: 0.131, data: 0.003) G_GAN: 9.832 G_LPIPS: 52.456 D_real: 0.000 D_fake: 0.000 \n"}
,{"stream_name":"stdout","time":3100.287880119,"data":"(epoch: 7, iters: 3420, time: 0.132, data: 0.003) G_GAN: 9.112 G_LPIPS: 49.693 D_real: 0.000 D_fake: 0.000 \n"}
,{"stream_name":"stdout","time":3100.287883659,"data":"(epoch: 7, iters: 3440, time: 0.131, data: 0.003) G_GAN: 8.644 G_LPIPS: 51.373 D_real: 0.000 D_fake: 0.000 \n"}
,{"stream_name":"stdout","time":3100.287886723,"data":"(epoch: 7, iters: 3460, time: 0.130, data: 0.003) G_GAN: 8.849 G_LPIPS: 47.624 D_real: 0.000 D_fake: 0.002 \n"}
,{"stream_name":"stdout","time":3100.287889906,"data":"(epoch: 7, iters: 3480, time: 0.131, data: 0.003) G_GAN: 8.793 G_LPIPS: 46.180 D_real: 0.000 D_fake: 0.000 \n"}
,{"stream_name":"stdout","time":3100.287893144,"data":"(epoch: 7, iters: 3500, time: 0.131, data: 0.003) G_GAN: 9.121 G_LPIPS: 48.458 D_real: 0.000 D_fake: 0.000 \n"}
,{"stream_name":"stdout","time":3100.287896571,"data":"(epoch: 7, iters: 3520, time: 0.130, data: 0.003) G_GAN: 7.651 G_LPIPS: 48.003 D_real: 0.000 D_fake: 0.001 \n"}
,{"stream_name":"stdout","time":3100.287899958,"data":"(epoch: 7, iters: 3540, time: 0.131, data: 0.003) G_GAN: 9.397 G_LPIPS: 53.508 D_real: 0.000 D_fake: 0.000 \n"}
,{"stream_name":"stdout","time":3100.287903144,"data":"(epoch: 7, iters: 3560, time: 0.130, data: 0.003) G_GAN: 9.101 G_LPIPS: 44.971 D_real: 0.002 D_fake: 0.000 \n"}
,{"stream_name":"stdout","time":3100.287906946,"data":"(epoch: 7, iters: 3580, time: 0.131, data: 0.003) G_GAN: 7.595 G_LPIPS: 51.350 D_real: 0.000 D_fake: 0.001 \n"}
,{"stream_name":"stdout","time":3100.287910331,"data":"(epoch: 7, iters: 3600, time: 0.130, data: 0.003) G_GAN: 9.263 G_LPIPS: 47.695 D_real: 0.000 D_fake: 0.000 \n"}
,{"stream_name":"stdout","time":3100.287913508,"data":"(epoch: 7, iters: 3620, time: 0.131, data: 0.003) G_GAN: 9.264 G_LPIPS: 50.330 D_real: 0.000 D_fake: 0.000 \n"}
,{"stream_name":"stdout","time":3100.287917222,"data":"(epoch: 7, iters: 3640, time: 0.131, data: 0.003) G_GAN: 8.660 G_LPIPS: 49.636 D_real: 0.000 D_fake: 0.000 \n"}
,{"stream_name":"stdout","time":3100.287920373,"data":"(epoch: 7, iters: 3660, time: 0.130, data: 0.003) G_GAN: 8.905 G_LPIPS: 48.682 D_real: 0.000 D_fake: 0.000 \n"}
,{"stream_name":"stdout","time":3100.287923475,"data":"(epoch: 7, iters: 3680, time: 0.131, data: 0.003) G_GAN: 9.469 G_LPIPS: 52.626 D_real: 0.000 D_fake: 0.000 \n"}
,{"stream_name":"stdout","time":3100.2879267,"data":"(epoch: 7, iters: 3700, time: 0.130, data: 0.003) G_GAN: 9.402 G_LPIPS: 49.701 D_real: 0.000 D_fake: 0.000 \n"}
,{"stream_name":"stdout","time":3100.287930148,"data":"(epoch: 7, iters: 3720, time: 0.130, data: 0.003) G_GAN: 9.026 G_LPIPS: 46.824 D_real: 0.001 D_fake: 0.000 \n"}
,{"stream_name":"stdout","time":3100.287933491,"data":"(epoch: 7, iters: 3740, time: 0.181, data: 0.003) G_GAN: 8.682 G_LPIPS: 54.240 D_real: 0.000 D_fake: 0.000 \n"}
,{"stream_name":"stdout","time":3100.287937145,"data":"(epoch: 7, iters: 3760, time: 0.131, data: 0.003) G_GAN: 7.600 G_LPIPS: 48.047 D_real: 0.001 D_fake: 0.001 \n"}
,{"stream_name":"stdout","time":3100.287940241,"data":"(epoch: 7, iters: 3780, time: 0.131, data: 0.003) G_GAN: 8.979 G_LPIPS: 45.547 D_real: 0.001 D_fake: 0.000 \n"}
,{"stream_name":"stdout","time":3100.287944375,"data":"(epoch: 7, iters: 3800, time: 0.178, data: 0.003) G_GAN: 8.910 G_LPIPS: 48.630 D_real: 0.000 D_fake: 0.000 \n"}
,{"stream_name":"stdout","time":3100.287947706,"data":"(epoch: 7, iters: 3820, time: 0.131, data: 0.003) G_GAN: 8.499 G_LPIPS: 51.271 D_real: 0.000 D_fake: 0.000 \n"}
,{"stream_name":"stdout","time":3100.287951103,"data":"(epoch: 7, iters: 3840, time: 0.132, data: 0.003) G_GAN: 9.745 G_LPIPS: 52.685 D_real: 0.000 D_fake: 0.000 \n"}
,{"stream_name":"stdout","time":3100.28795415,"data":"(epoch: 7, iters: 3860, time: 0.178, data: 0.003) G_GAN: 8.939 G_LPIPS: 47.936 D_real: 0.000 D_fake: 0.000 \n"}
,{"stream_name":"stdout","time":3100.287962112,"data":"(epoch: 7, iters: 3880, time: 0.131, data: 0.003) G_GAN: 9.600 G_LPIPS: 53.198 D_real: 0.000 D_fake: 0.000 \n"}
,{"stream_name":"stdout","time":3100.287965963,"data":"(epoch: 7, iters: 3900, time: 0.131, data: 0.003) G_GAN: 7.602 G_LPIPS: 46.618 D_real: 0.000 D_fake: 0.001 \n"}
,{"stream_name":"stdout","time":3100.287969976,"data":"(epoch: 7, iters: 3920, time: 0.180, data: 0.003) G_GAN: 9.900 G_LPIPS: 51.189 D_real: 0.000 D_fake: 0.000 \n"}
,{"stream_name":"stdout","time":3100.287973347,"data":"(epoch: 7, iters: 3940, time: 0.130, data: 0.003) G_GAN: 9.541 G_LPIPS: 48.954 D_real: 0.000 D_fake: 0.000 \n"}
,{"stream_name":"stdout","time":3100.287976766,"data":"(epoch: 7, iters: 3960, time: 0.131, data: 0.003) G_GAN: 8.915 G_LPIPS: 49.966 D_real: 0.000 D_fake: 0.000 \n"}
,{"stream_name":"stdout","time":3100.287980242,"data":"(epoch: 7, iters: 3980, time: 0.178, data: 0.003) G_GAN: 7.809 G_LPIPS: 51.102 D_real: 0.000 D_fake: 0.001 \n"}
,{"stream_name":"stdout","time":3100.287984386,"data":"(epoch: 7, iters: 4000, time: 0.130, data: 0.003) G_GAN: 9.458 G_LPIPS: 47.591 D_real: 0.000 D_fake: 0.000 \n"}
,{"stream_name":"stdout","time":3100.287988166,"data":"(epoch: 7, iters: 4020, time: 0.131, data: 0.003) G_GAN: 9.339 G_LPIPS: 49.868 D_real: 0.000 D_fake: 0.000 \n"}
,{"stream_name":"stdout","time":3100.28799174,"data":"(epoch: 7, iters: 4040, time: 0.180, data: 0.003) G_GAN: 9.618 G_LPIPS: 52.880 D_real: 0.000 D_fake: 0.000 \n"}
,{"stream_name":"stdout","time":3100.287995212,"data":"(epoch: 7, iters: 4060, time: 0.131, data: 0.003) G_GAN: 9.089 G_LPIPS: 50.825 D_real: 0.000 D_fake: 0.000 \n"}
,{"stream_name":"stdout","time":3100.287998745,"data":"(epoch: 7, iters: 4080, time: 0.131, data: 0.003) G_GAN: 8.407 G_LPIPS: 50.900 D_real: 0.000 D_fake: 0.000 \n"}
,{"stream_name":"stdout","time":3100.288002276,"data":"(epoch: 7, iters: 4100, time: 0.131, data: 0.003) G_GAN: 9.498 G_LPIPS: 50.789 D_real: 0.000 D_fake: 0.000 \n"}
,{"stream_name":"stdout","time":3100.288005794,"data":"(epoch: 7, iters: 4120, time: 0.131, data: 0.003) G_GAN: 9.658 G_LPIPS: 48.126 D_real: 0.000 D_fake: 0.000 \n"}
,{"stream_name":"stdout","time":3100.288009788,"data":"(epoch: 7, iters: 4140, time: 0.131, data: 0.003) G_GAN: 8.918 G_LPIPS: 45.819 D_real: 0.000 D_fake: 0.000 \n"}
,{"stream_name":"stdout","time":3100.288013794,"data":"(epoch: 7, iters: 4160, time: 0.130, data: 0.003) G_GAN: 9.455 G_LPIPS: 50.291 D_real: 0.000 D_fake: 0.000 \n"}
,{"stream_name":"stdout","time":3100.288018623,"data":"(epoch: 7, iters: 4180, time: 0.130, data: 0.003) G_GAN: 9.029 G_LPIPS: 49.153 D_real: 0.000 D_fake: 0.000 \n"}
,{"stream_name":"stdout","time":3100.288022213,"data":"(epoch: 7, iters: 4200, time: 0.130, data: 0.003) G_GAN: 9.498 G_LPIPS: 49.257 D_real: 0.000 D_fake: 0.000 \n"}
,{"stream_name":"stdout","time":3100.288025726,"data":"(epoch: 7, iters: 4220, time: 0.131, data: 0.003) G_GAN: 8.539 G_LPIPS: 48.935 D_real: 0.000 D_fake: 0.000 \n"}
,{"stream_name":"stdout","time":3100.288029223,"data":"(epoch: 7, iters: 4240, time: 0.130, data: 0.003) G_GAN: 9.180 G_LPIPS: 50.868 D_real: 0.000 D_fake: 0.000 \n"}
,{"stream_name":"stdout","time":3100.288032708,"data":"(epoch: 7, iters: 4260, time: 0.131, data: 0.003) G_GAN: 8.793 G_LPIPS: 52.877 D_real: 0.000 D_fake: 0.000 \n"}
,{"stream_name":"stdout","time":3100.288036223,"data":"(epoch: 7, iters: 4280, time: 0.131, data: 0.003) G_GAN: 9.285 G_LPIPS: 51.207 D_real: 0.000 D_fake: 0.000 \n"}
,{"stream_name":"stdout","time":3100.288039688,"data":"(epoch: 7, iters: 4300, time: 0.131, data: 0.003) G_GAN: 8.724 G_LPIPS: 51.389 D_real: 0.000 D_fake: 0.000 \n"}
,{"stream_name":"stdout","time":3100.288043231,"data":"(epoch: 7, iters: 4320, time: 0.134, data: 0.003) G_GAN: 9.636 G_LPIPS: 52.380 D_real: 0.000 D_fake: 0.000 \n"}
,{"stream_name":"stdout","time":3100.288050016,"data":"(epoch: 7, iters: 4340, time: 0.130, data: 0.003) G_GAN: 9.447 G_LPIPS: 49.628 D_real: 0.000 D_fake: 0.000 \n"}
,{"stream_name":"stdout","time":3100.288053673,"data":"(epoch: 7, iters: 4360, time: 0.133, data: 0.003) G_GAN: 9.547 G_LPIPS: 49.940 D_real: 0.000 D_fake: 0.000 \n"}
,{"stream_name":"stdout","time":3100.288057152,"data":"(epoch: 7, iters: 4380, time: 0.131, data: 0.003) G_GAN: 9.805 G_LPIPS: 53.289 D_real: 0.000 D_fake: 0.000 \n"}
,{"stream_name":"stdout","time":3100.28806251,"data":"(epoch: 7, iters: 4400, time: 0.131, data: 0.004) G_GAN: 9.636 G_LPIPS: 50.088 D_real: 0.000 D_fake: 0.000 \n"}
,{"stream_name":"stdout","time":3100.288070119,"data":"(epoch: 7, iters: 4420, time: 0.130, data: 0.003) G_GAN: 9.210 G_LPIPS: 51.513 D_real: 0.000 D_fake: 0.000 \n"}
,{"stream_name":"stdout","time":3100.288073073,"data":"(epoch: 7, iters: 4440, time: 0.131, data: 0.003) G_GAN: 9.375 G_LPIPS: 50.016 D_real: 0.000 D_fake: 0.000 \n"}
,{"stream_name":"stdout","time":3100.288075326,"data":"(epoch: 7, iters: 4460, time: 0.132, data: 0.003) G_GAN: 9.134 G_LPIPS: 53.748 D_real: 0.000 D_fake: 0.000 \n"}
,{"stream_name":"stdout","time":3100.288077569,"data":"(epoch: 7, iters: 4480, time: 0.130, data: 0.003) G_GAN: 9.108 G_LPIPS: 48.640 D_real: 0.000 D_fake: 0.000 \n"}
,{"stream_name":"stdout","time":3100.28807981,"data":"(epoch: 7, iters: 4500, time: 0.131, data: 0.003) G_GAN: 8.763 G_LPIPS: 48.248 D_real: 0.000 D_fake: 0.000 \n"}
,{"stream_name":"stdout","time":3100.288082191,"data":"(epoch: 7, iters: 4520, time: 0.145, data: 0.003) G_GAN: 9.190 G_LPIPS: 50.458 D_real: 0.000 D_fake: 0.000 \n"}
,{"stream_name":"stdout","time":3100.288084432,"data":"(epoch: 7, iters: 4540, time: 0.131, data: 0.003) G_GAN: 9.007 G_LPIPS: 50.522 D_real: 0.000 D_fake: 0.000 \n"}
,{"stream_name":"stdout","time":3199.09649904,"data":"(epoch: 7, iters: 4560, time: 0.132, data: 0.003) G_GAN: 8.569 G_LPIPS: 51.740 D_real: 0.000 D_fake: 0.000 \n"}
,{"stream_name":"stdout","time":3199.096542684,"data":"(epoch: 7, iters: 4580, time: 0.130, data: 0.003) G_GAN: 9.386 G_LPIPS: 50.386 D_real: 0.000 D_fake: 0.000 \n"}
,{"stream_name":"stdout","time":3199.096547959,"data":"(epoch: 7, iters: 4600, time: 0.131, data: 0.003) G_GAN: 9.124 G_LPIPS: 50.770 D_real: 0.000 D_fake: 0.000 \n"}
,{"stream_name":"stdout","time":3199.096551363,"data":"(epoch: 7, iters: 4620, time: 0.131, data: 0.004) G_GAN: 7.817 G_LPIPS: 52.748 D_real: 0.000 D_fake: 0.001 \n"}
,{"stream_name":"stdout","time":3199.096554497,"data":"(epoch: 7, iters: 4640, time: 0.135, data: 0.003) G_GAN: 9.615 G_LPIPS: 49.232 D_real: 0.000 D_fake: 0.000 \n"}
,{"stream_name":"stdout","time":3199.096558038,"data":"(epoch: 7, iters: 4660, time: 0.132, data: 0.003) G_GAN: 9.399 G_LPIPS: 50.759 D_real: 0.000 D_fake: 0.000 \n"}
,{"stream_name":"stdout","time":3199.096561141,"data":"(epoch: 7, iters: 4680, time: 0.132, data: 0.003) G_GAN: 8.396 G_LPIPS: 47.703 D_real: 0.000 D_fake: 0.000 \n"}
,{"stream_name":"stdout","time":3199.09656406,"data":"(epoch: 7, iters: 4700, time: 0.132, data: 0.003) G_GAN: 8.846 G_LPIPS: 47.756 D_real: 0.000 D_fake: 0.000 \n"}
,{"stream_name":"stdout","time":3199.096567001,"data":"(epoch: 7, iters: 4720, time: 0.131, data: 0.003) G_GAN: 9.647 G_LPIPS: 52.084 D_real: 0.000 D_fake: 0.000 \n"}
,{"stream_name":"stdout","time":3199.096570038,"data":"(epoch: 7, iters: 4740, time: 0.132, data: 0.002) G_GAN: 8.995 G_LPIPS: 50.364 D_real: 0.000 D_fake: 0.000 \n"}
,{"stream_name":"stdout","time":3199.096572975,"data":"(epoch: 7, iters: 4760, time: 0.131, data: 0.003) G_GAN: 7.490 G_LPIPS: 49.607 D_real: 0.000 D_fake: 0.001 \n"}
,{"stream_name":"stdout","time":3199.096575913,"data":"(epoch: 7, iters: 4780, time: 0.132, data: 0.003) G_GAN: 8.956 G_LPIPS: 51.201 D_real: 0.000 D_fake: 0.000 \n"}
,{"stream_name":"stdout","time":3199.096586884,"data":"(epoch: 7, iters: 4800, time: 0.131, data: 0.003) G_GAN: 8.861 G_LPIPS: 46.445 D_real: 0.000 D_fake: 0.000 \n"}
,{"stream_name":"stdout","time":3199.096589568,"data":"(epoch: 7, iters: 4820, time: 0.131, data: 0.003) G_GAN: 9.417 G_LPIPS: 54.462 D_real: 0.000 D_fake: 0.000 \n"}
,{"stream_name":"stdout","time":3199.096591898,"data":"(epoch: 7, iters: 4840, time: 0.132, data: 0.003) G_GAN: 8.531 G_LPIPS: 48.039 D_real: 0.000 D_fake: 0.000 \n"}
,{"stream_name":"stdout","time":3199.096594197,"data":"(epoch: 7, iters: 4860, time: 0.132, data: 0.003) G_GAN: 9.053 G_LPIPS: 44.012 D_real: 0.000 D_fake: 0.000 \n"}
,{"stream_name":"stdout","time":3199.096596501,"data":"(epoch: 7, iters: 4880, time: 0.132, data: 0.003) G_GAN: 9.206 G_LPIPS: 49.317 D_real: 0.000 D_fake: 0.000 \n"}
,{"stream_name":"stdout","time":3199.096598888,"data":"(epoch: 7, iters: 4900, time: 0.131, data: 0.004) G_GAN: 8.584 G_LPIPS: 48.216 D_real: 0.000 D_fake: 0.000 \n"}
,{"stream_name":"stdout","time":3199.096601169,"data":"(epoch: 7, iters: 4920, time: 0.131, data: 0.003) G_GAN: 9.398 G_LPIPS: 53.458 D_real: 0.000 D_fake: 0.000 \n"}
,{"stream_name":"stdout","time":3199.096604367,"data":"(epoch: 7, iters: 4940, time: 0.132, data: 0.003) G_GAN: 9.095 G_LPIPS: 48.815 D_real: 0.000 D_fake: 0.000 \n"}
,{"stream_name":"stdout","time":3199.096606728,"data":"(epoch: 7, iters: 4960, time: 0.131, data: 0.003) G_GAN: 8.773 G_LPIPS: 48.671 D_real: 0.000 D_fake: 0.000 \n"}
,{"stream_name":"stdout","time":3199.096609119,"data":"(epoch: 7, iters: 4980, time: 0.131, data: 0.003) G_GAN: 9.287 G_LPIPS: 50.410 D_real: 0.000 D_fake: 0.000 \n"}
,{"stream_name":"stdout","time":3199.096611711,"data":"(epoch: 7, iters: 5000, time: 0.132, data: 0.003) G_GAN: 9.353 G_LPIPS: 47.004 D_real: 0.000 D_fake: 0.000 \n"}
,{"stream_name":"stdout","time":3199.096614031,"data":"(epoch: 7, iters: 5020, time: 0.132, data: 0.003) G_GAN: 8.683 G_LPIPS: 47.715 D_real: 0.000 D_fake: 0.000 \n"}
,{"stream_name":"stdout","time":3199.096616313,"data":"(epoch: 7, iters: 5040, time: 0.132, data: 0.003) G_GAN: 9.252 G_LPIPS: 54.602 D_real: 0.000 D_fake: 0.000 \n"}
,{"stream_name":"stdout","time":3199.096618672,"data":"(epoch: 7, iters: 5060, time: 0.131, data: 0.003) G_GAN: 8.658 G_LPIPS: 52.889 D_real: 0.000 D_fake: 0.000 \n"}
,{"stream_name":"stdout","time":3199.096620928,"data":"(epoch: 7, iters: 5080, time: 0.131, data: 0.003) G_GAN: 9.862 G_LPIPS: 50.577 D_real: 0.000 D_fake: 0.000 \n"}
,{"stream_name":"stdout","time":3199.09662318,"data":"(epoch: 7, iters: 5100, time: 0.133, data: 0.003) G_GAN: 9.363 G_LPIPS: 46.362 D_real: 0.000 D_fake: 0.000 \n"}
,{"stream_name":"stdout","time":3199.096625446,"data":"(epoch: 7, iters: 5120, time: 0.131, data: 0.003) G_GAN: 9.718 G_LPIPS: 51.907 D_real: 0.000 D_fake: 0.000 \n"}
,{"stream_name":"stdout","time":3199.096627736,"data":"(epoch: 7, iters: 5140, time: 0.131, data: 0.003) G_GAN: 8.146 G_LPIPS: 52.962 D_real: 0.000 D_fake: 0.000 \n"}
,{"stream_name":"stdout","time":3199.096630004,"data":"(epoch: 7, iters: 5160, time: 0.131, data: 0.003) G_GAN: 9.468 G_LPIPS: 50.485 D_real: 0.000 D_fake: 0.000 \n"}
,{"stream_name":"stdout","time":3199.096632348,"data":"(epoch: 7, iters: 5180, time: 0.132, data: 0.003) G_GAN: 9.235 G_LPIPS: 48.593 D_real: 0.000 D_fake: 0.000 \n"}
,{"stream_name":"stdout","time":3199.096634623,"data":"(epoch: 7, iters: 5200, time: 0.131, data: 0.003) G_GAN: 9.412 G_LPIPS: 46.680 D_real: 0.000 D_fake: 0.000 \n"}
,{"stream_name":"stdout","time":3199.096636895,"data":"(epoch: 7, iters: 5220, time: 0.131, data: 0.003) G_GAN: 8.962 G_LPIPS: 46.398 D_real: 0.000 D_fake: 0.000 \n"}
,{"stream_name":"stdout","time":3199.096639162,"data":"(epoch: 7, iters: 5240, time: 0.132, data: 0.003) G_GAN: 9.336 G_LPIPS: 46.605 D_real: 0.000 D_fake: 0.000 \n"}
,{"stream_name":"stdout","time":3199.096644305,"data":"(epoch: 7, iters: 5260, time: 0.132, data: 0.004) G_GAN: 8.752 G_LPIPS: 50.019 D_real: 0.000 D_fake: 0.000 \n"}
,{"stream_name":"stdout","time":3199.096646784,"data":"(epoch: 7, iters: 5280, time: 0.180, data: 0.003) G_GAN: 9.160 G_LPIPS: 46.628 D_real: 0.000 D_fake: 0.000 \n"}
,{"stream_name":"stdout","time":3199.096649187,"data":"(epoch: 7, iters: 5300, time: 0.139, data: 0.003) G_GAN: 9.378 G_LPIPS: 53.470 D_real: 0.000 D_fake: 0.000 \n"}
,{"stream_name":"stdout","time":3199.096651814,"data":"(epoch: 7, iters: 5320, time: 0.132, data: 0.003) G_GAN: 8.999 G_LPIPS: 49.802 D_real: 0.000 D_fake: 0.000 \n"}
,{"stream_name":"stdout","time":3199.096654134,"data":"(epoch: 7, iters: 5340, time: 0.182, data: 0.003) G_GAN: 9.910 G_LPIPS: 55.408 D_real: 0.000 D_fake: 0.000 \n"}
,{"stream_name":"stdout","time":3199.096656423,"data":"(epoch: 7, iters: 5360, time: 0.132, data: 0.003) G_GAN: 9.982 G_LPIPS: 51.158 D_real: 0.000 D_fake: 0.000 \n"}
,{"stream_name":"stdout","time":3199.096658737,"data":"(epoch: 7, iters: 5380, time: 0.132, data: 0.003) G_GAN: 9.515 G_LPIPS: 50.412 D_real: 0.000 D_fake: 0.000 \n"}
,{"stream_name":"stdout","time":3199.096661039,"data":"(epoch: 7, iters: 5400, time: 0.181, data: 0.003) G_GAN: 8.892 G_LPIPS: 45.281 D_real: 0.000 D_fake: 0.000 \n"}
,{"stream_name":"stdout","time":3199.096663319,"data":"(epoch: 7, iters: 5420, time: 0.132, data: 0.003) G_GAN: 9.380 G_LPIPS: 52.564 D_real: 0.000 D_fake: 0.000 \n"}
,{"stream_name":"stdout","time":3199.096665595,"data":"(epoch: 7, iters: 5440, time: 0.132, data: 0.003) G_GAN: 9.223 G_LPIPS: 50.452 D_real: 0.000 D_fake: 0.000 \n"}
,{"stream_name":"stdout","time":3199.096667904,"data":"(epoch: 7, iters: 5460, time: 0.132, data: 0.003) G_GAN: 9.532 G_LPIPS: 51.881 D_real: 0.000 D_fake: 0.000 \n"}
,{"stream_name":"stdout","time":3199.096670181,"data":"(epoch: 7, iters: 5480, time: 0.132, data: 0.003) G_GAN: 8.901 G_LPIPS: 41.672 D_real: 0.001 D_fake: 0.000 \n"}
,{"stream_name":"stdout","time":3199.096672469,"data":"(epoch: 7, iters: 5500, time: 0.131, data: 0.003) G_GAN: 9.987 G_LPIPS: 52.094 D_real: 0.000 D_fake: 0.000 \n"}
,{"stream_name":"stdout","time":3199.096674748,"data":"(epoch: 7, iters: 5520, time: 0.131, data: 0.003) G_GAN: 9.163 G_LPIPS: 48.596 D_real: 0.000 D_fake: 0.000 \n"}
,{"stream_name":"stdout","time":3199.096677047,"data":"(epoch: 7, iters: 5540, time: 0.132, data: 0.003) G_GAN: 9.414 G_LPIPS: 51.622 D_real: 0.000 D_fake: 0.000 \n"}
,{"stream_name":"stdout","time":3199.096679356,"data":"(epoch: 7, iters: 5560, time: 0.132, data: 0.003) G_GAN: 9.697 G_LPIPS: 53.512 D_real: 0.000 D_fake: 0.000 \n"}
,{"stream_name":"stdout","time":3199.096681645,"data":"(epoch: 7, iters: 5580, time: 0.090, data: 0.003) G_GAN: 0.000 G_LPIPS: 40.368 D_real: 2.064 D_fake: 0.000 \n"}
,{"stream_name":"stdout","time":3199.09668397,"data":"saving the model at the end of epoch 7, iters 39060\n"}
,{"stream_name":"stdout","time":3199.096686255,"data":"End of epoch 7 / 20 \t Time Taken: 525 sec\n"}
,{"stream_name":"stdout","time":3199.096688839,"data":"learning rate 0.0001000 -\u003e 0.0001000\n"}
,{"stream_name":"stdout","time":3348.171706807,"data":"(epoch: 8, iters: 20, time: 0.138, data: 0.254) G_GAN: 4.990 G_LPIPS: 46.618 D_real: 0.545 D_fake: 2.576 \n"}
,{"stream_name":"stdout","time":3348.171751205,"data":"(epoch: 8, iters: 40, time: 0.133, data: 0.001) G_GAN: 6.580 G_LPIPS: 49.100 D_real: 0.159 D_fake: 0.001 \n"}
,{"stream_name":"stdout","time":3348.171755662,"data":"(epoch: 8, iters: 60, time: 0.132, data: 0.003) G_GAN: 9.599 G_LPIPS: 49.241 D_real: 0.080 D_fake: 0.000 \n"}
,{"stream_name":"stdout","time":3348.171758944,"data":"(epoch: 8, iters: 80, time: 0.132, data: 0.003) G_GAN: 5.067 G_LPIPS: 48.530 D_real: 0.016 D_fake: 0.057 \n"}
,{"stream_name":"stdout","time":3348.171775229,"data":"(epoch: 8, iters: 100, time: 0.133, data: 0.003) G_GAN: 8.091 G_LPIPS: 49.021 D_real: 0.081 D_fake: 0.001 \n"}
,{"stream_name":"stdout","time":3348.17177832,"data":"(epoch: 8, iters: 120, time: 0.134, data: 0.003) G_GAN: 8.769 G_LPIPS: 48.570 D_real: 0.020 D_fake: 0.000 \n"}
,{"stream_name":"stdout","time":3348.171780646,"data":"(epoch: 8, iters: 140, time: 0.148, data: 0.003) G_GAN: 7.040 G_LPIPS: 51.870 D_real: 0.010 D_fake: 0.002 \n"}
,{"stream_name":"stdout","time":3348.171783011,"data":"(epoch: 8, iters: 160, time: 0.132, data: 0.003) G_GAN: 8.799 G_LPIPS: 50.239 D_real: 0.008 D_fake: 0.000 \n"}
,{"stream_name":"stdout","time":3348.171785287,"data":"(epoch: 8, iters: 180, time: 0.131, data: 0.003) G_GAN: 6.087 G_LPIPS: 50.350 D_real: 0.008 D_fake: 0.003 \n"}
,{"stream_name":"stdout","time":3348.171787762,"data":"(epoch: 8, iters: 200, time: 0.132, data: 0.003) G_GAN: 6.457 G_LPIPS: 50.018 D_real: 0.012 D_fake: 0.003 \n"}
,{"stream_name":"stdout","time":3348.171790117,"data":"(epoch: 8, iters: 220, time: 0.131, data: 0.003) G_GAN: 5.649 G_LPIPS: 47.623 D_real: 0.008 D_fake: 0.006 \n"}
,{"stream_name":"stdout","time":3348.171792987,"data":"(epoch: 8, iters: 240, time: 0.132, data: 0.003) G_GAN: 8.552 G_LPIPS: 51.744 D_real: 0.005 D_fake: 0.000 \n"}
,{"stream_name":"stdout","time":3348.171795408,"data":"(epoch: 8, iters: 260, time: 0.132, data: 0.003) G_GAN: 5.506 G_LPIPS: 49.215 D_real: 0.019 D_fake: 0.007 \n"}
,{"stream_name":"stdout","time":3348.171797795,"data":"(epoch: 8, iters: 280, time: 0.133, data: 0.003) G_GAN: 8.475 G_LPIPS: 50.284 D_real: 0.006 D_fake: 0.000 \n"}
,{"stream_name":"stdout","time":3348.171800104,"data":"(epoch: 8, iters: 300, time: 0.132, data: 0.003) G_GAN: 6.693 G_LPIPS: 46.616 D_real: 0.117 D_fake: 0.001 \n"}
,{"stream_name":"stdout","time":3348.171802473,"data":"(epoch: 8, iters: 320, time: 0.132, data: 0.003) G_GAN: 5.224 G_LPIPS: 50.679 D_real: 0.002 D_fake: 0.009 \n"}
,{"stream_name":"stdout","time":3348.171804758,"data":"(epoch: 8, iters: 340, time: 0.133, data: 0.003) G_GAN: 8.040 G_LPIPS: 52.130 D_real: 0.002 D_fake: 0.000 \n"}
,{"stream_name":"stdout","time":3348.171807036,"data":"(epoch: 8, iters: 360, time: 0.132, data: 0.002) G_GAN: 7.294 G_LPIPS: 51.889 D_real: 0.002 D_fake: 0.001 \n"}
,{"stream_name":"stdout","time":3348.171809434,"data":"(epoch: 8, iters: 380, time: 0.133, data: 0.003) G_GAN: 7.481 G_LPIPS: 48.638 D_real: 0.004 D_fake: 0.001 \n"}
,{"stream_name":"stdout","time":3348.171812705,"data":"(epoch: 8, iters: 400, time: 0.132, data: 0.003) G_GAN: 7.551 G_LPIPS: 53.181 D_real: 0.002 D_fake: 0.001 \n"}
,{"stream_name":"stdout","time":3348.171815046,"data":"(epoch: 8, iters: 420, time: 0.132, data: 0.003) G_GAN: 6.685 G_LPIPS: 46.753 D_real: 0.010 D_fake: 0.002 \n"}
,{"stream_name":"stdout","time":3348.171817431,"data":"(epoch: 8, iters: 440, time: 0.132, data: 0.003) G_GAN: 7.120 G_LPIPS: 51.725 D_real: 0.003 D_fake: 0.001 \n"}
,{"stream_name":"stdout","time":3348.171819701,"data":"(epoch: 8, iters: 460, time: 0.132, data: 0.003) G_GAN: 5.887 G_LPIPS: 44.214 D_real: 0.006 D_fake: 0.006 \n"}
,{"stream_name":"stdout","time":3348.171821958,"data":"(epoch: 8, iters: 480, time: 0.133, data: 0.003) G_GAN: 9.244 G_LPIPS: 56.322 D_real: 0.002 D_fake: 0.000 \n"}
,{"stream_name":"stdout","time":3348.171824238,"data":"(epoch: 8, iters: 500, time: 0.133, data: 0.003) G_GAN: 6.070 G_LPIPS: 45.864 D_real: 0.017 D_fake: 0.003 \n"}
,{"stream_name":"stdout","time":3348.171826516,"data":"(epoch: 8, iters: 520, time: 0.133, data: 0.003) G_GAN: 8.623 G_LPIPS: 49.344 D_real: 0.004 D_fake: 0.000 \n"}
,{"stream_name":"stdout","time":3348.171828786,"data":"(epoch: 8, iters: 540, time: 0.133, data: 0.003) G_GAN: 8.479 G_LPIPS: 49.295 D_real: 0.005 D_fake: 0.000 \n"}
,{"stream_name":"stdout","time":3348.171834261,"data":"(epoch: 8, iters: 560, time: 0.132, data: 0.003) G_GAN: 8.549 G_LPIPS: 51.092 D_real: 0.002 D_fake: 0.000 \n"}
,{"stream_name":"stdout","time":3348.171836663,"data":"(epoch: 8, iters: 580, time: 0.132, data: 0.003) G_GAN: 8.117 G_LPIPS: 47.823 D_real: 0.003 D_fake: 0.001 \n"}
,{"stream_name":"stdout","time":3348.171838981,"data":"(epoch: 8, iters: 600, time: 0.133, data: 0.003) G_GAN: 6.429 G_LPIPS: 48.752 D_real: 0.004 D_fake: 0.002 \n"}
,{"stream_name":"stdout","time":3348.171841256,"data":"(epoch: 8, iters: 620, time: 0.138, data: 0.003) G_GAN: 8.600 G_LPIPS: 52.742 D_real: 0.001 D_fake: 0.000 \n"}
,{"stream_name":"stdout","time":3348.171843602,"data":"(epoch: 8, iters: 640, time: 0.132, data: 0.003) G_GAN: 6.645 G_LPIPS: 46.826 D_real: 0.010 D_fake: 0.002 \n"}
,{"stream_name":"stdout","time":3348.171845866,"data":"(epoch: 8, iters: 660, time: 0.133, data: 0.003) G_GAN: 8.243 G_LPIPS: 45.849 D_real: 0.004 D_fake: 0.000 \n"}
,{"stream_name":"stdout","time":3348.171848135,"data":"(epoch: 8, iters: 680, time: 0.132, data: 0.003) G_GAN: 9.183 G_LPIPS: 49.626 D_real: 0.001 D_fake: 0.000 \n"}
,{"stream_name":"stdout","time":3348.171850391,"data":"(epoch: 8, iters: 700, time: 0.132, data: 0.003) G_GAN: 8.735 G_LPIPS: 52.943 D_real: 0.001 D_fake: 0.000 \n"}
,{"stream_name":"stdout","time":3348.17185275,"data":"(epoch: 8, iters: 720, time: 0.133, data: 0.003) G_GAN: 7.268 G_LPIPS: 48.235 D_real: 0.002 D_fake: 0.001 \n"}
,{"stream_name":"stdout","time":3348.171855009,"data":"(epoch: 8, iters: 740, time: 0.135, data: 0.003) G_GAN: 8.531 G_LPIPS: 55.085 D_real: 0.001 D_fake: 0.000 \n"}
,{"stream_name":"stdout","time":3348.171857378,"data":"(epoch: 8, iters: 760, time: 0.133, data: 0.004) G_GAN: 7.731 G_LPIPS: 49.440 D_real: 0.002 D_fake: 0.001 \n"}
,{"stream_name":"stdout","time":3348.171859896,"data":"(epoch: 8, iters: 780, time: 0.133, data: 0.003) G_GAN: 8.268 G_LPIPS: 49.412 D_real: 0.001 D_fake: 0.000 \n"}
,{"stream_name":"stdout","time":3348.171862195,"data":"(epoch: 8, iters: 800, time: 0.182, data: 0.003) G_GAN: 8.704 G_LPIPS: 53.953 D_real: 0.001 D_fake: 0.000 \n"}
,{"stream_name":"stdout","time":3348.171864463,"data":"(epoch: 8, iters: 820, time: 0.133, data: 0.003) G_GAN: 8.506 G_LPIPS: 47.903 D_real: 0.002 D_fake: 0.000 \n"}
,{"stream_name":"stdout","time":3348.171866725,"data":"(epoch: 8, iters: 840, time: 0.133, data: 0.003) G_GAN: 7.879 G_LPIPS: 44.520 D_real: 0.005 D_fake: 0.000 \n"}
,{"stream_name":"stdout","time":3348.171868974,"data":"(epoch: 8, iters: 860, time: 0.184, data: 0.003) G_GAN: 8.307 G_LPIPS: 47.704 D_real: 0.002 D_fake: 0.000 \n"}
,{"stream_name":"stdout","time":3348.171871232,"data":"(epoch: 8, iters: 880, time: 0.133, data: 0.003) G_GAN: 7.427 G_LPIPS: 49.131 D_real: 0.002 D_fake: 0.001 \n"}
,{"stream_name":"stdout","time":3348.171873495,"data":"(epoch: 8, iters: 900, time: 0.134, data: 0.003) G_GAN: 6.350 G_LPIPS: 49.427 D_real: 0.001 D_fake: 0.003 \n"}
,{"stream_name":"stdout","time":3348.171875766,"data":"(epoch: 8, iters: 920, time: 0.133, data: 0.003) G_GAN: 8.665 G_LPIPS: 51.071 D_real: 0.001 D_fake: 0.000 \n"}
,{"stream_name":"stdout","time":3348.171878021,"data":"(epoch: 8, iters: 940, time: 0.149, data: 0.003) G_GAN: 8.111 G_LPIPS: 51.399 D_real: 0.001 D_fake: 0.000 \n"}
,{"stream_name":"stdout","time":3348.171880315,"data":"saving the latest model (epoch 8, total_iters 40000)\n"}
,{"stream_name":"stdout","time":3348.171882557,"data":"(epoch: 8, iters: 960, time: 0.133, data: 0.003) G_GAN: 8.324 G_LPIPS: 48.387 D_real: 0.003 D_fake: 0.000 \n"}
,{"stream_name":"stdout","time":3348.17188485,"data":"(epoch: 8, iters: 980, time: 0.133, data: 0.003) G_GAN: 9.370 G_LPIPS: 46.551 D_real: 0.002 D_fake: 0.000 \n"}
,{"stream_name":"stdout","time":3348.171887098,"data":"(epoch: 8, iters: 1000, time: 0.133, data: 0.003) G_GAN: 7.777 G_LPIPS: 52.773 D_real: 0.001 D_fake: 0.001 \n"}
,{"stream_name":"stdout","time":3348.171891323,"data":"(epoch: 8, iters: 1020, time: 0.134, data: 0.003) G_GAN: 8.253 G_LPIPS: 51.635 D_real: 0.001 D_fake: 0.000 \n"}
,{"stream_name":"stdout","time":3348.17189371,"data":"(epoch: 8, iters: 1040, time: 0.133, data: 0.003) G_GAN: 8.165 G_LPIPS: 53.010 D_real: 0.001 D_fake: 0.000 \n"}
,{"stream_name":"stdout","time":3348.171896026,"data":"(epoch: 8, iters: 1060, time: 0.133, data: 0.003) G_GAN: 8.102 G_LPIPS: 51.422 D_real: 0.001 D_fake: 0.000 \n"}
,{"stream_name":"stdout","time":3348.171898326,"data":"(epoch: 8, iters: 1080, time: 0.183, data: 0.003) G_GAN: 8.781 G_LPIPS: 50.170 D_real: 0.001 D_fake: 0.000 \n"}
,{"stream_name":"stdout","time":3348.17190062,"data":"(epoch: 8, iters: 1100, time: 0.132, data: 0.003) G_GAN: 7.478 G_LPIPS: 46.956 D_real: 0.002 D_fake: 0.001 \n"}
,{"stream_name":"stdout","time":3348.171902907,"data":"(epoch: 8, iters: 1120, time: 0.133, data: 0.003) G_GAN: 7.849 G_LPIPS: 48.494 D_real: 0.002 D_fake: 0.000 \n"}
,{"stream_name":"stdout","time":3348.171905466,"data":"(epoch: 8, iters: 1140, time: 0.135, data: 0.003) G_GAN: 8.788 G_LPIPS: 49.166 D_real: 0.001 D_fake: 0.000 \n"}
,{"stream_name":"stdout","time":3348.171910098,"data":"(epoch: 8, iters: 1160, time: 0.134, data: 0.002) G_GAN: 9.935 G_LPIPS: 52.425 D_real: 0.001 D_fake: 0.000 \n"}
,{"stream_name":"stdout","time":3348.171912445,"data":"(epoch: 8, iters: 1180, time: 0.133, data: 0.003) G_GAN: 7.091 G_LPIPS: 53.261 D_real: 0.000 D_fake: 0.001 \n"}
,{"stream_name":"stdout","time":3348.171914708,"data":"(epoch: 8, iters: 1200, time: 0.133, data: 0.003) G_GAN: 6.168 G_LPIPS: 48.115 D_real: 0.002 D_fake: 0.003 \n"}
,{"stream_name":"stdout","time":3348.171917084,"data":"(epoch: 8, iters: 1220, time: 0.133, data: 0.003) G_GAN: 8.223 G_LPIPS: 49.905 D_real: 0.001 D_fake: 0.000 \n"}
,{"stream_name":"stdout","time":3348.171919353,"data":"(epoch: 8, iters: 1240, time: 0.133, data: 0.003) G_GAN: 8.077 G_LPIPS: 48.410 D_real: 0.003 D_fake: 0.000 \n"}
,{"stream_name":"stdout","time":3348.171921711,"data":"(epoch: 8, iters: 1260, time: 0.133, data: 0.003) G_GAN: 7.337 G_LPIPS: 49.906 D_real: 0.000 D_fake: 0.001 \n"}
,{"stream_name":"stdout","time":3348.171923976,"data":"(epoch: 8, iters: 1280, time: 0.134, data: 0.003) G_GAN: 6.187 G_LPIPS: 54.132 D_real: 0.000 D_fake: 0.004 \n"}
,{"stream_name":"stdout","time":3348.17192624,"data":"(epoch: 8, iters: 1300, time: 0.181, data: 0.003) G_GAN: 8.771 G_LPIPS: 51.787 D_real: 0.001 D_fake: 0.000 \n"}
,{"stream_name":"stdout","time":3348.171928595,"data":"(epoch: 8, iters: 1320, time: 0.133, data: 0.003) G_GAN: 6.428 G_LPIPS: 52.140 D_real: 0.001 D_fake: 0.002 \n"}
,{"stream_name":"stdout","time":3348.171930866,"data":"(epoch: 8, iters: 1340, time: 0.134, data: 0.003) G_GAN: 8.245 G_LPIPS: 48.470 D_real: 0.001 D_fake: 0.000 \n"}
,{"stream_name":"stdout","time":3348.171933148,"data":"(epoch: 8, iters: 1360, time: 0.132, data: 0.003) G_GAN: 7.261 G_LPIPS: 44.850 D_real: 0.007 D_fake: 0.001 \n"}
,{"stream_name":"stdout","time":3348.171935443,"data":"(epoch: 8, iters: 1380, time: 0.134, data: 0.003) G_GAN: 9.186 G_LPIPS: 48.878 D_real: 0.001 D_fake: 0.000 \n"}
,{"stream_name":"stdout","time":3348.171937713,"data":"(epoch: 8, iters: 1400, time: 0.133, data: 0.003) G_GAN: 8.923 G_LPIPS: 50.306 D_real: 0.001 D_fake: 0.000 \n"}
,{"stream_name":"stdout","time":3348.171939982,"data":"(epoch: 8, iters: 1420, time: 0.133, data: 0.003) G_GAN: 8.812 G_LPIPS: 52.713 D_real: 0.000 D_fake: 0.000 \n"}
,{"stream_name":"stdout","time":3348.171942249,"data":"(epoch: 8, iters: 1440, time: 0.133, data: 0.003) G_GAN: 8.464 G_LPIPS: 51.396 D_real: 0.001 D_fake: 0.000 \n"}
,{"stream_name":"stdout","time":3348.171944515,"data":"(epoch: 8, iters: 1460, time: 0.132, data: 0.003) G_GAN: 8.274 G_LPIPS: 54.091 D_real: 0.000 D_fake: 0.000 \n"}
,{"stream_name":"stdout","time":3348.171948758,"data":"(epoch: 8, iters: 1480, time: 0.133, data: 0.003) G_GAN: 9.461 G_LPIPS: 53.235 D_real: 0.000 D_fake: 0.000 \n"}
,{"stream_name":"stdout","time":3348.171951234,"data":"(epoch: 8, iters: 1500, time: 0.134, data: 0.003) G_GAN: 8.946 G_LPIPS: 50.600 D_real: 0.001 D_fake: 0.000 \n"}
,{"stream_name":"stdout","time":3497.784225806,"data":"(epoch: 8, iters: 1520, time: 0.182, data: 0.003) G_GAN: 7.341 G_LPIPS: 49.106 D_real: 0.000 D_fake: 0.001 \n"}
,{"stream_name":"stdout","time":3497.78426933,"data":"(epoch: 8, iters: 1540, time: 0.137, data: 0.003) G_GAN: 7.816 G_LPIPS: 51.166 D_real: 0.001 D_fake: 0.000 \n"}
,{"stream_name":"stdout","time":3497.784280205,"data":"(epoch: 8, iters: 1560, time: 0.133, data: 0.003) G_GAN: 8.119 G_LPIPS: 50.753 D_real: 0.001 D_fake: 0.000 \n"}
,{"stream_name":"stdout","time":3497.784283522,"data":"(epoch: 8, iters: 1580, time: 0.133, data: 0.003) G_GAN: 7.465 G_LPIPS: 51.133 D_real: 0.000 D_fake: 0.001 \n"}
,{"stream_name":"stdout","time":3497.784286732,"data":"(epoch: 8, iters: 1600, time: 0.133, data: 0.003) G_GAN: 9.724 G_LPIPS: 50.316 D_real: 0.001 D_fake: 0.000 \n"}
,{"stream_name":"stdout","time":3497.784290194,"data":"(epoch: 8, iters: 1620, time: 0.133, data: 0.003) G_GAN: 8.211 G_LPIPS: 52.301 D_real: 0.000 D_fake: 0.000 \n"}
,{"stream_name":"stdout","time":3497.78429363,"data":"(epoch: 8, iters: 1640, time: 0.134, data: 0.004) G_GAN: 9.588 G_LPIPS: 50.495 D_real: 0.001 D_fake: 0.000 \n"}
,{"stream_name":"stdout","time":3497.784296561,"data":"(epoch: 8, iters: 1660, time: 0.134, data: 0.003) G_GAN: 8.246 G_LPIPS: 47.825 D_real: 0.002 D_fake: 0.000 \n"}
,{"stream_name":"stdout","time":3497.78429974,"data":"(epoch: 8, iters: 1680, time: 0.133, data: 0.003) G_GAN: 8.208 G_LPIPS: 42.898 D_real: 0.005 D_fake: 0.000 \n"}
,{"stream_name":"stdout","time":3497.784302691,"data":"(epoch: 8, iters: 1700, time: 0.134, data: 0.003) G_GAN: 9.671 G_LPIPS: 48.131 D_real: 0.008 D_fake: 0.000 \n"}
,{"stream_name":"stdout","time":3497.784305694,"data":"(epoch: 8, iters: 1720, time: 0.133, data: 0.003) G_GAN: 7.542 G_LPIPS: 48.404 D_real: 0.001 D_fake: 0.001 \n"}
,{"stream_name":"stdout","time":3497.784308598,"data":"(epoch: 8, iters: 1740, time: 0.182, data: 0.003) G_GAN: 8.503 G_LPIPS: 49.096 D_real: 0.001 D_fake: 0.000 \n"}
,{"stream_name":"stdout","time":3497.784311601,"data":"(epoch: 8, iters: 1760, time: 0.134, data: 0.003) G_GAN: 8.401 G_LPIPS: 46.736 D_real: 0.001 D_fake: 0.000 \n"}
,{"stream_name":"stdout","time":3497.784314499,"data":"(epoch: 8, iters: 1780, time: 0.134, data: 0.003) G_GAN: 7.081 G_LPIPS: 49.812 D_real: 0.000 D_fake: 0.001 \n"}
,{"stream_name":"stdout","time":3497.78431742,"data":"(epoch: 8, iters: 1800, time: 0.135, data: 0.003) G_GAN: 8.280 G_LPIPS: 44.511 D_real: 0.002 D_fake: 0.000 \n"}
,{"stream_name":"stdout","time":3497.784334778,"data":"(epoch: 8, iters: 1820, time: 0.134, data: 0.003) G_GAN: 9.527 G_LPIPS: 50.964 D_real: 0.000 D_fake: 0.000 \n"}
,{"stream_name":"stdout","time":3497.784340004,"data":"(epoch: 8, iters: 1840, time: 0.134, data: 0.003) G_GAN: 8.406 G_LPIPS: 51.273 D_real: 0.000 D_fake: 0.000 \n"}
,{"stream_name":"stdout","time":3497.784345232,"data":"(epoch: 8, iters: 1860, time: 0.131, data: 0.003) G_GAN: 9.764 G_LPIPS: 52.458 D_real: 0.001 D_fake: 0.000 \n"}
,{"stream_name":"stdout","time":3497.784350593,"data":"(epoch: 8, iters: 1880, time: 0.133, data: 0.003) G_GAN: 9.395 G_LPIPS: 53.869 D_real: 0.000 D_fake: 0.000 \n"}
,{"stream_name":"stdout","time":3497.784356695,"data":"(epoch: 8, iters: 1900, time: 0.133, data: 0.003) G_GAN: 9.666 G_LPIPS: 52.659 D_real: 0.000 D_fake: 0.000 \n"}
,{"stream_name":"stdout","time":3497.784361198,"data":"(epoch: 8, iters: 1920, time: 0.133, data: 0.003) G_GAN: 9.879 G_LPIPS: 50.208 D_real: 0.001 D_fake: 0.000 \n"}
,{"stream_name":"stdout","time":3497.784380834,"data":"(epoch: 8, iters: 1940, time: 0.134, data: 0.003) G_GAN: 8.539 G_LPIPS: 53.452 D_real: 0.000 D_fake: 0.000 \n"}
,{"stream_name":"stdout","time":3497.784384492,"data":"(epoch: 8, iters: 1960, time: 0.190, data: 0.004) G_GAN: 8.064 G_LPIPS: 46.528 D_real: 0.001 D_fake: 0.000 \n"}
,{"stream_name":"stdout","time":3497.784390689,"data":"(epoch: 8, iters: 1980, time: 0.136, data: 0.003) G_GAN: 9.651 G_LPIPS: 51.013 D_real: 0.000 D_fake: 0.000 \n"}
,{"stream_name":"stdout","time":3497.784393056,"data":"(epoch: 8, iters: 2000, time: 0.134, data: 0.003) G_GAN: 7.983 G_LPIPS: 48.812 D_real: 0.001 D_fake: 0.000 \n"}
,{"stream_name":"stdout","time":3497.784395325,"data":"(epoch: 8, iters: 2020, time: 0.133, data: 0.003) G_GAN: 8.415 G_LPIPS: 52.456 D_real: 0.000 D_fake: 0.000 \n"}
,{"stream_name":"stdout","time":3497.784397663,"data":"(epoch: 8, iters: 2040, time: 0.133, data: 0.003) G_GAN: 7.192 G_LPIPS: 48.594 D_real: 0.000 D_fake: 0.001 \n"}
,{"stream_name":"stdout","time":3497.784399928,"data":"(epoch: 8, iters: 2060, time: 0.136, data: 0.003) G_GAN: 8.897 G_LPIPS: 51.321 D_real: 0.000 D_fake: 0.000 \n"}
,{"stream_name":"stdout","time":3497.784402265,"data":"(epoch: 8, iters: 2080, time: 0.136, data: 0.003) G_GAN: 8.358 G_LPIPS: 51.622 D_real: 0.000 D_fake: 0.000 \n"}
,{"stream_name":"stdout","time":3497.784404532,"data":"(epoch: 8, iters: 2100, time: 0.134, data: 0.003) G_GAN: 9.228 G_LPIPS: 45.438 D_real: 0.003 D_fake: 0.000 \n"}
,{"stream_name":"stdout","time":3497.7844068,"data":"(epoch: 8, iters: 2120, time: 0.135, data: 0.003) G_GAN: 9.044 G_LPIPS: 49.869 D_real: 0.001 D_fake: 0.000 \n"}
,{"stream_name":"stdout","time":3497.78440915,"data":"(epoch: 8, iters: 2140, time: 0.134, data: 0.003) G_GAN: 7.585 G_LPIPS: 47.250 D_real: 0.000 D_fake: 0.001 \n"}
,{"stream_name":"stdout","time":3497.784414045,"data":"(epoch: 8, iters: 2160, time: 0.135, data: 0.003) G_GAN: 8.436 G_LPIPS: 49.684 D_real: 0.000 D_fake: 0.000 \n"}
,{"stream_name":"stdout","time":3497.784416459,"data":"(epoch: 8, iters: 2180, time: 0.183, data: 0.003) G_GAN: 10.000 G_LPIPS: 52.384 D_real: 0.000 D_fake: 0.000 \n"}
,{"stream_name":"stdout","time":3497.784419708,"data":"(epoch: 8, iters: 2200, time: 0.135, data: 0.003) G_GAN: 8.706 G_LPIPS: 46.850 D_real: 0.001 D_fake: 0.000 \n"}
,{"stream_name":"stdout","time":3497.784435881,"data":"(epoch: 8, iters: 2220, time: 0.133, data: 0.003) G_GAN: 8.077 G_LPIPS: 50.340 D_real: 0.000 D_fake: 0.000 \n"}
,{"stream_name":"stdout","time":3497.784440016,"data":"(epoch: 8, iters: 2240, time: 0.133, data: 0.003) G_GAN: 8.369 G_LPIPS: 48.971 D_real: 0.001 D_fake: 0.000 \n"}
,{"stream_name":"stdout","time":3497.784444193,"data":"(epoch: 8, iters: 2260, time: 0.134, data: 0.003) G_GAN: 9.247 G_LPIPS: 50.805 D_real: 0.000 D_fake: 0.000 \n"}
,{"stream_name":"stdout","time":3497.78444907,"data":"(epoch: 8, iters: 2280, time: 0.135, data: 0.003) G_GAN: 8.961 G_LPIPS: 49.789 D_real: 0.000 D_fake: 0.000 \n"}
,{"stream_name":"stdout","time":3497.784453034,"data":"(epoch: 8, iters: 2300, time: 0.134, data: 0.003) G_GAN: 7.864 G_LPIPS: 51.057 D_real: 0.000 D_fake: 0.000 \n"}
,{"stream_name":"stdout","time":3497.78445666,"data":"(epoch: 8, iters: 2320, time: 0.135, data: 0.003) G_GAN: 8.860 G_LPIPS: 50.653 D_real: 0.001 D_fake: 0.000 \n"}
,{"stream_name":"stdout","time":3497.784460195,"data":"(epoch: 8, iters: 2340, time: 0.134, data: 0.003) G_GAN: 9.214 G_LPIPS: 48.437 D_real: 0.000 D_fake: 0.000 \n"}
,{"stream_name":"stdout","time":3497.784463692,"data":"(epoch: 8, iters: 2360, time: 0.134, data: 0.003) G_GAN: 8.768 G_LPIPS: 48.248 D_real: 0.001 D_fake: 0.000 \n"}
,{"stream_name":"stdout","time":3497.784467244,"data":"(epoch: 8, iters: 2380, time: 0.135, data: 0.003) G_GAN: 8.485 G_LPIPS: 48.316 D_real: 0.001 D_fake: 0.000 \n"}
,{"stream_name":"stdout","time":3497.784474801,"data":"(epoch: 8, iters: 2400, time: 0.182, data: 0.003) G_GAN: 9.072 G_LPIPS: 48.821 D_real: 0.000 D_fake: 0.000 \n"}
,{"stream_name":"stdout","time":3497.784478412,"data":"(epoch: 8, iters: 2420, time: 0.133, data: 0.003) G_GAN: 8.172 G_LPIPS: 50.509 D_real: 0.000 D_fake: 0.000 \n"}
,{"stream_name":"stdout","time":3497.784481919,"data":"(epoch: 8, iters: 2440, time: 0.134, data: 0.003) G_GAN: 8.087 G_LPIPS: 44.937 D_real: 0.004 D_fake: 0.000 \n"}
,{"stream_name":"stdout","time":3497.784485464,"data":"(epoch: 8, iters: 2460, time: 0.134, data: 0.003) G_GAN: 8.083 G_LPIPS: 47.201 D_real: 0.000 D_fake: 0.000 \n"}
,{"stream_name":"stdout","time":3497.784489044,"data":"(epoch: 8, iters: 2480, time: 0.134, data: 0.003) G_GAN: 6.491 G_LPIPS: 46.096 D_real: 0.001 D_fake: 0.003 \n"}
,{"stream_name":"stdout","time":3497.784492585,"data":"(epoch: 8, iters: 2500, time: 0.134, data: 0.003) G_GAN: 10.045 G_LPIPS: 50.171 D_real: 0.000 D_fake: 0.000 \n"}
,{"stream_name":"stdout","time":3497.784497972,"data":"(epoch: 8, iters: 2520, time: 0.134, data: 0.003) G_GAN: 8.879 G_LPIPS: 47.260 D_real: 0.000 D_fake: 0.000 \n"}
,{"stream_name":"stdout","time":3497.784504441,"data":"(epoch: 8, iters: 2540, time: 0.134, data: 0.003) G_GAN: 7.853 G_LPIPS: 47.534 D_real: 0.001 D_fake: 0.001 \n"}
,{"stream_name":"stdout","time":3497.784506813,"data":"(epoch: 8, iters: 2560, time: 0.135, data: 0.003) G_GAN: 8.196 G_LPIPS: 53.362 D_real: 0.000 D_fake: 0.000 \n"}
,{"stream_name":"stdout","time":3497.784509319,"data":"(epoch: 8, iters: 2580, time: 0.134, data: 0.003) G_GAN: 7.850 G_LPIPS: 49.735 D_real: 0.000 D_fake: 0.000 \n"}
,{"stream_name":"stdout","time":3497.78451171,"data":"(epoch: 8, iters: 2600, time: 0.134, data: 0.003) G_GAN: 9.041 G_LPIPS: 44.844 D_real: 0.002 D_fake: 0.000 \n"}
,{"stream_name":"stdout","time":3497.784513976,"data":"(epoch: 8, iters: 2620, time: 0.181, data: 0.003) G_GAN: 9.551 G_LPIPS: 52.407 D_real: 0.001 D_fake: 0.000 \n"}
,{"stream_name":"stdout","time":3497.784516854,"data":"(epoch: 8, iters: 2640, time: 0.135, data: 0.003) G_GAN: 9.257 G_LPIPS: 53.061 D_real: 0.000 D_fake: 0.000 \n"}
,{"stream_name":"stdout","time":3497.784533233,"data":"(epoch: 8, iters: 2660, time: 0.133, data: 0.003) G_GAN: 9.453 G_LPIPS: 50.776 D_real: 0.001 D_fake: 0.000 \n"}
,{"stream_name":"stdout","time":3497.784537412,"data":"(epoch: 8, iters: 2680, time: 0.134, data: 0.003) G_GAN: 9.751 G_LPIPS: 50.256 D_real: 0.000 D_fake: 0.000 \n"}
,{"stream_name":"stdout","time":3497.784541526,"data":"(epoch: 8, iters: 2700, time: 0.134, data: 0.003) G_GAN: 9.122 G_LPIPS: 46.258 D_real: 0.004 D_fake: 0.000 \n"}
,{"stream_name":"stdout","time":3497.784545881,"data":"(epoch: 8, iters: 2720, time: 0.135, data: 0.003) G_GAN: 8.263 G_LPIPS: 47.631 D_real: 0.000 D_fake: 0.002 \n"}
,{"stream_name":"stdout","time":3497.784549568,"data":"(epoch: 8, iters: 2740, time: 0.134, data: 0.003) G_GAN: 8.953 G_LPIPS: 51.863 D_real: 0.000 D_fake: 0.000 \n"}
,{"stream_name":"stdout","time":3497.784553082,"data":"(epoch: 8, iters: 2760, time: 0.134, data: 0.003) G_GAN: 8.733 G_LPIPS: 47.533 D_real: 0.001 D_fake: 0.000 \n"}
,{"stream_name":"stdout","time":3497.784556556,"data":"(epoch: 8, iters: 2780, time: 0.137, data: 0.003) G_GAN: 9.214 G_LPIPS: 46.705 D_real: 0.001 D_fake: 0.000 \n"}
,{"stream_name":"stdout","time":3497.784560127,"data":"(epoch: 8, iters: 2800, time: 0.133, data: 0.003) G_GAN: 8.579 G_LPIPS: 49.300 D_real: 0.000 D_fake: 0.000 \n"}
,{"stream_name":"stdout","time":3497.784563703,"data":"(epoch: 8, iters: 2820, time: 0.135, data: 0.003) G_GAN: 8.471 G_LPIPS: 48.929 D_real: 0.001 D_fake: 0.000 \n"}
,{"stream_name":"stdout","time":3497.78456724,"data":"(epoch: 8, iters: 2840, time: 0.134, data: 0.003) G_GAN: 9.122 G_LPIPS: 44.737 D_real: 0.001 D_fake: 0.000 \n"}
,{"stream_name":"stdout","time":3497.78457415,"data":"(epoch: 8, iters: 2860, time: 0.135, data: 0.003) G_GAN: 9.599 G_LPIPS: 45.863 D_real: 0.001 D_fake: 0.000 \n"}
,{"stream_name":"stdout","time":3497.784577605,"data":"(epoch: 8, iters: 2880, time: 0.134, data: 0.003) G_GAN: 6.419 G_LPIPS: 49.582 D_real: 0.001 D_fake: 0.002 \n"}
,{"stream_name":"stdout","time":3497.784581113,"data":"(epoch: 8, iters: 2900, time: 0.135, data: 0.003) G_GAN: 9.651 G_LPIPS: 54.840 D_real: 0.000 D_fake: 0.000 \n"}
,{"stream_name":"stdout","time":3497.784584579,"data":"(epoch: 8, iters: 2920, time: 0.134, data: 0.003) G_GAN: 9.289 G_LPIPS: 50.067 D_real: 0.000 D_fake: 0.000 \n"}
,{"stream_name":"stdout","time":3497.784588057,"data":"(epoch: 8, iters: 2940, time: 0.151, data: 0.003) G_GAN: 9.740 G_LPIPS: 49.002 D_real: 0.000 D_fake: 0.000 \n"}
,{"stream_name":"stdout","time":3497.784591567,"data":"(epoch: 8, iters: 2960, time: 0.135, data: 0.003) G_GAN: 9.432 G_LPIPS: 46.678 D_real: 0.001 D_fake: 0.000 \n"}
,{"stream_name":"stdout","time":3497.784594998,"data":"(epoch: 8, iters: 2980, time: 0.134, data: 0.003) G_GAN: 9.283 G_LPIPS: 49.571 D_real: 0.000 D_fake: 0.000 \n"}
,{"stream_name":"stdout","time":3497.784598499,"data":"(epoch: 8, iters: 3000, time: 0.185, data: 0.003) G_GAN: 9.818 G_LPIPS: 54.692 D_real: 0.000 D_fake: 0.000 \n"}
,{"stream_name":"stdout","time":3497.784603763,"data":"(epoch: 8, iters: 3020, time: 0.135, data: 0.003) G_GAN: 9.682 G_LPIPS: 51.659 D_real: 0.000 D_fake: 0.000 \n"}
,{"stream_name":"stdout","time":3649.62107372,"data":"(epoch: 8, iters: 3040, time: 0.135, data: 0.003) G_GAN: 9.231 G_LPIPS: 47.355 D_real: 0.000 D_fake: 0.000 \n"}
,{"stream_name":"stdout","time":3649.621155399,"data":"(epoch: 8, iters: 3060, time: 0.135, data: 0.003) G_GAN: 8.399 G_LPIPS: 45.733 D_real: 0.001 D_fake: 0.000 \n"}
,{"stream_name":"stdout","time":3649.621160696,"data":"(epoch: 8, iters: 3080, time: 0.135, data: 0.003) G_GAN: 8.239 G_LPIPS: 49.095 D_real: 0.000 D_fake: 0.000 \n"}
,{"stream_name":"stdout","time":3649.621164286,"data":"(epoch: 8, iters: 3100, time: 0.135, data: 0.003) G_GAN: 9.450 G_LPIPS: 45.614 D_real: 0.001 D_fake: 0.000 \n"}
,{"stream_name":"stdout","time":3649.621167485,"data":"(epoch: 8, iters: 3120, time: 0.135, data: 0.004) G_GAN: 8.583 G_LPIPS: 50.256 D_real: 0.000 D_fake: 0.000 \n"}
,{"stream_name":"stdout","time":3649.621170734,"data":"(epoch: 8, iters: 3140, time: 0.135, data: 0.003) G_GAN: 9.804 G_LPIPS: 50.087 D_real: 0.001 D_fake: 0.000 \n"}
,{"stream_name":"stdout","time":3649.621173769,"data":"(epoch: 8, iters: 3160, time: 0.135, data: 0.004) G_GAN: 9.312 G_LPIPS: 50.913 D_real: 0.000 D_fake: 0.000 \n"}
,{"stream_name":"stdout","time":3649.621176782,"data":"(epoch: 8, iters: 3180, time: 0.136, data: 0.003) G_GAN: 7.761 G_LPIPS: 52.790 D_real: 0.000 D_fake: 0.001 \n"}
,{"stream_name":"stdout","time":3649.621179705,"data":"(epoch: 8, iters: 3200, time: 0.136, data: 0.003) G_GAN: 7.296 G_LPIPS: 48.456 D_real: 0.000 D_fake: 0.001 \n"}
,{"stream_name":"stdout","time":3649.621182749,"data":"(epoch: 8, iters: 3220, time: 0.182, data: 0.003) G_GAN: 9.011 G_LPIPS: 48.731 D_real: 0.000 D_fake: 0.000 \n"}
,{"stream_name":"stdout","time":3649.621185693,"data":"(epoch: 8, iters: 3240, time: 0.135, data: 0.003) G_GAN: 9.988 G_LPIPS: 51.852 D_real: 0.000 D_fake: 0.000 \n"}
,{"stream_name":"stdout","time":3649.621188647,"data":"(epoch: 8, iters: 3260, time: 0.135, data: 0.003) G_GAN: 8.250 G_LPIPS: 52.619 D_real: 0.000 D_fake: 0.000 \n"}
,{"stream_name":"stdout","time":3649.621191704,"data":"(epoch: 8, iters: 3280, time: 0.134, data: 0.003) G_GAN: 8.818 G_LPIPS: 48.942 D_real: 0.000 D_fake: 0.000 \n"}
,{"stream_name":"stdout","time":3649.621194629,"data":"(epoch: 8, iters: 3300, time: 0.136, data: 0.003) G_GAN: 9.519 G_LPIPS: 50.846 D_real: 0.000 D_fake: 0.000 \n"}
,{"stream_name":"stdout","time":3649.621209677,"data":"(epoch: 8, iters: 3320, time: 0.135, data: 0.003) G_GAN: 9.305 G_LPIPS: 51.125 D_real: 0.000 D_fake: 0.000 \n"}
,{"stream_name":"stdout","time":3649.621212723,"data":"(epoch: 8, iters: 3340, time: 0.135, data: 0.003) G_GAN: 9.231 G_LPIPS: 49.628 D_real: 0.000 D_fake: 0.000 \n"}
,{"stream_name":"stdout","time":3649.621215149,"data":"(epoch: 8, iters: 3360, time: 0.135, data: 0.003) G_GAN: 8.841 G_LPIPS: 50.059 D_real: 0.000 D_fake: 0.000 \n"}
,{"stream_name":"stdout","time":3649.621217505,"data":"(epoch: 8, iters: 3380, time: 0.132, data: 0.003) G_GAN: 8.782 G_LPIPS: 51.565 D_real: 0.000 D_fake: 0.000 \n"}
,{"stream_name":"stdout","time":3649.621219865,"data":"(epoch: 8, iters: 3400, time: 0.134, data: 0.003) G_GAN: 9.091 G_LPIPS: 50.332 D_real: 0.000 D_fake: 0.000 \n"}
,{"stream_name":"stdout","time":3649.621224064,"data":"(epoch: 8, iters: 3420, time: 0.135, data: 0.003) G_GAN: 7.476 G_LPIPS: 47.779 D_real: 0.001 D_fake: 0.001 \n"}
,{"stream_name":"stdout","time":3649.621226491,"data":"(epoch: 8, iters: 3440, time: 0.182, data: 0.003) G_GAN: 7.888 G_LPIPS: 49.101 D_real: 0.000 D_fake: 0.000 \n"}
,{"stream_name":"stdout","time":3649.621228893,"data":"(epoch: 8, iters: 3460, time: 0.134, data: 0.003) G_GAN: 7.713 G_LPIPS: 43.389 D_real: 0.011 D_fake: 0.001 \n"}
,{"stream_name":"stdout","time":3649.621231273,"data":"(epoch: 8, iters: 3480, time: 0.132, data: 0.003) G_GAN: 9.194 G_LPIPS: 48.448 D_real: 0.000 D_fake: 0.000 \n"}
,{"stream_name":"stdout","time":3649.621233554,"data":"(epoch: 8, iters: 3500, time: 0.136, data: 0.003) G_GAN: 8.199 G_LPIPS: 47.402 D_real: 0.000 D_fake: 0.000 \n"}
,{"stream_name":"stdout","time":3649.621235842,"data":"(epoch: 8, iters: 3520, time: 0.134, data: 0.003) G_GAN: 9.194 G_LPIPS: 50.272 D_real: 0.000 D_fake: 0.000 \n"}
,{"stream_name":"stdout","time":3649.621238217,"data":"(epoch: 8, iters: 3540, time: 0.183, data: 0.003) G_GAN: 8.883 G_LPIPS: 46.376 D_real: 0.000 D_fake: 0.000 \n"}
,{"stream_name":"stdout","time":3649.621240616,"data":"(epoch: 8, iters: 3560, time: 0.135, data: 0.003) G_GAN: 6.860 G_LPIPS: 49.808 D_real: 0.000 D_fake: 0.001 \n"}
,{"stream_name":"stdout","time":3649.621243005,"data":"(epoch: 8, iters: 3580, time: 0.136, data: 0.003) G_GAN: 9.194 G_LPIPS: 49.943 D_real: 0.000 D_fake: 0.000 \n"}
,{"stream_name":"stdout","time":3649.621245282,"data":"(epoch: 8, iters: 3600, time: 0.134, data: 0.003) G_GAN: 8.832 G_LPIPS: 54.324 D_real: 0.000 D_fake: 0.000 \n"}
,{"stream_name":"stdout","time":3649.621247555,"data":"(epoch: 8, iters: 3620, time: 0.135, data: 0.003) G_GAN: 9.546 G_LPIPS: 51.832 D_real: 0.000 D_fake: 0.000 \n"}
,{"stream_name":"stdout","time":3649.621249835,"data":"(epoch: 8, iters: 3640, time: 0.134, data: 0.003) G_GAN: 6.673 G_LPIPS: 47.218 D_real: 0.000 D_fake: 0.002 \n"}
,{"stream_name":"stdout","time":3649.621252107,"data":"(epoch: 8, iters: 3660, time: 0.136, data: 0.003) G_GAN: 9.906 G_LPIPS: 50.312 D_real: 0.000 D_fake: 0.000 \n"}
,{"stream_name":"stdout","time":3649.621254384,"data":"(epoch: 8, iters: 3680, time: 0.134, data: 0.003) G_GAN: 9.064 G_LPIPS: 49.164 D_real: 0.000 D_fake: 0.000 \n"}
,{"stream_name":"stdout","time":3649.621256655,"data":"(epoch: 8, iters: 3700, time: 0.134, data: 0.003) G_GAN: 7.887 G_LPIPS: 44.797 D_real: 0.001 D_fake: 0.000 \n"}
,{"stream_name":"stdout","time":3649.621258929,"data":"(epoch: 8, iters: 3720, time: 0.135, data: 0.003) G_GAN: 9.566 G_LPIPS: 49.519 D_real: 0.001 D_fake: 0.000 \n"}
,{"stream_name":"stdout","time":3649.621261222,"data":"(epoch: 8, iters: 3740, time: 0.136, data: 0.003) G_GAN: 9.020 G_LPIPS: 47.558 D_real: 0.000 D_fake: 0.000 \n"}
,{"stream_name":"stdout","time":3649.621263493,"data":"(epoch: 8, iters: 3760, time: 0.136, data: 0.003) G_GAN: 8.625 G_LPIPS: 51.646 D_real: 0.000 D_fake: 0.000 \n"}
,{"stream_name":"stdout","time":3649.62126837,"data":"(epoch: 8, iters: 3780, time: 0.136, data: 0.003) G_GAN: 8.833 G_LPIPS: 47.069 D_real: 0.000 D_fake: 0.000 \n"}
,{"stream_name":"stdout","time":3649.621270974,"data":"(epoch: 8, iters: 3800, time: 0.136, data: 0.003) G_GAN: 8.248 G_LPIPS: 49.149 D_real: 0.000 D_fake: 0.000 \n"}
,{"stream_name":"stdout","time":3649.621273291,"data":"(epoch: 8, iters: 3820, time: 0.135, data: 0.003) G_GAN: 8.336 G_LPIPS: 47.261 D_real: 0.001 D_fake: 0.000 \n"}
,{"stream_name":"stdout","time":3649.621275574,"data":"(epoch: 8, iters: 3840, time: 0.135, data: 0.003) G_GAN: 9.671 G_LPIPS: 50.070 D_real: 0.000 D_fake: 0.000 \n"}
,{"stream_name":"stdout","time":3649.621277836,"data":"(epoch: 8, iters: 3860, time: 0.185, data: 0.003) G_GAN: 6.322 G_LPIPS: 46.116 D_real: 0.001 D_fake: 0.003 \n"}
,{"stream_name":"stdout","time":3649.621282637,"data":"(epoch: 8, iters: 3880, time: 0.135, data: 0.003) G_GAN: 8.697 G_LPIPS: 50.017 D_real: 0.000 D_fake: 0.000 \n"}
,{"stream_name":"stdout","time":3649.621284947,"data":"(epoch: 8, iters: 3900, time: 0.136, data: 0.003) G_GAN: 9.453 G_LPIPS: 47.618 D_real: 0.002 D_fake: 0.000 \n"}
,{"stream_name":"stdout","time":3649.621287207,"data":"(epoch: 8, iters: 3920, time: 0.136, data: 0.003) G_GAN: 9.647 G_LPIPS: 53.956 D_real: 0.000 D_fake: 0.000 \n"}
,{"stream_name":"stdout","time":3649.621289505,"data":"(epoch: 8, iters: 3940, time: 0.136, data: 0.003) G_GAN: 8.322 G_LPIPS: 50.858 D_real: 0.000 D_fake: 0.000 \n"}
,{"stream_name":"stdout","time":3649.621291764,"data":"(epoch: 8, iters: 3960, time: 0.136, data: 0.003) G_GAN: 8.482 G_LPIPS: 48.272 D_real: 0.000 D_fake: 0.000 \n"}
,{"stream_name":"stdout","time":3649.621294022,"data":"(epoch: 8, iters: 3980, time: 0.135, data: 0.004) G_GAN: 8.501 G_LPIPS: 50.879 D_real: 0.000 D_fake: 0.000 \n"}
,{"stream_name":"stdout","time":3649.621296279,"data":"(epoch: 8, iters: 4000, time: 0.135, data: 0.003) G_GAN: 10.015 G_LPIPS: 52.997 D_real: 0.000 D_fake: 0.000 \n"}
,{"stream_name":"stdout","time":3649.621298538,"data":"(epoch: 8, iters: 4020, time: 0.135, data: 0.003) G_GAN: 8.232 G_LPIPS: 43.904 D_real: 0.001 D_fake: 0.000 \n"}
,{"stream_name":"stdout","time":3649.621300784,"data":"(epoch: 8, iters: 4040, time: 0.136, data: 0.003) G_GAN: 7.572 G_LPIPS: 50.231 D_real: 0.000 D_fake: 0.001 \n"}
,{"stream_name":"stdout","time":3649.621303076,"data":"(epoch: 8, iters: 4060, time: 0.136, data: 0.003) G_GAN: 9.807 G_LPIPS: 53.545 D_real: 0.000 D_fake: 0.000 \n"}
,{"stream_name":"stdout","time":3649.621305339,"data":"(epoch: 8, iters: 4080, time: 0.136, data: 0.003) G_GAN: 8.589 G_LPIPS: 47.784 D_real: 0.000 D_fake: 0.000 \n"}
,{"stream_name":"stdout","time":3649.621307593,"data":"(epoch: 8, iters: 4100, time: 0.136, data: 0.003) G_GAN: 8.808 G_LPIPS: 52.521 D_real: 0.000 D_fake: 0.000 \n"}
,{"stream_name":"stdout","time":3649.62130984,"data":"(epoch: 8, iters: 4120, time: 0.136, data: 0.003) G_GAN: 9.022 G_LPIPS: 49.860 D_real: 0.000 D_fake: 0.000 \n"}
,{"stream_name":"stdout","time":3649.621312111,"data":"(epoch: 8, iters: 4140, time: 0.135, data: 0.003) G_GAN: 8.420 G_LPIPS: 46.222 D_real: 0.000 D_fake: 0.000 \n"}
,{"stream_name":"stdout","time":3649.621314364,"data":"(epoch: 8, iters: 4160, time: 0.136, data: 0.003) G_GAN: 8.684 G_LPIPS: 48.341 D_real: 0.000 D_fake: 0.000 \n"}
,{"stream_name":"stdout","time":3649.621317003,"data":"(epoch: 8, iters: 4180, time: 0.136, data: 0.003) G_GAN: 7.473 G_LPIPS: 49.140 D_real: 0.000 D_fake: 0.001 \n"}
,{"stream_name":"stdout","time":3649.621319287,"data":"(epoch: 8, iters: 4200, time: 0.135, data: 0.003) G_GAN: 9.210 G_LPIPS: 50.996 D_real: 0.000 D_fake: 0.000 \n"}
,{"stream_name":"stdout","time":3649.621321606,"data":"(epoch: 8, iters: 4220, time: 0.186, data: 0.003) G_GAN: 6.712 G_LPIPS: 47.894 D_real: 0.002 D_fake: 0.010 \n"}
,{"stream_name":"stdout","time":3649.621325674,"data":"(epoch: 8, iters: 4240, time: 0.135, data: 0.004) G_GAN: 8.610 G_LPIPS: 43.692 D_real: 0.002 D_fake: 0.042 \n"}
,{"stream_name":"stdout","time":3649.621328064,"data":"(epoch: 8, iters: 4260, time: 0.136, data: 0.003) G_GAN: 9.593 G_LPIPS: 51.150 D_real: 0.001 D_fake: 0.000 \n"}
,{"stream_name":"stdout","time":3649.621330334,"data":"(epoch: 8, iters: 4280, time: 0.135, data: 0.003) G_GAN: 9.759 G_LPIPS: 52.078 D_real: 0.000 D_fake: 0.000 \n"}
,{"stream_name":"stdout","time":3649.62133275,"data":"(epoch: 8, iters: 4300, time: 0.137, data: 0.003) G_GAN: 8.981 G_LPIPS: 47.710 D_real: 0.002 D_fake: 0.000 \n"}
,{"stream_name":"stdout","time":3649.621335054,"data":"(epoch: 8, iters: 4320, time: 0.137, data: 0.003) G_GAN: 8.345 G_LPIPS: 48.668 D_real: 0.000 D_fake: 0.000 \n"}
,{"stream_name":"stdout","time":3649.621337314,"data":"(epoch: 8, iters: 4340, time: 0.135, data: 0.003) G_GAN: 9.379 G_LPIPS: 50.876 D_real: 0.000 D_fake: 0.000 \n"}
,{"stream_name":"stdout","time":3649.621339665,"data":"(epoch: 8, iters: 4360, time: 0.135, data: 0.003) G_GAN: 9.442 G_LPIPS: 54.611 D_real: 0.000 D_fake: 0.000 \n"}
,{"stream_name":"stdout","time":3649.621348267,"data":"(epoch: 8, iters: 4380, time: 0.135, data: 0.003) G_GAN: 8.576 G_LPIPS: 52.460 D_real: 0.000 D_fake: 0.000 \n"}
,{"stream_name":"stdout","time":3649.621350607,"data":"(epoch: 8, iters: 4400, time: 0.135, data: 0.003) G_GAN: 8.989 G_LPIPS: 51.611 D_real: 0.000 D_fake: 0.000 \n"}
,{"stream_name":"stdout","time":3649.621352979,"data":"(epoch: 8, iters: 4420, time: 0.136, data: 0.003) G_GAN: 9.444 G_LPIPS: 48.984 D_real: 0.000 D_fake: 0.000 \n"}
,{"stream_name":"stdout","time":3649.62135539,"data":"(epoch: 8, iters: 4440, time: 0.136, data: 0.003) G_GAN: 10.065 G_LPIPS: 53.863 D_real: 0.000 D_fake: 0.000 \n"}
,{"stream_name":"stdout","time":3649.621373861,"data":"(epoch: 8, iters: 4460, time: 0.136, data: 0.003) G_GAN: 9.376 G_LPIPS: 50.571 D_real: 0.001 D_fake: 0.000 \n"}
,{"stream_name":"stdout","time":3649.621377819,"data":"(epoch: 8, iters: 4480, time: 0.137, data: 0.003) G_GAN: 8.812 G_LPIPS: 43.963 D_real: 0.001 D_fake: 0.000 \n"}
,{"stream_name":"stdout","time":3649.621381242,"data":"(epoch: 8, iters: 4500, time: 0.135, data: 0.003) G_GAN: 8.487 G_LPIPS: 50.280 D_real: 0.000 D_fake: 0.000 \n"}
,{"stream_name":"stdout","time":3649.621384969,"data":"(epoch: 8, iters: 4520, time: 0.136, data: 0.003) G_GAN: 7.278 G_LPIPS: 48.934 D_real: 0.000 D_fake: 0.001 \n"}
,{"stream_name":"stdout","time":3649.621389011,"data":"(epoch: 8, iters: 4540, time: 0.136, data: 0.003) G_GAN: 9.724 G_LPIPS: 51.184 D_real: 0.000 D_fake: 0.000 \n"}
,{"stream_name":"stdout","time":3753.599986325,"data":"(epoch: 8, iters: 4560, time: 0.136, data: 0.003) G_GAN: 9.002 G_LPIPS: 47.669 D_real: 0.001 D_fake: 0.000 \n"}
,{"stream_name":"stdout","time":3753.600025701,"data":"(epoch: 8, iters: 4580, time: 0.183, data: 0.003) G_GAN: 9.124 G_LPIPS: 48.946 D_real: 0.000 D_fake: 0.000 \n"}
,{"stream_name":"stdout","time":3753.600029953,"data":"(epoch: 8, iters: 4600, time: 0.135, data: 0.003) G_GAN: 8.721 G_LPIPS: 46.098 D_real: 0.008 D_fake: 0.000 \n"}
,{"stream_name":"stdout","time":3753.600033126,"data":"(epoch: 8, iters: 4620, time: 0.136, data: 0.003) G_GAN: 9.939 G_LPIPS: 56.933 D_real: 0.000 D_fake: 0.000 \n"}
,{"stream_name":"stdout","time":3753.60003617,"data":"(epoch: 8, iters: 4640, time: 0.136, data: 0.003) G_GAN: 9.550 G_LPIPS: 50.049 D_real: 0.000 D_fake: 0.000 \n"}
,{"stream_name":"stdout","time":3753.600039268,"data":"(epoch: 8, iters: 4660, time: 0.136, data: 0.003) G_GAN: 8.736 G_LPIPS: 47.055 D_real: 0.001 D_fake: 0.000 \n"}
,{"stream_name":"stdout","time":3753.600042449,"data":"(epoch: 8, iters: 4680, time: 0.136, data: 0.003) G_GAN: 9.256 G_LPIPS: 51.406 D_real: 0.000 D_fake: 0.000 \n"}
,{"stream_name":"stdout","time":3753.600054585,"data":"(epoch: 8, iters: 4700, time: 0.137, data: 0.003) G_GAN: 8.522 G_LPIPS: 48.148 D_real: 0.000 D_fake: 0.000 \n"}
,{"stream_name":"stdout","time":3753.600057125,"data":"(epoch: 8, iters: 4720, time: 0.135, data: 0.003) G_GAN: 9.695 G_LPIPS: 55.388 D_real: 0.000 D_fake: 0.000 \n"}
,{"stream_name":"stdout","time":3753.600059503,"data":"(epoch: 8, iters: 4740, time: 0.136, data: 0.003) G_GAN: 9.292 G_LPIPS: 51.189 D_real: 0.000 D_fake: 0.000 \n"}
,{"stream_name":"stdout","time":3753.600061796,"data":"(epoch: 8, iters: 4760, time: 0.136, data: 0.003) G_GAN: 9.250 G_LPIPS: 44.816 D_real: 0.004 D_fake: 0.000 \n"}
,{"stream_name":"stdout","time":3753.60006406,"data":"(epoch: 8, iters: 4780, time: 0.136, data: 0.003) G_GAN: 9.400 G_LPIPS: 52.979 D_real: 0.000 D_fake: 0.000 \n"}
,{"stream_name":"stdout","time":3753.600066337,"data":"(epoch: 8, iters: 4800, time: 0.137, data: 0.003) G_GAN: 9.104 G_LPIPS: 47.770 D_real: 0.001 D_fake: 0.000 \n"}
,{"stream_name":"stdout","time":3753.600068745,"data":"(epoch: 8, iters: 4820, time: 0.135, data: 0.003) G_GAN: 9.439 G_LPIPS: 53.683 D_real: 0.000 D_fake: 0.000 \n"}
,{"stream_name":"stdout","time":3753.600071168,"data":"(epoch: 8, iters: 4840, time: 0.136, data: 0.003) G_GAN: 7.881 G_LPIPS: 53.222 D_real: 0.000 D_fake: 0.001 \n"}
,{"stream_name":"stdout","time":3753.60007346,"data":"(epoch: 8, iters: 4860, time: 0.136, data: 0.003) G_GAN: 8.585 G_LPIPS: 50.746 D_real: 0.000 D_fake: 0.000 \n"}
,{"stream_name":"stdout","time":3753.600075726,"data":"(epoch: 8, iters: 4880, time: 0.135, data: 0.003) G_GAN: 9.459 G_LPIPS: 51.458 D_real: 0.000 D_fake: 0.000 \n"}
,{"stream_name":"stdout","time":3753.600078078,"data":"(epoch: 8, iters: 4900, time: 0.135, data: 0.003) G_GAN: 8.752 G_LPIPS: 45.696 D_real: 0.000 D_fake: 0.000 \n"}
,{"stream_name":"stdout","time":3753.600080347,"data":"(epoch: 8, iters: 4920, time: 0.136, data: 0.003) G_GAN: 8.929 G_LPIPS: 45.763 D_real: 0.001 D_fake: 0.000 \n"}
,{"stream_name":"stdout","time":3753.60008348,"data":"(epoch: 8, iters: 4940, time: 0.200, data: 0.003) G_GAN: 9.411 G_LPIPS: 49.230 D_real: 0.000 D_fake: 0.000 \n"}
,{"stream_name":"stdout","time":3753.600085788,"data":"(epoch: 8, iters: 4960, time: 0.136, data: 0.003) G_GAN: 10.030 G_LPIPS: 48.937 D_real: 0.000 D_fake: 0.000 \n"}
,{"stream_name":"stdout","time":3753.60012773,"data":"(epoch: 8, iters: 4980, time: 0.138, data: 0.003) G_GAN: 9.616 G_LPIPS: 51.607 D_real: 0.000 D_fake: 0.000 \n"}
,{"stream_name":"stdout","time":3753.60013197,"data":"(epoch: 8, iters: 5000, time: 0.135, data: 0.003) G_GAN: 9.930 G_LPIPS: 50.683 D_real: 0.002 D_fake: 0.000 \n"}
,{"stream_name":"stdout","time":3753.600135604,"data":"(epoch: 8, iters: 5020, time: 0.136, data: 0.003) G_GAN: 9.403 G_LPIPS: 49.009 D_real: 0.001 D_fake: 0.000 \n"}
,{"stream_name":"stdout","time":3753.600139105,"data":"(epoch: 8, iters: 5040, time: 0.184, data: 0.004) G_GAN: 8.783 G_LPIPS: 48.346 D_real: 0.000 D_fake: 0.000 \n"}
,{"stream_name":"stdout","time":3753.600142617,"data":"(epoch: 8, iters: 5060, time: 0.136, data: 0.003) G_GAN: 9.458 G_LPIPS: 48.508 D_real: 0.001 D_fake: 0.000 \n"}
,{"stream_name":"stdout","time":3753.600146085,"data":"(epoch: 8, iters: 5080, time: 0.135, data: 0.003) G_GAN: 9.707 G_LPIPS: 53.799 D_real: 0.000 D_fake: 0.000 \n"}
,{"stream_name":"stdout","time":3753.600149696,"data":"(epoch: 8, iters: 5100, time: 0.137, data: 0.003) G_GAN: 8.799 G_LPIPS: 44.056 D_real: 0.000 D_fake: 0.000 \n"}
,{"stream_name":"stdout","time":3753.600158043,"data":"(epoch: 8, iters: 5120, time: 0.135, data: 0.003) G_GAN: 8.772 G_LPIPS: 49.320 D_real: 0.000 D_fake: 0.000 \n"}
,{"stream_name":"stdout","time":3753.60016065,"data":"(epoch: 8, iters: 5140, time: 0.136, data: 0.003) G_GAN: 8.881 G_LPIPS: 52.391 D_real: 0.000 D_fake: 0.000 \n"}
,{"stream_name":"stdout","time":3753.60016646,"data":"(epoch: 8, iters: 5160, time: 0.136, data: 0.003) G_GAN: 7.622 G_LPIPS: 45.733 D_real: 0.000 D_fake: 0.001 \n"}
,{"stream_name":"stdout","time":3753.600168865,"data":"(epoch: 8, iters: 5180, time: 0.136, data: 0.003) G_GAN: 8.719 G_LPIPS: 46.910 D_real: 0.000 D_fake: 0.000 \n"}
,{"stream_name":"stdout","time":3753.600171158,"data":"(epoch: 8, iters: 5200, time: 0.140, data: 0.003) G_GAN: 9.000 G_LPIPS: 52.181 D_real: 0.000 D_fake: 0.000 \n"}
,{"stream_name":"stdout","time":3753.600173515,"data":"(epoch: 8, iters: 5220, time: 0.137, data: 0.003) G_GAN: 8.770 G_LPIPS: 45.856 D_real: 0.000 D_fake: 0.000 \n"}
,{"stream_name":"stdout","time":3753.600175792,"data":"(epoch: 8, iters: 5240, time: 0.136, data: 0.003) G_GAN: 9.748 G_LPIPS: 49.590 D_real: 0.000 D_fake: 0.000 \n"}
,{"stream_name":"stdout","time":3753.600178041,"data":"(epoch: 8, iters: 5260, time: 0.136, data: 0.003) G_GAN: 8.622 G_LPIPS: 49.681 D_real: 0.000 D_fake: 0.000 \n"}
,{"stream_name":"stdout","time":3753.600180317,"data":"(epoch: 8, iters: 5280, time: 0.136, data: 0.003) G_GAN: 7.784 G_LPIPS: 49.344 D_real: 0.000 D_fake: 0.001 \n"}
,{"stream_name":"stdout","time":3753.600182686,"data":"(epoch: 8, iters: 5300, time: 0.137, data: 0.003) G_GAN: 9.668 G_LPIPS: 51.382 D_real: 0.000 D_fake: 0.000 \n"}
,{"stream_name":"stdout","time":3753.60018571,"data":"(epoch: 8, iters: 5320, time: 0.136, data: 0.003) G_GAN: 8.165 G_LPIPS: 50.871 D_real: 0.000 D_fake: 0.000 \n"}
,{"stream_name":"stdout","time":3753.600187998,"data":"(epoch: 8, iters: 5340, time: 0.136, data: 0.003) G_GAN: 9.138 G_LPIPS: 51.548 D_real: 0.000 D_fake: 0.000 \n"}
,{"stream_name":"stdout","time":3753.60019027,"data":"(epoch: 8, iters: 5360, time: 0.137, data: 0.003) G_GAN: 9.743 G_LPIPS: 51.973 D_real: 0.000 D_fake: 0.000 \n"}
,{"stream_name":"stdout","time":3753.600192625,"data":"(epoch: 8, iters: 5380, time: 0.135, data: 0.003) G_GAN: 8.446 G_LPIPS: 50.240 D_real: 0.000 D_fake: 0.000 \n"}
,{"stream_name":"stdout","time":3753.600194875,"data":"(epoch: 8, iters: 5400, time: 0.184, data: 0.003) G_GAN: 8.754 G_LPIPS: 44.234 D_real: 0.000 D_fake: 0.000 \n"}
,{"stream_name":"stdout","time":3753.600197145,"data":"(epoch: 8, iters: 5420, time: 0.138, data: 0.003) G_GAN: 6.724 G_LPIPS: 49.809 D_real: 0.000 D_fake: 0.002 \n"}
,{"stream_name":"stdout","time":3753.600199429,"data":"(epoch: 8, iters: 5440, time: 0.137, data: 0.003) G_GAN: 8.227 G_LPIPS: 47.279 D_real: 0.000 D_fake: 0.001 \n"}
,{"stream_name":"stdout","time":3753.600201769,"data":"(epoch: 8, iters: 5460, time: 0.136, data: 0.003) G_GAN: 8.855 G_LPIPS: 46.718 D_real: 0.000 D_fake: 0.000 \n"}
,{"stream_name":"stdout","time":3753.600204058,"data":"(epoch: 8, iters: 5480, time: 0.136, data: 0.003) G_GAN: 9.431 G_LPIPS: 48.275 D_real: 0.001 D_fake: 0.000 \n"}
,{"stream_name":"stdout","time":3753.600206335,"data":"(epoch: 8, iters: 5500, time: 0.186, data: 0.003) G_GAN: 9.672 G_LPIPS: 53.492 D_real: 0.000 D_fake: 0.000 \n"}
,{"stream_name":"stdout","time":3753.60020861,"data":"(epoch: 8, iters: 5520, time: 0.137, data: 0.003) G_GAN: 9.152 G_LPIPS: 50.704 D_real: 0.000 D_fake: 0.000 \n"}
,{"stream_name":"stdout","time":3753.600210864,"data":"(epoch: 8, iters: 5540, time: 0.137, data: 0.003) G_GAN: 9.332 G_LPIPS: 52.092 D_real: 0.000 D_fake: 0.000 \n"}
,{"stream_name":"stdout","time":3753.600213186,"data":"(epoch: 8, iters: 5560, time: 0.137, data: 0.003) G_GAN: 9.376 G_LPIPS: 47.031 D_real: 0.000 D_fake: 0.000 \n"}
,{"stream_name":"stdout","time":3753.600215454,"data":"(epoch: 8, iters: 5580, time: 0.093, data: 0.003) G_GAN: 9.868 G_LPIPS: 51.334 D_real: 0.000 D_fake: 0.000 \n"}
,{"stream_name":"stdout","time":3753.600217753,"data":"saving the model at the end of epoch 8, iters 44640\n"}
,{"stream_name":"stdout","time":3753.600221977,"data":"End of epoch 8 / 20 \t Time Taken: 554 sec\n"}
,{"stream_name":"stdout","time":3753.600224761,"data":"learning rate 0.0001000 -\u003e 0.0001000\n"}
,{"stream_name":"stdout","time":3914.692421522,"data":"(epoch: 9, iters: 20, time: 0.135, data: 0.258) G_GAN: 9.116 G_LPIPS: 47.518 D_real: 0.000 D_fake: 0.000 \n"}
,{"stream_name":"stdout","time":3914.692484487,"data":"(epoch: 9, iters: 40, time: 0.136, data: 0.003) G_GAN: 8.702 G_LPIPS: 46.983 D_real: 0.000 D_fake: 0.000 \n"}
,{"stream_name":"stdout","time":3914.692491683,"data":"(epoch: 9, iters: 60, time: 0.136, data: 0.003) G_GAN: 7.696 G_LPIPS: 45.303 D_real: 0.001 D_fake: 0.001 \n"}
,{"stream_name":"stdout","time":3914.692496839,"data":"(epoch: 9, iters: 80, time: 0.136, data: 0.003) G_GAN: 9.040 G_LPIPS: 52.374 D_real: 0.000 D_fake: 0.000 \n"}
,{"stream_name":"stdout","time":3914.692502316,"data":"(epoch: 9, iters: 100, time: 0.137, data: 0.003) G_GAN: 8.932 G_LPIPS: 54.159 D_real: 0.000 D_fake: 0.000 \n"}
,{"stream_name":"stdout","time":3914.692509917,"data":"(epoch: 9, iters: 120, time: 0.136, data: 0.003) G_GAN: 8.698 G_LPIPS: 47.288 D_real: 0.001 D_fake: 0.000 \n"}
,{"stream_name":"stdout","time":3914.692513544,"data":"(epoch: 9, iters: 140, time: 0.136, data: 0.003) G_GAN: 9.114 G_LPIPS: 52.151 D_real: 0.000 D_fake: 0.000 \n"}
,{"stream_name":"stdout","time":3914.692516754,"data":"(epoch: 9, iters: 160, time: 0.154, data: 0.003) G_GAN: 8.441 G_LPIPS: 49.161 D_real: 0.000 D_fake: 0.000 \n"}
,{"stream_name":"stdout","time":3914.692519946,"data":"(epoch: 9, iters: 180, time: 0.137, data: 0.003) G_GAN: 7.992 G_LPIPS: 48.878 D_real: 0.000 D_fake: 0.000 \n"}
,{"stream_name":"stdout","time":3914.692523066,"data":"(epoch: 9, iters: 200, time: 0.137, data: 0.003) G_GAN: 7.637 G_LPIPS: 50.742 D_real: 0.000 D_fake: 0.001 \n"}
,{"stream_name":"stdout","time":3914.692526171,"data":"(epoch: 9, iters: 220, time: 0.137, data: 0.003) G_GAN: 8.436 G_LPIPS: 47.776 D_real: 0.000 D_fake: 0.000 \n"}
,{"stream_name":"stdout","time":3914.692529302,"data":"(epoch: 9, iters: 240, time: 0.138, data: 0.003) G_GAN: 9.381 G_LPIPS: 56.015 D_real: 0.000 D_fake: 0.000 \n"}
,{"stream_name":"stdout","time":3914.69253249,"data":"(epoch: 9, iters: 260, time: 0.137, data: 0.003) G_GAN: 9.050 G_LPIPS: 45.043 D_real: 0.002 D_fake: 0.000 \n"}
,{"stream_name":"stdout","time":3914.692535615,"data":"(epoch: 9, iters: 280, time: 0.188, data: 0.003) G_GAN: 8.648 G_LPIPS: 46.795 D_real: 0.000 D_fake: 0.000 \n"}
,{"stream_name":"stdout","time":3914.692538755,"data":"(epoch: 9, iters: 300, time: 0.138, data: 0.003) G_GAN: 8.684 G_LPIPS: 51.590 D_real: 0.000 D_fake: 0.000 \n"}
,{"stream_name":"stdout","time":3914.692552777,"data":"(epoch: 9, iters: 320, time: 0.136, data: 0.003) G_GAN: 7.708 G_LPIPS: 51.744 D_real: 0.000 D_fake: 0.001 \n"}
,{"stream_name":"stdout","time":3914.692558673,"data":"(epoch: 9, iters: 340, time: 0.137, data: 0.003) G_GAN: 7.409 G_LPIPS: 51.342 D_real: 0.000 D_fake: 0.001 \n"}
,{"stream_name":"stdout","time":3914.692565338,"data":"(epoch: 9, iters: 360, time: 0.138, data: 0.003) G_GAN: 9.211 G_LPIPS: 46.770 D_real: 0.000 D_fake: 0.000 \n"}
,{"stream_name":"stdout","time":3914.692571322,"data":"saving the latest model (epoch 9, total_iters 45000)\n"}
,{"stream_name":"stdout","time":3914.692577883,"data":"(epoch: 9, iters: 380, time: 0.191, data: 0.003) G_GAN: 8.565 G_LPIPS: 48.888 D_real: 0.000 D_fake: 0.000 \n"}
,{"stream_name":"stdout","time":3914.692582674,"data":"(epoch: 9, iters: 400, time: 0.138, data: 0.003) G_GAN: 9.712 G_LPIPS: 52.810 D_real: 0.000 D_fake: 0.000 \n"}
,{"stream_name":"stdout","time":3914.692587464,"data":"(epoch: 9, iters: 420, time: 0.138, data: 0.004) G_GAN: 9.292 G_LPIPS: 50.450 D_real: 0.000 D_fake: 0.000 \n"}
,{"stream_name":"stdout","time":3914.692592296,"data":"(epoch: 9, iters: 440, time: 0.137, data: 0.003) G_GAN: 10.113 G_LPIPS: 49.279 D_real: 0.000 D_fake: 0.000 \n"}
,{"stream_name":"stdout","time":3914.69261206,"data":"(epoch: 9, iters: 460, time: 0.137, data: 0.003) G_GAN: 9.073 G_LPIPS: 52.777 D_real: 0.000 D_fake: 0.000 \n"}
,{"stream_name":"stdout","time":3914.692615993,"data":"(epoch: 9, iters: 480, time: 0.137, data: 0.003) G_GAN: 9.158 G_LPIPS: 56.232 D_real: 0.000 D_fake: 0.000 \n"}
,{"stream_name":"stdout","time":3914.692623846,"data":"(epoch: 9, iters: 500, time: 0.140, data: 0.003) G_GAN: 8.920 G_LPIPS: 46.360 D_real: 0.000 D_fake: 0.000 \n"}
,{"stream_name":"stdout","time":3914.692626762,"data":"(epoch: 9, iters: 520, time: 0.139, data: 0.003) G_GAN: 9.463 G_LPIPS: 51.038 D_real: 0.000 D_fake: 0.000 \n"}
,{"stream_name":"stdout","time":3914.692629408,"data":"(epoch: 9, iters: 540, time: 0.137, data: 0.003) G_GAN: 8.654 G_LPIPS: 45.310 D_real: 0.002 D_fake: 0.000 \n"}
,{"stream_name":"stdout","time":3914.692631885,"data":"(epoch: 9, iters: 560, time: 0.138, data: 0.003) G_GAN: 9.920 G_LPIPS: 52.275 D_real: 0.000 D_fake: 0.000 \n"}
,{"stream_name":"stdout","time":3914.692634296,"data":"(epoch: 9, iters: 580, time: 0.137, data: 0.003) G_GAN: 9.457 G_LPIPS: 50.057 D_real: 0.000 D_fake: 0.000 \n"}
,{"stream_name":"stdout","time":3914.692636824,"data":"(epoch: 9, iters: 600, time: 0.138, data: 0.003) G_GAN: 8.865 G_LPIPS: 49.529 D_real: 0.000 D_fake: 0.000 \n"}
,{"stream_name":"stdout","time":3914.692639851,"data":"(epoch: 9, iters: 620, time: 0.139, data: 0.003) G_GAN: 9.531 G_LPIPS: 49.114 D_real: 0.000 D_fake: 0.000 \n"}
,{"stream_name":"stdout","time":3914.692652718,"data":"(epoch: 9, iters: 640, time: 0.138, data: 0.003) G_GAN: 8.652 G_LPIPS: 49.611 D_real: 0.000 D_fake: 0.000 \n"}
,{"stream_name":"stdout","time":3914.692657368,"data":"(epoch: 9, iters: 660, time: 0.138, data: 0.003) G_GAN: 8.822 G_LPIPS: 43.397 D_real: 0.001 D_fake: 0.000 \n"}
,{"stream_name":"stdout","time":3914.69266153,"data":"(epoch: 9, iters: 680, time: 0.140, data: 0.003) G_GAN: 9.083 G_LPIPS: 48.673 D_real: 0.000 D_fake: 0.000 \n"}
,{"stream_name":"stdout","time":3914.692666442,"data":"(epoch: 9, iters: 700, time: 0.140, data: 0.003) G_GAN: 9.448 G_LPIPS: 53.827 D_real: 0.000 D_fake: 0.000 \n"}
,{"stream_name":"stdout","time":3914.692670846,"data":"(epoch: 9, iters: 720, time: 0.139, data: 0.004) G_GAN: 9.377 G_LPIPS: 49.656 D_real: 0.000 D_fake: 0.000 \n"}
,{"stream_name":"stdout","time":3914.692674516,"data":"(epoch: 9, iters: 740, time: 0.198, data: 0.004) G_GAN: 9.325 G_LPIPS: 50.959 D_real: 0.000 D_fake: 0.000 \n"}
,{"stream_name":"stdout","time":3914.69267875,"data":"(epoch: 9, iters: 760, time: 0.139, data: 0.003) G_GAN: 8.966 G_LPIPS: 46.906 D_real: 0.000 D_fake: 0.000 \n"}
,{"stream_name":"stdout","time":3914.692682488,"data":"(epoch: 9, iters: 780, time: 0.140, data: 0.003) G_GAN: 7.665 G_LPIPS: 51.103 D_real: 0.000 D_fake: 0.001 \n"}
,{"stream_name":"stdout","time":3914.692686248,"data":"(epoch: 9, iters: 800, time: 0.141, data: 0.003) G_GAN: 9.370 G_LPIPS: 50.905 D_real: 0.000 D_fake: 0.000 \n"}
,{"stream_name":"stdout","time":3914.692690002,"data":"(epoch: 9, iters: 820, time: 0.138, data: 0.004) G_GAN: 9.328 G_LPIPS: 48.333 D_real: 0.000 D_fake: 0.000 \n"}
,{"stream_name":"stdout","time":3914.692693697,"data":"(epoch: 9, iters: 840, time: 0.140, data: 0.003) G_GAN: 9.093 G_LPIPS: 52.355 D_real: 0.000 D_fake: 0.000 \n"}
,{"stream_name":"stdout","time":3914.692697471,"data":"(epoch: 9, iters: 860, time: 0.141, data: 0.003) G_GAN: 9.494 G_LPIPS: 48.728 D_real: 0.000 D_fake: 0.000 \n"}
,{"stream_name":"stdout","time":3914.692701197,"data":"(epoch: 9, iters: 880, time: 0.142, data: 0.003) G_GAN: 9.473 G_LPIPS: 48.995 D_real: 0.000 D_fake: 0.000 \n"}
,{"stream_name":"stdout","time":3914.692704836,"data":"(epoch: 9, iters: 900, time: 0.140, data: 0.003) G_GAN: 9.714 G_LPIPS: 49.032 D_real: 0.000 D_fake: 0.000 \n"}
,{"stream_name":"stdout","time":3914.692713338,"data":"(epoch: 9, iters: 920, time: 0.140, data: 0.004) G_GAN: 9.403 G_LPIPS: 48.786 D_real: 0.000 D_fake: 0.000 \n"}
,{"stream_name":"stdout","time":3914.692717092,"data":"(epoch: 9, iters: 940, time: 0.195, data: 0.003) G_GAN: 9.788 G_LPIPS: 49.406 D_real: 0.000 D_fake: 0.000 \n"}
,{"stream_name":"stdout","time":3914.692720878,"data":"(epoch: 9, iters: 960, time: 0.142, data: 0.004) G_GAN: 9.449 G_LPIPS: 48.209 D_real: 0.001 D_fake: 0.000 \n"}
,{"stream_name":"stdout","time":3914.69272467,"data":"(epoch: 9, iters: 980, time: 0.142, data: 0.004) G_GAN: 8.901 G_LPIPS: 47.761 D_real: 0.000 D_fake: 0.000 \n"}
,{"stream_name":"stdout","time":3914.69274282,"data":"(epoch: 9, iters: 1000, time: 0.143, data: 0.003) G_GAN: 9.235 G_LPIPS: 53.563 D_real: 0.000 D_fake: 0.000 \n"}
,{"stream_name":"stdout","time":3914.692755584,"data":"(epoch: 9, iters: 1020, time: 0.144, data: 0.004) G_GAN: 9.968 G_LPIPS: 50.796 D_real: 0.000 D_fake: 0.000 \n"}
,{"stream_name":"stdout","time":3914.692760054,"data":"(epoch: 9, iters: 1040, time: 0.140, data: 0.004) G_GAN: 8.980 G_LPIPS: 48.587 D_real: 0.000 D_fake: 0.000 \n"}
,{"stream_name":"stdout","time":3914.692764807,"data":"(epoch: 9, iters: 1060, time: 0.140, data: 0.003) G_GAN: 9.494 G_LPIPS: 52.100 D_real: 0.000 D_fake: 0.000 \n"}
,{"stream_name":"stdout","time":3914.692769276,"data":"(epoch: 9, iters: 1080, time: 0.139, data: 0.003) G_GAN: 8.100 G_LPIPS: 48.869 D_real: 0.000 D_fake: 0.000 \n"}
,{"stream_name":"stdout","time":3914.692773344,"data":"(epoch: 9, iters: 1100, time: 0.140, data: 0.003) G_GAN: 9.402 G_LPIPS: 49.571 D_real: 0.000 D_fake: 0.000 \n"}
,{"stream_name":"stdout","time":3914.692777238,"data":"(epoch: 9, iters: 1120, time: 0.141, data: 0.003) G_GAN: 8.306 G_LPIPS: 43.945 D_real: 0.000 D_fake: 0.000 \n"}
,{"stream_name":"stdout","time":3914.692781708,"data":"(epoch: 9, iters: 1140, time: 0.141, data: 0.003) G_GAN: 8.353 G_LPIPS: 48.529 D_real: 0.000 D_fake: 0.000 \n"}
,{"stream_name":"stdout","time":3914.692785639,"data":"(epoch: 9, iters: 1160, time: 0.140, data: 0.003) G_GAN: 9.302 G_LPIPS: 49.774 D_real: 0.000 D_fake: 0.000 \n"}
,{"stream_name":"stdout","time":3914.692789529,"data":"(epoch: 9, iters: 1180, time: 0.195, data: 0.003) G_GAN: 8.819 G_LPIPS: 50.922 D_real: 0.000 D_fake: 0.000 \n"}
,{"stream_name":"stdout","time":3914.692793257,"data":"(epoch: 9, iters: 1200, time: 0.142, data: 0.003) G_GAN: 8.786 G_LPIPS: 49.438 D_real: 0.000 D_fake: 0.000 \n"}
,{"stream_name":"stdout","time":3914.692796974,"data":"(epoch: 9, iters: 1220, time: 0.142, data: 0.004) G_GAN: 9.762 G_LPIPS: 48.686 D_real: 0.000 D_fake: 0.000 \n"}
,{"stream_name":"stdout","time":3914.692800719,"data":"(epoch: 9, iters: 1240, time: 0.139, data: 0.003) G_GAN: 9.034 G_LPIPS: 52.962 D_real: 0.000 D_fake: 0.000 \n"}
,{"stream_name":"stdout","time":3914.692804505,"data":"(epoch: 9, iters: 1260, time: 0.142, data: 0.003) G_GAN: 9.502 G_LPIPS: 47.507 D_real: 0.000 D_fake: 0.000 \n"}
,{"stream_name":"stdout","time":3914.692808248,"data":"(epoch: 9, iters: 1280, time: 0.139, data: 0.004) G_GAN: 9.785 G_LPIPS: 46.965 D_real: 0.000 D_fake: 0.000 \n"}
,{"stream_name":"stdout","time":3914.692812072,"data":"(epoch: 9, iters: 1300, time: 0.140, data: 0.003) G_GAN: 9.604 G_LPIPS: 52.776 D_real: 0.000 D_fake: 0.000 \n"}
,{"stream_name":"stdout","time":3914.692816028,"data":"(epoch: 9, iters: 1320, time: 0.140, data: 0.004) G_GAN: 8.766 G_LPIPS: 45.739 D_real: 0.001 D_fake: 0.000 \n"}
,{"stream_name":"stdout","time":3914.692819734,"data":"(epoch: 9, iters: 1340, time: 0.141, data: 0.003) G_GAN: 9.694 G_LPIPS: 50.156 D_real: 0.000 D_fake: 0.000 \n"}
,{"stream_name":"stdout","time":3914.692823478,"data":"(epoch: 9, iters: 1360, time: 0.160, data: 0.004) G_GAN: 9.535 G_LPIPS: 50.141 D_real: 0.000 D_fake: 0.000 \n"}
,{"stream_name":"stdout","time":3914.692834405,"data":"(epoch: 9, iters: 1380, time: 0.140, data: 0.003) G_GAN: 9.633 G_LPIPS: 48.431 D_real: 0.000 D_fake: 0.000 \n"}
,{"stream_name":"stdout","time":3914.692864637,"data":"(epoch: 9, iters: 1400, time: 0.141, data: 0.003) G_GAN: 9.921 G_LPIPS: 51.682 D_real: 0.000 D_fake: 0.000 \n"}
,{"stream_name":"stdout","time":3914.692869179,"data":"(epoch: 9, iters: 1420, time: 0.140, data: 0.003) G_GAN: 9.057 G_LPIPS: 50.830 D_real: 0.000 D_fake: 0.000 \n"}
,{"stream_name":"stdout","time":3914.692873763,"data":"(epoch: 9, iters: 1440, time: 0.142, data: 0.004) G_GAN: 7.800 G_LPIPS: 48.906 D_real: 0.000 D_fake: 0.001 \n"}
,{"stream_name":"stdout","time":3914.692878339,"data":"(epoch: 9, iters: 1460, time: 0.142, data: 0.004) G_GAN: 8.331 G_LPIPS: 52.968 D_real: 0.000 D_fake: 0.000 \n"}
,{"stream_name":"stdout","time":3914.692883102,"data":"(epoch: 9, iters: 1480, time: 0.141, data: 0.004) G_GAN: 9.700 G_LPIPS: 53.608 D_real: 0.000 D_fake: 0.000 \n"}
,{"stream_name":"stdout","time":3914.692887314,"data":"(epoch: 9, iters: 1500, time: 0.142, data: 0.004) G_GAN: 9.278 G_LPIPS: 50.968 D_real: 0.000 D_fake: 0.000 \n"}
,{"stream_name":"stdout","time":4075.143611386,"data":"(epoch: 9, iters: 1520, time: 0.197, data: 0.003) G_GAN: 9.872 G_LPIPS: 48.791 D_real: 0.000 D_fake: 0.000 \n"}
,{"stream_name":"stdout","time":4075.14365051,"data":"(epoch: 9, iters: 1540, time: 0.142, data: 0.003) G_GAN: 8.588 G_LPIPS: 44.181 D_real: 0.000 D_fake: 0.000 \n"}
,{"stream_name":"stdout","time":4075.14365676,"data":"(epoch: 9, iters: 1560, time: 0.142, data: 0.003) G_GAN: 9.741 G_LPIPS: 51.834 D_real: 0.000 D_fake: 0.000 \n"}
,{"stream_name":"stdout","time":4075.143661734,"data":"(epoch: 9, iters: 1580, time: 0.141, data: 0.004) G_GAN: 9.778 G_LPIPS: 51.548 D_real: 0.000 D_fake: 0.000 \n"}
,{"stream_name":"stdout","time":4075.143666522,"data":"(epoch: 9, iters: 1600, time: 0.142, data: 0.003) G_GAN: 9.829 G_LPIPS: 47.128 D_real: 0.000 D_fake: 0.000 \n"}
,{"stream_name":"stdout","time":4075.143671159,"data":"(epoch: 9, iters: 1620, time: 0.140, data: 0.003) G_GAN: 9.340 G_LPIPS: 50.573 D_real: 0.000 D_fake: 0.000 \n"}
,{"stream_name":"stdout","time":4075.143676388,"data":"(epoch: 9, iters: 1640, time: 0.141, data: 0.003) G_GAN: 8.142 G_LPIPS: 46.292 D_real: 0.000 D_fake: 0.000 \n"}
,{"stream_name":"stdout","time":4075.143681198,"data":"(epoch: 9, iters: 1660, time: 0.142, data: 0.003) G_GAN: 9.433 G_LPIPS: 49.606 D_real: 0.000 D_fake: 0.000 \n"}
,{"stream_name":"stdout","time":4075.143686471,"data":"(epoch: 9, iters: 1680, time: 0.141, data: 0.004) G_GAN: 9.550 G_LPIPS: 44.880 D_real: 0.000 D_fake: 0.000 \n"}
,{"stream_name":"stdout","time":4075.143691375,"data":"(epoch: 9, iters: 1700, time: 0.140, data: 0.003) G_GAN: 9.831 G_LPIPS: 51.354 D_real: 0.000 D_fake: 0.000 \n"}
,{"stream_name":"stdout","time":4075.14369625,"data":"(epoch: 9, iters: 1720, time: 0.141, data: 0.003) G_GAN: 10.069 G_LPIPS: 52.027 D_real: 0.000 D_fake: 0.000 \n"}
,{"stream_name":"stdout","time":4075.143700871,"data":"(epoch: 9, iters: 1740, time: 0.140, data: 0.003) G_GAN: 9.620 G_LPIPS: 52.220 D_real: 0.000 D_fake: 0.000 \n"}
,{"stream_name":"stdout","time":4075.143705951,"data":"(epoch: 9, iters: 1760, time: 0.141, data: 0.003) G_GAN: 9.922 G_LPIPS: 49.615 D_real: 0.000 D_fake: 0.000 \n"}
,{"stream_name":"stdout","time":4075.143710644,"data":"(epoch: 9, iters: 1780, time: 0.141, data: 0.003) G_GAN: 9.599 G_LPIPS: 46.012 D_real: 0.000 D_fake: 0.000 \n"}
,{"stream_name":"stdout","time":4075.143715382,"data":"(epoch: 9, iters: 1800, time: 0.140, data: 0.003) G_GAN: 9.844 G_LPIPS: 45.553 D_real: 0.000 D_fake: 0.000 \n"}
,{"stream_name":"stdout","time":4075.143720646,"data":"(epoch: 9, iters: 1820, time: 0.140, data: 0.003) G_GAN: 9.552 G_LPIPS: 50.219 D_real: 0.000 D_fake: 0.000 \n"}
,{"stream_name":"stdout","time":4075.143740216,"data":"(epoch: 9, iters: 1840, time: 0.139, data: 0.003) G_GAN: 9.377 G_LPIPS: 49.660 D_real: 0.000 D_fake: 0.000 \n"}
,{"stream_name":"stdout","time":4075.143744611,"data":"(epoch: 9, iters: 1860, time: 0.176, data: 0.003) G_GAN: 9.565 G_LPIPS: 50.146 D_real: 0.000 D_fake: 0.000 \n"}
,{"stream_name":"stdout","time":4075.14374835,"data":"(epoch: 9, iters: 1880, time: 0.141, data: 0.004) G_GAN: 9.638 G_LPIPS: 47.414 D_real: 0.000 D_fake: 0.000 \n"}
,{"stream_name":"stdout","time":4075.143753365,"data":"(epoch: 9, iters: 1900, time: 0.139, data: 0.004) G_GAN: 10.322 G_LPIPS: 51.947 D_real: 0.000 D_fake: 0.000 \n"}
,{"stream_name":"stdout","time":4075.143756947,"data":"(epoch: 9, iters: 1920, time: 0.140, data: 0.003) G_GAN: 9.860 G_LPIPS: 50.272 D_real: 0.000 D_fake: 0.000 \n"}
,{"stream_name":"stdout","time":4075.14376047,"data":"(epoch: 9, iters: 1940, time: 0.139, data: 0.003) G_GAN: 9.530 G_LPIPS: 47.195 D_real: 0.000 D_fake: 0.000 \n"}
,{"stream_name":"stdout","time":4075.143764386,"data":"(epoch: 9, iters: 1960, time: 0.146, data: 0.004) G_GAN: 9.685 G_LPIPS: 47.174 D_real: 0.000 D_fake: 0.000 \n"}
,{"stream_name":"stdout","time":4075.14377181,"data":"(epoch: 9, iters: 1980, time: 0.141, data: 0.004) G_GAN: 9.370 G_LPIPS: 49.509 D_real: 0.000 D_fake: 0.000 \n"}
,{"stream_name":"stdout","time":4075.14377539,"data":"(epoch: 9, iters: 2000, time: 0.140, data: 0.003) G_GAN: 8.298 G_LPIPS: 48.554 D_real: 0.000 D_fake: 0.000 \n"}
,{"stream_name":"stdout","time":4075.143779132,"data":"(epoch: 9, iters: 2020, time: 0.141, data: 0.003) G_GAN: 9.598 G_LPIPS: 47.029 D_real: 0.000 D_fake: 0.000 \n"}
,{"stream_name":"stdout","time":4075.143782462,"data":"(epoch: 9, iters: 2040, time: 0.141, data: 0.003) G_GAN: 9.964 G_LPIPS: 49.310 D_real: 0.000 D_fake: 0.000 \n"}
,{"stream_name":"stdout","time":4075.143785846,"data":"(epoch: 9, iters: 2060, time: 0.141, data: 0.004) G_GAN: 9.803 G_LPIPS: 48.572 D_real: 0.000 D_fake: 0.000 \n"}
,{"stream_name":"stdout","time":4075.143789621,"data":"(epoch: 9, iters: 2080, time: 0.141, data: 0.004) G_GAN: 10.274 G_LPIPS: 56.649 D_real: 0.000 D_fake: 0.000 \n"}
,{"stream_name":"stdout","time":4075.143793974,"data":"(epoch: 9, iters: 2100, time: 0.179, data: 0.003) G_GAN: 9.553 G_LPIPS: 45.364 D_real: 0.000 D_fake: 0.000 \n"}
,{"stream_name":"stdout","time":4075.143798213,"data":"(epoch: 9, iters: 2120, time: 0.141, data: 0.003) G_GAN: 9.750 G_LPIPS: 50.396 D_real: 0.000 D_fake: 0.000 \n"}
,{"stream_name":"stdout","time":4075.14380243,"data":"(epoch: 9, iters: 2140, time: 0.140, data: 0.003) G_GAN: 8.311 G_LPIPS: 48.233 D_real: 0.000 D_fake: 0.000 \n"}
,{"stream_name":"stdout","time":4075.143806406,"data":"(epoch: 9, iters: 2160, time: 0.140, data: 0.003) G_GAN: 9.869 G_LPIPS: 49.348 D_real: 0.000 D_fake: 0.000 \n"}
,{"stream_name":"stdout","time":4075.14381068,"data":"(epoch: 9, iters: 2180, time: 0.140, data: 0.004) G_GAN: 9.485 G_LPIPS: 44.636 D_real: 0.004 D_fake: 0.000 \n"}
,{"stream_name":"stdout","time":4075.1438144,"data":"(epoch: 9, iters: 2200, time: 0.141, data: 0.003) G_GAN: 9.130 G_LPIPS: 46.887 D_real: 0.000 D_fake: 0.000 \n"}
,{"stream_name":"stdout","time":4075.143817917,"data":"(epoch: 9, iters: 2220, time: 0.140, data: 0.004) G_GAN: 9.566 G_LPIPS: 51.271 D_real: 0.000 D_fake: 0.000 \n"}
,{"stream_name":"stdout","time":4075.143822008,"data":"(epoch: 9, iters: 2240, time: 0.140, data: 0.003) G_GAN: 9.584 G_LPIPS: 47.541 D_real: 0.000 D_fake: 0.000 \n"}
,{"stream_name":"stdout","time":4075.143825885,"data":"(epoch: 9, iters: 2260, time: 0.141, data: 0.003) G_GAN: 7.456 G_LPIPS: 48.767 D_real: 0.000 D_fake: 0.001 \n"}
,{"stream_name":"stdout","time":4075.143830211,"data":"(epoch: 9, iters: 2280, time: 0.143, data: 0.003) G_GAN: 9.609 G_LPIPS: 47.767 D_real: 0.000 D_fake: 0.000 \n"}
,{"stream_name":"stdout","time":4075.143844477,"data":"(epoch: 9, iters: 2300, time: 0.141, data: 0.003) G_GAN: 10.030 G_LPIPS: 51.460 D_real: 0.000 D_fake: 0.000 \n"}
,{"stream_name":"stdout","time":4075.143848356,"data":"(epoch: 9, iters: 2320, time: 0.142, data: 0.003) G_GAN: 9.374 G_LPIPS: 49.953 D_real: 0.000 D_fake: 0.000 \n"}
,{"stream_name":"stdout","time":4075.143852017,"data":"(epoch: 9, iters: 2340, time: 0.178, data: 0.003) G_GAN: 10.049 G_LPIPS: 50.086 D_real: 0.000 D_fake: 0.000 \n"}
,{"stream_name":"stdout","time":4075.143855838,"data":"(epoch: 9, iters: 2360, time: 0.140, data: 0.003) G_GAN: 8.339 G_LPIPS: 45.978 D_real: 0.000 D_fake: 0.000 \n"}
,{"stream_name":"stdout","time":4075.143859783,"data":"(epoch: 9, iters: 2380, time: 0.141, data: 0.003) G_GAN: 9.489 G_LPIPS: 49.027 D_real: 0.000 D_fake: 0.000 \n"}
,{"stream_name":"stdout","time":4075.143864,"data":"(epoch: 9, iters: 2400, time: 0.142, data: 0.003) G_GAN: 9.975 G_LPIPS: 50.488 D_real: 0.000 D_fake: 0.000 \n"}
,{"stream_name":"stdout","time":4075.143868143,"data":"(epoch: 9, iters: 2420, time: 0.142, data: 0.003) G_GAN: 8.237 G_LPIPS: 44.887 D_real: 0.000 D_fake: 0.000 \n"}
,{"stream_name":"stdout","time":4075.143872273,"data":"(epoch: 9, iters: 2440, time: 0.141, data: 0.003) G_GAN: 9.434 G_LPIPS: 53.980 D_real: 0.000 D_fake: 0.000 \n"}
,{"stream_name":"stdout","time":4075.143875833,"data":"(epoch: 9, iters: 2460, time: 0.142, data: 0.003) G_GAN: 8.550 G_LPIPS: 44.761 D_real: 0.000 D_fake: 0.000 \n"}
,{"stream_name":"stdout","time":4075.143879411,"data":"(epoch: 9, iters: 2480, time: 0.142, data: 0.003) G_GAN: 8.706 G_LPIPS: 48.192 D_real: 0.000 D_fake: 0.000 \n"}
,{"stream_name":"stdout","time":4075.143884814,"data":"(epoch: 9, iters: 2500, time: 0.143, data: 0.003) G_GAN: 8.852 G_LPIPS: 49.342 D_real: 0.000 D_fake: 0.000 \n"}
,{"stream_name":"stdout","time":4075.143901135,"data":"(epoch: 9, iters: 2520, time: 0.141, data: 0.003) G_GAN: 9.219 G_LPIPS: 49.448 D_real: 0.000 D_fake: 0.000 \n"}
,{"stream_name":"stdout","time":4075.143909671,"data":"(epoch: 9, iters: 2540, time: 0.141, data: 0.003) G_GAN: 10.227 G_LPIPS: 50.784 D_real: 0.000 D_fake: 0.000 \n"}
,{"stream_name":"stdout","time":4075.143912072,"data":"(epoch: 9, iters: 2560, time: 0.142, data: 0.004) G_GAN: 10.155 G_LPIPS: 51.297 D_real: 0.000 D_fake: 0.000 \n"}
,{"stream_name":"stdout","time":4075.143914432,"data":"(epoch: 9, iters: 2580, time: 0.178, data: 0.004) G_GAN: 9.757 G_LPIPS: 52.230 D_real: 0.000 D_fake: 0.000 \n"}
,{"stream_name":"stdout","time":4075.143916691,"data":"(epoch: 9, iters: 2600, time: 0.141, data: 0.003) G_GAN: 10.062 G_LPIPS: 51.743 D_real: 0.000 D_fake: 0.000 \n"}
,{"stream_name":"stdout","time":4075.143918952,"data":"(epoch: 9, iters: 2620, time: 0.141, data: 0.003) G_GAN: 9.208 G_LPIPS: 45.553 D_real: 0.000 D_fake: 0.000 \n"}
,{"stream_name":"stdout","time":4075.143921464,"data":"(epoch: 9, iters: 2640, time: 0.142, data: 0.003) G_GAN: 8.360 G_LPIPS: 48.292 D_real: 0.000 D_fake: 0.000 \n"}
,{"stream_name":"stdout","time":4075.143924392,"data":"(epoch: 9, iters: 2660, time: 0.141, data: 0.003) G_GAN: 9.179 G_LPIPS: 50.888 D_real: 0.000 D_fake: 0.000 \n"}
,{"stream_name":"stdout","time":4075.143926776,"data":"(epoch: 9, iters: 2680, time: 0.139, data: 0.003) G_GAN: 7.556 G_LPIPS: 48.023 D_real: 0.000 D_fake: 0.001 \n"}
,{"stream_name":"stdout","time":4075.143929038,"data":"(epoch: 9, iters: 2700, time: 0.141, data: 0.003) G_GAN: 10.078 G_LPIPS: 53.160 D_real: 0.000 D_fake: 0.000 \n"}
,{"stream_name":"stdout","time":4075.143931293,"data":"(epoch: 9, iters: 2720, time: 0.199, data: 0.003) G_GAN: 9.524 G_LPIPS: 52.947 D_real: 0.000 D_fake: 0.000 \n"}
,{"stream_name":"stdout","time":4075.14393362,"data":"(epoch: 9, iters: 2740, time: 0.142, data: 0.004) G_GAN: 9.734 G_LPIPS: 51.731 D_real: 0.000 D_fake: 0.000 \n"}
,{"stream_name":"stdout","time":4075.143938779,"data":"(epoch: 9, iters: 2760, time: 0.139, data: 0.004) G_GAN: 8.492 G_LPIPS: 46.653 D_real: 0.000 D_fake: 0.000 \n"}
,{"stream_name":"stdout","time":4075.143941211,"data":"(epoch: 9, iters: 2780, time: 0.142, data: 0.003) G_GAN: 8.804 G_LPIPS: 46.259 D_real: 0.000 D_fake: 0.000 \n"}
,{"stream_name":"stdout","time":4075.143943506,"data":"(epoch: 9, iters: 2800, time: 0.141, data: 0.004) G_GAN: 8.703 G_LPIPS: 44.493 D_real: 0.001 D_fake: 0.000 \n"}
,{"stream_name":"stdout","time":4075.143945817,"data":"(epoch: 9, iters: 2820, time: 0.141, data: 0.003) G_GAN: 9.997 G_LPIPS: 50.338 D_real: 0.000 D_fake: 0.000 \n"}
,{"stream_name":"stdout","time":4075.143948114,"data":"(epoch: 9, iters: 2840, time: 0.140, data: 0.003) G_GAN: 8.873 G_LPIPS: 49.474 D_real: 0.000 D_fake: 0.000 \n"}
,{"stream_name":"stdout","time":4075.143950392,"data":"(epoch: 9, iters: 2860, time: 0.141, data: 0.003) G_GAN: 9.058 G_LPIPS: 51.975 D_real: 0.000 D_fake: 0.000 \n"}
,{"stream_name":"stdout","time":4075.143952663,"data":"(epoch: 9, iters: 2880, time: 0.141, data: 0.004) G_GAN: 9.911 G_LPIPS: 55.671 D_real: 0.000 D_fake: 0.000 \n"}
,{"stream_name":"stdout","time":4075.14395494,"data":"(epoch: 9, iters: 2900, time: 0.141, data: 0.003) G_GAN: 10.089 G_LPIPS: 50.794 D_real: 0.000 D_fake: 0.000 \n"}
,{"stream_name":"stdout","time":4075.143957219,"data":"(epoch: 9, iters: 2920, time: 0.142, data: 0.003) G_GAN: 10.061 G_LPIPS: 54.596 D_real: 0.000 D_fake: 0.000 \n"}
,{"stream_name":"stdout","time":4075.143959499,"data":"(epoch: 9, iters: 2940, time: 0.140, data: 0.003) G_GAN: 9.676 G_LPIPS: 48.717 D_real: 0.000 D_fake: 0.000 \n"}
,{"stream_name":"stdout","time":4075.143961766,"data":"(epoch: 9, iters: 2960, time: 0.142, data: 0.004) G_GAN: 9.945 G_LPIPS: 45.093 D_real: 0.000 D_fake: 0.000 \n"}
,{"stream_name":"stdout","time":4075.143964062,"data":"(epoch: 9, iters: 2980, time: 0.141, data: 0.003) G_GAN: 8.772 G_LPIPS: 43.857 D_real: 0.000 D_fake: 0.000 \n"}
,{"stream_name":"stdout","time":4075.143966336,"data":"(epoch: 9, iters: 3000, time: 0.142, data: 0.003) G_GAN: 9.984 G_LPIPS: 49.508 D_real: 0.000 D_fake: 0.000 \n"}
,{"stream_name":"stdout","time":4075.143968624,"data":"(epoch: 9, iters: 3020, time: 0.141, data: 0.003) G_GAN: 9.228 G_LPIPS: 47.397 D_real: 0.000 D_fake: 0.000 \n"}
,{"stream_name":"stdout","time":4238.344549105,"data":"(epoch: 9, iters: 3040, time: 0.141, data: 0.003) G_GAN: 0.156 G_LPIPS: 50.365 D_real: 5.242 D_fake: 0.001 \n"}
,{"stream_name":"stdout","time":4238.344605681,"data":"(epoch: 9, iters: 3060, time: 0.194, data: 0.003) G_GAN: 8.980 G_LPIPS: 51.590 D_real: 0.366 D_fake: 0.000 \n"}
,{"stream_name":"stdout","time":4238.344613296,"data":"(epoch: 9, iters: 3080, time: 0.141, data: 0.004) G_GAN: 5.795 G_LPIPS: 47.676 D_real: 0.051 D_fake: 1.356 \n"}
,{"stream_name":"stdout","time":4238.34462079,"data":"(epoch: 9, iters: 3100, time: 0.138, data: 0.004) G_GAN: 5.198 G_LPIPS: 49.613 D_real: 0.009 D_fake: 0.017 \n"}
,{"stream_name":"stdout","time":4238.3446244,"data":"(epoch: 9, iters: 3120, time: 0.140, data: 0.003) G_GAN: 9.847 G_LPIPS: 48.544 D_real: 0.041 D_fake: 0.000 \n"}
,{"stream_name":"stdout","time":4238.344627545,"data":"(epoch: 9, iters: 3140, time: 0.143, data: 0.003) G_GAN: 7.625 G_LPIPS: 53.691 D_real: 0.003 D_fake: 0.002 \n"}
,{"stream_name":"stdout","time":4238.344630501,"data":"(epoch: 9, iters: 3160, time: 0.141, data: 0.003) G_GAN: 5.724 G_LPIPS: 45.789 D_real: 0.012 D_fake: 0.008 \n"}
,{"stream_name":"stdout","time":4238.34463347,"data":"(epoch: 9, iters: 3180, time: 0.141, data: 0.003) G_GAN: 9.359 G_LPIPS: 52.148 D_real: 0.004 D_fake: 0.000 \n"}
,{"stream_name":"stdout","time":4238.344636489,"data":"(epoch: 9, iters: 3200, time: 0.142, data: 0.003) G_GAN: 5.953 G_LPIPS: 47.578 D_real: 0.010 D_fake: 0.005 \n"}
,{"stream_name":"stdout","time":4238.344662943,"data":"(epoch: 9, iters: 3220, time: 0.142, data: 0.003) G_GAN: 7.573 G_LPIPS: 45.985 D_real: 0.040 D_fake: 0.001 \n"}
,{"stream_name":"stdout","time":4238.344667508,"data":"(epoch: 9, iters: 3240, time: 0.141, data: 0.003) G_GAN: 5.200 G_LPIPS: 46.944 D_real: 0.002 D_fake: 0.010 \n"}
,{"stream_name":"stdout","time":4238.344671674,"data":"(epoch: 9, iters: 3260, time: 0.142, data: 0.003) G_GAN: 7.617 G_LPIPS: 48.336 D_real: 0.008 D_fake: 0.001 \n"}
,{"stream_name":"stdout","time":4238.344675765,"data":"(epoch: 9, iters: 3280, time: 0.140, data: 0.004) G_GAN: 9.053 G_LPIPS: 50.967 D_real: 0.002 D_fake: 0.000 \n"}
,{"stream_name":"stdout","time":4238.344680142,"data":"(epoch: 9, iters: 3300, time: 0.192, data: 0.004) G_GAN: 7.090 G_LPIPS: 50.365 D_real: 0.004 D_fake: 0.001 \n"}
,{"stream_name":"stdout","time":4238.344683991,"data":"(epoch: 9, iters: 3320, time: 0.141, data: 0.003) G_GAN: 6.412 G_LPIPS: 49.658 D_real: 0.002 D_fake: 0.002 \n"}
,{"stream_name":"stdout","time":4238.3446875,"data":"(epoch: 9, iters: 3340, time: 0.140, data: 0.003) G_GAN: 6.256 G_LPIPS: 44.566 D_real: 0.016 D_fake: 0.003 \n"}
,{"stream_name":"stdout","time":4238.344691003,"data":"(epoch: 9, iters: 3360, time: 0.162, data: 0.004) G_GAN: 6.959 G_LPIPS: 47.567 D_real: 0.012 D_fake: 0.002 \n"}
,{"stream_name":"stdout","time":4238.34469459,"data":"(epoch: 9, iters: 3380, time: 0.140, data: 0.003) G_GAN: 6.863 G_LPIPS: 46.547 D_real: 0.004 D_fake: 0.002 \n"}
,{"stream_name":"stdout","time":4238.344701481,"data":"(epoch: 9, iters: 3400, time: 0.141, data: 0.003) G_GAN: 7.770 G_LPIPS: 45.803 D_real: 0.020 D_fake: 0.001 \n"}
,{"stream_name":"stdout","time":4238.344706186,"data":"(epoch: 9, iters: 3420, time: 0.141, data: 0.003) G_GAN: 9.342 G_LPIPS: 53.615 D_real: 0.002 D_fake: 0.000 \n"}
,{"stream_name":"stdout","time":4238.344709811,"data":"(epoch: 9, iters: 3440, time: 0.142, data: 0.003) G_GAN: 6.455 G_LPIPS: 46.302 D_real: 0.001 D_fake: 0.003 \n"}
,{"stream_name":"stdout","time":4238.344713392,"data":"(epoch: 9, iters: 3460, time: 0.141, data: 0.003) G_GAN: 6.701 G_LPIPS: 47.941 D_real: 0.002 D_fake: 0.002 \n"}
,{"stream_name":"stdout","time":4238.344716943,"data":"(epoch: 9, iters: 3480, time: 0.140, data: 0.003) G_GAN: 7.043 G_LPIPS: 48.820 D_real: 0.005 D_fake: 0.001 \n"}
,{"stream_name":"stdout","time":4238.344720485,"data":"(epoch: 9, iters: 3500, time: 0.141, data: 0.003) G_GAN: 7.040 G_LPIPS: 49.767 D_real: 0.003 D_fake: 0.001 \n"}
,{"stream_name":"stdout","time":4238.344724032,"data":"(epoch: 9, iters: 3520, time: 0.142, data: 0.003) G_GAN: 9.742 G_LPIPS: 51.424 D_real: 0.001 D_fake: 0.000 \n"}
,{"stream_name":"stdout","time":4238.344731815,"data":"(epoch: 9, iters: 3540, time: 0.192, data: 0.003) G_GAN: 6.068 G_LPIPS: 49.116 D_real: 0.002 D_fake: 0.004 \n"}
,{"stream_name":"stdout","time":4238.344734925,"data":"(epoch: 9, iters: 3560, time: 0.141, data: 0.003) G_GAN: 8.700 G_LPIPS: 49.204 D_real: 0.008 D_fake: 0.000 \n"}
,{"stream_name":"stdout","time":4238.3447372,"data":"(epoch: 9, iters: 3580, time: 0.142, data: 0.004) G_GAN: 6.266 G_LPIPS: 47.000 D_real: 0.003 D_fake: 0.003 \n"}
,{"stream_name":"stdout","time":4238.344739491,"data":"(epoch: 9, iters: 3600, time: 0.141, data: 0.003) G_GAN: 7.176 G_LPIPS: 48.465 D_real: 0.001 D_fake: 0.001 \n"}
,{"stream_name":"stdout","time":4238.344741743,"data":"(epoch: 9, iters: 3620, time: 0.140, data: 0.003) G_GAN: 9.088 G_LPIPS: 50.381 D_real: 0.002 D_fake: 0.000 \n"}
,{"stream_name":"stdout","time":4238.344744008,"data":"(epoch: 9, iters: 3640, time: 0.141, data: 0.004) G_GAN: 9.832 G_LPIPS: 50.200 D_real: 0.001 D_fake: 0.000 \n"}
,{"stream_name":"stdout","time":4238.344746661,"data":"(epoch: 9, iters: 3660, time: 0.140, data: 0.004) G_GAN: 5.714 G_LPIPS: 48.756 D_real: 0.001 D_fake: 0.005 \n"}
,{"stream_name":"stdout","time":4238.344766506,"data":"(epoch: 9, iters: 3680, time: 0.141, data: 0.003) G_GAN: 5.964 G_LPIPS: 50.052 D_real: 0.001 D_fake: 0.004 \n"}
,{"stream_name":"stdout","time":4238.344771015,"data":"(epoch: 9, iters: 3700, time: 0.142, data: 0.003) G_GAN: 7.989 G_LPIPS: 47.083 D_real: 0.004 D_fake: 0.001 \n"}
,{"stream_name":"stdout","time":4238.344775299,"data":"(epoch: 9, iters: 3720, time: 0.141, data: 0.003) G_GAN: 8.894 G_LPIPS: 51.049 D_real: 0.000 D_fake: 0.000 \n"}
,{"stream_name":"stdout","time":4238.344779228,"data":"(epoch: 9, iters: 3740, time: 0.141, data: 0.003) G_GAN: 7.463 G_LPIPS: 47.899 D_real: 0.000 D_fake: 0.001 \n"}
,{"stream_name":"stdout","time":4238.34478278,"data":"(epoch: 9, iters: 3760, time: 0.142, data: 0.003) G_GAN: 6.933 G_LPIPS: 49.992 D_real: 0.002 D_fake: 0.001 \n"}
,{"stream_name":"stdout","time":4238.344786353,"data":"(epoch: 9, iters: 3780, time: 0.196, data: 0.003) G_GAN: 8.405 G_LPIPS: 51.210 D_real: 0.000 D_fake: 0.000 \n"}
,{"stream_name":"stdout","time":4238.344790128,"data":"(epoch: 9, iters: 3800, time: 0.142, data: 0.003) G_GAN: 8.916 G_LPIPS: 52.918 D_real: 0.003 D_fake: 0.000 \n"}
,{"stream_name":"stdout","time":4238.344793763,"data":"(epoch: 9, iters: 3820, time: 0.142, data: 0.004) G_GAN: 7.484 G_LPIPS: 47.678 D_real: 0.001 D_fake: 0.001 \n"}
,{"stream_name":"stdout","time":4238.344798027,"data":"(epoch: 9, iters: 3840, time: 0.142, data: 0.003) G_GAN: 8.053 G_LPIPS: 47.571 D_real: 0.002 D_fake: 0.000 \n"}
,{"stream_name":"stdout","time":4238.344802229,"data":"(epoch: 9, iters: 3860, time: 0.141, data: 0.003) G_GAN: 8.961 G_LPIPS: 52.509 D_real: 0.000 D_fake: 0.000 \n"}
,{"stream_name":"stdout","time":4238.344805725,"data":"(epoch: 9, iters: 3880, time: 0.143, data: 0.003) G_GAN: 7.619 G_LPIPS: 50.735 D_real: 0.001 D_fake: 0.001 \n"}
,{"stream_name":"stdout","time":4238.344810283,"data":"(epoch: 9, iters: 3900, time: 0.142, data: 0.003) G_GAN: 7.251 G_LPIPS: 48.805 D_real: 0.003 D_fake: 0.001 \n"}
,{"stream_name":"stdout","time":4238.344814255,"data":"(epoch: 9, iters: 3920, time: 0.195, data: 0.003) G_GAN: 7.647 G_LPIPS: 48.209 D_real: 0.003 D_fake: 0.001 \n"}
,{"stream_name":"stdout","time":4238.344817594,"data":"(epoch: 9, iters: 3940, time: 0.142, data: 0.003) G_GAN: 9.365 G_LPIPS: 53.394 D_real: 0.000 D_fake: 0.000 \n"}
,{"stream_name":"stdout","time":4238.344820531,"data":"(epoch: 9, iters: 3960, time: 0.142, data: 0.003) G_GAN: 8.508 G_LPIPS: 51.886 D_real: 0.001 D_fake: 0.000 \n"}
,{"stream_name":"stdout","time":4238.344824373,"data":"(epoch: 9, iters: 3980, time: 0.142, data: 0.003) G_GAN: 8.163 G_LPIPS: 49.883 D_real: 0.003 D_fake: 0.000 \n"}
,{"stream_name":"stdout","time":4238.344827445,"data":"(epoch: 9, iters: 4000, time: 0.142, data: 0.003) G_GAN: 8.174 G_LPIPS: 51.393 D_real: 0.001 D_fake: 0.000 \n"}
,{"stream_name":"stdout","time":4238.344830471,"data":"(epoch: 9, iters: 4020, time: 0.142, data: 0.003) G_GAN: 6.696 G_LPIPS: 47.093 D_real: 0.001 D_fake: 0.002 \n"}
,{"stream_name":"stdout","time":4238.344833515,"data":"(epoch: 9, iters: 4040, time: 0.142, data: 0.003) G_GAN: 6.624 G_LPIPS: 46.858 D_real: 0.002 D_fake: 0.002 \n"}
,{"stream_name":"stdout","time":4238.34483661,"data":"(epoch: 9, iters: 4060, time: 0.143, data: 0.003) G_GAN: 4.767 G_LPIPS: 43.818 D_real: 0.220 D_fake: 0.001 \n"}
,{"stream_name":"stdout","time":4238.344840201,"data":"(epoch: 9, iters: 4080, time: 0.142, data: 0.003) G_GAN: 8.276 G_LPIPS: 47.228 D_real: 0.020 D_fake: 0.679 \n"}
,{"stream_name":"stdout","time":4238.344844238,"data":"(epoch: 9, iters: 4100, time: 0.142, data: 0.004) G_GAN: 8.588 G_LPIPS: 50.520 D_real: 0.006 D_fake: 0.001 \n"}
,{"stream_name":"stdout","time":4238.344847893,"data":"(epoch: 9, iters: 4120, time: 0.140, data: 0.003) G_GAN: 5.211 G_LPIPS: 43.482 D_real: 0.007 D_fake: 0.054 \n"}
,{"stream_name":"stdout","time":4238.344855918,"data":"(epoch: 9, iters: 4140, time: 0.142, data: 0.003) G_GAN: 8.153 G_LPIPS: 48.904 D_real: 0.005 D_fake: 0.001 \n"}
,{"stream_name":"stdout","time":4238.344859207,"data":"(epoch: 9, iters: 4160, time: 0.143, data: 0.003) G_GAN: 7.863 G_LPIPS: 46.444 D_real: 0.005 D_fake: 0.001 \n"}
,{"stream_name":"stdout","time":4238.344863406,"data":"(epoch: 9, iters: 4180, time: 0.142, data: 0.003) G_GAN: 10.167 G_LPIPS: 50.782 D_real: 0.011 D_fake: 0.000 \n"}
,{"stream_name":"stdout","time":4238.344866856,"data":"(epoch: 9, iters: 4200, time: 0.141, data: 0.003) G_GAN: 8.420 G_LPIPS: 48.484 D_real: 0.001 D_fake: 0.001 \n"}
,{"stream_name":"stdout","time":4238.344869994,"data":"(epoch: 9, iters: 4220, time: 0.142, data: 0.003) G_GAN: 6.830 G_LPIPS: 49.377 D_real: 0.001 D_fake: 0.002 \n"}
,{"stream_name":"stdout","time":4238.344873348,"data":"(epoch: 9, iters: 4240, time: 0.143, data: 0.003) G_GAN: 10.419 G_LPIPS: 55.854 D_real: 0.001 D_fake: 0.000 \n"}
,{"stream_name":"stdout","time":4238.344877136,"data":"(epoch: 9, iters: 4260, time: 0.143, data: 0.003) G_GAN: 9.472 G_LPIPS: 52.652 D_real: 0.000 D_fake: 0.000 \n"}
,{"stream_name":"stdout","time":4238.344880743,"data":"(epoch: 9, iters: 4280, time: 0.143, data: 0.003) G_GAN: 7.221 G_LPIPS: 50.901 D_real: 0.000 D_fake: 0.002 \n"}
,{"stream_name":"stdout","time":4238.344884059,"data":"(epoch: 9, iters: 4300, time: 0.194, data: 0.003) G_GAN: 6.730 G_LPIPS: 49.495 D_real: 0.000 D_fake: 0.004 \n"}
,{"stream_name":"stdout","time":4238.344888098,"data":"(epoch: 9, iters: 4320, time: 0.142, data: 0.003) G_GAN: 5.650 G_LPIPS: 46.894 D_real: 0.587 D_fake: 0.150 \n"}
,{"stream_name":"stdout","time":4238.344891763,"data":"(epoch: 9, iters: 4340, time: 0.145, data: 0.003) G_GAN: 7.106 G_LPIPS: 47.184 D_real: 0.001 D_fake: 0.092 \n"}
,{"stream_name":"stdout","time":4238.344895335,"data":"(epoch: 9, iters: 4360, time: 0.142, data: 0.003) G_GAN: 7.992 G_LPIPS: 52.976 D_real: 0.001 D_fake: 0.001 \n"}
,{"stream_name":"stdout","time":4238.344898838,"data":"(epoch: 9, iters: 4380, time: 0.145, data: 0.004) G_GAN: 8.903 G_LPIPS: 50.216 D_real: 0.002 D_fake: 0.001 \n"}
,{"stream_name":"stdout","time":4238.344902146,"data":"(epoch: 9, iters: 4400, time: 0.151, data: 0.003) G_GAN: 4.989 G_LPIPS: 51.348 D_real: 0.000 D_fake: 0.011 \n"}
,{"stream_name":"stdout","time":4238.344905908,"data":"(epoch: 9, iters: 4420, time: 0.143, data: 0.003) G_GAN: 8.169 G_LPIPS: 53.998 D_real: 0.000 D_fake: 0.000 \n"}
,{"stream_name":"stdout","time":4238.344909115,"data":"(epoch: 9, iters: 4440, time: 0.143, data: 0.003) G_GAN: 6.771 G_LPIPS: 48.135 D_real: 0.001 D_fake: 0.002 \n"}
,{"stream_name":"stdout","time":4238.344912377,"data":"(epoch: 9, iters: 4460, time: 0.141, data: 0.003) G_GAN: 5.951 G_LPIPS: 50.469 D_real: 0.000 D_fake: 0.006 \n"}
,{"stream_name":"stdout","time":4238.34491573,"data":"(epoch: 9, iters: 4480, time: 0.195, data: 0.003) G_GAN: 7.775 G_LPIPS: 49.295 D_real: 0.005 D_fake: 0.001 \n"}
,{"stream_name":"stdout","time":4238.344918898,"data":"(epoch: 9, iters: 4500, time: 0.141, data: 0.003) G_GAN: 8.478 G_LPIPS: 50.188 D_real: 0.000 D_fake: 0.000 \n"}
,{"stream_name":"stdout","time":4238.344931264,"data":"(epoch: 9, iters: 4520, time: 0.142, data: 0.003) G_GAN: 8.305 G_LPIPS: 50.181 D_real: 0.001 D_fake: 0.000 \n"}
,{"stream_name":"stdout","time":4238.344935078,"data":"(epoch: 9, iters: 4540, time: 0.142, data: 0.003) G_GAN: 7.407 G_LPIPS: 47.600 D_real: 0.004 D_fake: 0.001 \n"}
,{"stream_name":"stdout","time":4349.929245671,"data":"(epoch: 9, iters: 4560, time: 0.143, data: 0.003) G_GAN: 8.821 G_LPIPS: 51.331 D_real: 0.000 D_fake: 0.000 \n"}
,{"stream_name":"stdout","time":4349.929301236,"data":"(epoch: 9, iters: 4580, time: 0.143, data: 0.003) G_GAN: 7.312 G_LPIPS: 54.798 D_real: 0.001 D_fake: 0.001 \n"}
,{"stream_name":"stdout","time":4349.92935577,"data":"(epoch: 9, iters: 4600, time: 0.141, data: 0.003) G_GAN: 8.022 G_LPIPS: 50.508 D_real: 0.000 D_fake: 0.001 \n"}
,{"stream_name":"stdout","time":4349.929360883,"data":"(epoch: 9, iters: 4620, time: 0.141, data: 0.003) G_GAN: 8.163 G_LPIPS: 46.806 D_real: 0.001 D_fake: 0.001 \n"}
,{"stream_name":"stdout","time":4349.929364802,"data":"(epoch: 9, iters: 4640, time: 0.142, data: 0.003) G_GAN: 7.232 G_LPIPS: 46.355 D_real: 0.001 D_fake: 0.002 \n"}
,{"stream_name":"stdout","time":4349.929370391,"data":"(epoch: 9, iters: 4660, time: 0.195, data: 0.003) G_GAN: 9.036 G_LPIPS: 52.609 D_real: 0.000 D_fake: 0.000 \n"}
,{"stream_name":"stdout","time":4349.92937727,"data":"(epoch: 9, iters: 4680, time: 0.144, data: 0.003) G_GAN: 7.828 G_LPIPS: 49.080 D_real: 0.000 D_fake: 0.001 \n"}
,{"stream_name":"stdout","time":4349.92938028,"data":"(epoch: 9, iters: 4700, time: 0.141, data: 0.003) G_GAN: 7.630 G_LPIPS: 50.774 D_real: 0.000 D_fake: 0.001 \n"}
,{"stream_name":"stdout","time":4349.929382765,"data":"(epoch: 9, iters: 4720, time: 0.143, data: 0.003) G_GAN: 7.802 G_LPIPS: 48.926 D_real: 0.000 D_fake: 0.001 \n"}
,{"stream_name":"stdout","time":4349.929385273,"data":"(epoch: 9, iters: 4740, time: 0.142, data: 0.003) G_GAN: 7.461 G_LPIPS: 46.892 D_real: 0.001 D_fake: 0.001 \n"}
,{"stream_name":"stdout","time":4349.929387687,"data":"(epoch: 9, iters: 4760, time: 0.144, data: 0.003) G_GAN: 9.169 G_LPIPS: 50.809 D_real: 0.000 D_fake: 0.000 \n"}
,{"stream_name":"stdout","time":4349.929390245,"data":"(epoch: 9, iters: 4780, time: 0.141, data: 0.003) G_GAN: 8.683 G_LPIPS: 46.378 D_real: 0.002 D_fake: 0.000 \n"}
,{"stream_name":"stdout","time":4349.929392655,"data":"(epoch: 9, iters: 4800, time: 0.142, data: 0.003) G_GAN: 8.529 G_LPIPS: 47.563 D_real: 0.000 D_fake: 0.000 \n"}
,{"stream_name":"stdout","time":4349.929395369,"data":"(epoch: 9, iters: 4820, time: 0.140, data: 0.003) G_GAN: 6.346 G_LPIPS: 51.460 D_real: 0.000 D_fake: 0.003 \n"}
,{"stream_name":"stdout","time":4349.929398027,"data":"(epoch: 9, iters: 4840, time: 0.191, data: 0.004) G_GAN: 7.734 G_LPIPS: 50.608 D_real: 0.000 D_fake: 0.001 \n"}
,{"stream_name":"stdout","time":4349.929400764,"data":"(epoch: 9, iters: 4860, time: 0.143, data: 0.003) G_GAN: 9.443 G_LPIPS: 52.427 D_real: 0.000 D_fake: 0.000 \n"}
,{"stream_name":"stdout","time":4349.929403173,"data":"(epoch: 9, iters: 4880, time: 0.141, data: 0.003) G_GAN: 9.245 G_LPIPS: 48.884 D_real: 0.000 D_fake: 0.000 \n"}
,{"stream_name":"stdout","time":4349.929405751,"data":"(epoch: 9, iters: 4900, time: 0.141, data: 0.003) G_GAN: 8.291 G_LPIPS: 51.190 D_real: 0.000 D_fake: 0.000 \n"}
,{"stream_name":"stdout","time":4349.929408181,"data":"(epoch: 9, iters: 4920, time: 0.142, data: 0.003) G_GAN: 6.443 G_LPIPS: 47.951 D_real: 0.000 D_fake: 0.221 \n"}
,{"stream_name":"stdout","time":4349.929411674,"data":"(epoch: 9, iters: 4940, time: 0.141, data: 0.003) G_GAN: 7.109 G_LPIPS: 51.209 D_real: 0.001 D_fake: 0.001 \n"}
,{"stream_name":"stdout","time":4349.929414263,"data":"(epoch: 9, iters: 4960, time: 0.148, data: 0.003) G_GAN: 6.111 G_LPIPS: 47.361 D_real: 0.001 D_fake: 0.005 \n"}
,{"stream_name":"stdout","time":4349.929416665,"data":"(epoch: 9, iters: 4980, time: 0.141, data: 0.003) G_GAN: 8.251 G_LPIPS: 49.501 D_real: 0.001 D_fake: 0.000 \n"}
,{"stream_name":"stdout","time":4349.929419139,"data":"(epoch: 9, iters: 5000, time: 0.143, data: 0.003) G_GAN: 8.649 G_LPIPS: 49.622 D_real: 0.001 D_fake: 0.000 \n"}
,{"stream_name":"stdout","time":4349.929421597,"data":"(epoch: 9, iters: 5020, time: 0.142, data: 0.003) G_GAN: 7.304 G_LPIPS: 46.207 D_real: 0.001 D_fake: 0.001 \n"}
,{"stream_name":"stdout","time":4349.929424017,"data":"(epoch: 9, iters: 5040, time: 0.146, data: 0.003) G_GAN: 8.080 G_LPIPS: 49.046 D_real: 0.000 D_fake: 0.000 \n"}
,{"stream_name":"stdout","time":4349.92942937,"data":"(epoch: 9, iters: 5060, time: 0.142, data: 0.004) G_GAN: 7.892 G_LPIPS: 48.647 D_real: 0.001 D_fake: 0.001 \n"}
,{"stream_name":"stdout","time":4349.929431958,"data":"(epoch: 9, iters: 5080, time: 0.143, data: 0.003) G_GAN: 8.467 G_LPIPS: 47.273 D_real: 0.002 D_fake: 0.000 \n"}
,{"stream_name":"stdout","time":4349.929434404,"data":"(epoch: 9, iters: 5100, time: 0.142, data: 0.003) G_GAN: 8.870 G_LPIPS: 51.934 D_real: 0.000 D_fake: 0.000 \n"}
,{"stream_name":"stdout","time":4349.92943682,"data":"(epoch: 9, iters: 5120, time: 0.142, data: 0.003) G_GAN: 5.701 G_LPIPS: 43.268 D_real: 0.011 D_fake: 0.005 \n"}
,{"stream_name":"stdout","time":4349.929439397,"data":"(epoch: 9, iters: 5140, time: 0.143, data: 0.003) G_GAN: 8.289 G_LPIPS: 49.118 D_real: 0.000 D_fake: 0.000 \n"}
,{"stream_name":"stdout","time":4349.929441847,"data":"(epoch: 9, iters: 5160, time: 0.142, data: 0.003) G_GAN: 7.768 G_LPIPS: 53.938 D_real: 0.000 D_fake: 0.001 \n"}
,{"stream_name":"stdout","time":4349.929444297,"data":"(epoch: 9, iters: 5180, time: 0.143, data: 0.004) G_GAN: 9.510 G_LPIPS: 52.821 D_real: 0.000 D_fake: 0.000 \n"}
,{"stream_name":"stdout","time":4349.929446726,"data":"(epoch: 9, iters: 5200, time: 0.142, data: 0.003) G_GAN: 7.763 G_LPIPS: 54.843 D_real: 0.000 D_fake: 0.001 \n"}
,{"stream_name":"stdout","time":4349.929449141,"data":"(epoch: 9, iters: 5220, time: 0.141, data: 0.003) G_GAN: 8.208 G_LPIPS: 49.534 D_real: 0.000 D_fake: 0.000 \n"}
,{"stream_name":"stdout","time":4349.929451534,"data":"(epoch: 9, iters: 5240, time: 0.139, data: 0.003) G_GAN: 8.444 G_LPIPS: 52.813 D_real: 0.000 D_fake: 0.000 \n"}
,{"stream_name":"stdout","time":4349.929453952,"data":"(epoch: 9, iters: 5260, time: 0.143, data: 0.003) G_GAN: 9.410 G_LPIPS: 53.860 D_real: 0.000 D_fake: 0.000 \n"}
,{"stream_name":"stdout","time":4349.929456343,"data":"(epoch: 9, iters: 5280, time: 0.142, data: 0.003) G_GAN: 9.048 G_LPIPS: 55.553 D_real: 0.000 D_fake: 0.000 \n"}
,{"stream_name":"stdout","time":4349.929458759,"data":"(epoch: 9, iters: 5300, time: 0.142, data: 0.003) G_GAN: 8.029 G_LPIPS: 48.507 D_real: 0.000 D_fake: 0.000 \n"}
,{"stream_name":"stdout","time":4349.929461409,"data":"(epoch: 9, iters: 5320, time: 0.142, data: 0.003) G_GAN: 7.805 G_LPIPS: 47.220 D_real: 0.001 D_fake: 0.001 \n"}
,{"stream_name":"stdout","time":4349.929463857,"data":"(epoch: 9, iters: 5340, time: 0.194, data: 0.003) G_GAN: 6.852 G_LPIPS: 48.437 D_real: 0.001 D_fake: 0.002 \n"}
,{"stream_name":"stdout","time":4349.929466293,"data":"(epoch: 9, iters: 5360, time: 0.158, data: 0.003) G_GAN: 6.415 G_LPIPS: 48.752 D_real: 0.001 D_fake: 0.003 \n"}
,{"stream_name":"stdout","time":4349.929468741,"data":"saving the latest model (epoch 9, total_iters 50000)\n"}
,{"stream_name":"stdout","time":4349.929471102,"data":"(epoch: 9, iters: 5380, time: 0.142, data: 0.004) G_GAN: 7.579 G_LPIPS: 47.552 D_real: 0.000 D_fake: 0.001 \n"}
,{"stream_name":"stdout","time":4349.929473526,"data":"(epoch: 9, iters: 5400, time: 0.141, data: 0.003) G_GAN: 9.240 G_LPIPS: 51.886 D_real: 0.000 D_fake: 0.000 \n"}
,{"stream_name":"stdout","time":4349.929475939,"data":"(epoch: 9, iters: 5420, time: 0.141, data: 0.003) G_GAN: 9.425 G_LPIPS: 50.248 D_real: 0.000 D_fake: 0.000 \n"}
,{"stream_name":"stdout","time":4349.929478343,"data":"(epoch: 9, iters: 5440, time: 0.142, data: 0.003) G_GAN: 8.110 G_LPIPS: 50.375 D_real: 0.000 D_fake: 0.000 \n"}
,{"stream_name":"stdout","time":4349.929480746,"data":"(epoch: 9, iters: 5460, time: 0.142, data: 0.004) G_GAN: 8.020 G_LPIPS: 47.180 D_real: 0.002 D_fake: 0.001 \n"}
,{"stream_name":"stdout","time":4349.929483173,"data":"(epoch: 9, iters: 5480, time: 0.141, data: 0.003) G_GAN: 9.066 G_LPIPS: 44.924 D_real: 0.000 D_fake: 0.000 \n"}
,{"stream_name":"stdout","time":4349.929487627,"data":"(epoch: 9, iters: 5500, time: 0.142, data: 0.004) G_GAN: 9.478 G_LPIPS: 50.358 D_real: 0.000 D_fake: 0.000 \n"}
,{"stream_name":"stdout","time":4349.929490209,"data":"(epoch: 9, iters: 5520, time: 0.196, data: 0.003) G_GAN: 7.865 G_LPIPS: 47.352 D_real: 0.000 D_fake: 0.001 \n"}
,{"stream_name":"stdout","time":4349.929496645,"data":"(epoch: 9, iters: 5540, time: 0.141, data: 0.003) G_GAN: 8.310 G_LPIPS: 52.588 D_real: 0.000 D_fake: 0.000 \n"}
,{"stream_name":"stdout","time":4349.929499115,"data":"(epoch: 9, iters: 5560, time: 0.142, data: 0.003) G_GAN: 7.586 G_LPIPS: 49.449 D_real: 0.000 D_fake: 0.001 \n"}
,{"stream_name":"stdout","time":4349.929501529,"data":"(epoch: 9, iters: 5580, time: 0.099, data: 0.003) G_GAN: 6.061 G_LPIPS: 51.776 D_real: 0.003 D_fake: 0.007 \n"}
,{"stream_name":"stdout","time":4349.929503956,"data":"saving the model at the end of epoch 9, iters 50220\n"}
,{"stream_name":"stdout","time":4349.929506312,"data":"End of epoch 9 / 20 \t Time Taken: 596 sec\n"}
,{"stream_name":"stdout","time":4349.929509179,"data":"learning rate 0.0001000 -\u003e 0.0000909\n"}
,{"stream_name":"stdout","time":4515.63942205,"data":"(epoch: 10, iters: 20, time: 0.143, data: 0.295) G_GAN: 8.833 G_LPIPS: 51.223 D_real: 0.000 D_fake: 0.000 \n"}
,{"stream_name":"stdout","time":4515.639488419,"data":"(epoch: 10, iters: 40, time: 0.145, data: 0.002) G_GAN: 9.674 G_LPIPS: 46.651 D_real: 0.000 D_fake: 0.000 \n"}
,{"stream_name":"stdout","time":4515.639495791,"data":"(epoch: 10, iters: 60, time: 0.141, data: 0.003) G_GAN: 9.262 G_LPIPS: 48.022 D_real: 0.001 D_fake: 0.000 \n"}
,{"stream_name":"stdout","time":4515.63950119,"data":"(epoch: 10, iters: 80, time: 0.142, data: 0.003) G_GAN: 7.961 G_LPIPS: 46.760 D_real: 0.000 D_fake: 0.001 \n"}
,{"stream_name":"stdout","time":4515.639506247,"data":"(epoch: 10, iters: 100, time: 0.147, data: 0.003) G_GAN: 8.569 G_LPIPS: 47.807 D_real: 0.002 D_fake: 0.000 \n"}
,{"stream_name":"stdout","time":4515.63951102,"data":"(epoch: 10, iters: 120, time: 0.192, data: 0.003) G_GAN: 9.315 G_LPIPS: 50.034 D_real: 0.000 D_fake: 0.000 \n"}
,{"stream_name":"stdout","time":4515.63951613,"data":"(epoch: 10, iters: 140, time: 0.142, data: 0.003) G_GAN: 9.011 G_LPIPS: 50.736 D_real: 0.000 D_fake: 0.000 \n"}
,{"stream_name":"stdout","time":4515.639520685,"data":"(epoch: 10, iters: 160, time: 0.143, data: 0.003) G_GAN: 9.304 G_LPIPS: 52.229 D_real: 0.000 D_fake: 0.000 \n"}
,{"stream_name":"stdout","time":4515.639525226,"data":"(epoch: 10, iters: 180, time: 0.161, data: 0.003) G_GAN: 8.561 G_LPIPS: 46.990 D_real: 0.000 D_fake: 0.000 \n"}
,{"stream_name":"stdout","time":4515.63952977,"data":"(epoch: 10, iters: 200, time: 0.142, data: 0.003) G_GAN: 9.348 G_LPIPS: 52.058 D_real: 0.000 D_fake: 0.000 \n"}
,{"stream_name":"stdout","time":4515.639539499,"data":"(epoch: 10, iters: 220, time: 0.142, data: 0.003) G_GAN: 8.037 G_LPIPS: 46.459 D_real: 0.004 D_fake: 0.000 \n"}
,{"stream_name":"stdout","time":4515.639542872,"data":"(epoch: 10, iters: 240, time: 0.143, data: 0.003) G_GAN: 6.693 G_LPIPS: 48.481 D_real: 0.000 D_fake: 0.002 \n"}
,{"stream_name":"stdout","time":4515.639545993,"data":"(epoch: 10, iters: 260, time: 0.143, data: 0.003) G_GAN: 9.659 G_LPIPS: 50.121 D_real: 0.000 D_fake: 0.000 \n"}
,{"stream_name":"stdout","time":4515.639548935,"data":"(epoch: 10, iters: 280, time: 0.144, data: 0.003) G_GAN: 8.541 G_LPIPS: 45.294 D_real: 0.003 D_fake: 0.000 \n"}
,{"stream_name":"stdout","time":4515.639552142,"data":"(epoch: 10, iters: 300, time: 0.142, data: 0.004) G_GAN: 10.111 G_LPIPS: 54.252 D_real: 0.000 D_fake: 0.000 \n"}
,{"stream_name":"stdout","time":4515.639555258,"data":"(epoch: 10, iters: 320, time: 0.142, data: 0.003) G_GAN: 8.664 G_LPIPS: 51.373 D_real: 0.000 D_fake: 0.000 \n"}
,{"stream_name":"stdout","time":4515.639573287,"data":"(epoch: 10, iters: 340, time: 0.142, data: 0.003) G_GAN: 8.346 G_LPIPS: 54.166 D_real: 0.000 D_fake: 0.000 \n"}
,{"stream_name":"stdout","time":4515.639575882,"data":"(epoch: 10, iters: 360, time: 0.143, data: 0.004) G_GAN: 8.155 G_LPIPS: 50.610 D_real: 0.000 D_fake: 0.000 \n"}
,{"stream_name":"stdout","time":4515.639579244,"data":"(epoch: 10, iters: 380, time: 0.142, data: 0.003) G_GAN: 9.719 G_LPIPS: 54.084 D_real: 0.000 D_fake: 0.000 \n"}
,{"stream_name":"stdout","time":4515.63958157,"data":"(epoch: 10, iters: 400, time: 0.143, data: 0.003) G_GAN: 8.940 G_LPIPS: 52.555 D_real: 0.000 D_fake: 0.000 \n"}
,{"stream_name":"stdout","time":4515.63958384,"data":"(epoch: 10, iters: 420, time: 0.143, data: 0.003) G_GAN: 8.989 G_LPIPS: 49.193 D_real: 0.001 D_fake: 0.000 \n"}
,{"stream_name":"stdout","time":4515.639586122,"data":"(epoch: 10, iters: 440, time: 0.195, data: 0.003) G_GAN: 8.734 G_LPIPS: 47.776 D_real: 0.002 D_fake: 0.000 \n"}
,{"stream_name":"stdout","time":4515.639588597,"data":"(epoch: 10, iters: 460, time: 0.143, data: 0.003) G_GAN: 8.111 G_LPIPS: 48.896 D_real: 0.000 D_fake: 0.000 \n"}
,{"stream_name":"stdout","time":4515.639590907,"data":"(epoch: 10, iters: 480, time: 0.143, data: 0.003) G_GAN: 9.425 G_LPIPS: 51.323 D_real: 0.000 D_fake: 0.000 \n"}
,{"stream_name":"stdout","time":4515.639593191,"data":"(epoch: 10, iters: 500, time: 0.143, data: 0.003) G_GAN: 8.340 G_LPIPS: 46.721 D_real: 0.000 D_fake: 0.000 \n"}
,{"stream_name":"stdout","time":4515.639595462,"data":"(epoch: 10, iters: 520, time: 0.143, data: 0.003) G_GAN: 8.581 G_LPIPS: 49.453 D_real: 0.000 D_fake: 0.000 \n"}
,{"stream_name":"stdout","time":4515.639597831,"data":"(epoch: 10, iters: 540, time: 0.143, data: 0.003) G_GAN: 8.332 G_LPIPS: 48.998 D_real: 0.000 D_fake: 0.000 \n"}
,{"stream_name":"stdout","time":4515.639600116,"data":"(epoch: 10, iters: 560, time: 0.144, data: 0.003) G_GAN: 8.680 G_LPIPS: 45.841 D_real: 0.000 D_fake: 0.000 \n"}
,{"stream_name":"stdout","time":4515.639602399,"data":"(epoch: 10, iters: 580, time: 0.143, data: 0.004) G_GAN: 9.787 G_LPIPS: 53.408 D_real: 0.000 D_fake: 0.000 \n"}
,{"stream_name":"stdout","time":4515.639604685,"data":"(epoch: 10, iters: 600, time: 0.142, data: 0.003) G_GAN: 9.060 G_LPIPS: 50.047 D_real: 0.000 D_fake: 0.000 \n"}
,{"stream_name":"stdout","time":4515.639607067,"data":"(epoch: 10, iters: 620, time: 0.194, data: 0.003) G_GAN: 8.141 G_LPIPS: 51.338 D_real: 0.001 D_fake: 0.000 \n"}
,{"stream_name":"stdout","time":4515.639609385,"data":"(epoch: 10, iters: 640, time: 0.142, data: 0.003) G_GAN: 8.029 G_LPIPS: 52.909 D_real: 0.000 D_fake: 0.000 \n"}
,{"stream_name":"stdout","time":4515.639611679,"data":"(epoch: 10, iters: 660, time: 0.143, data: 0.004) G_GAN: 9.210 G_LPIPS: 52.254 D_real: 0.000 D_fake: 0.000 \n"}
,{"stream_name":"stdout","time":4515.639613965,"data":"(epoch: 10, iters: 680, time: 0.143, data: 0.003) G_GAN: 8.359 G_LPIPS: 50.362 D_real: 0.000 D_fake: 0.000 \n"}
,{"stream_name":"stdout","time":4515.639616352,"data":"(epoch: 10, iters: 700, time: 0.142, data: 0.003) G_GAN: 8.101 G_LPIPS: 48.987 D_real: 0.000 D_fake: 0.000 \n"}
,{"stream_name":"stdout","time":4515.639618637,"data":"(epoch: 10, iters: 720, time: 0.142, data: 0.003) G_GAN: 8.234 G_LPIPS: 45.814 D_real: 0.000 D_fake: 0.000 \n"}
,{"stream_name":"stdout","time":4515.639620933,"data":"(epoch: 10, iters: 740, time: 0.143, data: 0.003) G_GAN: 8.766 G_LPIPS: 51.497 D_real: 0.000 D_fake: 0.000 \n"}
,{"stream_name":"stdout","time":4515.639623459,"data":"(epoch: 10, iters: 760, time: 0.194, data: 0.003) G_GAN: 7.442 G_LPIPS: 49.173 D_real: 0.000 D_fake: 0.001 \n"}
,{"stream_name":"stdout","time":4515.63962576,"data":"(epoch: 10, iters: 780, time: 0.141, data: 0.003) G_GAN: 8.342 G_LPIPS: 50.976 D_real: 0.000 D_fake: 0.000 \n"}
,{"stream_name":"stdout","time":4515.639630802,"data":"(epoch: 10, iters: 800, time: 0.143, data: 0.003) G_GAN: 7.667 G_LPIPS: 51.125 D_real: 0.000 D_fake: 0.001 \n"}
,{"stream_name":"stdout","time":4515.639633254,"data":"(epoch: 10, iters: 820, time: 0.142, data: 0.003) G_GAN: 9.669 G_LPIPS: 54.804 D_real: 0.000 D_fake: 0.000 \n"}
,{"stream_name":"stdout","time":4515.639635568,"data":"(epoch: 10, iters: 840, time: 0.148, data: 0.003) G_GAN: 8.331 G_LPIPS: 46.553 D_real: 0.000 D_fake: 0.000 \n"}
,{"stream_name":"stdout","time":4515.639637862,"data":"(epoch: 10, iters: 860, time: 0.144, data: 0.003) G_GAN: 9.259 G_LPIPS: 50.340 D_real: 0.000 D_fake: 0.000 \n"}
,{"stream_name":"stdout","time":4515.639640146,"data":"(epoch: 10, iters: 880, time: 0.146, data: 0.003) G_GAN: 8.164 G_LPIPS: 49.525 D_real: 0.000 D_fake: 0.000 \n"}
,{"stream_name":"stdout","time":4515.639642521,"data":"(epoch: 10, iters: 900, time: 0.143, data: 0.004) G_GAN: 8.519 G_LPIPS: 50.249 D_real: 0.000 D_fake: 0.000 \n"}
,{"stream_name":"stdout","time":4515.639644816,"data":"(epoch: 10, iters: 920, time: 0.143, data: 0.003) G_GAN: 9.042 G_LPIPS: 51.988 D_real: 0.000 D_fake: 0.000 \n"}
,{"stream_name":"stdout","time":4515.639647126,"data":"(epoch: 10, iters: 940, time: 0.191, data: 0.003) G_GAN: 8.476 G_LPIPS: 50.706 D_real: 0.000 D_fake: 0.000 \n"}
,{"stream_name":"stdout","time":4515.639649419,"data":"(epoch: 10, iters: 960, time: 0.144, data: 0.003) G_GAN: 8.987 G_LPIPS: 49.463 D_real: 0.000 D_fake: 0.000 \n"}
,{"stream_name":"stdout","time":4515.639651722,"data":"(epoch: 10, iters: 980, time: 0.144, data: 0.003) G_GAN: 8.821 G_LPIPS: 50.782 D_real: 0.000 D_fake: 0.000 \n"}
,{"stream_name":"stdout","time":4515.639654017,"data":"(epoch: 10, iters: 1000, time: 0.144, data: 0.003) G_GAN: 7.989 G_LPIPS: 52.848 D_real: 0.000 D_fake: 0.000 \n"}
,{"stream_name":"stdout","time":4515.639656317,"data":"(epoch: 10, iters: 1020, time: 0.145, data: 0.003) G_GAN: 9.340 G_LPIPS: 52.702 D_real: 0.000 D_fake: 0.000 \n"}
,{"stream_name":"stdout","time":4515.639658628,"data":"(epoch: 10, iters: 1040, time: 0.144, data: 0.003) G_GAN: 9.155 G_LPIPS: 43.799 D_real: 0.008 D_fake: 0.000 \n"}
,{"stream_name":"stdout","time":4515.639660927,"data":"(epoch: 10, iters: 1060, time: 0.143, data: 0.003) G_GAN: 7.931 G_LPIPS: 46.376 D_real: 0.001 D_fake: 0.000 \n"}
,{"stream_name":"stdout","time":4515.639663238,"data":"(epoch: 10, iters: 1080, time: 0.145, data: 0.003) G_GAN: 9.736 G_LPIPS: 49.464 D_real: 0.000 D_fake: 0.000 \n"}
,{"stream_name":"stdout","time":4515.639665562,"data":"(epoch: 10, iters: 1100, time: 0.144, data: 0.003) G_GAN: 9.064 G_LPIPS: 51.686 D_real: 0.000 D_fake: 0.000 \n"}
,{"stream_name":"stdout","time":4515.639667837,"data":"(epoch: 10, iters: 1120, time: 0.146, data: 0.003) G_GAN: 8.584 G_LPIPS: 48.090 D_real: 0.000 D_fake: 0.000 \n"}
,{"stream_name":"stdout","time":4515.639670477,"data":"(epoch: 10, iters: 1140, time: 0.143, data: 0.003) G_GAN: 9.183 G_LPIPS: 49.390 D_real: 0.000 D_fake: 0.000 \n"}
,{"stream_name":"stdout","time":4515.639672834,"data":"(epoch: 10, iters: 1160, time: 0.142, data: 0.003) G_GAN: 7.756 G_LPIPS: 46.289 D_real: 0.004 D_fake: 0.001 \n"}
,{"stream_name":"stdout","time":4515.639675142,"data":"(epoch: 10, iters: 1180, time: 0.143, data: 0.003) G_GAN: 9.334 G_LPIPS: 48.198 D_real: 0.000 D_fake: 0.000 \n"}
,{"stream_name":"stdout","time":4515.63967768,"data":"(epoch: 10, iters: 1200, time: 0.143, data: 0.004) G_GAN: 9.013 G_LPIPS: 49.687 D_real: 0.000 D_fake: 0.000 \n"}
,{"stream_name":"stdout","time":4515.639680353,"data":"(epoch: 10, iters: 1220, time: 0.143, data: 0.003) G_GAN: 8.768 G_LPIPS: 50.832 D_real: 0.000 D_fake: 0.000 \n"}
,{"stream_name":"stdout","time":4515.639682621,"data":"(epoch: 10, iters: 1240, time: 0.143, data: 0.003) G_GAN: 7.776 G_LPIPS: 52.323 D_real: 0.000 D_fake: 0.001 \n"}
,{"stream_name":"stdout","time":4515.639687011,"data":"(epoch: 10, iters: 1260, time: 0.143, data: 0.003) G_GAN: 8.767 G_LPIPS: 49.081 D_real: 0.000 D_fake: 0.000 \n"}
,{"stream_name":"stdout","time":4515.639689434,"data":"(epoch: 10, iters: 1280, time: 0.143, data: 0.003) G_GAN: 9.237 G_LPIPS: 50.470 D_real: 0.000 D_fake: 0.000 \n"}
,{"stream_name":"stdout","time":4515.639691812,"data":"(epoch: 10, iters: 1300, time: 0.143, data: 0.003) G_GAN: 8.342 G_LPIPS: 53.487 D_real: 0.000 D_fake: 0.000 \n"}
,{"stream_name":"stdout","time":4515.639694135,"data":"(epoch: 10, iters: 1320, time: 0.144, data: 0.003) G_GAN: 8.672 G_LPIPS: 51.094 D_real: 0.000 D_fake: 0.000 \n"}
,{"stream_name":"stdout","time":4515.639696525,"data":"(epoch: 10, iters: 1340, time: 0.143, data: 0.003) G_GAN: 8.199 G_LPIPS: 49.211 D_real: 0.000 D_fake: 0.000 \n"}
,{"stream_name":"stdout","time":4515.639698827,"data":"(epoch: 10, iters: 1360, time: 0.143, data: 0.003) G_GAN: 8.475 G_LPIPS: 49.628 D_real: 0.000 D_fake: 0.000 \n"}
,{"stream_name":"stdout","time":4515.63970124,"data":"(epoch: 10, iters: 1380, time: 0.143, data: 0.003) G_GAN: 9.001 G_LPIPS: 48.350 D_real: 0.000 D_fake: 0.000 \n"}
,{"stream_name":"stdout","time":4515.639703536,"data":"(epoch: 10, iters: 1400, time: 0.144, data: 0.004) G_GAN: 7.993 G_LPIPS: 47.643 D_real: 0.001 D_fake: 0.000 \n"}
,{"stream_name":"stdout","time":4515.639705849,"data":"(epoch: 10, iters: 1420, time: 0.144, data: 0.004) G_GAN: 8.245 G_LPIPS: 50.531 D_real: 0.000 D_fake: 0.000 \n"}
,{"stream_name":"stdout","time":4515.639708138,"data":"(epoch: 10, iters: 1440, time: 0.145, data: 0.003) G_GAN: 8.150 G_LPIPS: 50.018 D_real: 0.000 D_fake: 0.000 \n"}
,{"stream_name":"stdout","time":4515.639710514,"data":"(epoch: 10, iters: 1460, time: 0.144, data: 0.003) G_GAN: 9.063 G_LPIPS: 44.794 D_real: 0.003 D_fake: 0.000 \n"}
,{"stream_name":"stdout","time":4515.63971282,"data":"(epoch: 10, iters: 1480, time: 0.147, data: 0.003) G_GAN: 9.359 G_LPIPS: 51.792 D_real: 0.000 D_fake: 0.000 \n"}
,{"stream_name":"stdout","time":4515.639715115,"data":"(epoch: 10, iters: 1500, time: 0.142, data: 0.003) G_GAN: 9.839 G_LPIPS: 53.587 D_real: 0.000 D_fake: 0.000 \n"}
,{"stream_name":"stdout","time":4683.098486542,"data":"(epoch: 10, iters: 1520, time: 0.144, data: 0.003) G_GAN: 8.931 G_LPIPS: 52.623 D_real: 0.000 D_fake: 0.000 \n"}
,{"stream_name":"stdout","time":4683.098531299,"data":"(epoch: 10, iters: 1540, time: 0.143, data: 0.004) G_GAN: 9.501 G_LPIPS: 50.906 D_real: 0.000 D_fake: 0.000 \n"}
,{"stream_name":"stdout","time":4683.098537509,"data":"(epoch: 10, iters: 1560, time: 0.145, data: 0.003) G_GAN: 7.852 G_LPIPS: 47.039 D_real: 0.000 D_fake: 0.001 \n"}
,{"stream_name":"stdout","time":4683.09854782,"data":"(epoch: 10, iters: 1580, time: 0.143, data: 0.004) G_GAN: 9.119 G_LPIPS: 51.836 D_real: 0.000 D_fake: 0.000 \n"}
,{"stream_name":"stdout","time":4683.098551736,"data":"(epoch: 10, iters: 1600, time: 0.150, data: 0.004) G_GAN: 9.052 G_LPIPS: 50.228 D_real: 0.000 D_fake: 0.000 \n"}
,{"stream_name":"stdout","time":4683.098554961,"data":"(epoch: 10, iters: 1620, time: 0.143, data: 0.003) G_GAN: 7.993 G_LPIPS: 48.371 D_real: 0.000 D_fake: 0.000 \n"}
,{"stream_name":"stdout","time":4683.098557982,"data":"(epoch: 10, iters: 1640, time: 0.143, data: 0.003) G_GAN: 8.774 G_LPIPS: 52.479 D_real: 0.000 D_fake: 0.000 \n"}
,{"stream_name":"stdout","time":4683.09856107,"data":"(epoch: 10, iters: 1660, time: 0.147, data: 0.003) G_GAN: 9.127 G_LPIPS: 54.051 D_real: 0.000 D_fake: 0.000 \n"}
,{"stream_name":"stdout","time":4683.098564087,"data":"(epoch: 10, iters: 1680, time: 0.145, data: 0.004) G_GAN: 8.772 G_LPIPS: 56.522 D_real: 0.000 D_fake: 0.000 \n"}
,{"stream_name":"stdout","time":4683.098567177,"data":"(epoch: 10, iters: 1700, time: 0.144, data: 0.003) G_GAN: 9.176 G_LPIPS: 49.820 D_real: 0.000 D_fake: 0.000 \n"}
,{"stream_name":"stdout","time":4683.098584359,"data":"(epoch: 10, iters: 1720, time: 0.143, data: 0.003) G_GAN: 8.664 G_LPIPS: 49.582 D_real: 0.000 D_fake: 0.000 \n"}
,{"stream_name":"stdout","time":4683.098586943,"data":"(epoch: 10, iters: 1740, time: 0.144, data: 0.003) G_GAN: 7.759 G_LPIPS: 52.162 D_real: 0.000 D_fake: 0.001 \n"}
,{"stream_name":"stdout","time":4683.098589379,"data":"(epoch: 10, iters: 1760, time: 0.144, data: 0.003) G_GAN: 8.008 G_LPIPS: 46.983 D_real: 0.000 D_fake: 0.000 \n"}
,{"stream_name":"stdout","time":4683.098592806,"data":"(epoch: 10, iters: 1780, time: 0.210, data: 0.003) G_GAN: 7.968 G_LPIPS: 49.114 D_real: 0.000 D_fake: 0.000 \n"}
,{"stream_name":"stdout","time":4683.098611763,"data":"(epoch: 10, iters: 1800, time: 0.145, data: 0.003) G_GAN: 9.302 G_LPIPS: 48.241 D_real: 0.000 D_fake: 0.000 \n"}
,{"stream_name":"stdout","time":4683.098616189,"data":"(epoch: 10, iters: 1820, time: 0.194, data: 0.003) G_GAN: 7.721 G_LPIPS: 54.503 D_real: 0.000 D_fake: 0.001 \n"}
,{"stream_name":"stdout","time":4683.098620086,"data":"(epoch: 10, iters: 1840, time: 0.144, data: 0.003) G_GAN: 7.543 G_LPIPS: 49.827 D_real: 0.000 D_fake: 0.001 \n"}
,{"stream_name":"stdout","time":4683.098624181,"data":"(epoch: 10, iters: 1860, time: 0.145, data: 0.004) G_GAN: 6.988 G_LPIPS: 47.588 D_real: 0.000 D_fake: 0.001 \n"}
,{"stream_name":"stdout","time":4683.098628306,"data":"(epoch: 10, iters: 1880, time: 0.143, data: 0.004) G_GAN: 9.301 G_LPIPS: 50.531 D_real: 0.000 D_fake: 0.000 \n"}
,{"stream_name":"stdout","time":4683.098633297,"data":"(epoch: 10, iters: 1900, time: 0.144, data: 0.003) G_GAN: 7.374 G_LPIPS: 46.188 D_real: 0.001 D_fake: 0.001 \n"}
,{"stream_name":"stdout","time":4683.098636874,"data":"(epoch: 10, iters: 1920, time: 0.144, data: 0.003) G_GAN: 8.854 G_LPIPS: 52.481 D_real: 0.000 D_fake: 0.000 \n"}
,{"stream_name":"stdout","time":4683.098640347,"data":"(epoch: 10, iters: 1940, time: 0.145, data: 0.003) G_GAN: 8.718 G_LPIPS: 47.517 D_real: 0.000 D_fake: 0.000 \n"}
,{"stream_name":"stdout","time":4683.098643865,"data":"(epoch: 10, iters: 1960, time: 0.144, data: 0.003) G_GAN: 6.880 G_LPIPS: 46.252 D_real: 0.000 D_fake: 0.002 \n"}
,{"stream_name":"stdout","time":4683.098647389,"data":"(epoch: 10, iters: 1980, time: 0.146, data: 0.003) G_GAN: 8.801 G_LPIPS: 49.668 D_real: 0.000 D_fake: 0.000 \n"}
,{"stream_name":"stdout","time":4683.098650849,"data":"(epoch: 10, iters: 2000, time: 0.143, data: 0.003) G_GAN: 8.523 G_LPIPS: 51.936 D_real: 0.000 D_fake: 0.000 \n"}
,{"stream_name":"stdout","time":4683.098656022,"data":"(epoch: 10, iters: 2020, time: 0.145, data: 0.003) G_GAN: 6.584 G_LPIPS: 49.237 D_real: 0.000 D_fake: 0.002 \n"}
,{"stream_name":"stdout","time":4683.098662067,"data":"(epoch: 10, iters: 2040, time: 0.144, data: 0.003) G_GAN: 9.291 G_LPIPS: 46.307 D_real: 0.000 D_fake: 0.000 \n"}
,{"stream_name":"stdout","time":4683.098664539,"data":"(epoch: 10, iters: 2060, time: 0.145, data: 0.003) G_GAN: 8.472 G_LPIPS: 49.987 D_real: 0.000 D_fake: 0.000 \n"}
,{"stream_name":"stdout","time":4683.098666826,"data":"(epoch: 10, iters: 2080, time: 0.143, data: 0.003) G_GAN: 8.314 G_LPIPS: 48.775 D_real: 0.000 D_fake: 0.000 \n"}
,{"stream_name":"stdout","time":4683.098669111,"data":"(epoch: 10, iters: 2100, time: 0.144, data: 0.003) G_GAN: 7.648 G_LPIPS: 46.759 D_real: 0.000 D_fake: 0.001 \n"}
,{"stream_name":"stdout","time":4683.098671389,"data":"(epoch: 10, iters: 2120, time: 0.144, data: 0.003) G_GAN: 8.181 G_LPIPS: 44.203 D_real: 0.000 D_fake: 0.000 \n"}
,{"stream_name":"stdout","time":4683.09867375,"data":"(epoch: 10, iters: 2140, time: 0.144, data: 0.004) G_GAN: 9.263 G_LPIPS: 51.355 D_real: 0.000 D_fake: 0.000 \n"}
,{"stream_name":"stdout","time":4683.098676026,"data":"(epoch: 10, iters: 2160, time: 0.145, data: 0.003) G_GAN: 8.765 G_LPIPS: 47.435 D_real: 0.000 D_fake: 0.000 \n"}
,{"stream_name":"stdout","time":4683.098682639,"data":"(epoch: 10, iters: 2180, time: 0.144, data: 0.003) G_GAN: 7.316 G_LPIPS: 47.941 D_real: 0.000 D_fake: 0.001 \n"}
,{"stream_name":"stdout","time":4683.0986851,"data":"(epoch: 10, iters: 2200, time: 0.144, data: 0.003) G_GAN: 7.136 G_LPIPS: 50.375 D_real: 0.000 D_fake: 0.001 \n"}
,{"stream_name":"stdout","time":4683.09868746,"data":"(epoch: 10, iters: 2220, time: 0.144, data: 0.003) G_GAN: 9.773 G_LPIPS: 50.000 D_real: 0.000 D_fake: 0.000 \n"}
,{"stream_name":"stdout","time":4683.098689738,"data":"(epoch: 10, iters: 2240, time: 0.144, data: 0.003) G_GAN: 8.927 G_LPIPS: 47.763 D_real: 0.000 D_fake: 0.000 \n"}
,{"stream_name":"stdout","time":4683.098692036,"data":"(epoch: 10, iters: 2260, time: 0.196, data: 0.003) G_GAN: 7.517 G_LPIPS: 46.523 D_real: 0.000 D_fake: 0.001 \n"}
,{"stream_name":"stdout","time":4683.098695449,"data":"(epoch: 10, iters: 2280, time: 0.145, data: 0.003) G_GAN: 7.506 G_LPIPS: 51.101 D_real: 0.000 D_fake: 0.001 \n"}
,{"stream_name":"stdout","time":4683.098712958,"data":"(epoch: 10, iters: 2300, time: 0.199, data: 0.003) G_GAN: 9.075 G_LPIPS: 48.180 D_real: 0.001 D_fake: 0.000 \n"}
,{"stream_name":"stdout","time":4683.098717398,"data":"(epoch: 10, iters: 2320, time: 0.145, data: 0.003) G_GAN: 8.646 G_LPIPS: 49.313 D_real: 0.000 D_fake: 0.000 \n"}
,{"stream_name":"stdout","time":4683.098721299,"data":"(epoch: 10, iters: 2340, time: 0.144, data: 0.003) G_GAN: 8.831 G_LPIPS: 49.723 D_real: 0.000 D_fake: 0.000 \n"}
,{"stream_name":"stdout","time":4683.098725589,"data":"(epoch: 10, iters: 2360, time: 0.144, data: 0.003) G_GAN: 8.144 G_LPIPS: 50.619 D_real: 0.000 D_fake: 0.000 \n"}
,{"stream_name":"stdout","time":4683.098729797,"data":"(epoch: 10, iters: 2380, time: 0.145, data: 0.003) G_GAN: 7.319 G_LPIPS: 45.797 D_real: 0.000 D_fake: 0.001 \n"}
,{"stream_name":"stdout","time":4683.098733331,"data":"(epoch: 10, iters: 2400, time: 0.145, data: 0.003) G_GAN: 9.004 G_LPIPS: 49.351 D_real: 0.000 D_fake: 0.000 \n"}
,{"stream_name":"stdout","time":4683.098736796,"data":"(epoch: 10, iters: 2420, time: 0.145, data: 0.003) G_GAN: 9.369 G_LPIPS: 49.548 D_real: 0.000 D_fake: 0.000 \n"}
,{"stream_name":"stdout","time":4683.098740411,"data":"(epoch: 10, iters: 2440, time: 0.145, data: 0.003) G_GAN: 8.920 G_LPIPS: 45.763 D_real: 0.000 D_fake: 0.000 \n"}
,{"stream_name":"stdout","time":4683.09874393,"data":"(epoch: 10, iters: 2460, time: 0.145, data: 0.003) G_GAN: 9.063 G_LPIPS: 54.198 D_real: 0.000 D_fake: 0.000 \n"}
,{"stream_name":"stdout","time":4683.098747397,"data":"(epoch: 10, iters: 2480, time: 0.153, data: 0.003) G_GAN: 8.149 G_LPIPS: 47.055 D_real: 0.000 D_fake: 0.000 \n"}
,{"stream_name":"stdout","time":4683.098751013,"data":"(epoch: 10, iters: 2500, time: 0.145, data: 0.003) G_GAN: 7.926 G_LPIPS: 50.205 D_real: 0.000 D_fake: 0.000 \n"}
,{"stream_name":"stdout","time":4683.098754524,"data":"(epoch: 10, iters: 2520, time: 0.144, data: 0.003) G_GAN: 9.261 G_LPIPS: 49.298 D_real: 0.000 D_fake: 0.000 \n"}
,{"stream_name":"stdout","time":4683.098757949,"data":"(epoch: 10, iters: 2540, time: 0.144, data: 0.003) G_GAN: 9.156 G_LPIPS: 47.625 D_real: 0.000 D_fake: 0.000 \n"}
,{"stream_name":"stdout","time":4683.098761417,"data":"(epoch: 10, iters: 2560, time: 0.145, data: 0.003) G_GAN: 8.866 G_LPIPS: 49.416 D_real: 0.000 D_fake: 0.000 \n"}
,{"stream_name":"stdout","time":4683.098764938,"data":"(epoch: 10, iters: 2580, time: 0.143, data: 0.003) G_GAN: 7.752 G_LPIPS: 48.357 D_real: 0.000 D_fake: 0.001 \n"}
,{"stream_name":"stdout","time":4683.098768424,"data":"(epoch: 10, iters: 2600, time: 0.196, data: 0.003) G_GAN: 9.402 G_LPIPS: 48.354 D_real: 0.000 D_fake: 0.000 \n"}
,{"stream_name":"stdout","time":4683.098771984,"data":"(epoch: 10, iters: 2620, time: 0.145, data: 0.003) G_GAN: 8.510 G_LPIPS: 47.121 D_real: 0.000 D_fake: 0.000 \n"}
,{"stream_name":"stdout","time":4683.098783651,"data":"(epoch: 10, iters: 2640, time: 0.143, data: 0.003) G_GAN: 7.617 G_LPIPS: 48.630 D_real: 0.000 D_fake: 0.001 \n"}
,{"stream_name":"stdout","time":4683.098786657,"data":"(epoch: 10, iters: 2660, time: 0.145, data: 0.003) G_GAN: 8.176 G_LPIPS: 46.976 D_real: 0.000 D_fake: 0.000 \n"}
,{"stream_name":"stdout","time":4683.098789008,"data":"(epoch: 10, iters: 2680, time: 0.144, data: 0.003) G_GAN: 8.722 G_LPIPS: 49.323 D_real: 0.000 D_fake: 0.000 \n"}
,{"stream_name":"stdout","time":4683.098791306,"data":"(epoch: 10, iters: 2700, time: 0.144, data: 0.003) G_GAN: 9.368 G_LPIPS: 53.499 D_real: 0.000 D_fake: 0.000 \n"}
,{"stream_name":"stdout","time":4683.09879358,"data":"(epoch: 10, iters: 2720, time: 0.143, data: 0.003) G_GAN: 9.240 G_LPIPS: 46.839 D_real: 0.000 D_fake: 0.000 \n"}
,{"stream_name":"stdout","time":4683.098809081,"data":"(epoch: 10, iters: 2740, time: 0.146, data: 0.003) G_GAN: 9.580 G_LPIPS: 50.250 D_real: 0.000 D_fake: 0.000 \n"}
,{"stream_name":"stdout","time":4683.098813262,"data":"(epoch: 10, iters: 2760, time: 0.144, data: 0.003) G_GAN: 8.196 G_LPIPS: 43.360 D_real: 0.000 D_fake: 0.001 \n"}
,{"stream_name":"stdout","time":4683.09881751,"data":"(epoch: 10, iters: 2780, time: 0.145, data: 0.003) G_GAN: 9.887 G_LPIPS: 51.242 D_real: 0.000 D_fake: 0.000 \n"}
,{"stream_name":"stdout","time":4683.098821685,"data":"(epoch: 10, iters: 2800, time: 0.145, data: 0.003) G_GAN: 9.102 G_LPIPS: 47.088 D_real: 0.000 D_fake: 0.000 \n"}
,{"stream_name":"stdout","time":4683.09882553,"data":"(epoch: 10, iters: 2820, time: 0.144, data: 0.003) G_GAN: 8.665 G_LPIPS: 51.640 D_real: 0.000 D_fake: 0.000 \n"}
,{"stream_name":"stdout","time":4683.098829701,"data":"(epoch: 10, iters: 2840, time: 0.145, data: 0.003) G_GAN: 8.749 G_LPIPS: 50.101 D_real: 0.000 D_fake: 0.000 \n"}
,{"stream_name":"stdout","time":4683.098833972,"data":"(epoch: 10, iters: 2860, time: 0.144, data: 0.003) G_GAN: 8.763 G_LPIPS: 49.325 D_real: 0.000 D_fake: 0.000 \n"}
,{"stream_name":"stdout","time":4683.098837502,"data":"(epoch: 10, iters: 2880, time: 0.145, data: 0.004) G_GAN: 8.755 G_LPIPS: 47.804 D_real: 0.000 D_fake: 0.000 \n"}
,{"stream_name":"stdout","time":4683.098841035,"data":"(epoch: 10, iters: 2900, time: 0.195, data: 0.004) G_GAN: 9.969 G_LPIPS: 51.402 D_real: 0.000 D_fake: 0.000 \n"}
,{"stream_name":"stdout","time":4683.098844542,"data":"(epoch: 10, iters: 2920, time: 0.145, data: 0.003) G_GAN: 8.608 G_LPIPS: 50.012 D_real: 0.000 D_fake: 0.000 \n"}
,{"stream_name":"stdout","time":4683.098848016,"data":"(epoch: 10, iters: 2940, time: 0.145, data: 0.003) G_GAN: 8.624 G_LPIPS: 46.667 D_real: 0.000 D_fake: 0.000 \n"}
,{"stream_name":"stdout","time":4683.098851489,"data":"(epoch: 10, iters: 2960, time: 0.145, data: 0.004) G_GAN: 9.852 G_LPIPS: 50.813 D_real: 0.000 D_fake: 0.000 \n"}
,{"stream_name":"stdout","time":4683.098854997,"data":"(epoch: 10, iters: 2980, time: 0.146, data: 0.003) G_GAN: 8.128 G_LPIPS: 42.869 D_real: 0.001 D_fake: 0.000 \n"}
,{"stream_name":"stdout","time":4683.098858569,"data":"(epoch: 10, iters: 3000, time: 0.145, data: 0.003) G_GAN: 9.285 G_LPIPS: 49.120 D_real: 0.000 D_fake: 0.000 \n"}
,{"stream_name":"stdout","time":4683.098862102,"data":"(epoch: 10, iters: 3020, time: 0.144, data: 0.003) G_GAN: 7.494 G_LPIPS: 49.390 D_real: 0.000 D_fake: 0.001 \n"}
,{"stream_name":"stdout","time":4852.588174439,"data":"(epoch: 10, iters: 3040, time: 0.144, data: 0.003) G_GAN: 9.242 G_LPIPS: 47.257 D_real: 0.000 D_fake: 0.000 \n"}
,{"stream_name":"stdout","time":4852.588222231,"data":"(epoch: 10, iters: 3060, time: 0.143, data: 0.003) G_GAN: 6.847 G_LPIPS: 48.264 D_real: 0.000 D_fake: 0.001 \n"}
,{"stream_name":"stdout","time":4852.588227222,"data":"(epoch: 10, iters: 3080, time: 0.145, data: 0.003) G_GAN: 8.611 G_LPIPS: 44.379 D_real: 0.001 D_fake: 0.000 \n"}
,{"stream_name":"stdout","time":4852.588241854,"data":"(epoch: 10, iters: 3100, time: 0.146, data: 0.003) G_GAN: 8.383 G_LPIPS: 52.221 D_real: 0.000 D_fake: 0.000 \n"}
,{"stream_name":"stdout","time":4852.588244547,"data":"(epoch: 10, iters: 3120, time: 0.145, data: 0.003) G_GAN: 6.073 G_LPIPS: 48.447 D_real: 0.000 D_fake: 0.003 \n"}
,{"stream_name":"stdout","time":4852.588247239,"data":"(epoch: 10, iters: 3140, time: 0.144, data: 0.003) G_GAN: 9.269 G_LPIPS: 49.431 D_real: 0.000 D_fake: 0.000 \n"}
,{"stream_name":"stdout","time":4852.588249593,"data":"(epoch: 10, iters: 3160, time: 0.196, data: 0.003) G_GAN: 8.152 G_LPIPS: 52.271 D_real: 0.000 D_fake: 0.000 \n"}
,{"stream_name":"stdout","time":4852.588251875,"data":"(epoch: 10, iters: 3180, time: 0.146, data: 0.003) G_GAN: 8.707 G_LPIPS: 52.359 D_real: 0.000 D_fake: 0.000 \n"}
,{"stream_name":"stdout","time":4852.588254259,"data":"(epoch: 10, iters: 3200, time: 0.146, data: 0.003) G_GAN: 9.602 G_LPIPS: 49.959 D_real: 0.000 D_fake: 0.000 \n"}
,{"stream_name":"stdout","time":4852.588256569,"data":"(epoch: 10, iters: 3220, time: 0.144, data: 0.003) G_GAN: 9.435 G_LPIPS: 47.713 D_real: 0.000 D_fake: 0.000 \n"}
,{"stream_name":"stdout","time":4852.588258838,"data":"(epoch: 10, iters: 3240, time: 0.145, data: 0.003) G_GAN: 7.697 G_LPIPS: 49.472 D_real: 0.000 D_fake: 0.001 \n"}
,{"stream_name":"stdout","time":4852.588261133,"data":"(epoch: 10, iters: 3260, time: 0.146, data: 0.003) G_GAN: 9.346 G_LPIPS: 47.218 D_real: 0.000 D_fake: 0.000 \n"}
,{"stream_name":"stdout","time":4852.588263515,"data":"(epoch: 10, iters: 3280, time: 0.147, data: 0.003) G_GAN: 9.026 G_LPIPS: 49.077 D_real: 0.000 D_fake: 0.000 \n"}
,{"stream_name":"stdout","time":4852.588265826,"data":"(epoch: 10, iters: 3300, time: 0.146, data: 0.003) G_GAN: 8.085 G_LPIPS: 50.839 D_real: 0.000 D_fake: 0.000 \n"}
,{"stream_name":"stdout","time":4852.588268127,"data":"(epoch: 10, iters: 3320, time: 0.146, data: 0.003) G_GAN: 9.000 G_LPIPS: 47.028 D_real: 0.000 D_fake: 0.000 \n"}
,{"stream_name":"stdout","time":4852.588270431,"data":"(epoch: 10, iters: 3340, time: 0.144, data: 0.004) G_GAN: 8.392 G_LPIPS: 47.938 D_real: 0.000 D_fake: 0.000 \n"}
,{"stream_name":"stdout","time":4852.588272812,"data":"(epoch: 10, iters: 3360, time: 0.146, data: 0.003) G_GAN: 7.595 G_LPIPS: 47.094 D_real: 0.000 D_fake: 0.001 \n"}
,{"stream_name":"stdout","time":4852.588275108,"data":"(epoch: 10, iters: 3380, time: 0.146, data: 0.003) G_GAN: 8.575 G_LPIPS: 49.384 D_real: 0.000 D_fake: 0.000 \n"}
,{"stream_name":"stdout","time":4852.588277399,"data":"(epoch: 10, iters: 3400, time: 0.145, data: 0.003) G_GAN: 7.358 G_LPIPS: 45.197 D_real: 0.004 D_fake: 0.001 \n"}
,{"stream_name":"stdout","time":4852.588280595,"data":"(epoch: 10, iters: 3420, time: 0.194, data: 0.004) G_GAN: 8.985 G_LPIPS: 48.184 D_real: 0.000 D_fake: 0.000 \n"}
,{"stream_name":"stdout","time":4852.588283,"data":"(epoch: 10, iters: 3440, time: 0.145, data: 0.003) G_GAN: 9.084 G_LPIPS: 46.608 D_real: 0.000 D_fake: 0.000 \n"}
,{"stream_name":"stdout","time":4852.588285296,"data":"(epoch: 10, iters: 3460, time: 0.198, data: 0.003) G_GAN: 8.986 G_LPIPS: 44.639 D_real: 0.001 D_fake: 0.000 \n"}
,{"stream_name":"stdout","time":4852.588287586,"data":"(epoch: 10, iters: 3480, time: 0.147, data: 0.003) G_GAN: 8.139 G_LPIPS: 48.490 D_real: 0.000 D_fake: 0.000 \n"}
,{"stream_name":"stdout","time":4852.588290291,"data":"(epoch: 10, iters: 3500, time: 0.146, data: 0.004) G_GAN: 9.755 G_LPIPS: 48.919 D_real: 0.000 D_fake: 0.000 \n"}
,{"stream_name":"stdout","time":4852.588292599,"data":"(epoch: 10, iters: 3520, time: 0.145, data: 0.003) G_GAN: 9.733 G_LPIPS: 53.103 D_real: 0.000 D_fake: 0.000 \n"}
,{"stream_name":"stdout","time":4852.588294873,"data":"(epoch: 10, iters: 3540, time: 0.145, data: 0.003) G_GAN: 9.017 G_LPIPS: 52.036 D_real: 0.000 D_fake: 0.000 \n"}
,{"stream_name":"stdout","time":4852.588299492,"data":"(epoch: 10, iters: 3560, time: 0.146, data: 0.003) G_GAN: 8.883 G_LPIPS: 49.184 D_real: 0.000 D_fake: 0.000 \n"}
,{"stream_name":"stdout","time":4852.588301946,"data":"(epoch: 10, iters: 3580, time: 0.145, data: 0.003) G_GAN: 8.921 G_LPIPS: 48.271 D_real: 0.000 D_fake: 0.000 \n"}
,{"stream_name":"stdout","time":4852.588304328,"data":"(epoch: 10, iters: 3600, time: 0.144, data: 0.003) G_GAN: 9.389 G_LPIPS: 48.323 D_real: 0.001 D_fake: 0.000 \n"}
,{"stream_name":"stdout","time":4852.588306724,"data":"(epoch: 10, iters: 3620, time: 0.145, data: 0.003) G_GAN: 9.687 G_LPIPS: 49.600 D_real: 0.000 D_fake: 0.000 \n"}
,{"stream_name":"stdout","time":4852.588309016,"data":"(epoch: 10, iters: 3640, time: 0.146, data: 0.003) G_GAN: 9.200 G_LPIPS: 49.709 D_real: 0.000 D_fake: 0.000 \n"}
,{"stream_name":"stdout","time":4852.5883113,"data":"(epoch: 10, iters: 3660, time: 0.146, data: 0.003) G_GAN: 9.291 G_LPIPS: 47.653 D_real: 0.000 D_fake: 0.000 \n"}
,{"stream_name":"stdout","time":4852.588313588,"data":"(epoch: 10, iters: 3680, time: 0.145, data: 0.003) G_GAN: 9.682 G_LPIPS: 50.038 D_real: 0.000 D_fake: 0.000 \n"}
,{"stream_name":"stdout","time":4852.588315881,"data":"(epoch: 10, iters: 3700, time: 0.146, data: 0.003) G_GAN: 9.167 G_LPIPS: 45.538 D_real: 0.000 D_fake: 0.000 \n"}
,{"stream_name":"stdout","time":4852.588318167,"data":"(epoch: 10, iters: 3720, time: 0.198, data: 0.003) G_GAN: 8.423 G_LPIPS: 48.881 D_real: 0.000 D_fake: 0.000 \n"}
,{"stream_name":"stdout","time":4852.588320467,"data":"(epoch: 10, iters: 3740, time: 0.146, data: 0.003) G_GAN: 9.160 G_LPIPS: 52.005 D_real: 0.000 D_fake: 0.000 \n"}
,{"stream_name":"stdout","time":4852.588322757,"data":"(epoch: 10, iters: 3760, time: 0.146, data: 0.003) G_GAN: 9.900 G_LPIPS: 53.365 D_real: 0.000 D_fake: 0.000 \n"}
,{"stream_name":"stdout","time":4852.588325079,"data":"(epoch: 10, iters: 3780, time: 0.165, data: 0.003) G_GAN: 8.646 G_LPIPS: 48.221 D_real: 0.001 D_fake: 0.000 \n"}
,{"stream_name":"stdout","time":4852.588327574,"data":"(epoch: 10, iters: 3800, time: 0.145, data: 0.003) G_GAN: 8.955 G_LPIPS: 46.323 D_real: 0.000 D_fake: 0.000 \n"}
,{"stream_name":"stdout","time":4852.588330031,"data":"(epoch: 10, iters: 3820, time: 0.144, data: 0.003) G_GAN: 9.359 G_LPIPS: 52.614 D_real: 0.000 D_fake: 0.000 \n"}
,{"stream_name":"stdout","time":4852.588333441,"data":"(epoch: 10, iters: 3840, time: 0.146, data: 0.003) G_GAN: 7.395 G_LPIPS: 47.394 D_real: 0.000 D_fake: 0.001 \n"}
,{"stream_name":"stdout","time":4852.588337004,"data":"(epoch: 10, iters: 3860, time: 0.146, data: 0.003) G_GAN: 9.378 G_LPIPS: 51.117 D_real: 0.000 D_fake: 0.000 \n"}
,{"stream_name":"stdout","time":4852.588339519,"data":"(epoch: 10, iters: 3880, time: 0.145, data: 0.003) G_GAN: 9.211 G_LPIPS: 47.758 D_real: 0.000 D_fake: 0.000 \n"}
,{"stream_name":"stdout","time":4852.588341798,"data":"(epoch: 10, iters: 3900, time: 0.147, data: 0.003) G_GAN: 9.220 G_LPIPS: 48.666 D_real: 0.000 D_fake: 0.000 \n"}
,{"stream_name":"stdout","time":4852.588344079,"data":"(epoch: 10, iters: 3920, time: 0.145, data: 0.003) G_GAN: 9.150 G_LPIPS: 46.401 D_real: 0.001 D_fake: 0.000 \n"}
,{"stream_name":"stdout","time":4852.588346374,"data":"(epoch: 10, iters: 3940, time: 0.145, data: 0.003) G_GAN: 9.768 G_LPIPS: 49.915 D_real: 0.000 D_fake: 0.000 \n"}
,{"stream_name":"stdout","time":4852.588348653,"data":"(epoch: 10, iters: 3960, time: 0.145, data: 0.003) G_GAN: 9.052 G_LPIPS: 49.410 D_real: 0.000 D_fake: 0.000 \n"}
,{"stream_name":"stdout","time":4852.588350921,"data":"(epoch: 10, iters: 3980, time: 0.145, data: 0.003) G_GAN: 7.485 G_LPIPS: 53.930 D_real: 0.000 D_fake: 0.001 \n"}
,{"stream_name":"stdout","time":4852.58835319,"data":"(epoch: 10, iters: 4000, time: 0.145, data: 0.003) G_GAN: 9.363 G_LPIPS: 44.869 D_real: 0.006 D_fake: 0.000 \n"}
,{"stream_name":"stdout","time":4852.588357354,"data":"(epoch: 10, iters: 4020, time: 0.194, data: 0.004) G_GAN: 9.757 G_LPIPS: 48.673 D_real: 0.000 D_fake: 0.000 \n"}
,{"stream_name":"stdout","time":4852.588359866,"data":"(epoch: 10, iters: 4040, time: 0.144, data: 0.003) G_GAN: 9.448 G_LPIPS: 50.246 D_real: 0.000 D_fake: 0.000 \n"}
,{"stream_name":"stdout","time":4852.588362163,"data":"(epoch: 10, iters: 4060, time: 0.146, data: 0.003) G_GAN: 9.239 G_LPIPS: 49.563 D_real: 0.000 D_fake: 0.000 \n"}
,{"stream_name":"stdout","time":4852.588364434,"data":"(epoch: 10, iters: 4080, time: 0.148, data: 0.003) G_GAN: 8.627 G_LPIPS: 50.182 D_real: 0.000 D_fake: 0.000 \n"}
,{"stream_name":"stdout","time":4852.588366741,"data":"(epoch: 10, iters: 4100, time: 0.147, data: 0.003) G_GAN: 9.162 G_LPIPS: 51.159 D_real: 0.000 D_fake: 0.000 \n"}
,{"stream_name":"stdout","time":4852.58836903,"data":"(epoch: 10, iters: 4120, time: 0.146, data: 0.003) G_GAN: 9.056 G_LPIPS: 44.406 D_real: 0.000 D_fake: 0.000 \n"}
,{"stream_name":"stdout","time":4852.588371314,"data":"(epoch: 10, iters: 4140, time: 0.148, data: 0.003) G_GAN: 9.747 G_LPIPS: 50.745 D_real: 0.000 D_fake: 0.000 \n"}
,{"stream_name":"stdout","time":4852.588373593,"data":"(epoch: 10, iters: 4160, time: 0.146, data: 0.004) G_GAN: 9.983 G_LPIPS: 54.547 D_real: 0.000 D_fake: 0.000 \n"}
,{"stream_name":"stdout","time":4852.588376158,"data":"(epoch: 10, iters: 4180, time: 0.146, data: 0.003) G_GAN: 9.093 G_LPIPS: 48.552 D_real: 0.000 D_fake: 0.000 \n"}
,{"stream_name":"stdout","time":4852.588378482,"data":"(epoch: 10, iters: 4200, time: 0.144, data: 0.003) G_GAN: 9.070 G_LPIPS: 52.073 D_real: 0.000 D_fake: 0.000 \n"}
,{"stream_name":"stdout","time":4852.588380754,"data":"(epoch: 10, iters: 4220, time: 0.145, data: 0.003) G_GAN: 10.376 G_LPIPS: 56.621 D_real: 0.000 D_fake: 0.000 \n"}
,{"stream_name":"stdout","time":4852.58838304,"data":"(epoch: 10, iters: 4240, time: 0.146, data: 0.003) G_GAN: 8.141 G_LPIPS: 49.893 D_real: 0.000 D_fake: 0.000 \n"}
,{"stream_name":"stdout","time":4852.588385347,"data":"(epoch: 10, iters: 4260, time: 0.146, data: 0.003) G_GAN: 8.018 G_LPIPS: 53.043 D_real: 0.000 D_fake: 0.000 \n"}
,{"stream_name":"stdout","time":4852.588387629,"data":"(epoch: 10, iters: 4280, time: 0.145, data: 0.003) G_GAN: 8.956 G_LPIPS: 48.258 D_real: 0.000 D_fake: 0.000 \n"}
,{"stream_name":"stdout","time":4852.588389914,"data":"(epoch: 10, iters: 4300, time: 0.145, data: 0.003) G_GAN: 8.282 G_LPIPS: 47.611 D_real: 0.000 D_fake: 0.000 \n"}
,{"stream_name":"stdout","time":4852.588392189,"data":"(epoch: 10, iters: 4320, time: 0.146, data: 0.004) G_GAN: 8.853 G_LPIPS: 48.940 D_real: 0.000 D_fake: 0.000 \n"}
,{"stream_name":"stdout","time":4852.58839446,"data":"(epoch: 10, iters: 4340, time: 0.146, data: 0.004) G_GAN: 9.440 G_LPIPS: 49.201 D_real: 0.000 D_fake: 0.000 \n"}
,{"stream_name":"stdout","time":4852.588396732,"data":"(epoch: 10, iters: 4360, time: 0.147, data: 0.003) G_GAN: 9.094 G_LPIPS: 51.112 D_real: 0.000 D_fake: 0.000 \n"}
,{"stream_name":"stdout","time":4852.588399004,"data":"(epoch: 10, iters: 4380, time: 0.146, data: 0.003) G_GAN: 9.429 G_LPIPS: 52.314 D_real: 0.000 D_fake: 0.000 \n"}
,{"stream_name":"stdout","time":4852.588414727,"data":"(epoch: 10, iters: 4400, time: 0.146, data: 0.003) G_GAN: 9.086 G_LPIPS: 45.535 D_real: 0.000 D_fake: 0.000 \n"}
,{"stream_name":"stdout","time":4852.588419155,"data":"(epoch: 10, iters: 4420, time: 0.146, data: 0.004) G_GAN: 10.025 G_LPIPS: 53.497 D_real: 0.000 D_fake: 0.000 \n"}
,{"stream_name":"stdout","time":4852.588423164,"data":"(epoch: 10, iters: 4440, time: 0.146, data: 0.003) G_GAN: 8.685 G_LPIPS: 45.121 D_real: 0.000 D_fake: 0.000 \n"}
,{"stream_name":"stdout","time":4852.588426729,"data":"(epoch: 10, iters: 4460, time: 0.153, data: 0.003) G_GAN: 9.751 G_LPIPS: 47.503 D_real: 0.000 D_fake: 0.000 \n"}
,{"stream_name":"stdout","time":4852.588433527,"data":"(epoch: 10, iters: 4480, time: 0.195, data: 0.003) G_GAN: 9.275 G_LPIPS: 50.942 D_real: 0.000 D_fake: 0.000 \n"}
,{"stream_name":"stdout","time":4852.588437522,"data":"(epoch: 10, iters: 4500, time: 0.146, data: 0.004) G_GAN: 8.923 G_LPIPS: 53.046 D_real: 0.000 D_fake: 0.000 \n"}
,{"stream_name":"stdout","time":4852.588440654,"data":"(epoch: 10, iters: 4520, time: 0.198, data: 0.003) G_GAN: 9.114 G_LPIPS: 46.494 D_real: 0.000 D_fake: 0.000 \n"}
,{"stream_name":"stdout","time":4852.588443592,"data":"(epoch: 10, iters: 4540, time: 0.145, data: 0.003) G_GAN: 9.556 G_LPIPS: 52.042 D_real: 0.000 D_fake: 0.000 \n"}
,{"stream_name":"stdout","time":4969.708011167,"data":"(epoch: 10, iters: 4560, time: 0.199, data: 0.003) G_GAN: 9.030 G_LPIPS: 48.372 D_real: 0.002 D_fake: 0.000 \n"}
,{"stream_name":"stdout","time":4969.708051785,"data":"(epoch: 10, iters: 4580, time: 0.146, data: 0.003) G_GAN: 8.771 G_LPIPS: 51.708 D_real: 0.000 D_fake: 0.000 \n"}
,{"stream_name":"stdout","time":4969.70805818,"data":"(epoch: 10, iters: 4600, time: 0.147, data: 0.003) G_GAN: 8.412 G_LPIPS: 45.934 D_real: 0.000 D_fake: 0.000 \n"}
,{"stream_name":"stdout","time":4969.708062854,"data":"(epoch: 10, iters: 4620, time: 0.147, data: 0.004) G_GAN: 8.704 G_LPIPS: 48.101 D_real: 0.001 D_fake: 0.000 \n"}
,{"stream_name":"stdout","time":4969.708069523,"data":"(epoch: 10, iters: 4640, time: 0.146, data: 0.003) G_GAN: 8.683 G_LPIPS: 45.094 D_real: 0.000 D_fake: 0.000 \n"}
,{"stream_name":"stdout","time":4969.708077907,"data":"(epoch: 10, iters: 4660, time: 0.146, data: 0.003) G_GAN: 9.308 G_LPIPS: 46.093 D_real: 0.000 D_fake: 0.000 \n"}
,{"stream_name":"stdout","time":4969.708081861,"data":"(epoch: 10, iters: 4680, time: 0.147, data: 0.003) G_GAN: 9.541 G_LPIPS: 48.298 D_real: 0.000 D_fake: 0.000 \n"}
,{"stream_name":"stdout","time":4969.708086365,"data":"(epoch: 10, iters: 4700, time: 0.146, data: 0.003) G_GAN: 9.657 G_LPIPS: 48.623 D_real: 0.000 D_fake: 0.000 \n"}
,{"stream_name":"stdout","time":4969.708129346,"data":"(epoch: 10, iters: 4720, time: 0.145, data: 0.003) G_GAN: 9.349 G_LPIPS: 46.068 D_real: 0.000 D_fake: 0.000 \n"}
,{"stream_name":"stdout","time":4969.708135184,"data":"(epoch: 10, iters: 4740, time: 0.147, data: 0.004) G_GAN: 9.144 G_LPIPS: 51.485 D_real: 0.000 D_fake: 0.000 \n"}
,{"stream_name":"stdout","time":4969.708139868,"data":"(epoch: 10, iters: 4760, time: 0.146, data: 0.004) G_GAN: 9.748 G_LPIPS: 46.172 D_real: 0.000 D_fake: 0.000 \n"}
,{"stream_name":"stdout","time":4969.70814444,"data":"(epoch: 10, iters: 4780, time: 0.145, data: 0.003) G_GAN: 8.337 G_LPIPS: 49.575 D_real: 0.000 D_fake: 0.000 \n"}
,{"stream_name":"stdout","time":4969.708148999,"data":"saving the latest model (epoch 10, total_iters 55000)\n"}
,{"stream_name":"stdout","time":4969.708153342,"data":"(epoch: 10, iters: 4800, time: 0.145, data: 0.003) G_GAN: 8.675 G_LPIPS: 43.835 D_real: 0.017 D_fake: 0.000 \n"}
,{"stream_name":"stdout","time":4969.708160002,"data":"(epoch: 10, iters: 4820, time: 0.147, data: 0.003) G_GAN: 9.007 G_LPIPS: 42.813 D_real: 0.001 D_fake: 0.000 \n"}
,{"stream_name":"stdout","time":4969.708167103,"data":"(epoch: 10, iters: 4840, time: 0.147, data: 0.003) G_GAN: 9.060 G_LPIPS: 47.715 D_real: 0.000 D_fake: 0.000 \n"}
,{"stream_name":"stdout","time":4969.708170145,"data":"(epoch: 10, iters: 4860, time: 0.147, data: 0.003) G_GAN: 8.283 G_LPIPS: 48.321 D_real: 0.000 D_fake: 0.000 \n"}
,{"stream_name":"stdout","time":4969.708173212,"data":"(epoch: 10, iters: 4880, time: 0.147, data: 0.003) G_GAN: 9.171 G_LPIPS: 49.585 D_real: 0.000 D_fake: 0.000 \n"}
,{"stream_name":"stdout","time":4969.70817617,"data":"(epoch: 10, iters: 4900, time: 0.147, data: 0.003) G_GAN: 7.418 G_LPIPS: 49.971 D_real: 0.000 D_fake: 0.001 \n"}
,{"stream_name":"stdout","time":4969.708188031,"data":"(epoch: 10, iters: 4920, time: 0.147, data: 0.003) G_GAN: 9.491 G_LPIPS: 50.097 D_real: 0.000 D_fake: 0.000 \n"}
,{"stream_name":"stdout","time":4969.708192373,"data":"(epoch: 10, iters: 4940, time: 0.148, data: 0.003) G_GAN: 9.283 G_LPIPS: 45.755 D_real: 0.000 D_fake: 0.000 \n"}
,{"stream_name":"stdout","time":4969.708194895,"data":"(epoch: 10, iters: 4960, time: 0.147, data: 0.003) G_GAN: 8.199 G_LPIPS: 51.011 D_real: 0.000 D_fake: 0.000 \n"}
,{"stream_name":"stdout","time":4969.708197693,"data":"(epoch: 10, iters: 4980, time: 0.145, data: 0.003) G_GAN: 9.058 G_LPIPS: 46.003 D_real: 0.000 D_fake: 0.000 \n"}
,{"stream_name":"stdout","time":4969.708214808,"data":"(epoch: 10, iters: 5000, time: 0.147, data: 0.003) G_GAN: 9.407 G_LPIPS: 52.086 D_real: 0.000 D_fake: 0.000 \n"}
,{"stream_name":"stdout","time":4969.708219546,"data":"(epoch: 10, iters: 5020, time: 0.146, data: 0.003) G_GAN: 8.566 G_LPIPS: 49.303 D_real: 0.000 D_fake: 0.000 \n"}
,{"stream_name":"stdout","time":4969.708223541,"data":"(epoch: 10, iters: 5040, time: 0.147, data: 0.004) G_GAN: 9.495 G_LPIPS: 49.211 D_real: 0.000 D_fake: 0.000 \n"}
,{"stream_name":"stdout","time":4969.708227673,"data":"(epoch: 10, iters: 5060, time: 0.147, data: 0.003) G_GAN: 7.565 G_LPIPS: 39.405 D_real: 0.010 D_fake: 0.001 \n"}
,{"stream_name":"stdout","time":4969.708231913,"data":"(epoch: 10, iters: 5080, time: 0.146, data: 0.004) G_GAN: 9.193 G_LPIPS: 48.112 D_real: 0.000 D_fake: 0.000 \n"}
,{"stream_name":"stdout","time":4969.708235522,"data":"(epoch: 10, iters: 5100, time: 0.146, data: 0.003) G_GAN: 8.879 G_LPIPS: 55.009 D_real: 0.000 D_fake: 0.000 \n"}
,{"stream_name":"stdout","time":4969.708239008,"data":"(epoch: 10, iters: 5120, time: 0.147, data: 0.003) G_GAN: 7.987 G_LPIPS: 52.083 D_real: 0.000 D_fake: 0.000 \n"}
,{"stream_name":"stdout","time":4969.708242535,"data":"(epoch: 10, iters: 5140, time: 0.147, data: 0.003) G_GAN: 7.896 G_LPIPS: 45.788 D_real: 0.000 D_fake: 0.000 \n"}
,{"stream_name":"stdout","time":4969.70824611,"data":"(epoch: 10, iters: 5160, time: 0.149, data: 0.003) G_GAN: 8.577 G_LPIPS: 52.319 D_real: 0.000 D_fake: 0.000 \n"}
,{"stream_name":"stdout","time":4969.708249637,"data":"(epoch: 10, iters: 5180, time: 0.146, data: 0.003) G_GAN: 9.430 G_LPIPS: 53.674 D_real: 0.000 D_fake: 0.000 \n"}
,{"stream_name":"stdout","time":4969.70825316,"data":"(epoch: 10, iters: 5200, time: 0.147, data: 0.003) G_GAN: 9.428 G_LPIPS: 48.454 D_real: 0.000 D_fake: 0.000 \n"}
,{"stream_name":"stdout","time":4969.708256661,"data":"(epoch: 10, iters: 5220, time: 0.147, data: 0.004) G_GAN: 8.968 G_LPIPS: 49.588 D_real: 0.000 D_fake: 0.000 \n"}
,{"stream_name":"stdout","time":4969.708260195,"data":"(epoch: 10, iters: 5240, time: 0.147, data: 0.003) G_GAN: 9.167 G_LPIPS: 47.914 D_real: 0.000 D_fake: 0.000 \n"}
,{"stream_name":"stdout","time":4969.708263676,"data":"(epoch: 10, iters: 5260, time: 0.199, data: 0.003) G_GAN: 9.032 G_LPIPS: 51.193 D_real: 0.000 D_fake: 0.000 \n"}
,{"stream_name":"stdout","time":4969.708267091,"data":"(epoch: 10, iters: 5280, time: 0.147, data: 0.003) G_GAN: 9.595 G_LPIPS: 51.291 D_real: 0.000 D_fake: 0.000 \n"}
,{"stream_name":"stdout","time":4969.708270595,"data":"(epoch: 10, iters: 5300, time: 0.200, data: 0.003) G_GAN: 8.803 G_LPIPS: 48.887 D_real: 0.000 D_fake: 0.000 \n"}
,{"stream_name":"stdout","time":4969.7082746,"data":"(epoch: 10, iters: 5320, time: 0.147, data: 0.004) G_GAN: 8.397 G_LPIPS: 49.221 D_real: 0.000 D_fake: 0.000 \n"}
,{"stream_name":"stdout","time":4969.70828283,"data":"(epoch: 10, iters: 5340, time: 0.203, data: 0.003) G_GAN: 9.028 G_LPIPS: 47.360 D_real: 0.000 D_fake: 0.000 \n"}
,{"stream_name":"stdout","time":4969.708285668,"data":"(epoch: 10, iters: 5360, time: 0.148, data: 0.003) G_GAN: 9.259 G_LPIPS: 49.258 D_real: 0.000 D_fake: 0.000 \n"}
,{"stream_name":"stdout","time":4969.708291365,"data":"(epoch: 10, iters: 5380, time: 0.197, data: 0.003) G_GAN: 9.700 G_LPIPS: 54.661 D_real: 0.000 D_fake: 0.000 \n"}
,{"stream_name":"stdout","time":4969.708293826,"data":"(epoch: 10, iters: 5400, time: 0.147, data: 0.003) G_GAN: 9.315 G_LPIPS: 53.184 D_real: 0.000 D_fake: 0.000 \n"}
,{"stream_name":"stdout","time":4969.708296196,"data":"(epoch: 10, iters: 5420, time: 0.196, data: 0.003) G_GAN: 9.157 G_LPIPS: 53.450 D_real: 0.000 D_fake: 0.000 \n"}
,{"stream_name":"stdout","time":4969.708311128,"data":"(epoch: 10, iters: 5440, time: 0.146, data: 0.003) G_GAN: 9.749 G_LPIPS: 53.969 D_real: 0.000 D_fake: 0.000 \n"}
,{"stream_name":"stdout","time":4969.708315241,"data":"(epoch: 10, iters: 5460, time: 0.198, data: 0.003) G_GAN: 8.950 G_LPIPS: 49.475 D_real: 0.000 D_fake: 0.000 \n"}
,{"stream_name":"stdout","time":4969.70831946,"data":"(epoch: 10, iters: 5480, time: 0.147, data: 0.003) G_GAN: 8.860 G_LPIPS: 47.802 D_real: 0.000 D_fake: 0.000 \n"}
,{"stream_name":"stdout","time":4969.708323874,"data":"(epoch: 10, iters: 5500, time: 0.195, data: 0.003) G_GAN: 9.151 G_LPIPS: 45.526 D_real: 0.001 D_fake: 0.000 \n"}
,{"stream_name":"stdout","time":4969.708328143,"data":"(epoch: 10, iters: 5520, time: 0.146, data: 0.003) G_GAN: 9.590 G_LPIPS: 50.905 D_real: 0.000 D_fake: 0.000 \n"}
,{"stream_name":"stdout","time":4969.708338811,"data":"(epoch: 10, iters: 5540, time: 0.198, data: 0.004) G_GAN: 9.248 G_LPIPS: 50.890 D_real: 0.000 D_fake: 0.000 \n"}
,{"stream_name":"stdout","time":4969.708342415,"data":"(epoch: 10, iters: 5560, time: 0.147, data: 0.003) G_GAN: 9.011 G_LPIPS: 47.925 D_real: 0.000 D_fake: 0.000 \n"}
,{"stream_name":"stdout","time":4969.708345992,"data":"(epoch: 10, iters: 5580, time: 0.156, data: 0.003) G_GAN: 7.196 G_LPIPS: 43.567 D_real: 0.006 D_fake: 0.001 \n"}
,{"stream_name":"stdout","time":4969.708349593,"data":"saving the model at the end of epoch 10, iters 55800\n"}
,{"stream_name":"stdout","time":4969.708353272,"data":"End of epoch 10 / 20 \t Time Taken: 619 sec\n"}
,{"stream_name":"stdout","time":4969.708357042,"data":"learning rate 0.0000909 -\u003e 0.0000818\n"}
,{"stream_name":"stdout","time":5143.33397667,"data":"(epoch: 11, iters: 20, time: 0.148, data: 0.272) G_GAN: 9.316 G_LPIPS: 48.696 D_real: 0.000 D_fake: 0.000 \n"}
,{"stream_name":"stdout","time":5143.334176977,"data":"(epoch: 11, iters: 40, time: 0.147, data: 0.001) G_GAN: 7.348 G_LPIPS: 47.831 D_real: 0.000 D_fake: 0.001 \n"}
,{"stream_name":"stdout","time":5143.334193896,"data":"(epoch: 11, iters: 60, time: 0.147, data: 0.003) G_GAN: 9.347 G_LPIPS: 44.992 D_real: 0.000 D_fake: 0.000 \n"}
,{"stream_name":"stdout","time":5143.334197861,"data":"(epoch: 11, iters: 80, time: 0.147, data: 0.003) G_GAN: 9.412 G_LPIPS: 50.774 D_real: 0.000 D_fake: 0.000 \n"}
,{"stream_name":"stdout","time":5143.334201165,"data":"(epoch: 11, iters: 100, time: 0.146, data: 0.003) G_GAN: 9.644 G_LPIPS: 53.087 D_real: 0.000 D_fake: 0.000 \n"}
,{"stream_name":"stdout","time":5143.334204274,"data":"(epoch: 11, iters: 120, time: 0.149, data: 0.003) G_GAN: 9.224 G_LPIPS: 48.687 D_real: 0.000 D_fake: 0.000 \n"}
,{"stream_name":"stdout","time":5143.334207323,"data":"(epoch: 11, iters: 140, time: 0.147, data: 0.003) G_GAN: 9.223 G_LPIPS: 45.682 D_real: 0.000 D_fake: 0.000 \n"}
,{"stream_name":"stdout","time":5143.33421062,"data":"(epoch: 11, iters: 160, time: 0.147, data: 0.003) G_GAN: 9.212 G_LPIPS: 49.406 D_real: 0.000 D_fake: 0.000 \n"}
,{"stream_name":"stdout","time":5143.334213718,"data":"(epoch: 11, iters: 180, time: 0.147, data: 0.003) G_GAN: 9.514 G_LPIPS: 52.555 D_real: 0.000 D_fake: 0.000 \n"}
,{"stream_name":"stdout","time":5143.334216733,"data":"(epoch: 11, iters: 200, time: 0.165, data: 0.003) G_GAN: 6.919 G_LPIPS: 45.143 D_real: 0.000 D_fake: 0.002 \n"}
,{"stream_name":"stdout","time":5143.334232781,"data":"(epoch: 11, iters: 220, time: 0.148, data: 0.003) G_GAN: 9.955 G_LPIPS: 53.457 D_real: 0.000 D_fake: 0.000 \n"}
,{"stream_name":"stdout","time":5143.334235605,"data":"(epoch: 11, iters: 240, time: 0.148, data: 0.004) G_GAN: 9.301 G_LPIPS: 48.960 D_real: 0.000 D_fake: 0.000 \n"}
,{"stream_name":"stdout","time":5143.334237913,"data":"(epoch: 11, iters: 260, time: 0.147, data: 0.003) G_GAN: 9.288 G_LPIPS: 49.410 D_real: 0.000 D_fake: 0.000 \n"}
,{"stream_name":"stdout","time":5143.334240223,"data":"(epoch: 11, iters: 280, time: 0.147, data: 0.003) G_GAN: 9.027 G_LPIPS: 47.614 D_real: 0.000 D_fake: 0.000 \n"}
,{"stream_name":"stdout","time":5143.334242638,"data":"(epoch: 11, iters: 300, time: 0.147, data: 0.003) G_GAN: 9.625 G_LPIPS: 51.161 D_real: 0.000 D_fake: 0.000 \n"}
,{"stream_name":"stdout","time":5143.334244973,"data":"(epoch: 11, iters: 320, time: 0.150, data: 0.003) G_GAN: 9.168 G_LPIPS: 48.169 D_real: 0.000 D_fake: 0.000 \n"}
,{"stream_name":"stdout","time":5143.334247273,"data":"(epoch: 11, iters: 340, time: 0.148, data: 0.003) G_GAN: 9.171 G_LPIPS: 52.314 D_real: 0.000 D_fake: 0.000 \n"}
,{"stream_name":"stdout","time":5143.334249557,"data":"(epoch: 11, iters: 360, time: 0.149, data: 0.003) G_GAN: 9.748 G_LPIPS: 52.329 D_real: 0.000 D_fake: 0.000 \n"}
,{"stream_name":"stdout","time":5143.334251958,"data":"(epoch: 11, iters: 380, time: 0.148, data: 0.003) G_GAN: 8.726 G_LPIPS: 46.847 D_real: 0.000 D_fake: 0.000 \n"}
,{"stream_name":"stdout","time":5143.334256964,"data":"(epoch: 11, iters: 400, time: 0.147, data: 0.004) G_GAN: 9.541 G_LPIPS: 49.958 D_real: 0.000 D_fake: 0.000 \n"}
,{"stream_name":"stdout","time":5143.33425937,"data":"(epoch: 11, iters: 420, time: 0.148, data: 0.004) G_GAN: 8.972 G_LPIPS: 49.703 D_real: 0.000 D_fake: 0.000 \n"}
,{"stream_name":"stdout","time":5143.334261651,"data":"(epoch: 11, iters: 440, time: 0.148, data: 0.003) G_GAN: 9.433 G_LPIPS: 49.594 D_real: 0.000 D_fake: 0.000 \n"}
,{"stream_name":"stdout","time":5143.33426402,"data":"(epoch: 11, iters: 460, time: 0.148, data: 0.003) G_GAN: 8.644 G_LPIPS: 53.062 D_real: 0.000 D_fake: 0.000 \n"}
,{"stream_name":"stdout","time":5143.334266343,"data":"(epoch: 11, iters: 480, time: 0.147, data: 0.003) G_GAN: 9.417 G_LPIPS: 49.492 D_real: 0.000 D_fake: 0.000 \n"}
,{"stream_name":"stdout","time":5143.334268627,"data":"(epoch: 11, iters: 500, time: 0.148, data: 0.003) G_GAN: 9.515 G_LPIPS: 50.965 D_real: 0.000 D_fake: 0.000 \n"}
,{"stream_name":"stdout","time":5143.334270931,"data":"(epoch: 11, iters: 520, time: 0.148, data: 0.003) G_GAN: 9.221 G_LPIPS: 46.647 D_real: 0.000 D_fake: 0.000 \n"}
,{"stream_name":"stdout","time":5143.334273298,"data":"(epoch: 11, iters: 540, time: 0.147, data: 0.003) G_GAN: 9.799 G_LPIPS: 50.060 D_real: 0.000 D_fake: 0.000 \n"}
,{"stream_name":"stdout","time":5143.334275595,"data":"(epoch: 11, iters: 560, time: 0.148, data: 0.003) G_GAN: 9.197 G_LPIPS: 49.059 D_real: 0.000 D_fake: 0.000 \n"}
,{"stream_name":"stdout","time":5143.334277887,"data":"(epoch: 11, iters: 580, time: 0.146, data: 0.003) G_GAN: 8.318 G_LPIPS: 50.788 D_real: 0.000 D_fake: 0.000 \n"}
,{"stream_name":"stdout","time":5143.334280218,"data":"(epoch: 11, iters: 600, time: 0.148, data: 0.003) G_GAN: 9.631 G_LPIPS: 46.337 D_real: 0.000 D_fake: 0.000 \n"}
,{"stream_name":"stdout","time":5143.334282588,"data":"(epoch: 11, iters: 620, time: 0.149, data: 0.003) G_GAN: 8.545 G_LPIPS: 51.713 D_real: 0.000 D_fake: 0.000 \n"}
,{"stream_name":"stdout","time":5143.334284904,"data":"(epoch: 11, iters: 640, time: 0.148, data: 0.004) G_GAN: 9.682 G_LPIPS: 47.601 D_real: 0.000 D_fake: 0.000 \n"}
,{"stream_name":"stdout","time":5143.334287261,"data":"(epoch: 11, iters: 660, time: 0.147, data: 0.003) G_GAN: 8.640 G_LPIPS: 48.775 D_real: 0.000 D_fake: 0.000 \n"}
,{"stream_name":"stdout","time":5143.334292633,"data":"(epoch: 11, iters: 680, time: 0.149, data: 0.003) G_GAN: 9.534 G_LPIPS: 48.575 D_real: 0.000 D_fake: 0.000 \n"}
,{"stream_name":"stdout","time":5143.334295031,"data":"(epoch: 11, iters: 700, time: 0.199, data: 0.003) G_GAN: 9.704 G_LPIPS: 51.868 D_real: 0.000 D_fake: 0.000 \n"}
,{"stream_name":"stdout","time":5143.334297331,"data":"(epoch: 11, iters: 720, time: 0.148, data: 0.003) G_GAN: 8.342 G_LPIPS: 50.433 D_real: 0.000 D_fake: 0.000 \n"}
,{"stream_name":"stdout","time":5143.334299701,"data":"(epoch: 11, iters: 740, time: 0.200, data: 0.003) G_GAN: 8.862 G_LPIPS: 47.384 D_real: 0.000 D_fake: 0.000 \n"}
,{"stream_name":"stdout","time":5143.334302324,"data":"(epoch: 11, iters: 760, time: 0.148, data: 0.003) G_GAN: 9.697 G_LPIPS: 55.896 D_real: 0.000 D_fake: 0.000 \n"}
,{"stream_name":"stdout","time":5143.334304879,"data":"(epoch: 11, iters: 780, time: 0.198, data: 0.003) G_GAN: 8.540 G_LPIPS: 49.304 D_real: 0.000 D_fake: 0.000 \n"}
,{"stream_name":"stdout","time":5143.33430746,"data":"(epoch: 11, iters: 800, time: 0.156, data: 0.003) G_GAN: 9.622 G_LPIPS: 49.310 D_real: 0.000 D_fake: 0.000 \n"}
,{"stream_name":"stdout","time":5143.334310977,"data":"(epoch: 11, iters: 820, time: 0.199, data: 0.003) G_GAN: 8.787 G_LPIPS: 51.637 D_real: 0.000 D_fake: 0.000 \n"}
,{"stream_name":"stdout","time":5143.334314543,"data":"(epoch: 11, iters: 840, time: 0.148, data: 0.004) G_GAN: 9.500 G_LPIPS: 49.545 D_real: 0.000 D_fake: 0.000 \n"}
,{"stream_name":"stdout","time":5143.334335063,"data":"(epoch: 11, iters: 860, time: 0.148, data: 0.003) G_GAN: 9.344 G_LPIPS: 47.001 D_real: 0.000 D_fake: 0.000 \n"}
,{"stream_name":"stdout","time":5143.33433879,"data":"(epoch: 11, iters: 880, time: 0.147, data: 0.003) G_GAN: 9.956 G_LPIPS: 49.728 D_real: 0.000 D_fake: 0.000 \n"}
,{"stream_name":"stdout","time":5143.334342972,"data":"(epoch: 11, iters: 900, time: 0.148, data: 0.003) G_GAN: 9.400 G_LPIPS: 49.509 D_real: 0.000 D_fake: 0.000 \n"}
,{"stream_name":"stdout","time":5143.334347156,"data":"(epoch: 11, iters: 920, time: 0.147, data: 0.003) G_GAN: 8.835 G_LPIPS: 47.753 D_real: 0.001 D_fake: 0.000 \n"}
,{"stream_name":"stdout","time":5143.334351029,"data":"(epoch: 11, iters: 940, time: 0.148, data: 0.004) G_GAN: 9.429 G_LPIPS: 47.977 D_real: 0.000 D_fake: 0.000 \n"}
,{"stream_name":"stdout","time":5143.334354846,"data":"(epoch: 11, iters: 960, time: 0.147, data: 0.003) G_GAN: 9.515 G_LPIPS: 45.351 D_real: 0.000 D_fake: 0.000 \n"}
,{"stream_name":"stdout","time":5143.33435923,"data":"(epoch: 11, iters: 980, time: 0.149, data: 0.003) G_GAN: 8.129 G_LPIPS: 46.144 D_real: 0.000 D_fake: 0.000 \n"}
,{"stream_name":"stdout","time":5143.334363586,"data":"(epoch: 11, iters: 1000, time: 0.148, data: 0.003) G_GAN: 9.879 G_LPIPS: 50.756 D_real: 0.000 D_fake: 0.000 \n"}
,{"stream_name":"stdout","time":5143.33436712,"data":"(epoch: 11, iters: 1020, time: 0.148, data: 0.003) G_GAN: 9.275 G_LPIPS: 49.403 D_real: 0.000 D_fake: 0.000 \n"}
,{"stream_name":"stdout","time":5143.334370396,"data":"(epoch: 11, iters: 1040, time: 0.148, data: 0.003) G_GAN: 9.498 G_LPIPS: 46.914 D_real: 0.000 D_fake: 0.000 \n"}
,{"stream_name":"stdout","time":5143.334373536,"data":"(epoch: 11, iters: 1060, time: 0.148, data: 0.003) G_GAN: 9.396 G_LPIPS: 48.842 D_real: 0.000 D_fake: 0.000 \n"}
,{"stream_name":"stdout","time":5143.334376963,"data":"(epoch: 11, iters: 1080, time: 0.148, data: 0.003) G_GAN: 9.148 G_LPIPS: 48.539 D_real: 0.000 D_fake: 0.000 \n"}
,{"stream_name":"stdout","time":5143.334380101,"data":"(epoch: 11, iters: 1100, time: 0.147, data: 0.003) G_GAN: 8.571 G_LPIPS: 47.063 D_real: 0.000 D_fake: 0.000 \n"}
,{"stream_name":"stdout","time":5143.334383318,"data":"(epoch: 11, iters: 1120, time: 0.147, data: 0.003) G_GAN: 9.888 G_LPIPS: 51.521 D_real: 0.000 D_fake: 0.000 \n"}
,{"stream_name":"stdout","time":5143.334395651,"data":"(epoch: 11, iters: 1140, time: 0.148, data: 0.003) G_GAN: 9.391 G_LPIPS: 47.498 D_real: 0.000 D_fake: 0.000 \n"}
,{"stream_name":"stdout","time":5143.334399429,"data":"(epoch: 11, iters: 1160, time: 0.148, data: 0.003) G_GAN: 9.574 G_LPIPS: 52.394 D_real: 0.000 D_fake: 0.000 \n"}
,{"stream_name":"stdout","time":5143.334403436,"data":"(epoch: 11, iters: 1180, time: 0.147, data: 0.003) G_GAN: 9.777 G_LPIPS: 50.759 D_real: 0.000 D_fake: 0.000 \n"}
,{"stream_name":"stdout","time":5143.334406647,"data":"(epoch: 11, iters: 1200, time: 0.147, data: 0.003) G_GAN: 9.598 G_LPIPS: 54.165 D_real: 0.000 D_fake: 0.000 \n"}
,{"stream_name":"stdout","time":5143.334410697,"data":"(epoch: 11, iters: 1220, time: 0.146, data: 0.003) G_GAN: 9.651 G_LPIPS: 51.059 D_real: 0.000 D_fake: 0.000 \n"}
,{"stream_name":"stdout","time":5143.334414711,"data":"(epoch: 11, iters: 1240, time: 0.148, data: 0.003) G_GAN: 9.861 G_LPIPS: 54.980 D_real: 0.000 D_fake: 0.000 \n"}
,{"stream_name":"stdout","time":5143.334418195,"data":"(epoch: 11, iters: 1260, time: 0.147, data: 0.003) G_GAN: 9.608 G_LPIPS: 47.826 D_real: 0.000 D_fake: 0.000 \n"}
,{"stream_name":"stdout","time":5143.33442166,"data":"(epoch: 11, iters: 1280, time: 0.148, data: 0.003) G_GAN: 9.239 G_LPIPS: 46.102 D_real: 0.000 D_fake: 0.000 \n"}
,{"stream_name":"stdout","time":5143.334424902,"data":"(epoch: 11, iters: 1300, time: 0.148, data: 0.003) G_GAN: 9.579 G_LPIPS: 48.207 D_real: 0.000 D_fake: 0.000 \n"}
,{"stream_name":"stdout","time":5143.334428848,"data":"(epoch: 11, iters: 1320, time: 0.149, data: 0.003) G_GAN: 9.446 G_LPIPS: 48.657 D_real: 0.000 D_fake: 0.000 \n"}
,{"stream_name":"stdout","time":5143.334431845,"data":"(epoch: 11, iters: 1340, time: 0.148, data: 0.003) G_GAN: 10.036 G_LPIPS: 47.257 D_real: 0.000 D_fake: 0.000 \n"}
,{"stream_name":"stdout","time":5143.334435073,"data":"(epoch: 11, iters: 1360, time: 0.147, data: 0.003) G_GAN: 9.054 G_LPIPS: 50.188 D_real: 0.000 D_fake: 0.000 \n"}
,{"stream_name":"stdout","time":5143.33443851,"data":"(epoch: 11, iters: 1380, time: 0.147, data: 0.003) G_GAN: 9.724 G_LPIPS: 46.249 D_real: 0.000 D_fake: 0.000 \n"}
,{"stream_name":"stdout","time":5143.334441755,"data":"(epoch: 11, iters: 1400, time: 0.149, data: 0.004) G_GAN: 8.858 G_LPIPS: 50.174 D_real: 0.000 D_fake: 0.000 \n"}
,{"stream_name":"stdout","time":5143.334445198,"data":"(epoch: 11, iters: 1420, time: 0.148, data: 0.003) G_GAN: 9.839 G_LPIPS: 45.448 D_real: 0.002 D_fake: 0.000 \n"}
,{"stream_name":"stdout","time":5143.334448291,"data":"(epoch: 11, iters: 1440, time: 0.148, data: 0.003) G_GAN: 9.601 G_LPIPS: 52.465 D_real: 0.000 D_fake: 0.000 \n"}
,{"stream_name":"stdout","time":5143.334451816,"data":"(epoch: 11, iters: 1460, time: 0.148, data: 0.003) G_GAN: 9.014 G_LPIPS: 50.195 D_real: 0.000 D_fake: 0.000 \n"}
,{"stream_name":"stdout","time":5143.334455431,"data":"(epoch: 11, iters: 1480, time: 0.148, data: 0.003) G_GAN: 9.468 G_LPIPS: 49.083 D_real: 0.000 D_fake: 0.000 \n"}
,{"stream_name":"stdout","time":5143.334459469,"data":"(epoch: 11, iters: 1500, time: 0.150, data: 0.003) G_GAN: 9.810 G_LPIPS: 50.049 D_real: 0.000 D_fake: 0.000 \n"}
,{"stream_name":"stdout","time":5318.080620325,"data":"(epoch: 11, iters: 1520, time: 0.198, data: 0.003) G_GAN: 9.450 G_LPIPS: 48.833 D_real: 0.000 D_fake: 0.000 \n"}
,{"stream_name":"stdout","time":5318.080667444,"data":"(epoch: 11, iters: 1540, time: 0.155, data: 0.003) G_GAN: 9.638 G_LPIPS: 52.638 D_real: 0.000 D_fake: 0.000 \n"}
,{"stream_name":"stdout","time":5318.080673746,"data":"(epoch: 11, iters: 1560, time: 0.149, data: 0.003) G_GAN: 8.934 G_LPIPS: 43.834 D_real: 0.000 D_fake: 0.000 \n"}
,{"stream_name":"stdout","time":5318.080679091,"data":"(epoch: 11, iters: 1580, time: 0.148, data: 0.003) G_GAN: 9.765 G_LPIPS: 53.761 D_real: 0.000 D_fake: 0.000 \n"}
,{"stream_name":"stdout","time":5318.080695932,"data":"(epoch: 11, iters: 1600, time: 0.200, data: 0.003) G_GAN: 9.727 G_LPIPS: 49.749 D_real: 0.000 D_fake: 0.000 \n"}
,{"stream_name":"stdout","time":5318.08069985,"data":"(epoch: 11, iters: 1620, time: 0.148, data: 0.003) G_GAN: 9.032 G_LPIPS: 47.797 D_real: 0.000 D_fake: 0.000 \n"}
,{"stream_name":"stdout","time":5318.080703271,"data":"(epoch: 11, iters: 1640, time: 0.148, data: 0.003) G_GAN: 9.264 G_LPIPS: 53.904 D_real: 0.000 D_fake: 0.000 \n"}
,{"stream_name":"stdout","time":5318.08070722,"data":"(epoch: 11, iters: 1660, time: 0.148, data: 0.003) G_GAN: 9.671 G_LPIPS: 46.162 D_real: 0.000 D_fake: 0.000 \n"}
,{"stream_name":"stdout","time":5318.080723913,"data":"(epoch: 11, iters: 1680, time: 0.149, data: 0.003) G_GAN: 10.011 G_LPIPS: 47.366 D_real: 0.000 D_fake: 0.000 \n"}
,{"stream_name":"stdout","time":5318.080727286,"data":"(epoch: 11, iters: 1700, time: 0.148, data: 0.003) G_GAN: 8.593 G_LPIPS: 45.999 D_real: 0.000 D_fake: 0.000 \n"}
,{"stream_name":"stdout","time":5318.080730486,"data":"(epoch: 11, iters: 1720, time: 0.200, data: 0.003) G_GAN: 9.286 G_LPIPS: 50.475 D_real: 0.000 D_fake: 0.000 \n"}
,{"stream_name":"stdout","time":5318.08073374,"data":"(epoch: 11, iters: 1740, time: 0.147, data: 0.003) G_GAN: 9.177 G_LPIPS: 53.569 D_real: 0.000 D_fake: 0.000 \n"}
,{"stream_name":"stdout","time":5318.080737692,"data":"(epoch: 11, iters: 1760, time: 0.147, data: 0.003) G_GAN: 8.361 G_LPIPS: 48.864 D_real: 0.000 D_fake: 0.000 \n"}
,{"stream_name":"stdout","time":5318.080741441,"data":"(epoch: 11, iters: 1780, time: 0.150, data: 0.003) G_GAN: 8.706 G_LPIPS: 49.144 D_real: 0.000 D_fake: 0.000 \n"}
,{"stream_name":"stdout","time":5318.08074523,"data":"(epoch: 11, iters: 1800, time: 0.197, data: 0.003) G_GAN: 8.629 G_LPIPS: 50.905 D_real: 0.000 D_fake: 0.000 \n"}
,{"stream_name":"stdout","time":5318.080748982,"data":"(epoch: 11, iters: 1820, time: 0.147, data: 0.003) G_GAN: 9.157 G_LPIPS: 51.129 D_real: 0.000 D_fake: 0.000 \n"}
,{"stream_name":"stdout","time":5318.08075286,"data":"(epoch: 11, iters: 1840, time: 0.149, data: 0.003) G_GAN: 9.674 G_LPIPS: 47.509 D_real: 0.000 D_fake: 0.000 \n"}
,{"stream_name":"stdout","time":5318.08075685,"data":"(epoch: 11, iters: 1860, time: 0.148, data: 0.003) G_GAN: 9.123 G_LPIPS: 49.933 D_real: 0.000 D_fake: 0.000 \n"}
,{"stream_name":"stdout","time":5318.08076019,"data":"(epoch: 11, iters: 1880, time: 0.148, data: 0.003) G_GAN: 9.173 G_LPIPS: 47.594 D_real: 0.000 D_fake: 0.000 \n"}
,{"stream_name":"stdout","time":5318.080765618,"data":"(epoch: 11, iters: 1900, time: 0.149, data: 0.003) G_GAN: 9.791 G_LPIPS: 50.388 D_real: 0.000 D_fake: 0.000 \n"}
,{"stream_name":"stdout","time":5318.080769464,"data":"(epoch: 11, iters: 1920, time: 0.199, data: 0.003) G_GAN: 9.521 G_LPIPS: 46.701 D_real: 0.000 D_fake: 0.000 \n"}
,{"stream_name":"stdout","time":5318.080773495,"data":"(epoch: 11, iters: 1940, time: 0.155, data: 0.003) G_GAN: 9.588 G_LPIPS: 48.601 D_real: 0.000 D_fake: 0.000 \n"}
,{"stream_name":"stdout","time":5318.080777178,"data":"(epoch: 11, iters: 1960, time: 0.149, data: 0.003) G_GAN: 8.976 G_LPIPS: 50.008 D_real: 0.000 D_fake: 0.000 \n"}
,{"stream_name":"stdout","time":5318.080781385,"data":"(epoch: 11, iters: 1980, time: 0.149, data: 0.003) G_GAN: 9.755 G_LPIPS: 46.536 D_real: 0.000 D_fake: 0.000 \n"}
,{"stream_name":"stdout","time":5318.080784548,"data":"(epoch: 11, iters: 2000, time: 0.150, data: 0.003) G_GAN: 9.127 G_LPIPS: 44.060 D_real: 0.004 D_fake: 0.000 \n"}
,{"stream_name":"stdout","time":5318.080787806,"data":"(epoch: 11, iters: 2020, time: 0.148, data: 0.004) G_GAN: 9.134 G_LPIPS: 47.035 D_real: 0.000 D_fake: 0.000 \n"}
,{"stream_name":"stdout","time":5318.08079637,"data":"(epoch: 11, iters: 2040, time: 0.199, data: 0.003) G_GAN: 8.621 G_LPIPS: 47.549 D_real: 0.000 D_fake: 0.000 \n"}
,{"stream_name":"stdout","time":5318.080800578,"data":"(epoch: 11, iters: 2060, time: 0.148, data: 0.003) G_GAN: 8.578 G_LPIPS: 50.852 D_real: 0.000 D_fake: 0.000 \n"}
,{"stream_name":"stdout","time":5318.08080439,"data":"(epoch: 11, iters: 2080, time: 0.148, data: 0.003) G_GAN: 9.345 G_LPIPS: 49.912 D_real: 0.000 D_fake: 0.000 \n"}
,{"stream_name":"stdout","time":5318.080808077,"data":"(epoch: 11, iters: 2100, time: 0.148, data: 0.003) G_GAN: 9.616 G_LPIPS: 51.552 D_real: 0.000 D_fake: 0.000 \n"}
,{"stream_name":"stdout","time":5318.080811678,"data":"(epoch: 11, iters: 2120, time: 0.149, data: 0.003) G_GAN: 9.461 G_LPIPS: 47.749 D_real: 0.000 D_fake: 0.000 \n"}
,{"stream_name":"stdout","time":5318.080814945,"data":"(epoch: 11, iters: 2140, time: 0.149, data: 0.003) G_GAN: 9.854 G_LPIPS: 50.234 D_real: 0.000 D_fake: 0.000 \n"}
,{"stream_name":"stdout","time":5318.080819929,"data":"(epoch: 11, iters: 2160, time: 0.201, data: 0.003) G_GAN: 9.987 G_LPIPS: 50.897 D_real: 0.000 D_fake: 0.000 \n"}
,{"stream_name":"stdout","time":5318.080827791,"data":"(epoch: 11, iters: 2180, time: 0.148, data: 0.003) G_GAN: 9.062 G_LPIPS: 44.697 D_real: 0.000 D_fake: 0.000 \n"}
,{"stream_name":"stdout","time":5318.080830676,"data":"(epoch: 11, iters: 2200, time: 0.173, data: 0.003) G_GAN: 9.604 G_LPIPS: 52.026 D_real: 0.000 D_fake: 0.000 \n"}
,{"stream_name":"stdout","time":5318.08083336,"data":"(epoch: 11, iters: 2220, time: 0.148, data: 0.003) G_GAN: 9.409 G_LPIPS: 49.742 D_real: 0.000 D_fake: 0.000 \n"}
,{"stream_name":"stdout","time":5318.080835651,"data":"(epoch: 11, iters: 2240, time: 0.149, data: 0.003) G_GAN: 9.782 G_LPIPS: 49.679 D_real: 0.000 D_fake: 0.000 \n"}
,{"stream_name":"stdout","time":5318.080837921,"data":"(epoch: 11, iters: 2260, time: 0.148, data: 0.003) G_GAN: 9.387 G_LPIPS: 50.063 D_real: 0.000 D_fake: 0.000 \n"}
,{"stream_name":"stdout","time":5318.080840747,"data":"(epoch: 11, iters: 2280, time: 0.184, data: 0.003) G_GAN: 9.971 G_LPIPS: 52.761 D_real: 0.000 D_fake: 0.000 \n"}
,{"stream_name":"stdout","time":5318.0808432,"data":"(epoch: 11, iters: 2300, time: 0.149, data: 0.003) G_GAN: 9.141 G_LPIPS: 45.342 D_real: 0.000 D_fake: 0.000 \n"}
,{"stream_name":"stdout","time":5318.080845481,"data":"(epoch: 11, iters: 2320, time: 0.149, data: 0.003) G_GAN: 9.984 G_LPIPS: 46.675 D_real: 0.000 D_fake: 0.000 \n"}
,{"stream_name":"stdout","time":5318.080847736,"data":"(epoch: 11, iters: 2340, time: 0.149, data: 0.003) G_GAN: 8.860 G_LPIPS: 47.698 D_real: 0.000 D_fake: 0.000 \n"}
,{"stream_name":"stdout","time":5318.080849996,"data":"(epoch: 11, iters: 2360, time: 0.148, data: 0.003) G_GAN: 9.692 G_LPIPS: 51.240 D_real: 0.000 D_fake: 0.000 \n"}
,{"stream_name":"stdout","time":5318.080852369,"data":"(epoch: 11, iters: 2380, time: 0.148, data: 0.003) G_GAN: 9.804 G_LPIPS: 50.194 D_real: 0.000 D_fake: 0.000 \n"}
,{"stream_name":"stdout","time":5318.080854647,"data":"(epoch: 11, iters: 2400, time: 0.148, data: 0.004) G_GAN: 9.687 G_LPIPS: 49.258 D_real: 0.000 D_fake: 0.000 \n"}
,{"stream_name":"stdout","time":5318.080856918,"data":"(epoch: 11, iters: 2420, time: 0.149, data: 0.003) G_GAN: 9.435 G_LPIPS: 47.894 D_real: 0.000 D_fake: 0.000 \n"}
,{"stream_name":"stdout","time":5318.080859174,"data":"(epoch: 11, iters: 2440, time: 0.149, data: 0.003) G_GAN: 8.395 G_LPIPS: 47.414 D_real: 0.000 D_fake: 0.000 \n"}
,{"stream_name":"stdout","time":5318.080861541,"data":"(epoch: 11, iters: 2460, time: 0.150, data: 0.003) G_GAN: 8.785 G_LPIPS: 46.872 D_real: 0.000 D_fake: 0.000 \n"}
,{"stream_name":"stdout","time":5318.08086381,"data":"(epoch: 11, iters: 2480, time: 0.148, data: 0.003) G_GAN: 9.107 G_LPIPS: 50.036 D_real: 0.000 D_fake: 0.000 \n"}
,{"stream_name":"stdout","time":5318.080868713,"data":"(epoch: 11, iters: 2500, time: 0.148, data: 0.003) G_GAN: 9.578 G_LPIPS: 49.118 D_real: 0.000 D_fake: 0.000 \n"}
,{"stream_name":"stdout","time":5318.080871155,"data":"(epoch: 11, iters: 2520, time: 0.148, data: 0.003) G_GAN: 9.538 G_LPIPS: 48.970 D_real: 0.000 D_fake: 0.000 \n"}
,{"stream_name":"stdout","time":5318.080873564,"data":"(epoch: 11, iters: 2540, time: 0.153, data: 0.003) G_GAN: 9.748 G_LPIPS: 52.500 D_real: 0.000 D_fake: 0.000 \n"}
,{"stream_name":"stdout","time":5318.080875836,"data":"(epoch: 11, iters: 2560, time: 0.149, data: 0.003) G_GAN: 9.447 G_LPIPS: 49.152 D_real: 0.000 D_fake: 0.000 \n"}
,{"stream_name":"stdout","time":5318.080878114,"data":"(epoch: 11, iters: 2580, time: 0.149, data: 0.003) G_GAN: 9.598 G_LPIPS: 51.033 D_real: 0.000 D_fake: 0.000 \n"}
,{"stream_name":"stdout","time":5318.080880381,"data":"(epoch: 11, iters: 2600, time: 0.150, data: 0.003) G_GAN: 8.794 G_LPIPS: 48.652 D_real: 0.000 D_fake: 0.000 \n"}
,{"stream_name":"stdout","time":5318.080882646,"data":"(epoch: 11, iters: 2620, time: 0.150, data: 0.003) G_GAN: 10.113 G_LPIPS: 48.625 D_real: 0.000 D_fake: 0.000 \n"}
,{"stream_name":"stdout","time":5318.080884913,"data":"(epoch: 11, iters: 2640, time: 0.148, data: 0.003) G_GAN: 9.269 G_LPIPS: 46.462 D_real: 0.001 D_fake: 0.000 \n"}
,{"stream_name":"stdout","time":5318.080887723,"data":"(epoch: 11, iters: 2660, time: 0.150, data: 0.003) G_GAN: 9.839 G_LPIPS: 50.233 D_real: 0.000 D_fake: 0.000 \n"}
,{"stream_name":"stdout","time":5318.08089004,"data":"(epoch: 11, iters: 2680, time: 0.150, data: 0.003) G_GAN: 9.691 G_LPIPS: 50.075 D_real: 0.000 D_fake: 0.000 \n"}
,{"stream_name":"stdout","time":5318.080892335,"data":"(epoch: 11, iters: 2700, time: 0.149, data: 0.003) G_GAN: 10.120 G_LPIPS: 49.482 D_real: 0.000 D_fake: 0.000 \n"}
,{"stream_name":"stdout","time":5318.080894612,"data":"(epoch: 11, iters: 2720, time: 0.153, data: 0.003) G_GAN: 9.307 G_LPIPS: 53.562 D_real: 0.000 D_fake: 0.000 \n"}
,{"stream_name":"stdout","time":5318.080896875,"data":"(epoch: 11, iters: 2740, time: 0.200, data: 0.003) G_GAN: 9.802 G_LPIPS: 50.716 D_real: 0.000 D_fake: 0.000 \n"}
,{"stream_name":"stdout","time":5318.080899236,"data":"(epoch: 11, iters: 2760, time: 0.149, data: 0.003) G_GAN: 9.653 G_LPIPS: 52.202 D_real: 0.000 D_fake: 0.000 \n"}
,{"stream_name":"stdout","time":5318.080901503,"data":"(epoch: 11, iters: 2780, time: 0.201, data: 0.003) G_GAN: 9.190 G_LPIPS: 48.107 D_real: 0.000 D_fake: 0.000 \n"}
,{"stream_name":"stdout","time":5318.080903775,"data":"(epoch: 11, iters: 2800, time: 0.153, data: 0.003) G_GAN: 8.674 G_LPIPS: 48.431 D_real: 0.000 D_fake: 0.000 \n"}
,{"stream_name":"stdout","time":5318.080906051,"data":"(epoch: 11, iters: 2820, time: 0.201, data: 0.003) G_GAN: 9.687 G_LPIPS: 51.638 D_real: 0.000 D_fake: 0.000 \n"}
,{"stream_name":"stdout","time":5318.08090833,"data":"(epoch: 11, iters: 2840, time: 0.149, data: 0.003) G_GAN: 9.077 G_LPIPS: 44.320 D_real: 0.003 D_fake: 0.000 \n"}
,{"stream_name":"stdout","time":5318.080910717,"data":"(epoch: 11, iters: 2860, time: 0.200, data: 0.003) G_GAN: 8.033 G_LPIPS: 43.154 D_real: 0.000 D_fake: 0.001 \n"}
,{"stream_name":"stdout","time":5318.080912993,"data":"(epoch: 11, iters: 2880, time: 0.150, data: 0.003) G_GAN: 9.005 G_LPIPS: 47.672 D_real: 0.000 D_fake: 0.000 \n"}
,{"stream_name":"stdout","time":5318.080915256,"data":"(epoch: 11, iters: 2900, time: 0.149, data: 0.003) G_GAN: 9.469 G_LPIPS: 52.724 D_real: 0.000 D_fake: 0.000 \n"}
,{"stream_name":"stdout","time":5318.080917897,"data":"(epoch: 11, iters: 2920, time: 0.150, data: 0.003) G_GAN: 9.388 G_LPIPS: 48.821 D_real: 0.000 D_fake: 0.000 \n"}
,{"stream_name":"stdout","time":5318.080940379,"data":"(epoch: 11, iters: 2940, time: 0.148, data: 0.003) G_GAN: 8.590 G_LPIPS: 50.100 D_real: 0.000 D_fake: 0.000 \n"}
,{"stream_name":"stdout","time":5318.080947398,"data":"(epoch: 11, iters: 2960, time: 0.148, data: 0.003) G_GAN: 9.238 G_LPIPS: 44.051 D_real: 0.002 D_fake: 0.000 \n"}
,{"stream_name":"stdout","time":5318.080950862,"data":"(epoch: 11, iters: 2980, time: 0.157, data: 0.003) G_GAN: 9.527 G_LPIPS: 49.885 D_real: 0.000 D_fake: 0.000 \n"}
,{"stream_name":"stdout","time":5318.08095412,"data":"(epoch: 11, iters: 3000, time: 0.150, data: 0.003) G_GAN: 9.342 G_LPIPS: 49.125 D_real: 0.000 D_fake: 0.000 \n"}
,{"stream_name":"stdout","time":5318.080957794,"data":"(epoch: 11, iters: 3020, time: 0.150, data: 0.003) G_GAN: 9.960 G_LPIPS: 52.368 D_real: 0.000 D_fake: 0.000 \n"}
,{"stream_name":"stdout","time":5494.273767416,"data":"(epoch: 11, iters: 3040, time: 0.149, data: 0.003) G_GAN: 9.035 G_LPIPS: 49.363 D_real: 0.000 D_fake: 0.000 \n"}
,{"stream_name":"stdout","time":5494.273813867,"data":"(epoch: 11, iters: 3060, time: 0.148, data: 0.003) G_GAN: 9.581 G_LPIPS: 46.196 D_real: 0.000 D_fake: 0.000 \n"}
,{"stream_name":"stdout","time":5494.273825809,"data":"(epoch: 11, iters: 3080, time: 0.150, data: 0.003) G_GAN: 8.897 G_LPIPS: 51.268 D_real: 0.000 D_fake: 0.000 \n"}
,{"stream_name":"stdout","time":5494.273830358,"data":"(epoch: 11, iters: 3100, time: 0.149, data: 0.003) G_GAN: 9.893 G_LPIPS: 50.448 D_real: 0.000 D_fake: 0.000 \n"}
,{"stream_name":"stdout","time":5494.273833612,"data":"(epoch: 11, iters: 3120, time: 0.150, data: 0.003) G_GAN: 9.607 G_LPIPS: 46.178 D_real: 0.000 D_fake: 0.000 \n"}
,{"stream_name":"stdout","time":5494.273836643,"data":"(epoch: 11, iters: 3140, time: 0.150, data: 0.003) G_GAN: 7.452 G_LPIPS: 46.690 D_real: 0.000 D_fake: 0.001 \n"}
,{"stream_name":"stdout","time":5494.273839833,"data":"(epoch: 11, iters: 3160, time: 0.150, data: 0.003) G_GAN: 9.863 G_LPIPS: 50.396 D_real: 0.000 D_fake: 0.000 \n"}
,{"stream_name":"stdout","time":5494.273842863,"data":"(epoch: 11, iters: 3180, time: 0.152, data: 0.003) G_GAN: 9.683 G_LPIPS: 52.495 D_real: 0.000 D_fake: 0.000 \n"}
,{"stream_name":"stdout","time":5494.27384589,"data":"(epoch: 11, iters: 3200, time: 0.149, data: 0.003) G_GAN: 9.533 G_LPIPS: 46.610 D_real: 0.000 D_fake: 0.000 \n"}
,{"stream_name":"stdout","time":5494.273848862,"data":"(epoch: 11, iters: 3220, time: 0.149, data: 0.003) G_GAN: 9.551 G_LPIPS: 48.291 D_real: 0.000 D_fake: 0.000 \n"}
,{"stream_name":"stdout","time":5494.273851813,"data":"(epoch: 11, iters: 3240, time: 0.157, data: 0.003) G_GAN: 9.215 G_LPIPS: 48.696 D_real: 0.000 D_fake: 0.000 \n"}
,{"stream_name":"stdout","time":5494.273854871,"data":"(epoch: 11, iters: 3260, time: 0.152, data: 0.003) G_GAN: 9.498 G_LPIPS: 47.410 D_real: 0.000 D_fake: 0.000 \n"}
,{"stream_name":"stdout","time":5494.273857888,"data":"(epoch: 11, iters: 3280, time: 0.150, data: 0.003) G_GAN: 8.914 G_LPIPS: 43.880 D_real: 0.000 D_fake: 0.000 \n"}
,{"stream_name":"stdout","time":5494.273860818,"data":"(epoch: 11, iters: 3300, time: 0.151, data: 0.003) G_GAN: 9.479 G_LPIPS: 47.463 D_real: 0.000 D_fake: 0.000 \n"}
,{"stream_name":"stdout","time":5494.273863779,"data":"(epoch: 11, iters: 3320, time: 0.154, data: 0.003) G_GAN: 9.978 G_LPIPS: 51.660 D_real: 0.000 D_fake: 0.000 \n"}
,{"stream_name":"stdout","time":5494.273866715,"data":"(epoch: 11, iters: 3340, time: 0.150, data: 0.004) G_GAN: 9.850 G_LPIPS: 50.765 D_real: 0.000 D_fake: 0.000 \n"}
,{"stream_name":"stdout","time":5494.273870695,"data":"(epoch: 11, iters: 3360, time: 0.150, data: 0.003) G_GAN: 9.543 G_LPIPS: 53.139 D_real: 0.000 D_fake: 0.000 \n"}
,{"stream_name":"stdout","time":5494.273894339,"data":"(epoch: 11, iters: 3380, time: 0.151, data: 0.003) G_GAN: 9.378 G_LPIPS: 46.750 D_real: 0.000 D_fake: 0.000 \n"}
,{"stream_name":"stdout","time":5494.273899768,"data":"(epoch: 11, iters: 3400, time: 0.150, data: 0.004) G_GAN: 9.503 G_LPIPS: 50.299 D_real: 0.000 D_fake: 0.000 \n"}
,{"stream_name":"stdout","time":5494.273922886,"data":"(epoch: 11, iters: 3420, time: 0.151, data: 0.003) G_GAN: 10.097 G_LPIPS: 47.849 D_real: 0.000 D_fake: 0.000 \n"}
,{"stream_name":"stdout","time":5494.273926933,"data":"(epoch: 11, iters: 3440, time: 0.150, data: 0.003) G_GAN: 9.828 G_LPIPS: 47.442 D_real: 0.000 D_fake: 0.000 \n"}
,{"stream_name":"stdout","time":5494.273930453,"data":"(epoch: 11, iters: 3460, time: 0.151, data: 0.003) G_GAN: 9.280 G_LPIPS: 53.483 D_real: 0.000 D_fake: 0.000 \n"}
,{"stream_name":"stdout","time":5494.273935845,"data":"(epoch: 11, iters: 3480, time: 0.151, data: 0.003) G_GAN: 9.788 G_LPIPS: 49.589 D_real: 0.000 D_fake: 0.000 \n"}
,{"stream_name":"stdout","time":5494.273942476,"data":"(epoch: 11, iters: 3500, time: 0.149, data: 0.003) G_GAN: 8.613 G_LPIPS: 47.312 D_real: 0.000 D_fake: 0.000 \n"}
,{"stream_name":"stdout","time":5494.273944803,"data":"(epoch: 11, iters: 3520, time: 0.149, data: 0.003) G_GAN: 9.265 G_LPIPS: 49.243 D_real: 0.000 D_fake: 0.000 \n"}
,{"stream_name":"stdout","time":5494.273947073,"data":"(epoch: 11, iters: 3540, time: 0.150, data: 0.003) G_GAN: 9.823 G_LPIPS: 52.825 D_real: 0.000 D_fake: 0.000 \n"}
,{"stream_name":"stdout","time":5494.273949346,"data":"(epoch: 11, iters: 3560, time: 0.201, data: 0.003) G_GAN: 9.602 G_LPIPS: 51.854 D_real: 0.000 D_fake: 0.000 \n"}
,{"stream_name":"stdout","time":5494.273951601,"data":"(epoch: 11, iters: 3580, time: 0.150, data: 0.003) G_GAN: 9.659 G_LPIPS: 47.519 D_real: 0.000 D_fake: 0.000 \n"}
,{"stream_name":"stdout","time":5494.273953961,"data":"(epoch: 11, iters: 3600, time: 0.201, data: 0.003) G_GAN: 9.889 G_LPIPS: 50.498 D_real: 0.000 D_fake: 0.000 \n"}
,{"stream_name":"stdout","time":5494.273956285,"data":"(epoch: 11, iters: 3620, time: 0.150, data: 0.003) G_GAN: 9.498 G_LPIPS: 49.782 D_real: 0.000 D_fake: 0.000 \n"}
,{"stream_name":"stdout","time":5494.273958568,"data":"(epoch: 11, iters: 3640, time: 0.199, data: 0.004) G_GAN: 9.312 G_LPIPS: 47.517 D_real: 0.000 D_fake: 0.000 \n"}
,{"stream_name":"stdout","time":5494.273960826,"data":"(epoch: 11, iters: 3660, time: 0.149, data: 0.003) G_GAN: 8.563 G_LPIPS: 50.253 D_real: 0.000 D_fake: 0.000 \n"}
,{"stream_name":"stdout","time":5494.273963178,"data":"(epoch: 11, iters: 3680, time: 0.202, data: 0.003) G_GAN: 9.469 G_LPIPS: 48.481 D_real: 0.000 D_fake: 0.000 \n"}
,{"stream_name":"stdout","time":5494.273965435,"data":"(epoch: 11, iters: 3700, time: 0.150, data: 0.003) G_GAN: 9.266 G_LPIPS: 47.702 D_real: 0.000 D_fake: 0.000 \n"}
,{"stream_name":"stdout","time":5494.27396769,"data":"(epoch: 11, iters: 3720, time: 0.185, data: 0.003) G_GAN: 9.967 G_LPIPS: 52.327 D_real: 0.000 D_fake: 0.000 \n"}
,{"stream_name":"stdout","time":5494.273969958,"data":"(epoch: 11, iters: 3740, time: 0.151, data: 0.003) G_GAN: 9.930 G_LPIPS: 49.650 D_real: 0.000 D_fake: 0.000 \n"}
,{"stream_name":"stdout","time":5494.273972301,"data":"(epoch: 11, iters: 3760, time: 0.150, data: 0.003) G_GAN: 9.994 G_LPIPS: 52.057 D_real: 0.000 D_fake: 0.000 \n"}
,{"stream_name":"stdout","time":5494.273975116,"data":"(epoch: 11, iters: 3780, time: 0.151, data: 0.003) G_GAN: 9.517 G_LPIPS: 49.641 D_real: 0.000 D_fake: 0.000 \n"}
,{"stream_name":"stdout","time":5494.273990526,"data":"(epoch: 11, iters: 3800, time: 0.151, data: 0.003) G_GAN: 9.601 G_LPIPS: 49.441 D_real: 0.000 D_fake: 0.000 \n"}
,{"stream_name":"stdout","time":5494.274003291,"data":"(epoch: 11, iters: 3820, time: 0.150, data: 0.003) G_GAN: 9.740 G_LPIPS: 47.400 D_real: 0.000 D_fake: 0.000 \n"}
,{"stream_name":"stdout","time":5494.274007309,"data":"(epoch: 11, iters: 3840, time: 0.157, data: 0.003) G_GAN: 8.336 G_LPIPS: 47.967 D_real: 0.000 D_fake: 0.000 \n"}
,{"stream_name":"stdout","time":5494.274011558,"data":"(epoch: 11, iters: 3860, time: 0.149, data: 0.003) G_GAN: 9.676 G_LPIPS: 47.116 D_real: 0.000 D_fake: 0.000 \n"}
,{"stream_name":"stdout","time":5494.274019919,"data":"(epoch: 11, iters: 3880, time: 0.149, data: 0.003) G_GAN: 9.405 G_LPIPS: 49.784 D_real: 0.000 D_fake: 0.000 \n"}
,{"stream_name":"stdout","time":5494.274023485,"data":"(epoch: 11, iters: 3900, time: 0.151, data: 0.003) G_GAN: 8.618 G_LPIPS: 45.378 D_real: 0.000 D_fake: 0.000 \n"}
,{"stream_name":"stdout","time":5494.27402702,"data":"(epoch: 11, iters: 3920, time: 0.150, data: 0.003) G_GAN: 9.846 G_LPIPS: 47.387 D_real: 0.000 D_fake: 0.000 \n"}
,{"stream_name":"stdout","time":5494.274030498,"data":"(epoch: 11, iters: 3940, time: 0.151, data: 0.003) G_GAN: 9.351 G_LPIPS: 47.940 D_real: 0.000 D_fake: 0.000 \n"}
,{"stream_name":"stdout","time":5494.274034041,"data":"(epoch: 11, iters: 3960, time: 0.150, data: 0.003) G_GAN: 9.813 G_LPIPS: 45.850 D_real: 0.000 D_fake: 0.000 \n"}
,{"stream_name":"stdout","time":5494.274037548,"data":"(epoch: 11, iters: 3980, time: 0.149, data: 0.003) G_GAN: 10.368 G_LPIPS: 49.973 D_real: 0.000 D_fake: 0.000 \n"}
,{"stream_name":"stdout","time":5494.274041078,"data":"(epoch: 11, iters: 4000, time: 0.151, data: 0.003) G_GAN: 9.342 G_LPIPS: 48.773 D_real: 0.000 D_fake: 0.000 \n"}
,{"stream_name":"stdout","time":5494.274044945,"data":"(epoch: 11, iters: 4020, time: 0.149, data: 0.003) G_GAN: 9.550 G_LPIPS: 49.392 D_real: 0.000 D_fake: 0.000 \n"}
,{"stream_name":"stdout","time":5494.274048551,"data":"(epoch: 11, iters: 4040, time: 0.151, data: 0.003) G_GAN: 9.964 G_LPIPS: 48.081 D_real: 0.000 D_fake: 0.000 \n"}
,{"stream_name":"stdout","time":5494.274052293,"data":"(epoch: 11, iters: 4060, time: 0.150, data: 0.003) G_GAN: 9.354 G_LPIPS: 48.131 D_real: 0.000 D_fake: 0.000 \n"}
,{"stream_name":"stdout","time":5494.274055798,"data":"(epoch: 11, iters: 4080, time: 0.150, data: 0.003) G_GAN: 9.768 G_LPIPS: 52.191 D_real: 0.000 D_fake: 0.000 \n"}
,{"stream_name":"stdout","time":5494.27407276,"data":"(epoch: 11, iters: 4100, time: 0.153, data: 0.003) G_GAN: 9.295 G_LPIPS: 49.848 D_real: 0.000 D_fake: 0.000 \n"}
,{"stream_name":"stdout","time":5494.274075181,"data":"(epoch: 11, iters: 4120, time: 0.152, data: 0.003) G_GAN: 10.424 G_LPIPS: 52.588 D_real: 0.000 D_fake: 0.000 \n"}
,{"stream_name":"stdout","time":5494.274077466,"data":"(epoch: 11, iters: 4140, time: 0.151, data: 0.003) G_GAN: 9.323 G_LPIPS: 52.345 D_real: 0.000 D_fake: 0.000 \n"}
,{"stream_name":"stdout","time":5494.274080115,"data":"(epoch: 11, iters: 4160, time: 0.151, data: 0.003) G_GAN: 9.124 G_LPIPS: 43.358 D_real: 0.000 D_fake: 0.000 \n"}
,{"stream_name":"stdout","time":5494.274097648,"data":"(epoch: 11, iters: 4180, time: 0.151, data: 0.003) G_GAN: 9.342 G_LPIPS: 48.392 D_real: 0.000 D_fake: 0.000 \n"}
,{"stream_name":"stdout","time":5494.274126652,"data":"(epoch: 11, iters: 4200, time: 0.167, data: 0.003) G_GAN: 9.696 G_LPIPS: 53.809 D_real: 0.000 D_fake: 0.000 \n"}
,{"stream_name":"stdout","time":5494.274130424,"data":"saving the latest model (epoch 11, total_iters 60000)\n"}
,{"stream_name":"stdout","time":5494.27413385,"data":"(epoch: 11, iters: 4220, time: 0.151, data: 0.003) G_GAN: 9.707 G_LPIPS: 51.811 D_real: 0.000 D_fake: 0.000 \n"}
,{"stream_name":"stdout","time":5494.274137318,"data":"(epoch: 11, iters: 4240, time: 0.151, data: 0.003) G_GAN: 10.291 G_LPIPS: 49.287 D_real: 0.000 D_fake: 0.000 \n"}
,{"stream_name":"stdout","time":5494.2741409,"data":"(epoch: 11, iters: 4260, time: 0.161, data: 0.003) G_GAN: 9.788 G_LPIPS: 50.681 D_real: 0.000 D_fake: 0.000 \n"}
,{"stream_name":"stdout","time":5494.274144465,"data":"(epoch: 11, iters: 4280, time: 0.149, data: 0.003) G_GAN: 9.525 G_LPIPS: 50.830 D_real: 0.000 D_fake: 0.000 \n"}
,{"stream_name":"stdout","time":5494.274147971,"data":"(epoch: 11, iters: 4300, time: 0.151, data: 0.003) G_GAN: 9.691 G_LPIPS: 47.066 D_real: 0.000 D_fake: 0.000 \n"}
,{"stream_name":"stdout","time":5494.274155878,"data":"(epoch: 11, iters: 4320, time: 0.149, data: 0.003) G_GAN: 9.792 G_LPIPS: 47.360 D_real: 0.000 D_fake: 0.000 \n"}
,{"stream_name":"stdout","time":5494.274159416,"data":"(epoch: 11, iters: 4340, time: 0.152, data: 0.003) G_GAN: 9.494 G_LPIPS: 48.724 D_real: 0.000 D_fake: 0.000 \n"}
,{"stream_name":"stdout","time":5494.274162968,"data":"(epoch: 11, iters: 4360, time: 0.151, data: 0.003) G_GAN: 9.977 G_LPIPS: 47.885 D_real: 0.000 D_fake: 0.000 \n"}
,{"stream_name":"stdout","time":5494.274166454,"data":"(epoch: 11, iters: 4380, time: 0.202, data: 0.003) G_GAN: 9.642 G_LPIPS: 48.206 D_real: 0.000 D_fake: 0.000 \n"}
,{"stream_name":"stdout","time":5494.274169886,"data":"(epoch: 11, iters: 4400, time: 0.152, data: 0.003) G_GAN: 9.432 G_LPIPS: 49.200 D_real: 0.000 D_fake: 0.000 \n"}
,{"stream_name":"stdout","time":5494.274173458,"data":"(epoch: 11, iters: 4420, time: 0.202, data: 0.003) G_GAN: 9.664 G_LPIPS: 47.788 D_real: 0.000 D_fake: 0.000 \n"}
,{"stream_name":"stdout","time":5494.274176986,"data":"(epoch: 11, iters: 4440, time: 0.151, data: 0.003) G_GAN: 9.409 G_LPIPS: 48.339 D_real: 0.000 D_fake: 0.000 \n"}
,{"stream_name":"stdout","time":5494.274184818,"data":"(epoch: 11, iters: 4460, time: 0.151, data: 0.003) G_GAN: 9.573 G_LPIPS: 48.771 D_real: 0.000 D_fake: 0.000 \n"}
,{"stream_name":"stdout","time":5494.274187852,"data":"(epoch: 11, iters: 4480, time: 0.152, data: 0.003) G_GAN: 9.593 G_LPIPS: 48.491 D_real: 0.000 D_fake: 0.000 \n"}
,{"stream_name":"stdout","time":5494.274204037,"data":"(epoch: 11, iters: 4500, time: 0.150, data: 0.003) G_GAN: 9.314 G_LPIPS: 48.115 D_real: 0.000 D_fake: 0.000 \n"}
,{"stream_name":"stdout","time":5494.274208218,"data":"(epoch: 11, iters: 4520, time: 0.151, data: 0.003) G_GAN: 9.847 G_LPIPS: 50.636 D_real: 0.000 D_fake: 0.000 \n"}
,{"stream_name":"stdout","time":5617.686878816,"data":"(epoch: 11, iters: 4540, time: 0.150, data: 0.004) G_GAN: 9.563 G_LPIPS: 48.702 D_real: 0.000 D_fake: 0.000 \n"}
,{"stream_name":"stdout","time":5617.686916664,"data":"(epoch: 11, iters: 4560, time: 0.151, data: 0.003) G_GAN: 10.306 G_LPIPS: 47.924 D_real: 0.000 D_fake: 0.000 \n"}
,{"stream_name":"stdout","time":5617.686922518,"data":"(epoch: 11, iters: 4580, time: 0.151, data: 0.003) G_GAN: 9.810 G_LPIPS: 45.552 D_real: 0.000 D_fake: 0.000 \n"}
,{"stream_name":"stdout","time":5617.686927781,"data":"(epoch: 11, iters: 4600, time: 0.157, data: 0.003) G_GAN: 8.239 G_LPIPS: 44.992 D_real: 0.000 D_fake: 0.000 \n"}
,{"stream_name":"stdout","time":5617.686932942,"data":"(epoch: 11, iters: 4620, time: 0.150, data: 0.003) G_GAN: 9.637 G_LPIPS: 53.568 D_real: 0.000 D_fake: 0.000 \n"}
,{"stream_name":"stdout","time":5617.686938076,"data":"(epoch: 11, iters: 4640, time: 0.150, data: 0.004) G_GAN: 10.029 G_LPIPS: 49.922 D_real: 0.000 D_fake: 0.000 \n"}
,{"stream_name":"stdout","time":5617.686943203,"data":"(epoch: 11, iters: 4660, time: 0.150, data: 0.003) G_GAN: 9.623 G_LPIPS: 45.096 D_real: 0.000 D_fake: 0.000 \n"}
,{"stream_name":"stdout","time":5617.686948211,"data":"(epoch: 11, iters: 4680, time: 0.149, data: 0.003) G_GAN: 9.334 G_LPIPS: 51.031 D_real: 0.000 D_fake: 0.000 \n"}
,{"stream_name":"stdout","time":5617.686953298,"data":"(epoch: 11, iters: 4700, time: 0.151, data: 0.003) G_GAN: 9.691 G_LPIPS: 52.010 D_real: 0.000 D_fake: 0.000 \n"}
,{"stream_name":"stdout","time":5617.686958414,"data":"(epoch: 11, iters: 4720, time: 0.200, data: 0.003) G_GAN: 9.369 G_LPIPS: 49.111 D_real: 0.000 D_fake: 0.000 \n"}
,{"stream_name":"stdout","time":5617.686963687,"data":"(epoch: 11, iters: 4740, time: 0.150, data: 0.003) G_GAN: 9.399 G_LPIPS: 48.554 D_real: 0.000 D_fake: 0.000 \n"}
,{"stream_name":"stdout","time":5617.686969025,"data":"(epoch: 11, iters: 4760, time: 0.150, data: 0.003) G_GAN: 10.359 G_LPIPS: 49.071 D_real: 0.000 D_fake: 0.000 \n"}
,{"stream_name":"stdout","time":5617.68698242,"data":"(epoch: 11, iters: 4780, time: 0.150, data: 0.003) G_GAN: 10.105 G_LPIPS: 47.180 D_real: 0.000 D_fake: 0.000 \n"}
,{"stream_name":"stdout","time":5617.686986684,"data":"(epoch: 11, iters: 4800, time: 0.152, data: 0.003) G_GAN: 9.114 G_LPIPS: 45.585 D_real: 0.001 D_fake: 0.000 \n"}
,{"stream_name":"stdout","time":5617.68699092,"data":"(epoch: 11, iters: 4820, time: 0.151, data: 0.003) G_GAN: 10.043 G_LPIPS: 50.443 D_real: 0.000 D_fake: 0.000 \n"}
,{"stream_name":"stdout","time":5617.686995183,"data":"(epoch: 11, iters: 4840, time: 0.150, data: 0.003) G_GAN: 9.673 G_LPIPS: 50.220 D_real: 0.000 D_fake: 0.000 \n"}
,{"stream_name":"stdout","time":5617.686999279,"data":"(epoch: 11, iters: 4860, time: 0.149, data: 0.003) G_GAN: 10.106 G_LPIPS: 52.982 D_real: 0.000 D_fake: 0.000 \n"}
,{"stream_name":"stdout","time":5617.687003477,"data":"(epoch: 11, iters: 4880, time: 0.151, data: 0.003) G_GAN: 10.561 G_LPIPS: 52.567 D_real: 0.000 D_fake: 0.000 \n"}
,{"stream_name":"stdout","time":5617.687007803,"data":"(epoch: 11, iters: 4900, time: 0.151, data: 0.003) G_GAN: 9.764 G_LPIPS: 50.502 D_real: 0.000 D_fake: 0.000 \n"}
,{"stream_name":"stdout","time":5617.687013257,"data":"(epoch: 11, iters: 4920, time: 0.150, data: 0.003) G_GAN: 10.150 G_LPIPS: 52.548 D_real: 0.000 D_fake: 0.000 \n"}
,{"stream_name":"stdout","time":5617.687017628,"data":"(epoch: 11, iters: 4940, time: 0.152, data: 0.003) G_GAN: 9.413 G_LPIPS: 47.402 D_real: 0.000 D_fake: 0.000 \n"}
,{"stream_name":"stdout","time":5617.687022076,"data":"(epoch: 11, iters: 4960, time: 0.152, data: 0.004) G_GAN: 10.118 G_LPIPS: 50.173 D_real: 0.000 D_fake: 0.000 \n"}
,{"stream_name":"stdout","time":5617.68702636,"data":"(epoch: 11, iters: 4980, time: 0.202, data: 0.003) G_GAN: 10.018 G_LPIPS: 47.305 D_real: 0.000 D_fake: 0.000 \n"}
,{"stream_name":"stdout","time":5617.687030704,"data":"(epoch: 11, iters: 5000, time: 0.150, data: 0.003) G_GAN: 9.882 G_LPIPS: 49.600 D_real: 0.000 D_fake: 0.000 \n"}
,{"stream_name":"stdout","time":5617.687035388,"data":"(epoch: 11, iters: 5020, time: 0.153, data: 0.003) G_GAN: 9.740 G_LPIPS: 46.103 D_real: 0.000 D_fake: 0.000 \n"}
,{"stream_name":"stdout","time":5617.687039766,"data":"(epoch: 11, iters: 5040, time: 0.151, data: 0.003) G_GAN: 10.209 G_LPIPS: 53.292 D_real: 0.000 D_fake: 0.000 \n"}
,{"stream_name":"stdout","time":5617.687043948,"data":"(epoch: 11, iters: 5060, time: 0.151, data: 0.003) G_GAN: 10.060 G_LPIPS: 45.920 D_real: 0.000 D_fake: 0.000 \n"}
,{"stream_name":"stdout","time":5617.687048038,"data":"(epoch: 11, iters: 5080, time: 0.151, data: 0.003) G_GAN: 10.157 G_LPIPS: 54.168 D_real: 0.000 D_fake: 0.000 \n"}
,{"stream_name":"stdout","time":5617.68705216,"data":"(epoch: 11, iters: 5100, time: 0.151, data: 0.003) G_GAN: 9.620 G_LPIPS: 48.894 D_real: 0.000 D_fake: 0.000 \n"}
,{"stream_name":"stdout","time":5617.687056336,"data":"(epoch: 11, iters: 5120, time: 0.151, data: 0.003) G_GAN: 9.502 G_LPIPS: 45.393 D_real: 0.000 D_fake: 0.000 \n"}
,{"stream_name":"stdout","time":5617.68706073,"data":"(epoch: 11, iters: 5140, time: 0.151, data: 0.003) G_GAN: 9.312 G_LPIPS: 48.877 D_real: 0.000 D_fake: 0.000 \n"}
,{"stream_name":"stdout","time":5617.687064899,"data":"(epoch: 11, iters: 5160, time: 0.149, data: 0.003) G_GAN: 10.209 G_LPIPS: 54.148 D_real: 0.000 D_fake: 0.000 \n"}
,{"stream_name":"stdout","time":5617.68706936,"data":"(epoch: 11, iters: 5180, time: 0.150, data: 0.003) G_GAN: 10.123 G_LPIPS: 47.483 D_real: 0.000 D_fake: 0.000 \n"}
,{"stream_name":"stdout","time":5617.687073917,"data":"(epoch: 11, iters: 5200, time: 0.149, data: 0.003) G_GAN: 9.619 G_LPIPS: 50.500 D_real: 0.000 D_fake: 0.000 \n"}
,{"stream_name":"stdout","time":5617.687078364,"data":"(epoch: 11, iters: 5220, time: 0.150, data: 0.003) G_GAN: 9.770 G_LPIPS: 52.186 D_real: 0.000 D_fake: 0.000 \n"}
,{"stream_name":"stdout","time":5617.687118108,"data":"(epoch: 11, iters: 5240, time: 0.201, data: 0.003) G_GAN: 10.398 G_LPIPS: 53.621 D_real: 0.000 D_fake: 0.000 \n"}
,{"stream_name":"stdout","time":5617.687124995,"data":"(epoch: 11, iters: 5260, time: 0.151, data: 0.003) G_GAN: 10.380 G_LPIPS: 51.625 D_real: 0.000 D_fake: 0.000 \n"}
,{"stream_name":"stdout","time":5617.687129081,"data":"(epoch: 11, iters: 5280, time: 0.157, data: 0.003) G_GAN: 9.935 G_LPIPS: 49.629 D_real: 0.000 D_fake: 0.000 \n"}
,{"stream_name":"stdout","time":5617.687134402,"data":"(epoch: 11, iters: 5300, time: 0.153, data: 0.003) G_GAN: 10.202 G_LPIPS: 51.765 D_real: 0.000 D_fake: 0.000 \n"}
,{"stream_name":"stdout","time":5617.687139048,"data":"(epoch: 11, iters: 5320, time: 0.151, data: 0.003) G_GAN: 10.184 G_LPIPS: 48.464 D_real: 0.000 D_fake: 0.000 \n"}
,{"stream_name":"stdout","time":5617.68714385,"data":"(epoch: 11, iters: 5340, time: 0.151, data: 0.003) G_GAN: 10.428 G_LPIPS: 48.060 D_real: 0.000 D_fake: 0.000 \n"}
,{"stream_name":"stdout","time":5617.68714808,"data":"(epoch: 11, iters: 5360, time: 0.151, data: 0.003) G_GAN: 9.786 G_LPIPS: 49.117 D_real: 0.000 D_fake: 0.000 \n"}
,{"stream_name":"stdout","time":5617.687152479,"data":"(epoch: 11, iters: 5380, time: 0.151, data: 0.003) G_GAN: 10.608 G_LPIPS: 50.717 D_real: 0.000 D_fake: 0.000 \n"}
,{"stream_name":"stdout","time":5617.687156638,"data":"(epoch: 11, iters: 5400, time: 0.150, data: 0.003) G_GAN: 9.153 G_LPIPS: 45.092 D_real: 0.000 D_fake: 0.000 \n"}
,{"stream_name":"stdout","time":5617.687160904,"data":"(epoch: 11, iters: 5420, time: 0.150, data: 0.003) G_GAN: 9.952 G_LPIPS: 45.622 D_real: 0.000 D_fake: 0.000 \n"}
,{"stream_name":"stdout","time":5617.687165232,"data":"(epoch: 11, iters: 5440, time: 0.152, data: 0.003) G_GAN: 8.988 G_LPIPS: 48.845 D_real: 0.000 D_fake: 0.000 \n"}
,{"stream_name":"stdout","time":5617.687169364,"data":"(epoch: 11, iters: 5460, time: 0.150, data: 0.003) G_GAN: 9.242 G_LPIPS: 47.211 D_real: 0.000 D_fake: 0.000 \n"}
,{"stream_name":"stdout","time":5617.687173626,"data":"(epoch: 11, iters: 5480, time: 0.152, data: 0.003) G_GAN: 9.602 G_LPIPS: 47.101 D_real: 0.000 D_fake: 0.000 \n"}
,{"stream_name":"stdout","time":5617.687178036,"data":"(epoch: 11, iters: 5500, time: 0.201, data: 0.003) G_GAN: 9.785 G_LPIPS: 47.936 D_real: 0.000 D_fake: 0.000 \n"}
,{"stream_name":"stdout","time":5617.687182379,"data":"(epoch: 11, iters: 5520, time: 0.151, data: 0.003) G_GAN: 9.515 G_LPIPS: 43.927 D_real: 0.000 D_fake: 0.000 \n"}
,{"stream_name":"stdout","time":5617.687186639,"data":"(epoch: 11, iters: 5540, time: 0.205, data: 0.003) G_GAN: 9.679 G_LPIPS: 51.062 D_real: 0.000 D_fake: 0.000 \n"}
,{"stream_name":"stdout","time":5617.687190932,"data":"(epoch: 11, iters: 5560, time: 0.152, data: 0.003) G_GAN: 10.305 G_LPIPS: 51.203 D_real: 0.000 D_fake: 0.000 \n"}
,{"stream_name":"stdout","time":5617.687195124,"data":"(epoch: 11, iters: 5580, time: 0.109, data: 0.003) G_GAN: 10.654 G_LPIPS: 57.948 D_real: 0.000 D_fake: 0.000 \n"}
,{"stream_name":"stdout","time":5617.687199325,"data":"saving the model at the end of epoch 11, iters 61380\n"}
,{"stream_name":"stdout","time":5617.68720355,"data":"End of epoch 11 / 20 \t Time Taken: 647 sec\n"}
,{"stream_name":"stdout","time":5617.687208217,"data":"learning rate 0.0000818 -\u003e 0.0000727\n"}
,{"stream_name":"stdout","time":5798.892546595,"data":"(epoch: 12, iters: 20, time: 0.151, data: 0.275) G_GAN: 10.001 G_LPIPS: 44.988 D_real: 0.000 D_fake: 0.000 \n"}
,{"stream_name":"stdout","time":5798.89259522,"data":"(epoch: 12, iters: 40, time: 0.159, data: 0.002) G_GAN: 9.804 G_LPIPS: 49.310 D_real: 0.000 D_fake: 0.000 \n"}
,{"stream_name":"stdout","time":5798.892600309,"data":"(epoch: 12, iters: 60, time: 0.152, data: 0.003) G_GAN: 10.028 G_LPIPS: 50.871 D_real: 0.000 D_fake: 0.000 \n"}
,{"stream_name":"stdout","time":5798.892614603,"data":"(epoch: 12, iters: 80, time: 0.153, data: 0.003) G_GAN: 9.795 G_LPIPS: 49.356 D_real: 0.000 D_fake: 0.000 \n"}
,{"stream_name":"stdout","time":5798.892617314,"data":"(epoch: 12, iters: 100, time: 0.153, data: 0.003) G_GAN: 10.238 G_LPIPS: 50.985 D_real: 0.000 D_fake: 0.000 \n"}
,{"stream_name":"stdout","time":5798.892619674,"data":"(epoch: 12, iters: 120, time: 0.152, data: 0.003) G_GAN: 10.253 G_LPIPS: 47.434 D_real: 0.000 D_fake: 0.000 \n"}
,{"stream_name":"stdout","time":5798.892621957,"data":"(epoch: 12, iters: 140, time: 0.151, data: 0.003) G_GAN: 9.677 G_LPIPS: 47.999 D_real: 0.000 D_fake: 0.000 \n"}
,{"stream_name":"stdout","time":5798.892624879,"data":"(epoch: 12, iters: 160, time: 0.151, data: 0.003) G_GAN: 9.746 G_LPIPS: 48.014 D_real: 0.000 D_fake: 0.000 \n"}
,{"stream_name":"stdout","time":5798.892627432,"data":"(epoch: 12, iters: 180, time: 0.152, data: 0.003) G_GAN: 10.376 G_LPIPS: 52.082 D_real: 0.000 D_fake: 0.000 \n"}
,{"stream_name":"stdout","time":5798.892629819,"data":"(epoch: 12, iters: 200, time: 0.152, data: 0.003) G_GAN: 10.327 G_LPIPS: 52.432 D_real: 0.000 D_fake: 0.000 \n"}
,{"stream_name":"stdout","time":5798.892632189,"data":"(epoch: 12, iters: 220, time: 0.221, data: 0.003) G_GAN: 10.419 G_LPIPS: 51.846 D_real: 0.000 D_fake: 0.000 \n"}
,{"stream_name":"stdout","time":5798.892634464,"data":"(epoch: 12, iters: 240, time: 0.152, data: 0.004) G_GAN: 10.063 G_LPIPS: 48.554 D_real: 0.000 D_fake: 0.000 \n"}
,{"stream_name":"stdout","time":5798.892636838,"data":"(epoch: 12, iters: 260, time: 0.201, data: 0.003) G_GAN: 9.828 G_LPIPS: 49.511 D_real: 0.000 D_fake: 0.000 \n"}
,{"stream_name":"stdout","time":5798.892639106,"data":"(epoch: 12, iters: 280, time: 0.151, data: 0.003) G_GAN: 9.995 G_LPIPS: 50.358 D_real: 0.000 D_fake: 0.000 \n"}
,{"stream_name":"stdout","time":5798.892641383,"data":"(epoch: 12, iters: 300, time: 0.154, data: 0.003) G_GAN: 8.914 G_LPIPS: 47.643 D_real: 0.000 D_fake: 0.000 \n"}
,{"stream_name":"stdout","time":5798.892643739,"data":"(epoch: 12, iters: 320, time: 0.151, data: 0.003) G_GAN: 10.611 G_LPIPS: 52.745 D_real: 0.000 D_fake: 0.000 \n"}
,{"stream_name":"stdout","time":5798.89264605,"data":"(epoch: 12, iters: 340, time: 0.151, data: 0.004) G_GAN: 10.037 G_LPIPS: 50.438 D_real: 0.000 D_fake: 0.000 \n"}
,{"stream_name":"stdout","time":5798.892648437,"data":"(epoch: 12, iters: 360, time: 0.153, data: 0.003) G_GAN: 10.128 G_LPIPS: 47.556 D_real: 0.000 D_fake: 0.000 \n"}
,{"stream_name":"stdout","time":5798.892651769,"data":"(epoch: 12, iters: 380, time: 0.152, data: 0.003) G_GAN: 9.853 G_LPIPS: 45.289 D_real: 0.000 D_fake: 0.000 \n"}
,{"stream_name":"stdout","time":5798.892654344,"data":"(epoch: 12, iters: 400, time: 0.153, data: 0.003) G_GAN: 10.478 G_LPIPS: 54.630 D_real: 0.000 D_fake: 0.000 \n"}
,{"stream_name":"stdout","time":5798.892656624,"data":"(epoch: 12, iters: 420, time: 0.151, data: 0.003) G_GAN: 9.915 G_LPIPS: 51.597 D_real: 0.000 D_fake: 0.000 \n"}
,{"stream_name":"stdout","time":5798.892658889,"data":"(epoch: 12, iters: 440, time: 0.152, data: 0.003) G_GAN: 9.424 G_LPIPS: 46.288 D_real: 0.000 D_fake: 0.000 \n"}
,{"stream_name":"stdout","time":5798.892661165,"data":"(epoch: 12, iters: 460, time: 0.151, data: 0.003) G_GAN: 10.360 G_LPIPS: 47.700 D_real: 0.000 D_fake: 0.000 \n"}
,{"stream_name":"stdout","time":5798.892663435,"data":"(epoch: 12, iters: 480, time: 0.201, data: 0.003) G_GAN: 10.256 G_LPIPS: 49.987 D_real: 0.000 D_fake: 0.000 \n"}
,{"stream_name":"stdout","time":5798.892665724,"data":"(epoch: 12, iters: 500, time: 0.152, data: 0.003) G_GAN: 10.324 G_LPIPS: 54.751 D_real: 0.000 D_fake: 0.000 \n"}
,{"stream_name":"stdout","time":5798.892668,"data":"(epoch: 12, iters: 520, time: 0.202, data: 0.003) G_GAN: 9.075 G_LPIPS: 50.281 D_real: 0.000 D_fake: 0.000 \n"}
,{"stream_name":"stdout","time":5798.89267302,"data":"(epoch: 12, iters: 540, time: 0.151, data: 0.003) G_GAN: 10.170 G_LPIPS: 49.717 D_real: 0.000 D_fake: 0.000 \n"}
,{"stream_name":"stdout","time":5798.892675449,"data":"(epoch: 12, iters: 560, time: 0.152, data: 0.003) G_GAN: 9.953 G_LPIPS: 50.332 D_real: 0.000 D_fake: 0.000 \n"}
,{"stream_name":"stdout","time":5798.892677735,"data":"(epoch: 12, iters: 580, time: 0.152, data: 0.003) G_GAN: 9.055 G_LPIPS: 51.919 D_real: 0.000 D_fake: 0.000 \n"}
,{"stream_name":"stdout","time":5798.892680117,"data":"(epoch: 12, iters: 600, time: 0.152, data: 0.003) G_GAN: 10.110 G_LPIPS: 52.083 D_real: 0.000 D_fake: 0.000 \n"}
,{"stream_name":"stdout","time":5798.892682411,"data":"(epoch: 12, iters: 620, time: 0.170, data: 0.003) G_GAN: 8.602 G_LPIPS: 46.806 D_real: 0.000 D_fake: 0.000 \n"}
,{"stream_name":"stdout","time":5798.892684687,"data":"(epoch: 12, iters: 640, time: 0.153, data: 0.003) G_GAN: 9.881 G_LPIPS: 50.039 D_real: 0.000 D_fake: 0.000 \n"}
,{"stream_name":"stdout","time":5798.892687121,"data":"(epoch: 12, iters: 660, time: 0.154, data: 0.003) G_GAN: 10.187 G_LPIPS: 51.873 D_real: 0.000 D_fake: 0.000 \n"}
,{"stream_name":"stdout","time":5798.892689404,"data":"(epoch: 12, iters: 680, time: 0.151, data: 0.003) G_GAN: 10.066 G_LPIPS: 48.143 D_real: 0.000 D_fake: 0.000 \n"}
,{"stream_name":"stdout","time":5798.892691679,"data":"(epoch: 12, iters: 700, time: 0.160, data: 0.003) G_GAN: 9.997 G_LPIPS: 45.604 D_real: 0.000 D_fake: 0.000 \n"}
,{"stream_name":"stdout","time":5798.892693964,"data":"(epoch: 12, iters: 720, time: 0.152, data: 0.003) G_GAN: 9.652 G_LPIPS: 45.552 D_real: 0.000 D_fake: 0.000 \n"}
,{"stream_name":"stdout","time":5798.892696232,"data":"(epoch: 12, iters: 740, time: 0.153, data: 0.003) G_GAN: 10.129 G_LPIPS: 47.219 D_real: 0.000 D_fake: 0.000 \n"}
,{"stream_name":"stdout","time":5798.892698771,"data":"(epoch: 12, iters: 760, time: 0.152, data: 0.003) G_GAN: 10.260 G_LPIPS: 52.416 D_real: 0.000 D_fake: 0.000 \n"}
,{"stream_name":"stdout","time":5798.892701059,"data":"(epoch: 12, iters: 780, time: 0.202, data: 0.003) G_GAN: 9.690 G_LPIPS: 49.944 D_real: 0.000 D_fake: 0.000 \n"}
,{"stream_name":"stdout","time":5798.892703331,"data":"(epoch: 12, iters: 800, time: 0.153, data: 0.003) G_GAN: 10.201 G_LPIPS: 50.347 D_real: 0.000 D_fake: 0.000 \n"}
,{"stream_name":"stdout","time":5798.892705636,"data":"(epoch: 12, iters: 820, time: 0.152, data: 0.004) G_GAN: 8.381 G_LPIPS: 50.024 D_real: 0.000 D_fake: 0.000 \n"}
,{"stream_name":"stdout","time":5798.892707907,"data":"(epoch: 12, iters: 840, time: 0.154, data: 0.004) G_GAN: 9.865 G_LPIPS: 47.035 D_real: 0.000 D_fake: 0.000 \n"}
,{"stream_name":"stdout","time":5798.892710192,"data":"(epoch: 12, iters: 860, time: 0.151, data: 0.003) G_GAN: 9.266 G_LPIPS: 48.632 D_real: 0.000 D_fake: 0.000 \n"}
,{"stream_name":"stdout","time":5798.892712466,"data":"(epoch: 12, iters: 880, time: 0.151, data: 0.003) G_GAN: 8.611 G_LPIPS: 46.165 D_real: 0.000 D_fake: 0.000 \n"}
,{"stream_name":"stdout","time":5798.892714829,"data":"(epoch: 12, iters: 900, time: 0.152, data: 0.003) G_GAN: 9.988 G_LPIPS: 52.876 D_real: 0.000 D_fake: 0.000 \n"}
,{"stream_name":"stdout","time":5798.892717128,"data":"(epoch: 12, iters: 920, time: 0.151, data: 0.003) G_GAN: 10.200 G_LPIPS: 49.518 D_real: 0.000 D_fake: 0.000 \n"}
,{"stream_name":"stdout","time":5798.892719399,"data":"(epoch: 12, iters: 940, time: 0.153, data: 0.003) G_GAN: 9.993 G_LPIPS: 49.061 D_real: 0.000 D_fake: 0.000 \n"}
,{"stream_name":"stdout","time":5798.892721653,"data":"(epoch: 12, iters: 960, time: 0.152, data: 0.003) G_GAN: 8.690 G_LPIPS: 51.059 D_real: 0.000 D_fake: 0.000 \n"}
,{"stream_name":"stdout","time":5798.892723962,"data":"(epoch: 12, iters: 980, time: 0.153, data: 0.003) G_GAN: 10.208 G_LPIPS: 53.503 D_real: 0.000 D_fake: 0.000 \n"}
,{"stream_name":"stdout","time":5798.892728314,"data":"(epoch: 12, iters: 1000, time: 0.151, data: 0.003) G_GAN: 10.048 G_LPIPS: 50.073 D_real: 0.000 D_fake: 0.000 \n"}
,{"stream_name":"stdout","time":5798.892730722,"data":"(epoch: 12, iters: 1020, time: 0.152, data: 0.003) G_GAN: 10.239 G_LPIPS: 51.132 D_real: 0.000 D_fake: 0.000 \n"}
,{"stream_name":"stdout","time":5798.892733022,"data":"(epoch: 12, iters: 1040, time: 0.201, data: 0.003) G_GAN: 8.660 G_LPIPS: 46.022 D_real: 0.000 D_fake: 0.000 \n"}
,{"stream_name":"stdout","time":5798.892735287,"data":"(epoch: 12, iters: 1060, time: 0.153, data: 0.003) G_GAN: 9.287 G_LPIPS: 42.066 D_real: 0.003 D_fake: 0.000 \n"}
,{"stream_name":"stdout","time":5798.892737582,"data":"(epoch: 12, iters: 1080, time: 0.191, data: 0.003) G_GAN: 9.541 G_LPIPS: 49.119 D_real: 0.000 D_fake: 0.000 \n"}
,{"stream_name":"stdout","time":5798.89273987,"data":"(epoch: 12, iters: 1100, time: 0.152, data: 0.003) G_GAN: 8.551 G_LPIPS: 46.741 D_real: 0.000 D_fake: 0.000 \n"}
,{"stream_name":"stdout","time":5798.892742133,"data":"(epoch: 12, iters: 1120, time: 0.160, data: 0.003) G_GAN: 8.155 G_LPIPS: 46.011 D_real: 0.000 D_fake: 0.001 \n"}
,{"stream_name":"stdout","time":5798.892744679,"data":"(epoch: 12, iters: 1140, time: 0.153, data: 0.004) G_GAN: 10.210 G_LPIPS: 52.630 D_real: 0.000 D_fake: 0.000 \n"}
,{"stream_name":"stdout","time":5798.892746965,"data":"(epoch: 12, iters: 1160, time: 0.153, data: 0.003) G_GAN: 9.771 G_LPIPS: 48.162 D_real: 0.000 D_fake: 0.000 \n"}
,{"stream_name":"stdout","time":5798.892749249,"data":"(epoch: 12, iters: 1180, time: 0.153, data: 0.004) G_GAN: 10.333 G_LPIPS: 51.119 D_real: 0.000 D_fake: 0.000 \n"}
,{"stream_name":"stdout","time":5798.892751522,"data":"(epoch: 12, iters: 1200, time: 0.153, data: 0.003) G_GAN: 9.938 G_LPIPS: 48.587 D_real: 0.000 D_fake: 0.000 \n"}
,{"stream_name":"stdout","time":5798.892753792,"data":"(epoch: 12, iters: 1220, time: 0.153, data: 0.003) G_GAN: 9.771 G_LPIPS: 49.554 D_real: 0.000 D_fake: 0.000 \n"}
,{"stream_name":"stdout","time":5798.892756075,"data":"(epoch: 12, iters: 1240, time: 0.153, data: 0.003) G_GAN: 10.316 G_LPIPS: 48.534 D_real: 0.000 D_fake: 0.000 \n"}
,{"stream_name":"stdout","time":5798.892758352,"data":"(epoch: 12, iters: 1260, time: 0.153, data: 0.003) G_GAN: 9.390 G_LPIPS: 50.010 D_real: 0.000 D_fake: 0.000 \n"}
,{"stream_name":"stdout","time":5798.892760631,"data":"(epoch: 12, iters: 1280, time: 0.152, data: 0.003) G_GAN: 8.818 G_LPIPS: 48.511 D_real: 0.000 D_fake: 0.000 \n"}
,{"stream_name":"stdout","time":5798.89276293,"data":"(epoch: 12, iters: 1300, time: 0.204, data: 0.003) G_GAN: 8.481 G_LPIPS: 47.426 D_real: 0.000 D_fake: 0.000 \n"}
,{"stream_name":"stdout","time":5798.892765187,"data":"(epoch: 12, iters: 1320, time: 0.152, data: 0.003) G_GAN: 9.700 G_LPIPS: 48.174 D_real: 0.000 D_fake: 0.000 \n"}
,{"stream_name":"stdout","time":5798.89276747,"data":"(epoch: 12, iters: 1340, time: 0.201, data: 0.003) G_GAN: 9.994 G_LPIPS: 48.502 D_real: 0.000 D_fake: 0.000 \n"}
,{"stream_name":"stdout","time":5798.892769728,"data":"(epoch: 12, iters: 1360, time: 0.153, data: 0.003) G_GAN: 9.803 G_LPIPS: 53.250 D_real: 0.000 D_fake: 0.000 \n"}
,{"stream_name":"stdout","time":5798.892771999,"data":"(epoch: 12, iters: 1380, time: 0.152, data: 0.003) G_GAN: 10.288 G_LPIPS: 53.233 D_real: 0.000 D_fake: 0.000 \n"}
,{"stream_name":"stdout","time":5798.892774279,"data":"(epoch: 12, iters: 1400, time: 0.153, data: 0.003) G_GAN: 9.561 G_LPIPS: 50.361 D_real: 0.000 D_fake: 0.000 \n"}
,{"stream_name":"stdout","time":5798.892776545,"data":"(epoch: 12, iters: 1420, time: 0.152, data: 0.003) G_GAN: 9.864 G_LPIPS: 47.238 D_real: 0.000 D_fake: 0.000 \n"}
,{"stream_name":"stdout","time":5798.892778861,"data":"(epoch: 12, iters: 1440, time: 0.156, data: 0.003) G_GAN: 10.442 G_LPIPS: 50.434 D_real: 0.000 D_fake: 0.000 \n"}
,{"stream_name":"stdout","time":5798.892782969,"data":"(epoch: 12, iters: 1460, time: 0.152, data: 0.003) G_GAN: 8.986 G_LPIPS: 51.023 D_real: 0.000 D_fake: 0.000 \n"}
,{"stream_name":"stdout","time":5798.892786355,"data":"(epoch: 12, iters: 1480, time: 0.156, data: 0.003) G_GAN: 10.143 G_LPIPS: 48.255 D_real: 0.000 D_fake: 0.000 \n"}
,{"stream_name":"stdout","time":5798.892788677,"data":"(epoch: 12, iters: 1500, time: 0.153, data: 0.003) G_GAN: 10.063 G_LPIPS: 50.263 D_real: 0.000 D_fake: 0.000 \n"}
,{"stream_name":"stdout","time":5979.048741778,"data":"(epoch: 12, iters: 1520, time: 0.153, data: 0.003) G_GAN: 9.543 G_LPIPS: 45.530 D_real: 0.000 D_fake: 0.000 \n"}
,{"stream_name":"stdout","time":5979.048812363,"data":"(epoch: 12, iters: 1540, time: 0.154, data: 0.003) G_GAN: 9.944 G_LPIPS: 48.162 D_real: 0.000 D_fake: 0.000 \n"}
,{"stream_name":"stdout","time":5979.048821939,"data":"(epoch: 12, iters: 1560, time: 0.153, data: 0.003) G_GAN: 9.793 G_LPIPS: 45.672 D_real: 0.000 D_fake: 0.000 \n"}
,{"stream_name":"stdout","time":5979.048825569,"data":"(epoch: 12, iters: 1580, time: 0.152, data: 0.003) G_GAN: 9.663 G_LPIPS: 50.983 D_real: 0.000 D_fake: 0.000 \n"}
,{"stream_name":"stdout","time":5979.048829296,"data":"(epoch: 12, iters: 1600, time: 0.205, data: 0.003) G_GAN: 9.826 G_LPIPS: 46.212 D_real: 0.000 D_fake: 0.000 \n"}
,{"stream_name":"stdout","time":5979.048832664,"data":"(epoch: 12, iters: 1620, time: 0.154, data: 0.003) G_GAN: 9.791 G_LPIPS: 49.511 D_real: 0.000 D_fake: 0.000 \n"}
,{"stream_name":"stdout","time":5979.04883699,"data":"(epoch: 12, iters: 1640, time: 0.153, data: 0.003) G_GAN: 10.410 G_LPIPS: 51.900 D_real: 0.000 D_fake: 0.000 \n"}
,{"stream_name":"stdout","time":5979.048855134,"data":"(epoch: 12, iters: 1660, time: 0.153, data: 0.003) G_GAN: 10.237 G_LPIPS: 50.050 D_real: 0.000 D_fake: 0.000 \n"}
,{"stream_name":"stdout","time":5979.048860986,"data":"(epoch: 12, iters: 1680, time: 0.153, data: 0.003) G_GAN: 9.923 G_LPIPS: 49.948 D_real: 0.000 D_fake: 0.000 \n"}
,{"stream_name":"stdout","time":5979.04886677,"data":"(epoch: 12, iters: 1700, time: 0.155, data: 0.003) G_GAN: 9.725 G_LPIPS: 50.931 D_real: 0.000 D_fake: 0.000 \n"}
,{"stream_name":"stdout","time":5979.048872292,"data":"(epoch: 12, iters: 1720, time: 0.154, data: 0.003) G_GAN: 9.917 G_LPIPS: 49.252 D_real: 0.000 D_fake: 0.000 \n"}
,{"stream_name":"stdout","time":5979.048877222,"data":"(epoch: 12, iters: 1740, time: 0.154, data: 0.003) G_GAN: 8.175 G_LPIPS: 46.422 D_real: 0.000 D_fake: 0.000 \n"}
,{"stream_name":"stdout","time":5979.048882118,"data":"(epoch: 12, iters: 1760, time: 0.153, data: 0.003) G_GAN: 9.610 G_LPIPS: 47.110 D_real: 0.000 D_fake: 0.000 \n"}
,{"stream_name":"stdout","time":5979.048887005,"data":"(epoch: 12, iters: 1780, time: 0.153, data: 0.003) G_GAN: 10.213 G_LPIPS: 52.752 D_real: 0.000 D_fake: 0.000 \n"}
,{"stream_name":"stdout","time":5979.048891787,"data":"(epoch: 12, iters: 1800, time: 0.153, data: 0.003) G_GAN: 10.441 G_LPIPS: 49.106 D_real: 0.000 D_fake: 0.000 \n"}
,{"stream_name":"stdout","time":5979.048898374,"data":"(epoch: 12, iters: 1820, time: 0.205, data: 0.003) G_GAN: 8.992 G_LPIPS: 49.985 D_real: 0.000 D_fake: 0.000 \n"}
,{"stream_name":"stdout","time":5979.048906212,"data":"(epoch: 12, iters: 1840, time: 0.153, data: 0.003) G_GAN: 10.565 G_LPIPS: 52.902 D_real: 0.000 D_fake: 0.000 \n"}
,{"stream_name":"stdout","time":5979.048909532,"data":"(epoch: 12, iters: 1860, time: 0.201, data: 0.003) G_GAN: 9.194 G_LPIPS: 51.489 D_real: 0.000 D_fake: 0.000 \n"}
,{"stream_name":"stdout","time":5979.048912664,"data":"(epoch: 12, iters: 1880, time: 0.153, data: 0.003) G_GAN: 9.841 G_LPIPS: 46.621 D_real: 0.000 D_fake: 0.000 \n"}
,{"stream_name":"stdout","time":5979.048929401,"data":"(epoch: 12, iters: 1900, time: 0.152, data: 0.003) G_GAN: 9.504 G_LPIPS: 47.350 D_real: 0.000 D_fake: 0.000 \n"}
,{"stream_name":"stdout","time":5979.04893225,"data":"(epoch: 12, iters: 1920, time: 0.152, data: 0.003) G_GAN: 9.375 G_LPIPS: 47.591 D_real: 0.000 D_fake: 0.000 \n"}
,{"stream_name":"stdout","time":5979.048934862,"data":"(epoch: 12, iters: 1940, time: 0.153, data: 0.003) G_GAN: 9.935 G_LPIPS: 47.909 D_real: 0.000 D_fake: 0.000 \n"}
,{"stream_name":"stdout","time":5979.0489511,"data":"(epoch: 12, iters: 1960, time: 0.153, data: 0.003) G_GAN: 9.692 G_LPIPS: 47.585 D_real: 0.000 D_fake: 0.000 \n"}
,{"stream_name":"stdout","time":5979.048955404,"data":"(epoch: 12, iters: 1980, time: 0.153, data: 0.003) G_GAN: 10.358 G_LPIPS: 50.938 D_real: 0.000 D_fake: 0.000 \n"}
,{"stream_name":"stdout","time":5979.048959859,"data":"(epoch: 12, iters: 2000, time: 0.154, data: 0.003) G_GAN: 9.899 G_LPIPS: 51.031 D_real: 0.000 D_fake: 0.000 \n"}
,{"stream_name":"stdout","time":5979.048963756,"data":"(epoch: 12, iters: 2020, time: 0.152, data: 0.003) G_GAN: 10.358 G_LPIPS: 53.310 D_real: 0.000 D_fake: 0.000 \n"}
,{"stream_name":"stdout","time":5979.048968234,"data":"(epoch: 12, iters: 2040, time: 0.154, data: 0.003) G_GAN: 10.635 G_LPIPS: 50.991 D_real: 0.000 D_fake: 0.000 \n"}
,{"stream_name":"stdout","time":5979.048972458,"data":"(epoch: 12, iters: 2060, time: 0.153, data: 0.003) G_GAN: 10.113 G_LPIPS: 49.636 D_real: 0.000 D_fake: 0.000 \n"}
,{"stream_name":"stdout","time":5979.048976304,"data":"(epoch: 12, iters: 2080, time: 0.206, data: 0.003) G_GAN: 10.310 G_LPIPS: 49.866 D_real: 0.000 D_fake: 0.000 \n"}
,{"stream_name":"stdout","time":5979.048979968,"data":"(epoch: 12, iters: 2100, time: 0.153, data: 0.003) G_GAN: 10.068 G_LPIPS: 48.701 D_real: 0.000 D_fake: 0.000 \n"}
,{"stream_name":"stdout","time":5979.048983624,"data":"(epoch: 12, iters: 2120, time: 0.189, data: 0.003) G_GAN: 9.846 G_LPIPS: 49.353 D_real: 0.000 D_fake: 0.000 \n"}
,{"stream_name":"stdout","time":5979.048987343,"data":"(epoch: 12, iters: 2140, time: 0.153, data: 0.003) G_GAN: 9.554 G_LPIPS: 47.190 D_real: 0.000 D_fake: 0.000 \n"}
,{"stream_name":"stdout","time":5979.048991032,"data":"(epoch: 12, iters: 2160, time: 0.152, data: 0.003) G_GAN: 9.571 G_LPIPS: 51.058 D_real: 0.000 D_fake: 0.000 \n"}
,{"stream_name":"stdout","time":5979.048994766,"data":"(epoch: 12, iters: 2180, time: 0.153, data: 0.003) G_GAN: 10.313 G_LPIPS: 50.682 D_real: 0.000 D_fake: 0.000 \n"}
,{"stream_name":"stdout","time":5979.048998419,"data":"(epoch: 12, iters: 2200, time: 0.153, data: 0.003) G_GAN: 10.445 G_LPIPS: 49.605 D_real: 0.000 D_fake: 0.000 \n"}
,{"stream_name":"stdout","time":5979.04900213,"data":"(epoch: 12, iters: 2220, time: 0.153, data: 0.003) G_GAN: 10.118 G_LPIPS: 49.634 D_real: 0.000 D_fake: 0.000 \n"}
,{"stream_name":"stdout","time":5979.04900586,"data":"(epoch: 12, iters: 2240, time: 0.153, data: 0.003) G_GAN: 9.779 G_LPIPS: 47.012 D_real: 0.000 D_fake: 0.000 \n"}
,{"stream_name":"stdout","time":5979.049009543,"data":"(epoch: 12, iters: 2260, time: 0.153, data: 0.003) G_GAN: 9.992 G_LPIPS: 54.201 D_real: 0.000 D_fake: 0.000 \n"}
,{"stream_name":"stdout","time":5979.049013743,"data":"(epoch: 12, iters: 2280, time: 0.154, data: 0.003) G_GAN: 10.412 G_LPIPS: 50.558 D_real: 0.000 D_fake: 0.000 \n"}
,{"stream_name":"stdout","time":5979.049032366,"data":"(epoch: 12, iters: 2300, time: 0.153, data: 0.003) G_GAN: 9.249 G_LPIPS: 49.535 D_real: 0.000 D_fake: 0.000 \n"}
,{"stream_name":"stdout","time":5979.049037235,"data":"(epoch: 12, iters: 2320, time: 0.155, data: 0.003) G_GAN: 9.779 G_LPIPS: 49.492 D_real: 0.000 D_fake: 0.000 \n"}
,{"stream_name":"stdout","time":5979.049041244,"data":"(epoch: 12, iters: 2340, time: 0.153, data: 0.003) G_GAN: 9.941 G_LPIPS: 45.405 D_real: 0.000 D_fake: 0.000 \n"}
,{"stream_name":"stdout","time":5979.049050122,"data":"(epoch: 12, iters: 2360, time: 0.153, data: 0.003) G_GAN: 9.659 G_LPIPS: 46.057 D_real: 0.000 D_fake: 0.000 \n"}
,{"stream_name":"stdout","time":5979.04905408,"data":"(epoch: 12, iters: 2380, time: 0.154, data: 0.003) G_GAN: 10.027 G_LPIPS: 50.707 D_real: 0.000 D_fake: 0.000 \n"}
,{"stream_name":"stdout","time":5979.049058548,"data":"(epoch: 12, iters: 2400, time: 0.153, data: 0.003) G_GAN: 10.279 G_LPIPS: 54.326 D_real: 0.000 D_fake: 0.000 \n"}
,{"stream_name":"stdout","time":5979.049062871,"data":"(epoch: 12, iters: 2420, time: 0.153, data: 0.003) G_GAN: 10.415 G_LPIPS: 49.660 D_real: 0.000 D_fake: 0.000 \n"}
,{"stream_name":"stdout","time":5979.049066082,"data":"(epoch: 12, iters: 2440, time: 0.206, data: 0.003) G_GAN: 9.691 G_LPIPS: 43.374 D_real: 0.000 D_fake: 0.000 \n"}
,{"stream_name":"stdout","time":5979.049069638,"data":"(epoch: 12, iters: 2460, time: 0.158, data: 0.003) G_GAN: 10.051 G_LPIPS: 49.569 D_real: 0.000 D_fake: 0.000 \n"}
,{"stream_name":"stdout","time":5979.049081383,"data":"(epoch: 12, iters: 2480, time: 0.192, data: 0.003) G_GAN: 9.448 G_LPIPS: 49.545 D_real: 0.000 D_fake: 0.000 \n"}
,{"stream_name":"stdout","time":5979.049085342,"data":"(epoch: 12, iters: 2500, time: 0.154, data: 0.003) G_GAN: 8.404 G_LPIPS: 47.335 D_real: 0.000 D_fake: 0.000 \n"}
,{"stream_name":"stdout","time":5979.049105129,"data":"(epoch: 12, iters: 2520, time: 0.154, data: 0.003) G_GAN: 10.509 G_LPIPS: 52.030 D_real: 0.000 D_fake: 0.000 \n"}
,{"stream_name":"stdout","time":5979.049109707,"data":"(epoch: 12, iters: 2540, time: 0.156, data: 0.003) G_GAN: 8.581 G_LPIPS: 44.896 D_real: 0.000 D_fake: 0.000 \n"}
,{"stream_name":"stdout","time":5979.04911352,"data":"(epoch: 12, iters: 2560, time: 0.153, data: 0.003) G_GAN: 9.465 G_LPIPS: 46.247 D_real: 0.000 D_fake: 0.000 \n"}
,{"stream_name":"stdout","time":5979.049117721,"data":"(epoch: 12, iters: 2580, time: 0.154, data: 0.003) G_GAN: 10.316 G_LPIPS: 50.188 D_real: 0.000 D_fake: 0.000 \n"}
,{"stream_name":"stdout","time":5979.049124974,"data":"(epoch: 12, iters: 2600, time: 0.152, data: 0.003) G_GAN: 10.484 G_LPIPS: 48.178 D_real: 0.000 D_fake: 0.000 \n"}
,{"stream_name":"stdout","time":5979.049129188,"data":"(epoch: 12, iters: 2620, time: 0.223, data: 0.003) G_GAN: 10.446 G_LPIPS: 51.010 D_real: 0.000 D_fake: 0.000 \n"}
,{"stream_name":"stdout","time":5979.049132662,"data":"(epoch: 12, iters: 2640, time: 0.154, data: 0.003) G_GAN: 9.769 G_LPIPS: 46.659 D_real: 0.000 D_fake: 0.000 \n"}
,{"stream_name":"stdout","time":5979.049138104,"data":"(epoch: 12, iters: 2660, time: 0.153, data: 0.003) G_GAN: 9.598 G_LPIPS: 46.150 D_real: 0.000 D_fake: 0.000 \n"}
,{"stream_name":"stdout","time":5979.049141799,"data":"(epoch: 12, iters: 2680, time: 0.154, data: 0.004) G_GAN: 10.103 G_LPIPS: 46.424 D_real: 0.001 D_fake: 0.000 \n"}
,{"stream_name":"stdout","time":5979.049145112,"data":"(epoch: 12, iters: 2700, time: 0.153, data: 0.003) G_GAN: 9.857 G_LPIPS: 46.528 D_real: 0.000 D_fake: 0.000 \n"}
,{"stream_name":"stdout","time":5979.049148391,"data":"(epoch: 12, iters: 2720, time: 0.154, data: 0.003) G_GAN: 9.253 G_LPIPS: 46.186 D_real: 0.000 D_fake: 0.000 \n"}
,{"stream_name":"stdout","time":5979.049151706,"data":"(epoch: 12, iters: 2740, time: 0.154, data: 0.003) G_GAN: 10.066 G_LPIPS: 47.895 D_real: 0.000 D_fake: 0.000 \n"}
,{"stream_name":"stdout","time":5979.049155374,"data":"(epoch: 12, iters: 2760, time: 0.153, data: 0.003) G_GAN: 10.514 G_LPIPS: 51.340 D_real: 0.000 D_fake: 0.000 \n"}
,{"stream_name":"stdout","time":5979.049159262,"data":"(epoch: 12, iters: 2780, time: 0.154, data: 0.003) G_GAN: 10.624 G_LPIPS: 48.076 D_real: 0.000 D_fake: 0.000 \n"}
,{"stream_name":"stdout","time":5979.049163024,"data":"(epoch: 12, iters: 2800, time: 0.206, data: 0.003) G_GAN: 10.517 G_LPIPS: 49.802 D_real: 0.000 D_fake: 0.000 \n"}
,{"stream_name":"stdout","time":5979.049171206,"data":"(epoch: 12, iters: 2820, time: 0.153, data: 0.003) G_GAN: 10.383 G_LPIPS: 49.573 D_real: 0.000 D_fake: 0.000 \n"}
,{"stream_name":"stdout","time":5979.049174976,"data":"(epoch: 12, iters: 2840, time: 0.156, data: 0.003) G_GAN: 10.218 G_LPIPS: 49.999 D_real: 0.000 D_fake: 0.000 \n"}
,{"stream_name":"stdout","time":5979.049178638,"data":"(epoch: 12, iters: 2860, time: 0.153, data: 0.003) G_GAN: 9.465 G_LPIPS: 44.933 D_real: 0.000 D_fake: 0.000 \n"}
,{"stream_name":"stdout","time":5979.049182071,"data":"(epoch: 12, iters: 2880, time: 0.154, data: 0.003) G_GAN: 10.581 G_LPIPS: 51.976 D_real: 0.000 D_fake: 0.000 \n"}
,{"stream_name":"stdout","time":5979.049186104,"data":"(epoch: 12, iters: 2900, time: 0.153, data: 0.003) G_GAN: 9.697 G_LPIPS: 52.911 D_real: 0.000 D_fake: 0.000 \n"}
,{"stream_name":"stdout","time":5979.049190464,"data":"(epoch: 12, iters: 2920, time: 0.153, data: 0.003) G_GAN: 9.503 G_LPIPS: 46.359 D_real: 0.000 D_fake: 0.000 \n"}
,{"stream_name":"stdout","time":5979.049194544,"data":"(epoch: 12, iters: 2940, time: 0.154, data: 0.003) G_GAN: 10.434 G_LPIPS: 50.889 D_real: 0.000 D_fake: 0.000 \n"}
,{"stream_name":"stdout","time":5979.04919859,"data":"(epoch: 12, iters: 2960, time: 0.154, data: 0.003) G_GAN: 9.700 G_LPIPS: 48.254 D_real: 0.000 D_fake: 0.000 \n"}
,{"stream_name":"stdout","time":5979.0492025,"data":"(epoch: 12, iters: 2980, time: 0.204, data: 0.003) G_GAN: 10.297 G_LPIPS: 45.911 D_real: 0.000 D_fake: 0.000 \n"}
,{"stream_name":"stdout","time":5979.049205919,"data":"(epoch: 12, iters: 3000, time: 0.154, data: 0.003) G_GAN: 10.427 G_LPIPS: 44.988 D_real: 0.000 D_fake: 0.000 \n"}
,{"stream_name":"stdout","time":6163.295892618,"data":"(epoch: 12, iters: 3020, time: 0.155, data: 0.003) G_GAN: 10.509 G_LPIPS: 49.682 D_real: 0.000 D_fake: 0.000 \n"}
,{"stream_name":"stdout","time":6163.295939996,"data":"(epoch: 12, iters: 3040, time: 0.157, data: 0.003) G_GAN: 10.300 G_LPIPS: 52.015 D_real: 0.000 D_fake: 0.000 \n"}
,{"stream_name":"stdout","time":6163.295960108,"data":"(epoch: 12, iters: 3060, time: 0.155, data: 0.003) G_GAN: 10.678 G_LPIPS: 48.161 D_real: 0.000 D_fake: 0.000 \n"}
,{"stream_name":"stdout","time":6163.295966123,"data":"(epoch: 12, iters: 3080, time: 0.154, data: 0.003) G_GAN: 10.227 G_LPIPS: 51.467 D_real: 0.000 D_fake: 0.000 \n"}
,{"stream_name":"stdout","time":6163.295971756,"data":"(epoch: 12, iters: 3100, time: 0.154, data: 0.003) G_GAN: 9.302 G_LPIPS: 52.046 D_real: 0.000 D_fake: 0.000 \n"}
,{"stream_name":"stdout","time":6163.295977225,"data":"(epoch: 12, iters: 3120, time: 0.157, data: 0.003) G_GAN: 9.381 G_LPIPS: 44.526 D_real: 0.001 D_fake: 0.000 \n"}
,{"stream_name":"stdout","time":6163.295982031,"data":"(epoch: 12, iters: 3140, time: 0.154, data: 0.003) G_GAN: 10.613 G_LPIPS: 52.972 D_real: 0.000 D_fake: 0.000 \n"}
,{"stream_name":"stdout","time":6163.295986783,"data":"(epoch: 12, iters: 3160, time: 0.204, data: 0.003) G_GAN: 10.130 G_LPIPS: 49.441 D_real: 0.000 D_fake: 0.000 \n"}
,{"stream_name":"stdout","time":6163.295991602,"data":"(epoch: 12, iters: 3180, time: 0.154, data: 0.003) G_GAN: 9.817 G_LPIPS: 49.159 D_real: 0.000 D_fake: 0.000 \n"}
,{"stream_name":"stdout","time":6163.295996345,"data":"(epoch: 12, iters: 3200, time: 0.154, data: 0.003) G_GAN: 10.226 G_LPIPS: 51.238 D_real: 0.000 D_fake: 0.000 \n"}
,{"stream_name":"stdout","time":6163.296001228,"data":"(epoch: 12, iters: 3220, time: 0.155, data: 0.003) G_GAN: 10.120 G_LPIPS: 49.478 D_real: 0.000 D_fake: 0.000 \n"}
,{"stream_name":"stdout","time":6163.296006003,"data":"(epoch: 12, iters: 3240, time: 0.154, data: 0.003) G_GAN: 10.261 G_LPIPS: 49.606 D_real: 0.000 D_fake: 0.000 \n"}
,{"stream_name":"stdout","time":6163.296010813,"data":"(epoch: 12, iters: 3260, time: 0.154, data: 0.003) G_GAN: 9.130 G_LPIPS: 47.237 D_real: 0.000 D_fake: 0.000 \n"}
,{"stream_name":"stdout","time":6163.296035146,"data":"(epoch: 12, iters: 3280, time: 0.153, data: 0.003) G_GAN: 10.046 G_LPIPS: 50.128 D_real: 0.000 D_fake: 0.000 \n"}
,{"stream_name":"stdout","time":6163.296038659,"data":"(epoch: 12, iters: 3300, time: 0.208, data: 0.003) G_GAN: 9.962 G_LPIPS: 49.222 D_real: 0.000 D_fake: 0.000 \n"}
,{"stream_name":"stdout","time":6163.29605566,"data":"(epoch: 12, iters: 3320, time: 0.155, data: 0.003) G_GAN: 9.718 G_LPIPS: 44.693 D_real: 0.000 D_fake: 0.000 \n"}
,{"stream_name":"stdout","time":6163.296060255,"data":"(epoch: 12, iters: 3340, time: 0.153, data: 0.003) G_GAN: 10.584 G_LPIPS: 51.153 D_real: 0.000 D_fake: 0.000 \n"}
,{"stream_name":"stdout","time":6163.296064945,"data":"(epoch: 12, iters: 3360, time: 0.154, data: 0.003) G_GAN: 10.254 G_LPIPS: 46.508 D_real: 0.000 D_fake: 0.000 \n"}
,{"stream_name":"stdout","time":6163.296069121,"data":"(epoch: 12, iters: 3380, time: 0.154, data: 0.003) G_GAN: 10.188 G_LPIPS: 45.838 D_real: 0.000 D_fake: 0.000 \n"}
,{"stream_name":"stdout","time":6163.29608463,"data":"(epoch: 12, iters: 3400, time: 0.153, data: 0.003) G_GAN: 10.682 G_LPIPS: 51.190 D_real: 0.000 D_fake: 0.000 \n"}
,{"stream_name":"stdout","time":6163.29610765,"data":"(epoch: 12, iters: 3420, time: 0.155, data: 0.003) G_GAN: 10.143 G_LPIPS: 51.256 D_real: 0.000 D_fake: 0.000 \n"}
,{"stream_name":"stdout","time":6163.296113247,"data":"(epoch: 12, iters: 3440, time: 0.156, data: 0.003) G_GAN: 9.905 G_LPIPS: 49.252 D_real: 0.000 D_fake: 0.000 \n"}
,{"stream_name":"stdout","time":6163.296117833,"data":"(epoch: 12, iters: 3460, time: 0.155, data: 0.003) G_GAN: 9.594 G_LPIPS: 54.551 D_real: 0.000 D_fake: 0.000 \n"}
,{"stream_name":"stdout","time":6163.296121743,"data":"(epoch: 12, iters: 3480, time: 0.207, data: 0.003) G_GAN: 9.317 G_LPIPS: 47.931 D_real: 0.000 D_fake: 0.000 \n"}
,{"stream_name":"stdout","time":6163.296125676,"data":"(epoch: 12, iters: 3500, time: 0.154, data: 0.003) G_GAN: 10.171 G_LPIPS: 46.029 D_real: 0.000 D_fake: 0.000 \n"}
,{"stream_name":"stdout","time":6163.296129415,"data":"(epoch: 12, iters: 3520, time: 0.154, data: 0.003) G_GAN: 9.945 G_LPIPS: 55.153 D_real: 0.000 D_fake: 0.000 \n"}
,{"stream_name":"stdout","time":6163.296133115,"data":"(epoch: 12, iters: 3540, time: 0.154, data: 0.003) G_GAN: 10.586 G_LPIPS: 49.694 D_real: 0.000 D_fake: 0.000 \n"}
,{"stream_name":"stdout","time":6163.296136884,"data":"(epoch: 12, iters: 3560, time: 0.155, data: 0.003) G_GAN: 10.405 G_LPIPS: 52.421 D_real: 0.000 D_fake: 0.000 \n"}
,{"stream_name":"stdout","time":6163.296140575,"data":"(epoch: 12, iters: 3580, time: 0.154, data: 0.003) G_GAN: 10.490 G_LPIPS: 50.328 D_real: 0.000 D_fake: 0.000 \n"}
,{"stream_name":"stdout","time":6163.296144366,"data":"(epoch: 12, iters: 3600, time: 0.157, data: 0.003) G_GAN: 9.914 G_LPIPS: 51.123 D_real: 0.000 D_fake: 0.000 \n"}
,{"stream_name":"stdout","time":6163.296148095,"data":"(epoch: 12, iters: 3620, time: 0.155, data: 0.004) G_GAN: 9.182 G_LPIPS: 43.994 D_real: 0.000 D_fake: 0.000 \n"}
,{"stream_name":"stdout","time":6163.296151883,"data":"saving the latest model (epoch 12, total_iters 65000)\n"}
,{"stream_name":"stdout","time":6163.296155569,"data":"(epoch: 12, iters: 3640, time: 0.154, data: 0.003) G_GAN: 9.932 G_LPIPS: 49.473 D_real: 0.000 D_fake: 0.000 \n"}
,{"stream_name":"stdout","time":6163.296159363,"data":"(epoch: 12, iters: 3660, time: 0.157, data: 0.003) G_GAN: 8.847 G_LPIPS: 49.443 D_real: 0.000 D_fake: 0.000 \n"}
,{"stream_name":"stdout","time":6163.296163041,"data":"(epoch: 12, iters: 3680, time: 0.155, data: 0.003) G_GAN: 10.320 G_LPIPS: 52.470 D_real: 0.000 D_fake: 0.000 \n"}
,{"stream_name":"stdout","time":6163.296166765,"data":"(epoch: 12, iters: 3700, time: 0.155, data: 0.003) G_GAN: 10.227 G_LPIPS: 53.218 D_real: 0.000 D_fake: 0.000 \n"}
,{"stream_name":"stdout","time":6163.296180856,"data":"(epoch: 12, iters: 3720, time: 0.155, data: 0.003) G_GAN: 10.515 G_LPIPS: 48.487 D_real: 0.000 D_fake: 0.000 \n"}
,{"stream_name":"stdout","time":6163.296197441,"data":"(epoch: 12, iters: 3740, time: 0.156, data: 0.003) G_GAN: 10.096 G_LPIPS: 51.209 D_real: 0.000 D_fake: 0.000 \n"}
,{"stream_name":"stdout","time":6163.296202431,"data":"(epoch: 12, iters: 3760, time: 0.155, data: 0.003) G_GAN: 10.494 G_LPIPS: 48.884 D_real: 0.000 D_fake: 0.000 \n"}
,{"stream_name":"stdout","time":6163.296207604,"data":"(epoch: 12, iters: 3780, time: 0.157, data: 0.003) G_GAN: 9.231 G_LPIPS: 48.134 D_real: 0.000 D_fake: 0.000 \n"}
,{"stream_name":"stdout","time":6163.296212031,"data":"(epoch: 12, iters: 3800, time: 0.209, data: 0.003) G_GAN: 10.154 G_LPIPS: 54.727 D_real: 0.000 D_fake: 0.000 \n"}
,{"stream_name":"stdout","time":6163.296216417,"data":"(epoch: 12, iters: 3820, time: 0.158, data: 0.003) G_GAN: 10.378 G_LPIPS: 50.908 D_real: 0.000 D_fake: 0.000 \n"}
,{"stream_name":"stdout","time":6163.296220266,"data":"(epoch: 12, iters: 3840, time: 0.155, data: 0.003) G_GAN: 10.438 G_LPIPS: 50.505 D_real: 0.000 D_fake: 0.000 \n"}
,{"stream_name":"stdout","time":6163.296223935,"data":"(epoch: 12, iters: 3860, time: 0.157, data: 0.003) G_GAN: 9.581 G_LPIPS: 49.214 D_real: 0.000 D_fake: 0.000 \n"}
,{"stream_name":"stdout","time":6163.296227695,"data":"(epoch: 12, iters: 3880, time: 0.154, data: 0.004) G_GAN: 9.082 G_LPIPS: 47.607 D_real: 0.000 D_fake: 0.000 \n"}
,{"stream_name":"stdout","time":6163.296231426,"data":"(epoch: 12, iters: 3900, time: 0.155, data: 0.003) G_GAN: 9.951 G_LPIPS: 49.891 D_real: 0.000 D_fake: 0.000 \n"}
,{"stream_name":"stdout","time":6163.296235077,"data":"(epoch: 12, iters: 3920, time: 0.158, data: 0.003) G_GAN: 9.674 G_LPIPS: 45.592 D_real: 0.000 D_fake: 0.000 \n"}
,{"stream_name":"stdout","time":6163.296238845,"data":"(epoch: 12, iters: 3940, time: 0.156, data: 0.003) G_GAN: 9.337 G_LPIPS: 48.791 D_real: 0.000 D_fake: 0.000 \n"}
,{"stream_name":"stdout","time":6163.296242625,"data":"(epoch: 12, iters: 3960, time: 0.155, data: 0.003) G_GAN: 9.273 G_LPIPS: 47.640 D_real: 0.000 D_fake: 0.000 \n"}
,{"stream_name":"stdout","time":6163.296246313,"data":"(epoch: 12, iters: 3980, time: 0.210, data: 0.003) G_GAN: 10.009 G_LPIPS: 50.450 D_real: 0.000 D_fake: 0.000 \n"}
,{"stream_name":"stdout","time":6163.296249981,"data":"(epoch: 12, iters: 4000, time: 0.155, data: 0.003) G_GAN: 9.926 G_LPIPS: 49.258 D_real: 0.000 D_fake: 0.000 \n"}
,{"stream_name":"stdout","time":6163.296253713,"data":"(epoch: 12, iters: 4020, time: 0.154, data: 0.003) G_GAN: 9.992 G_LPIPS: 46.784 D_real: 0.000 D_fake: 0.000 \n"}
,{"stream_name":"stdout","time":6163.296257423,"data":"(epoch: 12, iters: 4040, time: 0.156, data: 0.003) G_GAN: 9.643 G_LPIPS: 45.660 D_real: 0.000 D_fake: 0.000 \n"}
,{"stream_name":"stdout","time":6163.296261195,"data":"(epoch: 12, iters: 4060, time: 0.157, data: 0.003) G_GAN: 10.340 G_LPIPS: 46.520 D_real: 0.000 D_fake: 0.000 \n"}
,{"stream_name":"stdout","time":6163.296264907,"data":"(epoch: 12, iters: 4080, time: 0.155, data: 0.003) G_GAN: 9.931 G_LPIPS: 48.357 D_real: 0.000 D_fake: 0.000 \n"}
,{"stream_name":"stdout","time":6163.296269035,"data":"(epoch: 12, iters: 4100, time: 0.155, data: 0.003) G_GAN: 10.064 G_LPIPS: 51.981 D_real: 0.000 D_fake: 0.000 \n"}
,{"stream_name":"stdout","time":6163.296277485,"data":"(epoch: 12, iters: 4120, time: 0.206, data: 0.003) G_GAN: 10.343 G_LPIPS: 54.272 D_real: 0.000 D_fake: 0.000 \n"}
,{"stream_name":"stdout","time":6163.296281898,"data":"(epoch: 12, iters: 4140, time: 0.156, data: 0.004) G_GAN: 9.947 G_LPIPS: 49.125 D_real: 0.000 D_fake: 0.000 \n"}
,{"stream_name":"stdout","time":6163.296297508,"data":"(epoch: 12, iters: 4160, time: 0.154, data: 0.003) G_GAN: 10.024 G_LPIPS: 49.287 D_real: 0.000 D_fake: 0.000 \n"}
,{"stream_name":"stdout","time":6163.296305986,"data":"(epoch: 12, iters: 4180, time: 0.157, data: 0.003) G_GAN: 9.539 G_LPIPS: 52.623 D_real: 0.000 D_fake: 0.000 \n"}
,{"stream_name":"stdout","time":6163.296310551,"data":"(epoch: 12, iters: 4200, time: 0.155, data: 0.003) G_GAN: 10.269 G_LPIPS: 54.469 D_real: 0.000 D_fake: 0.000 \n"}
,{"stream_name":"stdout","time":6163.296314763,"data":"(epoch: 12, iters: 4220, time: 0.155, data: 0.003) G_GAN: 10.216 G_LPIPS: 51.456 D_real: 0.000 D_fake: 0.000 \n"}
,{"stream_name":"stdout","time":6163.296318591,"data":"(epoch: 12, iters: 4240, time: 0.156, data: 0.004) G_GAN: 9.547 G_LPIPS: 47.644 D_real: 0.000 D_fake: 0.000 \n"}
,{"stream_name":"stdout","time":6163.296322362,"data":"(epoch: 12, iters: 4260, time: 0.161, data: 0.003) G_GAN: 9.708 G_LPIPS: 48.246 D_real: 0.000 D_fake: 0.000 \n"}
,{"stream_name":"stdout","time":6163.296326083,"data":"(epoch: 12, iters: 4280, time: 0.158, data: 0.003) G_GAN: 10.113 G_LPIPS: 54.257 D_real: 0.000 D_fake: 0.000 \n"}
,{"stream_name":"stdout","time":6163.296329745,"data":"(epoch: 12, iters: 4300, time: 0.208, data: 0.003) G_GAN: 10.413 G_LPIPS: 51.272 D_real: 0.000 D_fake: 0.000 \n"}
,{"stream_name":"stdout","time":6163.296333453,"data":"(epoch: 12, iters: 4320, time: 0.156, data: 0.003) G_GAN: 10.204 G_LPIPS: 51.206 D_real: 0.000 D_fake: 0.000 \n"}
,{"stream_name":"stdout","time":6163.296337135,"data":"(epoch: 12, iters: 4340, time: 0.163, data: 0.003) G_GAN: 10.387 G_LPIPS: 49.386 D_real: 0.000 D_fake: 0.000 \n"}
,{"stream_name":"stdout","time":6163.29634081,"data":"(epoch: 12, iters: 4360, time: 0.156, data: 0.003) G_GAN: 9.369 G_LPIPS: 47.934 D_real: 0.000 D_fake: 0.000 \n"}
,{"stream_name":"stdout","time":6163.296344545,"data":"(epoch: 12, iters: 4380, time: 0.156, data: 0.003) G_GAN: 10.108 G_LPIPS: 46.164 D_real: 0.000 D_fake: 0.000 \n"}
,{"stream_name":"stdout","time":6163.296348231,"data":"(epoch: 12, iters: 4400, time: 0.155, data: 0.003) G_GAN: 10.667 G_LPIPS: 50.915 D_real: 0.000 D_fake: 0.000 \n"}
,{"stream_name":"stdout","time":6163.296351957,"data":"(epoch: 12, iters: 4420, time: 0.157, data: 0.003) G_GAN: 9.453 G_LPIPS: 50.046 D_real: 0.000 D_fake: 0.000 \n"}
,{"stream_name":"stdout","time":6163.296355681,"data":"(epoch: 12, iters: 4440, time: 0.156, data: 0.003) G_GAN: 9.754 G_LPIPS: 46.271 D_real: 0.000 D_fake: 0.000 \n"}
,{"stream_name":"stdout","time":6163.296359302,"data":"(epoch: 12, iters: 4460, time: 0.156, data: 0.003) G_GAN: 10.535 G_LPIPS: 51.266 D_real: 0.000 D_fake: 0.000 \n"}
,{"stream_name":"stdout","time":6163.296363161,"data":"(epoch: 12, iters: 4480, time: 0.156, data: 0.003) G_GAN: 10.444 G_LPIPS: 49.939 D_real: 0.000 D_fake: 0.000 \n"}
,{"stream_name":"stdout","time":6163.296371961,"data":"(epoch: 12, iters: 4500, time: 0.155, data: 0.003) G_GAN: 10.627 G_LPIPS: 49.813 D_real: 0.000 D_fake: 0.000 \n"}
,{"stream_name":"stdout","time":6296.307353085,"data":"(epoch: 12, iters: 4520, time: 0.155, data: 0.003) G_GAN: 10.181 G_LPIPS: 48.688 D_real: 0.000 D_fake: 0.000 \n"}
,{"stream_name":"stdout","time":6296.307393925,"data":"(epoch: 12, iters: 4540, time: 0.155, data: 0.003) G_GAN: 10.653 G_LPIPS: 53.928 D_real: 0.000 D_fake: 0.000 \n"}
,{"stream_name":"stdout","time":6296.30740515,"data":"(epoch: 12, iters: 4560, time: 0.156, data: 0.003) G_GAN: 9.369 G_LPIPS: 44.186 D_real: 0.000 D_fake: 0.000 \n"}
,{"stream_name":"stdout","time":6296.307409193,"data":"(epoch: 12, iters: 4580, time: 0.156, data: 0.003) G_GAN: 9.333 G_LPIPS: 53.762 D_real: 0.000 D_fake: 0.000 \n"}
,{"stream_name":"stdout","time":6296.307412331,"data":"(epoch: 12, iters: 4600, time: 0.155, data: 0.003) G_GAN: 10.398 G_LPIPS: 47.478 D_real: 0.000 D_fake: 0.000 \n"}
,{"stream_name":"stdout","time":6296.307415511,"data":"(epoch: 12, iters: 4620, time: 0.223, data: 0.003) G_GAN: 10.531 G_LPIPS: 51.195 D_real: 0.000 D_fake: 0.000 \n"}
,{"stream_name":"stdout","time":6296.307425558,"data":"(epoch: 12, iters: 4640, time: 0.156, data: 0.003) G_GAN: 10.103 G_LPIPS: 49.357 D_real: 0.000 D_fake: 0.000 \n"}
,{"stream_name":"stdout","time":6296.307428111,"data":"(epoch: 12, iters: 4660, time: 0.155, data: 0.003) G_GAN: 10.532 G_LPIPS: 48.539 D_real: 0.000 D_fake: 0.000 \n"}
,{"stream_name":"stdout","time":6296.307430478,"data":"(epoch: 12, iters: 4680, time: 0.157, data: 0.003) G_GAN: 10.331 G_LPIPS: 48.837 D_real: 0.000 D_fake: 0.000 \n"}
,{"stream_name":"stdout","time":6296.307432742,"data":"(epoch: 12, iters: 4700, time: 0.157, data: 0.003) G_GAN: 9.864 G_LPIPS: 47.879 D_real: 0.000 D_fake: 0.000 \n"}
,{"stream_name":"stdout","time":6296.307435093,"data":"(epoch: 12, iters: 4720, time: 0.155, data: 0.003) G_GAN: 10.619 G_LPIPS: 50.389 D_real: 0.000 D_fake: 0.000 \n"}
,{"stream_name":"stdout","time":6296.30743763,"data":"(epoch: 12, iters: 4740, time: 0.155, data: 0.003) G_GAN: 10.272 G_LPIPS: 50.483 D_real: 0.000 D_fake: 0.000 \n"}
,{"stream_name":"stdout","time":6296.307453213,"data":"(epoch: 12, iters: 4760, time: 0.212, data: 0.003) G_GAN: 9.622 G_LPIPS: 46.120 D_real: 0.000 D_fake: 0.000 \n"}
,{"stream_name":"stdout","time":6296.307457625,"data":"(epoch: 12, iters: 4780, time: 0.156, data: 0.003) G_GAN: 10.225 G_LPIPS: 52.063 D_real: 0.000 D_fake: 0.000 \n"}
,{"stream_name":"stdout","time":6296.307461851,"data":"(epoch: 12, iters: 4800, time: 0.156, data: 0.003) G_GAN: 10.004 G_LPIPS: 48.232 D_real: 0.000 D_fake: 0.000 \n"}
,{"stream_name":"stdout","time":6296.307465956,"data":"(epoch: 12, iters: 4820, time: 0.155, data: 0.003) G_GAN: 10.016 G_LPIPS: 44.976 D_real: 0.000 D_fake: 0.000 \n"}
,{"stream_name":"stdout","time":6296.307470529,"data":"(epoch: 12, iters: 4840, time: 0.157, data: 0.003) G_GAN: 9.251 G_LPIPS: 45.631 D_real: 0.000 D_fake: 0.000 \n"}
,{"stream_name":"stdout","time":6296.307474247,"data":"(epoch: 12, iters: 4860, time: 0.155, data: 0.003) G_GAN: 10.261 G_LPIPS: 51.250 D_real: 0.000 D_fake: 0.000 \n"}
,{"stream_name":"stdout","time":6296.307477821,"data":"(epoch: 12, iters: 4880, time: 0.154, data: 0.003) G_GAN: 10.277 G_LPIPS: 51.339 D_real: 0.000 D_fake: 0.000 \n"}
,{"stream_name":"stdout","time":6296.307482595,"data":"(epoch: 12, iters: 4900, time: 0.212, data: 0.003) G_GAN: 9.832 G_LPIPS: 48.873 D_real: 0.000 D_fake: 0.000 \n"}
,{"stream_name":"stdout","time":6296.307486287,"data":"(epoch: 12, iters: 4920, time: 0.156, data: 0.003) G_GAN: 9.955 G_LPIPS: 49.320 D_real: 0.000 D_fake: 0.000 \n"}
,{"stream_name":"stdout","time":6296.307489882,"data":"(epoch: 12, iters: 4940, time: 0.157, data: 0.003) G_GAN: 9.596 G_LPIPS: 45.527 D_real: 0.000 D_fake: 0.000 \n"}
,{"stream_name":"stdout","time":6296.307495356,"data":"(epoch: 12, iters: 4960, time: 0.159, data: 0.003) G_GAN: 10.149 G_LPIPS: 53.509 D_real: 0.000 D_fake: 0.000 \n"}
,{"stream_name":"stdout","time":6296.307498903,"data":"(epoch: 12, iters: 4980, time: 0.160, data: 0.003) G_GAN: 9.755 G_LPIPS: 46.345 D_real: 0.000 D_fake: 0.000 \n"}
,{"stream_name":"stdout","time":6296.307502579,"data":"(epoch: 12, iters: 5000, time: 0.162, data: 0.003) G_GAN: 10.229 G_LPIPS: 48.150 D_real: 0.000 D_fake: 0.000 \n"}
,{"stream_name":"stdout","time":6296.307506235,"data":"(epoch: 12, iters: 5020, time: 0.161, data: 0.004) G_GAN: 8.937 G_LPIPS: 50.009 D_real: 0.000 D_fake: 0.000 \n"}
,{"stream_name":"stdout","time":6296.307509825,"data":"(epoch: 12, iters: 5040, time: 0.164, data: 0.004) G_GAN: 10.296 G_LPIPS: 50.053 D_real: 0.000 D_fake: 0.000 \n"}
,{"stream_name":"stdout","time":6296.307514122,"data":"(epoch: 12, iters: 5060, time: 0.159, data: 0.003) G_GAN: 10.351 G_LPIPS: 53.157 D_real: 0.000 D_fake: 0.000 \n"}
,{"stream_name":"stdout","time":6296.307526358,"data":"(epoch: 12, iters: 5080, time: 0.222, data: 0.003) G_GAN: 9.679 G_LPIPS: 49.232 D_real: 0.000 D_fake: 0.000 \n"}
,{"stream_name":"stdout","time":6296.307529065,"data":"(epoch: 12, iters: 5100, time: 0.159, data: 0.004) G_GAN: 9.986 G_LPIPS: 48.156 D_real: 0.000 D_fake: 0.000 \n"}
,{"stream_name":"stdout","time":6296.307531498,"data":"(epoch: 12, iters: 5120, time: 0.163, data: 0.003) G_GAN: 9.693 G_LPIPS: 49.261 D_real: 0.000 D_fake: 0.000 \n"}
,{"stream_name":"stdout","time":6296.307533881,"data":"(epoch: 12, iters: 5140, time: 0.157, data: 0.003) G_GAN: 10.447 G_LPIPS: 48.982 D_real: 0.000 D_fake: 0.000 \n"}
,{"stream_name":"stdout","time":6296.307536733,"data":"(epoch: 12, iters: 5160, time: 0.160, data: 0.004) G_GAN: 10.481 G_LPIPS: 51.222 D_real: 0.000 D_fake: 0.000 \n"}
,{"stream_name":"stdout","time":6296.30755121,"data":"(epoch: 12, iters: 5180, time: 0.156, data: 0.004) G_GAN: 10.097 G_LPIPS: 48.123 D_real: 0.000 D_fake: 0.000 \n"}
,{"stream_name":"stdout","time":6296.307555649,"data":"(epoch: 12, iters: 5200, time: 0.155, data: 0.003) G_GAN: 10.295 G_LPIPS: 49.042 D_real: 0.000 D_fake: 0.000 \n"}
,{"stream_name":"stdout","time":6296.307559531,"data":"(epoch: 12, iters: 5220, time: 0.208, data: 0.003) G_GAN: 10.288 G_LPIPS: 49.403 D_real: 0.000 D_fake: 0.000 \n"}
,{"stream_name":"stdout","time":6296.307563748,"data":"(epoch: 12, iters: 5240, time: 0.156, data: 0.003) G_GAN: 9.635 G_LPIPS: 47.912 D_real: 0.000 D_fake: 0.000 \n"}
,{"stream_name":"stdout","time":6296.307567991,"data":"(epoch: 12, iters: 5260, time: 0.156, data: 0.003) G_GAN: 8.966 G_LPIPS: 49.145 D_real: 0.000 D_fake: 0.000 \n"}
,{"stream_name":"stdout","time":6296.307572073,"data":"(epoch: 12, iters: 5280, time: 0.157, data: 0.003) G_GAN: 10.464 G_LPIPS: 48.580 D_real: 0.000 D_fake: 0.000 \n"}
,{"stream_name":"stdout","time":6296.307575574,"data":"(epoch: 12, iters: 5300, time: 0.156, data: 0.003) G_GAN: 9.810 G_LPIPS: 49.389 D_real: 0.000 D_fake: 0.000 \n"}
,{"stream_name":"stdout","time":6296.307578996,"data":"(epoch: 12, iters: 5320, time: 0.157, data: 0.003) G_GAN: 10.343 G_LPIPS: 49.700 D_real: 0.000 D_fake: 0.000 \n"}
,{"stream_name":"stdout","time":6296.30758247,"data":"(epoch: 12, iters: 5340, time: 0.156, data: 0.003) G_GAN: 10.007 G_LPIPS: 48.655 D_real: 0.000 D_fake: 0.000 \n"}
,{"stream_name":"stdout","time":6296.307585923,"data":"(epoch: 12, iters: 5360, time: 0.207, data: 0.003) G_GAN: 10.368 G_LPIPS: 52.018 D_real: 0.000 D_fake: 0.000 \n"}
,{"stream_name":"stdout","time":6296.307589486,"data":"(epoch: 12, iters: 5380, time: 0.156, data: 0.003) G_GAN: 9.158 G_LPIPS: 47.543 D_real: 0.000 D_fake: 0.000 \n"}
,{"stream_name":"stdout","time":6296.307592958,"data":"(epoch: 12, iters: 5400, time: 0.157, data: 0.003) G_GAN: 10.295 G_LPIPS: 49.189 D_real: 0.000 D_fake: 0.000 \n"}
,{"stream_name":"stdout","time":6296.307596436,"data":"(epoch: 12, iters: 5420, time: 0.155, data: 0.003) G_GAN: 10.375 G_LPIPS: 47.361 D_real: 0.000 D_fake: 0.000 \n"}
,{"stream_name":"stdout","time":6296.30759995,"data":"(epoch: 12, iters: 5440, time: 0.156, data: 0.003) G_GAN: 10.071 G_LPIPS: 49.530 D_real: 0.000 D_fake: 0.000 \n"}
,{"stream_name":"stdout","time":6296.307603402,"data":"(epoch: 12, iters: 5460, time: 0.161, data: 0.003) G_GAN: 9.997 G_LPIPS: 49.328 D_real: 0.000 D_fake: 0.000 \n"}
,{"stream_name":"stdout","time":6296.307606855,"data":"(epoch: 12, iters: 5480, time: 0.155, data: 0.004) G_GAN: 10.587 G_LPIPS: 50.249 D_real: 0.000 D_fake: 0.000 \n"}
,{"stream_name":"stdout","time":6296.307610338,"data":"(epoch: 12, iters: 5500, time: 0.209, data: 0.003) G_GAN: 9.285 G_LPIPS: 47.092 D_real: 0.000 D_fake: 0.000 \n"}
,{"stream_name":"stdout","time":6296.30761396,"data":"(epoch: 12, iters: 5520, time: 0.155, data: 0.003) G_GAN: 10.029 G_LPIPS: 47.731 D_real: 0.000 D_fake: 0.000 \n"}
,{"stream_name":"stdout","time":6296.307621098,"data":"(epoch: 12, iters: 5540, time: 0.159, data: 0.003) G_GAN: 10.464 G_LPIPS: 47.628 D_real: 0.000 D_fake: 0.000 \n"}
,{"stream_name":"stdout","time":6296.307629252,"data":"(epoch: 12, iters: 5560, time: 0.156, data: 0.003) G_GAN: 9.404 G_LPIPS: 45.707 D_real: 0.000 D_fake: 0.000 \n"}
,{"stream_name":"stdout","time":6296.307632256,"data":"(epoch: 12, iters: 5580, time: 0.113, data: 0.003) G_GAN: 0.000 G_LPIPS: 39.901 D_real: 0.125 D_fake: 0.000 \n"}
,{"stream_name":"stdout","time":6296.307646615,"data":"saving the model at the end of epoch 12, iters 66960\n"}
,{"stream_name":"stdout","time":6296.307650876,"data":"End of epoch 12 / 20 \t Time Taken: 678 sec\n"}
,{"stream_name":"stdout","time":6296.307655056,"data":"learning rate 0.0000727 -\u003e 0.0000636\n"}
,{"stream_name":"stdout","time":6490.67058564,"data":"(epoch: 13, iters: 20, time: 0.156, data: 0.275) G_GAN: 11.288 G_LPIPS: 49.545 D_real: 0.003 D_fake: 0.000 \n"}
,{"stream_name":"stdout","time":6490.67064721,"data":"(epoch: 13, iters: 40, time: 0.162, data: 0.003) G_GAN: 10.692 G_LPIPS: 49.109 D_real: 0.003 D_fake: 0.000 \n"}
,{"stream_name":"stdout","time":6490.670660025,"data":"(epoch: 13, iters: 60, time: 0.157, data: 0.004) G_GAN: 10.600 G_LPIPS: 52.642 D_real: 0.001 D_fake: 0.000 \n"}
,{"stream_name":"stdout","time":6490.670663807,"data":"(epoch: 13, iters: 80, time: 0.155, data: 0.003) G_GAN: 10.911 G_LPIPS: 49.391 D_real: 0.001 D_fake: 0.000 \n"}
,{"stream_name":"stdout","time":6490.670667214,"data":"(epoch: 13, iters: 100, time: 0.156, data: 0.003) G_GAN: 11.802 G_LPIPS: 50.623 D_real: 0.001 D_fake: 0.000 \n"}
,{"stream_name":"stdout","time":6490.670670549,"data":"(epoch: 13, iters: 120, time: 0.156, data: 0.003) G_GAN: 3.674 G_LPIPS: 50.710 D_real: 0.001 D_fake: 0.005 \n"}
,{"stream_name":"stdout","time":6490.670673728,"data":"(epoch: 13, iters: 140, time: 0.160, data: 0.004) G_GAN: 9.126 G_LPIPS: 51.952 D_real: 0.001 D_fake: 0.001 \n"}
,{"stream_name":"stdout","time":6490.670676927,"data":"(epoch: 13, iters: 160, time: 0.212, data: 0.004) G_GAN: 9.777 G_LPIPS: 46.691 D_real: 0.004 D_fake: 0.000 \n"}
,{"stream_name":"stdout","time":6490.670680052,"data":"(epoch: 13, iters: 180, time: 0.160, data: 0.003) G_GAN: 9.788 G_LPIPS: 52.471 D_real: 0.000 D_fake: 0.000 \n"}
,{"stream_name":"stdout","time":6490.670683227,"data":"(epoch: 13, iters: 200, time: 0.160, data: 0.004) G_GAN: 6.837 G_LPIPS: 49.658 D_real: 0.000 D_fake: 0.006 \n"}
,{"stream_name":"stdout","time":6490.670686448,"data":"(epoch: 13, iters: 220, time: 0.157, data: 0.004) G_GAN: 10.299 G_LPIPS: 49.925 D_real: 0.000 D_fake: 0.000 \n"}
,{"stream_name":"stdout","time":6490.670689602,"data":"(epoch: 13, iters: 240, time: 0.184, data: 0.003) G_GAN: 8.798 G_LPIPS: 48.866 D_real: 0.001 D_fake: 0.001 \n"}
,{"stream_name":"stdout","time":6490.670707121,"data":"(epoch: 13, iters: 260, time: 0.224, data: 0.003) G_GAN: 9.697 G_LPIPS: 47.225 D_real: 0.001 D_fake: 0.000 \n"}
,{"stream_name":"stdout","time":6490.67071294,"data":"(epoch: 13, iters: 280, time: 0.161, data: 0.004) G_GAN: 7.419 G_LPIPS: 45.707 D_real: 0.007 D_fake: 0.002 \n"}
,{"stream_name":"stdout","time":6490.670718483,"data":"(epoch: 13, iters: 300, time: 0.159, data: 0.003) G_GAN: 9.592 G_LPIPS: 46.856 D_real: 0.001 D_fake: 0.000 \n"}
,{"stream_name":"stdout","time":6490.670724149,"data":"(epoch: 13, iters: 320, time: 0.162, data: 0.003) G_GAN: 8.686 G_LPIPS: 49.702 D_real: 0.001 D_fake: 0.001 \n"}
,{"stream_name":"stdout","time":6490.670729452,"data":"(epoch: 13, iters: 340, time: 0.160, data: 0.004) G_GAN: 7.607 G_LPIPS: 46.358 D_real: 0.001 D_fake: 0.002 \n"}
,{"stream_name":"stdout","time":6490.670734247,"data":"(epoch: 13, iters: 360, time: 0.159, data: 0.003) G_GAN: 6.576 G_LPIPS: 49.912 D_real: 0.000 D_fake: 0.004 \n"}
,{"stream_name":"stdout","time":6490.67075425,"data":"(epoch: 13, iters: 380, time: 0.156, data: 0.003) G_GAN: 8.268 G_LPIPS: 46.433 D_real: 0.000 D_fake: 0.001 \n"}
,{"stream_name":"stdout","time":6490.670758614,"data":"(epoch: 13, iters: 400, time: 0.216, data: 0.003) G_GAN: 11.655 G_LPIPS: 53.205 D_real: 0.000 D_fake: 0.000 \n"}
,{"stream_name":"stdout","time":6490.670762639,"data":"(epoch: 13, iters: 420, time: 0.160, data: 0.003) G_GAN: 9.224 G_LPIPS: 48.807 D_real: 0.000 D_fake: 0.000 \n"}
,{"stream_name":"stdout","time":6490.67076684,"data":"(epoch: 13, iters: 440, time: 0.163, data: 0.003) G_GAN: 8.155 G_LPIPS: 49.052 D_real: 0.000 D_fake: 0.001 \n"}
,{"stream_name":"stdout","time":6490.670770666,"data":"(epoch: 13, iters: 460, time: 0.160, data: 0.004) G_GAN: 9.948 G_LPIPS: 52.629 D_real: 0.000 D_fake: 0.000 \n"}
,{"stream_name":"stdout","time":6490.670775057,"data":"(epoch: 13, iters: 480, time: 0.157, data: 0.003) G_GAN: 6.879 G_LPIPS: 45.599 D_real: 0.001 D_fake: 0.003 \n"}
,{"stream_name":"stdout","time":6490.670779175,"data":"(epoch: 13, iters: 500, time: 0.219, data: 0.003) G_GAN: 8.438 G_LPIPS: 49.497 D_real: 0.001 D_fake: 0.000 \n"}
,{"stream_name":"stdout","time":6490.670782663,"data":"(epoch: 13, iters: 520, time: 0.162, data: 0.004) G_GAN: 10.091 G_LPIPS: 48.412 D_real: 0.001 D_fake: 0.000 \n"}
,{"stream_name":"stdout","time":6490.67078618,"data":"(epoch: 13, iters: 540, time: 0.159, data: 0.003) G_GAN: 10.702 G_LPIPS: 50.537 D_real: 0.000 D_fake: 0.000 \n"}
,{"stream_name":"stdout","time":6490.670790129,"data":"(epoch: 13, iters: 560, time: 0.157, data: 0.003) G_GAN: 8.835 G_LPIPS: 52.930 D_real: 0.000 D_fake: 0.000 \n"}
,{"stream_name":"stdout","time":6490.670794136,"data":"(epoch: 13, iters: 580, time: 0.160, data: 0.003) G_GAN: 10.349 G_LPIPS: 49.596 D_real: 0.000 D_fake: 0.000 \n"}
,{"stream_name":"stdout","time":6490.670798082,"data":"(epoch: 13, iters: 600, time: 0.163, data: 0.003) G_GAN: 8.095 G_LPIPS: 47.845 D_real: 0.000 D_fake: 0.001 \n"}
,{"stream_name":"stdout","time":6490.670802853,"data":"(epoch: 13, iters: 620, time: 0.158, data: 0.004) G_GAN: 9.149 G_LPIPS: 49.300 D_real: 0.000 D_fake: 0.000 \n"}
,{"stream_name":"stdout","time":6490.67080619,"data":"(epoch: 13, iters: 640, time: 0.159, data: 0.003) G_GAN: 10.915 G_LPIPS: 51.884 D_real: 0.000 D_fake: 0.000 \n"}
,{"stream_name":"stdout","time":6490.670809908,"data":"(epoch: 13, iters: 660, time: 0.159, data: 0.003) G_GAN: 8.550 G_LPIPS: 44.753 D_real: 0.002 D_fake: 0.000 \n"}
,{"stream_name":"stdout","time":6490.670813516,"data":"(epoch: 13, iters: 680, time: 0.161, data: 0.004) G_GAN: 10.675 G_LPIPS: 52.752 D_real: 0.000 D_fake: 0.001 \n"}
,{"stream_name":"stdout","time":6490.670816943,"data":"(epoch: 13, iters: 700, time: 0.159, data: 0.003) G_GAN: 7.228 G_LPIPS: 42.655 D_real: 0.001 D_fake: 0.005 \n"}
,{"stream_name":"stdout","time":6490.670820118,"data":"(epoch: 13, iters: 720, time: 0.157, data: 0.003) G_GAN: 11.293 G_LPIPS: 54.390 D_real: 0.000 D_fake: 0.000 \n"}
,{"stream_name":"stdout","time":6490.670823494,"data":"(epoch: 13, iters: 740, time: 0.214, data: 0.004) G_GAN: 9.360 G_LPIPS: 47.693 D_real: 0.000 D_fake: 0.000 \n"}
,{"stream_name":"stdout","time":6490.670827406,"data":"(epoch: 13, iters: 760, time: 0.159, data: 0.003) G_GAN: 10.440 G_LPIPS: 51.224 D_real: 0.000 D_fake: 0.000 \n"}
,{"stream_name":"stdout","time":6490.670831141,"data":"(epoch: 13, iters: 780, time: 0.161, data: 0.003) G_GAN: 10.101 G_LPIPS: 51.958 D_real: 0.000 D_fake: 0.000 \n"}
,{"stream_name":"stdout","time":6490.670834654,"data":"(epoch: 13, iters: 800, time: 0.160, data: 0.004) G_GAN: 11.322 G_LPIPS: 49.469 D_real: 0.000 D_fake: 0.000 \n"}
,{"stream_name":"stdout","time":6490.670838002,"data":"(epoch: 13, iters: 820, time: 0.157, data: 0.003) G_GAN: 8.292 G_LPIPS: 50.415 D_real: 0.000 D_fake: 0.001 \n"}
,{"stream_name":"stdout","time":6490.670853732,"data":"(epoch: 13, iters: 840, time: 0.160, data: 0.003) G_GAN: 10.625 G_LPIPS: 51.711 D_real: 0.000 D_fake: 0.000 \n"}
,{"stream_name":"stdout","time":6490.670857247,"data":"(epoch: 13, iters: 860, time: 0.163, data: 0.004) G_GAN: 8.807 G_LPIPS: 49.353 D_real: 0.000 D_fake: 0.001 \n"}
,{"stream_name":"stdout","time":6490.67086057,"data":"(epoch: 13, iters: 880, time: 0.159, data: 0.003) G_GAN: 11.393 G_LPIPS: 55.534 D_real: 0.000 D_fake: 0.000 \n"}
,{"stream_name":"stdout","time":6490.670863894,"data":"(epoch: 13, iters: 900, time: 0.168, data: 0.003) G_GAN: 11.323 G_LPIPS: 56.289 D_real: 0.000 D_fake: 0.000 \n"}
,{"stream_name":"stdout","time":6490.670867552,"data":"(epoch: 13, iters: 920, time: 0.158, data: 0.003) G_GAN: 8.868 G_LPIPS: 49.973 D_real: 0.000 D_fake: 0.000 \n"}
,{"stream_name":"stdout","time":6490.670871446,"data":"(epoch: 13, iters: 940, time: 0.162, data: 0.003) G_GAN: 11.346 G_LPIPS: 53.511 D_real: 0.000 D_fake: 0.000 \n"}
,{"stream_name":"stdout","time":6490.670875397,"data":"(epoch: 13, iters: 960, time: 0.163, data: 0.004) G_GAN: 11.357 G_LPIPS: 54.761 D_real: 0.000 D_fake: 0.000 \n"}
,{"stream_name":"stdout","time":6490.670879138,"data":"(epoch: 13, iters: 980, time: 0.215, data: 0.004) G_GAN: 10.448 G_LPIPS: 51.093 D_real: 0.000 D_fake: 0.000 \n"}
,{"stream_name":"stdout","time":6490.670882499,"data":"(epoch: 13, iters: 1000, time: 0.158, data: 0.003) G_GAN: 10.005 G_LPIPS: 48.856 D_real: 0.001 D_fake: 0.000 \n"}
,{"stream_name":"stdout","time":6490.670885972,"data":"(epoch: 13, iters: 1020, time: 0.162, data: 0.003) G_GAN: 9.738 G_LPIPS: 49.547 D_real: 0.000 D_fake: 0.000 \n"}
,{"stream_name":"stdout","time":6490.670889446,"data":"(epoch: 13, iters: 1040, time: 0.179, data: 0.003) G_GAN: 9.249 G_LPIPS: 49.394 D_real: 0.000 D_fake: 0.000 \n"}
,{"stream_name":"stdout","time":6490.67089307,"data":"(epoch: 13, iters: 1060, time: 0.159, data: 0.003) G_GAN: 7.986 G_LPIPS: 49.343 D_real: 0.000 D_fake: 0.003 \n"}
,{"stream_name":"stdout","time":6490.670896968,"data":"(epoch: 13, iters: 1080, time: 0.210, data: 0.004) G_GAN: 8.025 G_LPIPS: 51.564 D_real: 0.000 D_fake: 0.001 \n"}
,{"stream_name":"stdout","time":6490.67090066,"data":"(epoch: 13, iters: 1100, time: 0.157, data: 0.004) G_GAN: 8.639 G_LPIPS: 49.279 D_real: 0.000 D_fake: 0.000 \n"}
,{"stream_name":"stdout","time":6490.670907851,"data":"(epoch: 13, iters: 1120, time: 0.162, data: 0.003) G_GAN: 8.371 G_LPIPS: 50.999 D_real: 0.000 D_fake: 0.001 \n"}
,{"stream_name":"stdout","time":6490.670913263,"data":"(epoch: 13, iters: 1140, time: 0.164, data: 0.003) G_GAN: 9.053 G_LPIPS: 49.878 D_real: 0.000 D_fake: 0.000 \n"}
,{"stream_name":"stdout","time":6490.67091762,"data":"(epoch: 13, iters: 1160, time: 0.159, data: 0.003) G_GAN: 9.107 G_LPIPS: 48.295 D_real: 0.000 D_fake: 0.000 \n"}
,{"stream_name":"stdout","time":6490.670921162,"data":"(epoch: 13, iters: 1180, time: 0.158, data: 0.003) G_GAN: 8.936 G_LPIPS: 46.484 D_real: 0.000 D_fake: 0.000 \n"}
,{"stream_name":"stdout","time":6490.670924499,"data":"(epoch: 13, iters: 1200, time: 0.164, data: 0.003) G_GAN: 8.625 G_LPIPS: 49.119 D_real: 0.000 D_fake: 0.000 \n"}
,{"stream_name":"stdout","time":6490.670928518,"data":"(epoch: 13, iters: 1220, time: 0.203, data: 0.004) G_GAN: 7.685 G_LPIPS: 47.490 D_real: 0.000 D_fake: 0.001 \n"}
,{"stream_name":"stdout","time":6490.670932931,"data":"(epoch: 13, iters: 1240, time: 0.160, data: 0.003) G_GAN: 8.068 G_LPIPS: 49.465 D_real: 0.000 D_fake: 0.001 \n"}
,{"stream_name":"stdout","time":6490.670937046,"data":"(epoch: 13, iters: 1260, time: 0.158, data: 0.003) G_GAN: 8.897 G_LPIPS: 49.126 D_real: 0.000 D_fake: 0.000 \n"}
,{"stream_name":"stdout","time":6490.670940863,"data":"(epoch: 13, iters: 1280, time: 0.158, data: 0.003) G_GAN: 10.213 G_LPIPS: 50.384 D_real: 0.000 D_fake: 0.000 \n"}
,{"stream_name":"stdout","time":6490.670948449,"data":"(epoch: 13, iters: 1300, time: 0.163, data: 0.003) G_GAN: 7.961 G_LPIPS: 47.998 D_real: 0.000 D_fake: 0.001 \n"}
,{"stream_name":"stdout","time":6490.670952493,"data":"(epoch: 13, iters: 1320, time: 0.214, data: 0.003) G_GAN: 10.648 G_LPIPS: 52.404 D_real: 0.000 D_fake: 0.000 \n"}
,{"stream_name":"stdout","time":6490.670956257,"data":"(epoch: 13, iters: 1340, time: 0.159, data: 0.003) G_GAN: 9.365 G_LPIPS: 48.141 D_real: 0.000 D_fake: 0.000 \n"}
,{"stream_name":"stdout","time":6490.670960013,"data":"(epoch: 13, iters: 1360, time: 0.162, data: 0.004) G_GAN: 8.188 G_LPIPS: 47.527 D_real: 0.000 D_fake: 0.000 \n"}
,{"stream_name":"stdout","time":6490.670963947,"data":"(epoch: 13, iters: 1380, time: 0.162, data: 0.004) G_GAN: 10.262 G_LPIPS: 50.075 D_real: 0.000 D_fake: 0.000 \n"}
,{"stream_name":"stdout","time":6490.670968238,"data":"(epoch: 13, iters: 1400, time: 0.160, data: 0.004) G_GAN: 6.767 G_LPIPS: 47.607 D_real: 0.001 D_fake: 0.002 \n"}
,{"stream_name":"stdout","time":6490.670972754,"data":"(epoch: 13, iters: 1420, time: 0.159, data: 0.003) G_GAN: 8.607 G_LPIPS: 49.959 D_real: 0.000 D_fake: 0.000 \n"}
,{"stream_name":"stdout","time":6490.670976648,"data":"(epoch: 13, iters: 1440, time: 0.156, data: 0.003) G_GAN: 11.666 G_LPIPS: 53.650 D_real: 0.000 D_fake: 0.000 \n"}
,{"stream_name":"stdout","time":6490.670980324,"data":"(epoch: 13, iters: 1460, time: 0.163, data: 0.003) G_GAN: 9.298 G_LPIPS: 48.948 D_real: 0.000 D_fake: 0.000 \n"}
,{"stream_name":"stdout","time":6490.670984206,"data":"(epoch: 13, iters: 1480, time: 0.158, data: 0.004) G_GAN: 8.518 G_LPIPS: 45.465 D_real: 0.000 D_fake: 0.000 \n"}
,{"stream_name":"stdout","time":6490.670987934,"data":"(epoch: 13, iters: 1500, time: 0.159, data: 0.004) G_GAN: 10.149 G_LPIPS: 52.803 D_real: 0.000 D_fake: 0.000 \n"}
,{"stream_name":"stdout","time":6684.918901263,"data":"(epoch: 13, iters: 1520, time: 0.158, data: 0.003) G_GAN: 10.626 G_LPIPS: 48.998 D_real: 0.000 D_fake: 0.000 \n"}
,{"stream_name":"stdout","time":6684.918961404,"data":"(epoch: 13, iters: 1540, time: 0.159, data: 0.003) G_GAN: 10.038 G_LPIPS: 50.273 D_real: 0.000 D_fake: 0.000 \n"}
,{"stream_name":"stdout","time":6684.918968088,"data":"(epoch: 13, iters: 1560, time: 0.222, data: 0.003) G_GAN: 9.724 G_LPIPS: 48.825 D_real: 0.000 D_fake: 0.000 \n"}
,{"stream_name":"stdout","time":6684.918973091,"data":"(epoch: 13, iters: 1580, time: 0.159, data: 0.003) G_GAN: 7.582 G_LPIPS: 48.454 D_real: 0.000 D_fake: 0.001 \n"}
,{"stream_name":"stdout","time":6684.918982696,"data":"(epoch: 13, iters: 1600, time: 0.162, data: 0.003) G_GAN: 8.362 G_LPIPS: 46.839 D_real: 0.000 D_fake: 0.001 \n"}
,{"stream_name":"stdout","time":6684.918986288,"data":"(epoch: 13, iters: 1620, time: 0.158, data: 0.003) G_GAN: 10.112 G_LPIPS: 45.640 D_real: 0.000 D_fake: 0.000 \n"}
,{"stream_name":"stdout","time":6684.918989423,"data":"(epoch: 13, iters: 1640, time: 0.164, data: 0.003) G_GAN: 11.747 G_LPIPS: 54.330 D_real: 0.000 D_fake: 0.000 \n"}
,{"stream_name":"stdout","time":6684.918992538,"data":"(epoch: 13, iters: 1660, time: 0.159, data: 0.003) G_GAN: 10.184 G_LPIPS: 45.545 D_real: 0.008 D_fake: 0.000 \n"}
,{"stream_name":"stdout","time":6684.918995606,"data":"(epoch: 13, iters: 1680, time: 0.167, data: 0.003) G_GAN: 10.318 G_LPIPS: 49.626 D_real: 0.000 D_fake: 0.000 \n"}
,{"stream_name":"stdout","time":6684.91899893,"data":"(epoch: 13, iters: 1700, time: 0.160, data: 0.003) G_GAN: 9.776 G_LPIPS: 45.221 D_real: 0.007 D_fake: 0.000 \n"}
,{"stream_name":"stdout","time":6684.919001955,"data":"(epoch: 13, iters: 1720, time: 0.160, data: 0.004) G_GAN: 8.125 G_LPIPS: 49.513 D_real: 0.000 D_fake: 0.000 \n"}
,{"stream_name":"stdout","time":6684.919004907,"data":"(epoch: 13, iters: 1740, time: 0.162, data: 0.004) G_GAN: 9.640 G_LPIPS: 50.080 D_real: 0.000 D_fake: 0.000 \n"}
,{"stream_name":"stdout","time":6684.919035256,"data":"(epoch: 13, iters: 1760, time: 0.160, data: 0.003) G_GAN: 10.225 G_LPIPS: 47.456 D_real: 0.001 D_fake: 0.000 \n"}
,{"stream_name":"stdout","time":6684.919040237,"data":"(epoch: 13, iters: 1780, time: 0.159, data: 0.003) G_GAN: 8.866 G_LPIPS: 49.183 D_real: 0.000 D_fake: 0.000 \n"}
,{"stream_name":"stdout","time":6684.919044511,"data":"(epoch: 13, iters: 1800, time: 0.214, data: 0.003) G_GAN: 10.050 G_LPIPS: 46.346 D_real: 0.000 D_fake: 0.000 \n"}
,{"stream_name":"stdout","time":6684.919048114,"data":"(epoch: 13, iters: 1820, time: 0.164, data: 0.004) G_GAN: 10.672 G_LPIPS: 52.062 D_real: 0.000 D_fake: 0.000 \n"}
,{"stream_name":"stdout","time":6684.919068015,"data":"(epoch: 13, iters: 1840, time: 0.160, data: 0.004) G_GAN: 10.516 G_LPIPS: 46.993 D_real: 0.000 D_fake: 0.000 \n"}
,{"stream_name":"stdout","time":6684.91907161,"data":"(epoch: 13, iters: 1860, time: 0.160, data: 0.003) G_GAN: 9.042 G_LPIPS: 48.909 D_real: 0.000 D_fake: 0.000 \n"}
,{"stream_name":"stdout","time":6684.919075163,"data":"(epoch: 13, iters: 1880, time: 0.158, data: 0.003) G_GAN: 9.758 G_LPIPS: 46.583 D_real: 0.000 D_fake: 0.000 \n"}
,{"stream_name":"stdout","time":6684.919080225,"data":"(epoch: 13, iters: 1900, time: 0.219, data: 0.003) G_GAN: 11.167 G_LPIPS: 52.780 D_real: 0.000 D_fake: 0.000 \n"}
,{"stream_name":"stdout","time":6684.919084093,"data":"(epoch: 13, iters: 1920, time: 0.162, data: 0.004) G_GAN: 9.973 G_LPIPS: 51.145 D_real: 0.000 D_fake: 0.000 \n"}
,{"stream_name":"stdout","time":6684.919089812,"data":"(epoch: 13, iters: 1940, time: 0.160, data: 0.004) G_GAN: 9.657 G_LPIPS: 50.426 D_real: 0.000 D_fake: 0.000 \n"}
,{"stream_name":"stdout","time":6684.919093543,"data":"(epoch: 13, iters: 1960, time: 0.159, data: 0.003) G_GAN: 11.395 G_LPIPS: 54.139 D_real: 0.000 D_fake: 0.000 \n"}
,{"stream_name":"stdout","time":6684.919099139,"data":"(epoch: 13, iters: 1980, time: 0.161, data: 0.004) G_GAN: 9.147 G_LPIPS: 49.874 D_real: 0.000 D_fake: 0.000 \n"}
,{"stream_name":"stdout","time":6684.919102839,"data":"(epoch: 13, iters: 2000, time: 0.163, data: 0.003) G_GAN: 10.527 G_LPIPS: 48.029 D_real: 0.000 D_fake: 0.000 \n"}
,{"stream_name":"stdout","time":6684.919107229,"data":"(epoch: 13, iters: 2020, time: 0.159, data: 0.003) G_GAN: 9.381 G_LPIPS: 51.243 D_real: 0.000 D_fake: 0.000 \n"}
,{"stream_name":"stdout","time":6684.919131673,"data":"(epoch: 13, iters: 2040, time: 0.160, data: 0.004) G_GAN: 9.302 G_LPIPS: 48.102 D_real: 0.000 D_fake: 0.000 \n"}
,{"stream_name":"stdout","time":6684.919147972,"data":"(epoch: 13, iters: 2060, time: 0.159, data: 0.003) G_GAN: 9.336 G_LPIPS: 42.279 D_real: 0.001 D_fake: 0.000 \n"}
,{"stream_name":"stdout","time":6684.919151482,"data":"(epoch: 13, iters: 2080, time: 0.160, data: 0.004) G_GAN: 10.309 G_LPIPS: 53.201 D_real: 0.000 D_fake: 0.000 \n"}
,{"stream_name":"stdout","time":6684.919155355,"data":"(epoch: 13, iters: 2100, time: 0.162, data: 0.004) G_GAN: 10.678 G_LPIPS: 51.695 D_real: 0.000 D_fake: 0.000 \n"}
,{"stream_name":"stdout","time":6684.919158916,"data":"(epoch: 13, iters: 2120, time: 0.160, data: 0.003) G_GAN: 8.890 G_LPIPS: 48.283 D_real: 0.000 D_fake: 0.000 \n"}
,{"stream_name":"stdout","time":6684.91916247,"data":"(epoch: 13, iters: 2140, time: 0.208, data: 0.003) G_GAN: 11.053 G_LPIPS: 52.288 D_real: 0.000 D_fake: 0.000 \n"}
,{"stream_name":"stdout","time":6684.91916596,"data":"(epoch: 13, iters: 2160, time: 0.161, data: 0.003) G_GAN: 10.614 G_LPIPS: 49.853 D_real: 0.000 D_fake: 0.000 \n"}
,{"stream_name":"stdout","time":6684.919169455,"data":"(epoch: 13, iters: 2180, time: 0.161, data: 0.003) G_GAN: 11.037 G_LPIPS: 51.116 D_real: 0.000 D_fake: 0.000 \n"}
,{"stream_name":"stdout","time":6684.919172952,"data":"(epoch: 13, iters: 2200, time: 0.159, data: 0.003) G_GAN: 9.306 G_LPIPS: 45.641 D_real: 0.000 D_fake: 0.000 \n"}
,{"stream_name":"stdout","time":6684.919180828,"data":"(epoch: 13, iters: 2220, time: 0.164, data: 0.004) G_GAN: 9.422 G_LPIPS: 48.386 D_real: 0.001 D_fake: 0.000 \n"}
,{"stream_name":"stdout","time":6684.919184794,"data":"(epoch: 13, iters: 2240, time: 0.215, data: 0.003) G_GAN: 11.266 G_LPIPS: 50.368 D_real: 0.000 D_fake: 0.000 \n"}
,{"stream_name":"stdout","time":6684.919303691,"data":"(epoch: 13, iters: 2260, time: 0.164, data: 0.004) G_GAN: 10.015 G_LPIPS: 48.594 D_real: 0.000 D_fake: 0.000 \n"}
,{"stream_name":"stdout","time":6684.919311317,"data":"(epoch: 13, iters: 2280, time: 0.161, data: 0.003) G_GAN: 11.409 G_LPIPS: 51.255 D_real: 0.000 D_fake: 0.000 \n"}
,{"stream_name":"stdout","time":6684.919327811,"data":"(epoch: 13, iters: 2300, time: 0.160, data: 0.003) G_GAN: 10.895 G_LPIPS: 50.927 D_real: 0.000 D_fake: 0.000 \n"}
,{"stream_name":"stdout","time":6684.919331871,"data":"(epoch: 13, iters: 2320, time: 0.161, data: 0.003) G_GAN: 10.184 G_LPIPS: 51.337 D_real: 0.000 D_fake: 0.000 \n"}
,{"stream_name":"stdout","time":6684.919335714,"data":"(epoch: 13, iters: 2340, time: 0.163, data: 0.004) G_GAN: 8.958 G_LPIPS: 45.182 D_real: 0.000 D_fake: 0.000 \n"}
,{"stream_name":"stdout","time":6684.919339578,"data":"(epoch: 13, iters: 2360, time: 0.164, data: 0.003) G_GAN: 10.639 G_LPIPS: 49.805 D_real: 0.000 D_fake: 0.000 \n"}
,{"stream_name":"stdout","time":6684.919343501,"data":"(epoch: 13, iters: 2380, time: 0.160, data: 0.004) G_GAN: 10.941 G_LPIPS: 48.459 D_real: 0.000 D_fake: 0.000 \n"}
,{"stream_name":"stdout","time":6684.919347278,"data":"(epoch: 13, iters: 2400, time: 0.160, data: 0.003) G_GAN: 10.372 G_LPIPS: 50.204 D_real: 0.000 D_fake: 0.000 \n"}
,{"stream_name":"stdout","time":6684.919351175,"data":"(epoch: 13, iters: 2420, time: 0.160, data: 0.003) G_GAN: 10.815 G_LPIPS: 47.428 D_real: 0.000 D_fake: 0.000 \n"}
,{"stream_name":"stdout","time":6684.919354842,"data":"(epoch: 13, iters: 2440, time: 0.166, data: 0.004) G_GAN: 11.187 G_LPIPS: 53.604 D_real: 0.000 D_fake: 0.000 \n"}
,{"stream_name":"stdout","time":6684.919359177,"data":"(epoch: 13, iters: 2460, time: 0.165, data: 0.003) G_GAN: 10.815 G_LPIPS: 49.952 D_real: 0.000 D_fake: 0.000 \n"}
,{"stream_name":"stdout","time":6684.919363441,"data":"(epoch: 13, iters: 2480, time: 0.160, data: 0.003) G_GAN: 8.847 G_LPIPS: 43.063 D_real: 0.001 D_fake: 0.000 \n"}
,{"stream_name":"stdout","time":6684.919367785,"data":"(epoch: 13, iters: 2500, time: 0.161, data: 0.004) G_GAN: 10.060 G_LPIPS: 53.042 D_real: 0.000 D_fake: 0.000 \n"}
,{"stream_name":"stdout","time":6684.919372002,"data":"(epoch: 13, iters: 2520, time: 0.162, data: 0.004) G_GAN: 11.220 G_LPIPS: 50.868 D_real: 0.000 D_fake: 0.000 \n"}
,{"stream_name":"stdout","time":6684.919376768,"data":"(epoch: 13, iters: 2540, time: 0.164, data: 0.003) G_GAN: 11.054 G_LPIPS: 49.474 D_real: 0.000 D_fake: 0.000 \n"}
,{"stream_name":"stdout","time":6684.919380633,"data":"(epoch: 13, iters: 2560, time: 0.161, data: 0.003) G_GAN: 11.302 G_LPIPS: 53.474 D_real: 0.000 D_fake: 0.000 \n"}
,{"stream_name":"stdout","time":6684.919384427,"data":"(epoch: 13, iters: 2580, time: 0.214, data: 0.003) G_GAN: 10.495 G_LPIPS: 48.996 D_real: 0.000 D_fake: 0.000 \n"}
,{"stream_name":"stdout","time":6684.919388133,"data":"(epoch: 13, iters: 2600, time: 0.162, data: 0.003) G_GAN: 11.407 G_LPIPS: 51.804 D_real: 0.000 D_fake: 0.000 \n"}
,{"stream_name":"stdout","time":6684.919391844,"data":"(epoch: 13, iters: 2620, time: 0.163, data: 0.004) G_GAN: 10.740 G_LPIPS: 49.066 D_real: 0.000 D_fake: 0.000 \n"}
,{"stream_name":"stdout","time":6684.919395615,"data":"(epoch: 13, iters: 2640, time: 0.162, data: 0.003) G_GAN: 8.717 G_LPIPS: 46.205 D_real: 0.000 D_fake: 0.000 \n"}
,{"stream_name":"stdout","time":6684.919400885,"data":"(epoch: 13, iters: 2660, time: 0.160, data: 0.003) G_GAN: 10.489 G_LPIPS: 50.640 D_real: 0.000 D_fake: 0.000 \n"}
,{"stream_name":"stdout","time":6684.919415207,"data":"(epoch: 13, iters: 2680, time: 0.216, data: 0.003) G_GAN: 10.198 G_LPIPS: 49.096 D_real: 0.000 D_fake: 0.000 \n"}
,{"stream_name":"stdout","time":6684.919419099,"data":"(epoch: 13, iters: 2700, time: 0.162, data: 0.003) G_GAN: 11.470 G_LPIPS: 52.169 D_real: 0.000 D_fake: 0.000 \n"}
,{"stream_name":"stdout","time":6684.919422929,"data":"(epoch: 13, iters: 2720, time: 0.162, data: 0.004) G_GAN: 2.079 G_LPIPS: 45.270 D_real: 0.395 D_fake: 0.000 \n"}
,{"stream_name":"stdout","time":6684.919426671,"data":"(epoch: 13, iters: 2740, time: 0.162, data: 0.003) G_GAN: 8.776 G_LPIPS: 48.980 D_real: 0.010 D_fake: 0.001 \n"}
,{"stream_name":"stdout","time":6684.919431828,"data":"(epoch: 13, iters: 2760, time: 0.161, data: 0.003) G_GAN: 12.108 G_LPIPS: 53.532 D_real: 0.002 D_fake: 0.000 \n"}
,{"stream_name":"stdout","time":6684.919436049,"data":"(epoch: 13, iters: 2780, time: 0.228, data: 0.004) G_GAN: 11.765 G_LPIPS: 48.554 D_real: 0.004 D_fake: 0.000 \n"}
,{"stream_name":"stdout","time":6684.919459234,"data":"(epoch: 13, iters: 2800, time: 0.164, data: 0.003) G_GAN: 11.732 G_LPIPS: 48.133 D_real: 0.001 D_fake: 0.000 \n"}
,{"stream_name":"stdout","time":6684.919464384,"data":"(epoch: 13, iters: 2820, time: 0.159, data: 0.004) G_GAN: 7.078 G_LPIPS: 43.643 D_real: 1.570 D_fake: 0.000 \n"}
,{"stream_name":"stdout","time":6684.919469033,"data":"(epoch: 13, iters: 2840, time: 0.168, data: 0.004) G_GAN: 6.969 G_LPIPS: 46.873 D_real: 0.000 D_fake: 0.045 \n"}
,{"stream_name":"stdout","time":6684.919473645,"data":"(epoch: 13, iters: 2860, time: 0.164, data: 0.003) G_GAN: 9.531 G_LPIPS: 49.936 D_real: 0.000 D_fake: 0.000 \n"}
,{"stream_name":"stdout","time":6684.919477787,"data":"(epoch: 13, iters: 2880, time: 0.224, data: 0.003) G_GAN: 11.029 G_LPIPS: 50.991 D_real: 0.000 D_fake: 0.000 \n"}
,{"stream_name":"stdout","time":6684.919481653,"data":"(epoch: 13, iters: 2900, time: 0.163, data: 0.004) G_GAN: 9.844 G_LPIPS: 49.863 D_real: 0.000 D_fake: 0.000 \n"}
,{"stream_name":"stdout","time":6684.919485431,"data":"(epoch: 13, iters: 2920, time: 0.161, data: 0.003) G_GAN: 7.330 G_LPIPS: 44.980 D_real: 0.000 D_fake: 0.002 \n"}
,{"stream_name":"stdout","time":6684.919489155,"data":"(epoch: 13, iters: 2940, time: 0.161, data: 0.004) G_GAN: 8.334 G_LPIPS: 48.679 D_real: 0.000 D_fake: 0.001 \n"}
,{"stream_name":"stdout","time":6684.919492807,"data":"(epoch: 13, iters: 2960, time: 0.166, data: 0.004) G_GAN: 9.256 G_LPIPS: 47.381 D_real: 0.000 D_fake: 0.000 \n"}
,{"stream_name":"stdout","time":6684.91949654,"data":"(epoch: 13, iters: 2980, time: 0.221, data: 0.003) G_GAN: 9.665 G_LPIPS: 47.705 D_real: 0.000 D_fake: 0.000 \n"}
,{"stream_name":"stdout","time":6684.919500337,"data":"(epoch: 13, iters: 3000, time: 0.160, data: 0.004) G_GAN: 9.804 G_LPIPS: 50.653 D_real: 0.000 D_fake: 0.000 \n"}
,{"stream_name":"stdout","time":6883.144255342,"data":"(epoch: 13, iters: 3020, time: 0.159, data: 0.004) G_GAN: 9.659 G_LPIPS: 50.799 D_real: 0.000 D_fake: 0.000 \n"}
,{"stream_name":"stdout","time":6883.144295755,"data":"(epoch: 13, iters: 3040, time: 0.184, data: 0.004) G_GAN: 9.440 G_LPIPS: 49.666 D_real: 0.000 D_fake: 0.000 \n"}
,{"stream_name":"stdout","time":6883.144301114,"data":"saving the latest model (epoch 13, total_iters 70000)\n"}
,{"stream_name":"stdout","time":6883.144305865,"data":"(epoch: 13, iters: 3060, time: 0.173, data: 0.004) G_GAN: 9.366 G_LPIPS: 51.181 D_real: 0.000 D_fake: 0.000 \n"}
,{"stream_name":"stdout","time":6883.144310606,"data":"(epoch: 13, iters: 3080, time: 0.165, data: 0.003) G_GAN: 8.720 G_LPIPS: 46.727 D_real: 0.000 D_fake: 0.000 \n"}
,{"stream_name":"stdout","time":6883.144315148,"data":"(epoch: 13, iters: 3100, time: 0.162, data: 0.003) G_GAN: 10.040 G_LPIPS: 50.180 D_real: 0.000 D_fake: 0.000 \n"}
,{"stream_name":"stdout","time":6883.144343894,"data":"(epoch: 13, iters: 3120, time: 0.159, data: 0.004) G_GAN: 9.842 G_LPIPS: 49.322 D_real: 0.000 D_fake: 0.000 \n"}
,{"stream_name":"stdout","time":6883.144347831,"data":"(epoch: 13, iters: 3140, time: 0.162, data: 0.003) G_GAN: 7.262 G_LPIPS: 47.263 D_real: 0.000 D_fake: 0.002 \n"}
,{"stream_name":"stdout","time":6883.144351066,"data":"(epoch: 13, iters: 3160, time: 0.164, data: 0.004) G_GAN: 9.791 G_LPIPS: 49.560 D_real: 0.000 D_fake: 0.000 \n"}
,{"stream_name":"stdout","time":6883.144354421,"data":"(epoch: 13, iters: 3180, time: 0.165, data: 0.004) G_GAN: 7.669 G_LPIPS: 48.193 D_real: 0.000 D_fake: 0.001 \n"}
,{"stream_name":"stdout","time":6883.144357993,"data":"(epoch: 13, iters: 3200, time: 0.166, data: 0.003) G_GAN: 10.199 G_LPIPS: 51.631 D_real: 0.000 D_fake: 0.000 \n"}
,{"stream_name":"stdout","time":6883.144361777,"data":"(epoch: 13, iters: 3220, time: 0.163, data: 0.003) G_GAN: 7.820 G_LPIPS: 49.644 D_real: 0.000 D_fake: 0.001 \n"}
,{"stream_name":"stdout","time":6883.144365783,"data":"(epoch: 13, iters: 3240, time: 0.224, data: 0.003) G_GAN: 9.312 G_LPIPS: 51.111 D_real: 0.000 D_fake: 0.000 \n"}
,{"stream_name":"stdout","time":6883.144369454,"data":"(epoch: 13, iters: 3260, time: 0.164, data: 0.004) G_GAN: 6.733 G_LPIPS: 43.508 D_real: 0.000 D_fake: 0.003 \n"}
,{"stream_name":"stdout","time":6883.144373413,"data":"(epoch: 13, iters: 3280, time: 0.165, data: 0.004) G_GAN: 9.660 G_LPIPS: 49.621 D_real: 0.000 D_fake: 0.000 \n"}
,{"stream_name":"stdout","time":6883.14437723,"data":"(epoch: 13, iters: 3300, time: 0.161, data: 0.004) G_GAN: 9.913 G_LPIPS: 47.427 D_real: 0.000 D_fake: 0.000 \n"}
,{"stream_name":"stdout","time":6883.144380867,"data":"(epoch: 13, iters: 3320, time: 0.162, data: 0.003) G_GAN: 10.939 G_LPIPS: 53.593 D_real: 0.000 D_fake: 0.000 \n"}
,{"stream_name":"stdout","time":6883.144384725,"data":"(epoch: 13, iters: 3340, time: 0.220, data: 0.003) G_GAN: 9.209 G_LPIPS: 47.809 D_real: 0.000 D_fake: 0.000 \n"}
,{"stream_name":"stdout","time":6883.144388349,"data":"(epoch: 13, iters: 3360, time: 0.164, data: 0.004) G_GAN: 8.925 G_LPIPS: 52.540 D_real: 0.000 D_fake: 0.000 \n"}
,{"stream_name":"stdout","time":6883.144392101,"data":"(epoch: 13, iters: 3380, time: 0.161, data: 0.003) G_GAN: 8.858 G_LPIPS: 54.077 D_real: 0.000 D_fake: 0.000 \n"}
,{"stream_name":"stdout","time":6883.144398501,"data":"(epoch: 13, iters: 3400, time: 0.162, data: 0.003) G_GAN: 9.476 G_LPIPS: 50.811 D_real: 0.000 D_fake: 0.000 \n"}
,{"stream_name":"stdout","time":6883.144402513,"data":"(epoch: 13, iters: 3420, time: 0.161, data: 0.003) G_GAN: 8.928 G_LPIPS: 52.129 D_real: 0.000 D_fake: 0.000 \n"}
,{"stream_name":"stdout","time":6883.144406162,"data":"(epoch: 13, iters: 3440, time: 0.164, data: 0.004) G_GAN: 8.403 G_LPIPS: 48.367 D_real: 0.000 D_fake: 0.001 \n"}
,{"stream_name":"stdout","time":6883.144410522,"data":"(epoch: 13, iters: 3460, time: 0.164, data: 0.004) G_GAN: 10.222 G_LPIPS: 49.385 D_real: 0.000 D_fake: 0.000 \n"}
,{"stream_name":"stdout","time":6883.144413739,"data":"(epoch: 13, iters: 3480, time: 0.162, data: 0.003) G_GAN: 9.493 G_LPIPS: 49.655 D_real: 0.000 D_fake: 0.000 \n"}
,{"stream_name":"stdout","time":6883.14441708,"data":"(epoch: 13, iters: 3500, time: 0.160, data: 0.003) G_GAN: 10.717 G_LPIPS: 50.611 D_real: 0.000 D_fake: 0.000 \n"}
,{"stream_name":"stdout","time":6883.144420464,"data":"(epoch: 13, iters: 3520, time: 0.163, data: 0.003) G_GAN: 11.171 G_LPIPS: 52.475 D_real: 0.000 D_fake: 0.000 \n"}
,{"stream_name":"stdout","time":6883.144424213,"data":"(epoch: 13, iters: 3540, time: 0.164, data: 0.004) G_GAN: 10.387 G_LPIPS: 45.696 D_real: 0.000 D_fake: 0.000 \n"}
,{"stream_name":"stdout","time":6883.144428184,"data":"(epoch: 13, iters: 3560, time: 0.161, data: 0.003) G_GAN: 10.960 G_LPIPS: 51.274 D_real: 0.000 D_fake: 0.000 \n"}
,{"stream_name":"stdout","time":6883.144437172,"data":"(epoch: 13, iters: 3580, time: 0.159, data: 0.004) G_GAN: 10.469 G_LPIPS: 49.244 D_real: 0.000 D_fake: 0.000 \n"}
,{"stream_name":"stdout","time":6883.144442259,"data":"(epoch: 13, iters: 3600, time: 0.227, data: 0.003) G_GAN: 8.895 G_LPIPS: 47.016 D_real: 0.000 D_fake: 0.000 \n"}
,{"stream_name":"stdout","time":6883.144447178,"data":"(epoch: 13, iters: 3620, time: 0.164, data: 0.004) G_GAN: 10.149 G_LPIPS: 51.977 D_real: 0.000 D_fake: 0.000 \n"}
,{"stream_name":"stdout","time":6883.144450997,"data":"(epoch: 13, iters: 3640, time: 0.159, data: 0.003) G_GAN: 10.470 G_LPIPS: 47.189 D_real: 0.000 D_fake: 0.000 \n"}
,{"stream_name":"stdout","time":6883.144458936,"data":"(epoch: 13, iters: 3660, time: 0.160, data: 0.003) G_GAN: 8.019 G_LPIPS: 48.582 D_real: 0.000 D_fake: 0.001 \n"}
,{"stream_name":"stdout","time":6883.144461869,"data":"(epoch: 13, iters: 3680, time: 0.163, data: 0.003) G_GAN: 10.500 G_LPIPS: 53.787 D_real: 0.000 D_fake: 0.000 \n"}
,{"stream_name":"stdout","time":6883.144464292,"data":"(epoch: 13, iters: 3700, time: 0.224, data: 0.003) G_GAN: 10.026 G_LPIPS: 51.561 D_real: 0.000 D_fake: 0.000 \n"}
,{"stream_name":"stdout","time":6883.144466593,"data":"(epoch: 13, iters: 3720, time: 0.162, data: 0.003) G_GAN: 9.941 G_LPIPS: 46.578 D_real: 0.000 D_fake: 0.000 \n"}
,{"stream_name":"stdout","time":6883.144469012,"data":"(epoch: 13, iters: 3740, time: 0.159, data: 0.003) G_GAN: 9.250 G_LPIPS: 47.042 D_real: 0.000 D_fake: 0.000 \n"}
,{"stream_name":"stdout","time":6883.144471768,"data":"(epoch: 13, iters: 3760, time: 0.163, data: 0.004) G_GAN: 10.886 G_LPIPS: 51.600 D_real: 0.000 D_fake: 0.000 \n"}
,{"stream_name":"stdout","time":6883.144474199,"data":"(epoch: 13, iters: 3780, time: 0.165, data: 0.004) G_GAN: 9.531 G_LPIPS: 52.492 D_real: 0.000 D_fake: 0.000 \n"}
,{"stream_name":"stdout","time":6883.144476599,"data":"(epoch: 13, iters: 3800, time: 0.216, data: 0.003) G_GAN: 10.521 G_LPIPS: 47.996 D_real: 0.000 D_fake: 0.000 \n"}
,{"stream_name":"stdout","time":6883.144478911,"data":"(epoch: 13, iters: 3820, time: 0.168, data: 0.003) G_GAN: 8.621 G_LPIPS: 51.611 D_real: 0.000 D_fake: 0.000 \n"}
,{"stream_name":"stdout","time":6883.144481314,"data":"(epoch: 13, iters: 3840, time: 0.164, data: 0.004) G_GAN: 10.236 G_LPIPS: 47.463 D_real: 0.002 D_fake: 0.000 \n"}
,{"stream_name":"stdout","time":6883.144483646,"data":"(epoch: 13, iters: 3860, time: 0.165, data: 0.004) G_GAN: 9.339 G_LPIPS: 48.779 D_real: 0.000 D_fake: 0.000 \n"}
,{"stream_name":"stdout","time":6883.144485952,"data":"(epoch: 13, iters: 3880, time: 0.162, data: 0.003) G_GAN: 7.313 G_LPIPS: 46.279 D_real: 0.000 D_fake: 0.001 \n"}
,{"stream_name":"stdout","time":6883.144488254,"data":"(epoch: 13, iters: 3900, time: 0.162, data: 0.003) G_GAN: 10.549 G_LPIPS: 51.223 D_real: 0.000 D_fake: 0.000 \n"}
,{"stream_name":"stdout","time":6883.144490551,"data":"(epoch: 13, iters: 3920, time: 0.165, data: 0.004) G_GAN: 7.548 G_LPIPS: 50.293 D_real: 0.000 D_fake: 0.001 \n"}
,{"stream_name":"stdout","time":6883.144492846,"data":"(epoch: 13, iters: 3940, time: 0.163, data: 0.004) G_GAN: 9.515 G_LPIPS: 47.344 D_real: 0.000 D_fake: 0.000 \n"}
,{"stream_name":"stdout","time":6883.144495141,"data":"(epoch: 13, iters: 3960, time: 0.161, data: 0.003) G_GAN: 9.080 G_LPIPS: 49.375 D_real: 0.000 D_fake: 0.000 \n"}
,{"stream_name":"stdout","time":6883.144497462,"data":"(epoch: 13, iters: 3980, time: 0.164, data: 0.004) G_GAN: 9.681 G_LPIPS: 48.195 D_real: 0.000 D_fake: 0.000 \n"}
,{"stream_name":"stdout","time":6883.144499763,"data":"(epoch: 13, iters: 4000, time: 0.162, data: 0.003) G_GAN: 9.086 G_LPIPS: 47.554 D_real: 0.000 D_fake: 0.000 \n"}
,{"stream_name":"stdout","time":6883.144504384,"data":"(epoch: 13, iters: 4020, time: 0.166, data: 0.003) G_GAN: 10.066 G_LPIPS: 48.073 D_real: 0.000 D_fake: 0.000 \n"}
,{"stream_name":"stdout","time":6883.144506817,"data":"(epoch: 13, iters: 4040, time: 0.163, data: 0.004) G_GAN: 10.970 G_LPIPS: 54.441 D_real: 0.000 D_fake: 0.000 \n"}
,{"stream_name":"stdout","time":6883.144509147,"data":"(epoch: 13, iters: 4060, time: 0.215, data: 0.004) G_GAN: 6.951 G_LPIPS: 48.770 D_real: 0.000 D_fake: 0.002 \n"}
,{"stream_name":"stdout","time":6883.144511476,"data":"(epoch: 13, iters: 4080, time: 0.161, data: 0.003) G_GAN: 10.059 G_LPIPS: 48.561 D_real: 0.000 D_fake: 0.000 \n"}
,{"stream_name":"stdout","time":6883.144513803,"data":"(epoch: 13, iters: 4100, time: 0.167, data: 0.003) G_GAN: 10.129 G_LPIPS: 45.425 D_real: 0.001 D_fake: 0.000 \n"}
,{"stream_name":"stdout","time":6883.144516129,"data":"(epoch: 13, iters: 4120, time: 0.165, data: 0.003) G_GAN: 9.339 G_LPIPS: 51.395 D_real: 0.000 D_fake: 0.000 \n"}
,{"stream_name":"stdout","time":6883.144519029,"data":"(epoch: 13, iters: 4140, time: 0.164, data: 0.004) G_GAN: 9.584 G_LPIPS: 47.751 D_real: 0.000 D_fake: 0.000 \n"}
,{"stream_name":"stdout","time":6883.1445214,"data":"(epoch: 13, iters: 4160, time: 0.211, data: 0.004) G_GAN: 9.969 G_LPIPS: 49.417 D_real: 0.000 D_fake: 0.000 \n"}
,{"stream_name":"stdout","time":6883.144523706,"data":"(epoch: 13, iters: 4180, time: 0.164, data: 0.003) G_GAN: 10.688 G_LPIPS: 49.292 D_real: 0.000 D_fake: 0.000 \n"}
,{"stream_name":"stdout","time":6883.144526016,"data":"(epoch: 13, iters: 4200, time: 0.171, data: 0.003) G_GAN: 8.905 G_LPIPS: 46.760 D_real: 0.000 D_fake: 0.000 \n"}
,{"stream_name":"stdout","time":6883.144528339,"data":"(epoch: 13, iters: 4220, time: 0.162, data: 0.003) G_GAN: 9.237 G_LPIPS: 46.576 D_real: 0.000 D_fake: 0.000 \n"}
,{"stream_name":"stdout","time":6883.14453065,"data":"(epoch: 13, iters: 4240, time: 0.160, data: 0.003) G_GAN: 9.639 G_LPIPS: 44.707 D_real: 0.000 D_fake: 0.000 \n"}
,{"stream_name":"stdout","time":6883.144532963,"data":"(epoch: 13, iters: 4260, time: 0.165, data: 0.003) G_GAN: 10.418 G_LPIPS: 48.614 D_real: 0.000 D_fake: 0.000 \n"}
,{"stream_name":"stdout","time":6883.144535271,"data":"(epoch: 13, iters: 4280, time: 0.161, data: 0.004) G_GAN: 9.848 G_LPIPS: 47.683 D_real: 0.000 D_fake: 0.000 \n"}
,{"stream_name":"stdout","time":6883.144537601,"data":"(epoch: 13, iters: 4300, time: 0.163, data: 0.003) G_GAN: 9.770 G_LPIPS: 48.787 D_real: 0.000 D_fake: 0.000 \n"}
,{"stream_name":"stdout","time":6883.144539903,"data":"(epoch: 13, iters: 4320, time: 0.162, data: 0.003) G_GAN: 9.668 G_LPIPS: 48.766 D_real: 0.000 D_fake: 0.000 \n"}
,{"stream_name":"stdout","time":6883.144542211,"data":"(epoch: 13, iters: 4340, time: 0.162, data: 0.003) G_GAN: 10.563 G_LPIPS: 51.004 D_real: 0.000 D_fake: 0.000 \n"}
,{"stream_name":"stdout","time":6883.144544516,"data":"(epoch: 13, iters: 4360, time: 0.161, data: 0.003) G_GAN: 10.232 G_LPIPS: 46.584 D_real: 0.000 D_fake: 0.000 \n"}
,{"stream_name":"stdout","time":6883.144546821,"data":"(epoch: 13, iters: 4380, time: 0.162, data: 0.003) G_GAN: 10.004 G_LPIPS: 49.761 D_real: 0.000 D_fake: 0.000 \n"}
,{"stream_name":"stdout","time":6883.144549127,"data":"(epoch: 13, iters: 4400, time: 0.161, data: 0.004) G_GAN: 9.090 G_LPIPS: 47.976 D_real: 0.000 D_fake: 0.000 \n"}
,{"stream_name":"stdout","time":6883.144551486,"data":"(epoch: 13, iters: 4420, time: 0.223, data: 0.003) G_GAN: 9.006 G_LPIPS: 52.045 D_real: 0.000 D_fake: 0.000 \n"}
,{"stream_name":"stdout","time":6883.144553797,"data":"(epoch: 13, iters: 4440, time: 0.162, data: 0.004) G_GAN: 8.704 G_LPIPS: 47.673 D_real: 0.000 D_fake: 0.000 \n"}
,{"stream_name":"stdout","time":6883.144556237,"data":"(epoch: 13, iters: 4460, time: 0.161, data: 0.004) G_GAN: 10.364 G_LPIPS: 53.706 D_real: 0.000 D_fake: 0.000 \n"}
,{"stream_name":"stdout","time":6883.144560334,"data":"(epoch: 13, iters: 4480, time: 0.160, data: 0.003) G_GAN: 9.568 G_LPIPS: 47.696 D_real: 0.000 D_fake: 0.000 \n"}
,{"stream_name":"stdout","time":6883.144562739,"data":"(epoch: 13, iters: 4500, time: 0.164, data: 0.003) G_GAN: 10.977 G_LPIPS: 51.342 D_real: 0.000 D_fake: 0.000 \n"}
,{"stream_name":"stdout","time":7024.052024706,"data":"(epoch: 13, iters: 4520, time: 0.218, data: 0.003) G_GAN: 9.989 G_LPIPS: 48.898 D_real: 0.000 D_fake: 0.000 \n"}
,{"stream_name":"stdout","time":7024.052075005,"data":"(epoch: 13, iters: 4540, time: 0.160, data: 0.004) G_GAN: 8.966 G_LPIPS: 46.642 D_real: 0.000 D_fake: 0.000 \n"}
,{"stream_name":"stdout","time":7024.052080427,"data":"(epoch: 13, iters: 4560, time: 0.162, data: 0.003) G_GAN: 9.475 G_LPIPS: 50.334 D_real: 0.000 D_fake: 0.000 \n"}
,{"stream_name":"stdout","time":7024.052084034,"data":"(epoch: 13, iters: 4580, time: 0.166, data: 0.003) G_GAN: 10.885 G_LPIPS: 50.690 D_real: 0.000 D_fake: 0.000 \n"}
,{"stream_name":"stdout","time":7024.052133766,"data":"(epoch: 13, iters: 4600, time: 0.161, data: 0.004) G_GAN: 10.198 G_LPIPS: 46.920 D_real: 0.000 D_fake: 0.000 \n"}
,{"stream_name":"stdout","time":7024.052141801,"data":"(epoch: 13, iters: 4620, time: 0.214, data: 0.003) G_GAN: 10.352 G_LPIPS: 51.271 D_real: 0.000 D_fake: 0.000 \n"}
,{"stream_name":"stdout","time":7024.052146733,"data":"(epoch: 13, iters: 4640, time: 0.160, data: 0.004) G_GAN: 10.144 G_LPIPS: 48.999 D_real: 0.000 D_fake: 0.000 \n"}
,{"stream_name":"stdout","time":7024.052151679,"data":"(epoch: 13, iters: 4660, time: 0.167, data: 0.003) G_GAN: 9.818 G_LPIPS: 52.463 D_real: 0.000 D_fake: 0.000 \n"}
,{"stream_name":"stdout","time":7024.052156734,"data":"(epoch: 13, iters: 4680, time: 0.163, data: 0.003) G_GAN: 9.136 G_LPIPS: 43.235 D_real: 0.001 D_fake: 0.000 \n"}
,{"stream_name":"stdout","time":7024.052161845,"data":"(epoch: 13, iters: 4700, time: 0.161, data: 0.004) G_GAN: 9.422 G_LPIPS: 44.391 D_real: 0.000 D_fake: 0.000 \n"}
,{"stream_name":"stdout","time":7024.052166688,"data":"(epoch: 13, iters: 4720, time: 0.165, data: 0.003) G_GAN: 9.352 G_LPIPS: 47.779 D_real: 0.000 D_fake: 0.000 \n"}
,{"stream_name":"stdout","time":7024.052171453,"data":"(epoch: 13, iters: 4740, time: 0.162, data: 0.003) G_GAN: 10.721 G_LPIPS: 52.029 D_real: 0.000 D_fake: 0.000 \n"}
,{"stream_name":"stdout","time":7024.052176541,"data":"(epoch: 13, iters: 4760, time: 0.160, data: 0.004) G_GAN: 10.424 G_LPIPS: 50.776 D_real: 0.000 D_fake: 0.000 \n"}
,{"stream_name":"stdout","time":7024.052186698,"data":"(epoch: 13, iters: 4780, time: 0.224, data: 0.003) G_GAN: 7.696 G_LPIPS: 43.639 D_real: 0.000 D_fake: 0.001 \n"}
,{"stream_name":"stdout","time":7024.052190623,"data":"(epoch: 13, iters: 4800, time: 0.165, data: 0.003) G_GAN: 9.339 G_LPIPS: 47.709 D_real: 0.000 D_fake: 0.000 \n"}
,{"stream_name":"stdout","time":7024.052194246,"data":"(epoch: 13, iters: 4820, time: 0.161, data: 0.003) G_GAN: 10.203 G_LPIPS: 47.544 D_real: 0.000 D_fake: 0.000 \n"}
,{"stream_name":"stdout","time":7024.052212435,"data":"(epoch: 13, iters: 4840, time: 0.162, data: 0.003) G_GAN: 10.271 G_LPIPS: 48.213 D_real: 0.000 D_fake: 0.000 \n"}
,{"stream_name":"stdout","time":7024.052218343,"data":"(epoch: 13, iters: 4860, time: 0.164, data: 0.003) G_GAN: 10.042 G_LPIPS: 50.336 D_real: 0.000 D_fake: 0.000 \n"}
,{"stream_name":"stdout","time":7024.052223471,"data":"(epoch: 13, iters: 4880, time: 0.219, data: 0.004) G_GAN: 9.911 G_LPIPS: 51.079 D_real: 0.000 D_fake: 0.000 \n"}
,{"stream_name":"stdout","time":7024.052231085,"data":"(epoch: 13, iters: 4900, time: 0.161, data: 0.003) G_GAN: 10.998 G_LPIPS: 53.776 D_real: 0.000 D_fake: 0.000 \n"}
,{"stream_name":"stdout","time":7024.052236264,"data":"(epoch: 13, iters: 4920, time: 0.163, data: 0.004) G_GAN: 10.115 G_LPIPS: 44.806 D_real: 0.000 D_fake: 0.000 \n"}
,{"stream_name":"stdout","time":7024.052254079,"data":"(epoch: 13, iters: 4940, time: 0.166, data: 0.003) G_GAN: 9.824 G_LPIPS: 47.924 D_real: 0.000 D_fake: 0.000 \n"}
,{"stream_name":"stdout","time":7024.052258036,"data":"(epoch: 13, iters: 4960, time: 0.166, data: 0.004) G_GAN: 8.946 G_LPIPS: 50.315 D_real: 0.000 D_fake: 0.000 \n"}
,{"stream_name":"stdout","time":7024.052261811,"data":"(epoch: 13, iters: 4980, time: 0.163, data: 0.003) G_GAN: 9.496 G_LPIPS: 50.199 D_real: 0.000 D_fake: 0.000 \n"}
,{"stream_name":"stdout","time":7024.052265578,"data":"(epoch: 13, iters: 5000, time: 0.163, data: 0.003) G_GAN: 10.380 G_LPIPS: 52.262 D_real: 0.000 D_fake: 0.000 \n"}
,{"stream_name":"stdout","time":7024.052269461,"data":"(epoch: 13, iters: 5020, time: 0.163, data: 0.003) G_GAN: 10.630 G_LPIPS: 54.068 D_real: 0.000 D_fake: 0.000 \n"}
,{"stream_name":"stdout","time":7024.052273229,"data":"(epoch: 13, iters: 5040, time: 0.191, data: 0.004) G_GAN: 9.857 G_LPIPS: 44.524 D_real: 0.001 D_fake: 0.000 \n"}
,{"stream_name":"stdout","time":7024.052276927,"data":"(epoch: 13, iters: 5060, time: 0.161, data: 0.003) G_GAN: 10.506 G_LPIPS: 49.438 D_real: 0.000 D_fake: 0.000 \n"}
,{"stream_name":"stdout","time":7024.052280787,"data":"(epoch: 13, iters: 5080, time: 0.163, data: 0.003) G_GAN: 9.162 G_LPIPS: 42.579 D_real: 0.004 D_fake: 0.000 \n"}
,{"stream_name":"stdout","time":7024.052286543,"data":"(epoch: 13, iters: 5100, time: 0.168, data: 0.004) G_GAN: 9.037 G_LPIPS: 44.911 D_real: 0.000 D_fake: 0.000 \n"}
,{"stream_name":"stdout","time":7024.052293495,"data":"(epoch: 13, iters: 5120, time: 0.164, data: 0.003) G_GAN: 10.483 G_LPIPS: 50.071 D_real: 0.000 D_fake: 0.000 \n"}
,{"stream_name":"stdout","time":7024.052317781,"data":"(epoch: 13, iters: 5140, time: 0.228, data: 0.004) G_GAN: 10.615 G_LPIPS: 51.434 D_real: 0.000 D_fake: 0.000 \n"}
,{"stream_name":"stdout","time":7024.052322898,"data":"(epoch: 13, iters: 5160, time: 0.166, data: 0.004) G_GAN: 10.698 G_LPIPS: 46.250 D_real: 0.000 D_fake: 0.000 \n"}
,{"stream_name":"stdout","time":7024.052327273,"data":"(epoch: 13, iters: 5180, time: 0.160, data: 0.004) G_GAN: 9.973 G_LPIPS: 46.733 D_real: 0.000 D_fake: 0.000 \n"}
,{"stream_name":"stdout","time":7024.052331361,"data":"(epoch: 13, iters: 5200, time: 0.165, data: 0.003) G_GAN: 10.574 G_LPIPS: 51.504 D_real: 0.000 D_fake: 0.000 \n"}
,{"stream_name":"stdout","time":7024.052335177,"data":"(epoch: 13, iters: 5220, time: 0.167, data: 0.004) G_GAN: 9.832 G_LPIPS: 49.858 D_real: 0.000 D_fake: 0.000 \n"}
,{"stream_name":"stdout","time":7024.052339011,"data":"(epoch: 13, iters: 5240, time: 0.214, data: 0.003) G_GAN: 10.864 G_LPIPS: 48.952 D_real: 0.000 D_fake: 0.000 \n"}
,{"stream_name":"stdout","time":7024.052342825,"data":"(epoch: 13, iters: 5260, time: 0.161, data: 0.003) G_GAN: 10.953 G_LPIPS: 48.549 D_real: 0.000 D_fake: 0.000 \n"}
,{"stream_name":"stdout","time":7024.052347266,"data":"(epoch: 13, iters: 5280, time: 0.167, data: 0.003) G_GAN: 10.324 G_LPIPS: 49.587 D_real: 0.000 D_fake: 0.000 \n"}
,{"stream_name":"stdout","time":7024.052351112,"data":"(epoch: 13, iters: 5300, time: 0.165, data: 0.004) G_GAN: 10.363 G_LPIPS: 48.587 D_real: 0.000 D_fake: 0.000 \n"}
,{"stream_name":"stdout","time":7024.05235486,"data":"(epoch: 13, iters: 5320, time: 0.164, data: 0.004) G_GAN: 10.232 G_LPIPS: 57.130 D_real: 0.000 D_fake: 0.000 \n"}
,{"stream_name":"stdout","time":7024.052358569,"data":"(epoch: 13, iters: 5340, time: 0.171, data: 0.004) G_GAN: 9.589 G_LPIPS: 50.720 D_real: 0.000 D_fake: 0.000 \n"}
,{"stream_name":"stdout","time":7024.052362286,"data":"(epoch: 13, iters: 5360, time: 0.166, data: 0.004) G_GAN: 8.219 G_LPIPS: 50.332 D_real: 0.000 D_fake: 0.000 \n"}
,{"stream_name":"stdout","time":7024.052366385,"data":"(epoch: 13, iters: 5380, time: 0.164, data: 0.003) G_GAN: 9.878 G_LPIPS: 49.903 D_real: 0.000 D_fake: 0.000 \n"}
,{"stream_name":"stdout","time":7024.052374469,"data":"(epoch: 13, iters: 5400, time: 0.217, data: 0.003) G_GAN: 10.903 G_LPIPS: 51.168 D_real: 0.000 D_fake: 0.000 \n"}
,{"stream_name":"stdout","time":7024.052378359,"data":"(epoch: 13, iters: 5420, time: 0.161, data: 0.003) G_GAN: 11.476 G_LPIPS: 53.775 D_real: 0.000 D_fake: 0.000 \n"}
,{"stream_name":"stdout","time":7024.052382183,"data":"(epoch: 13, iters: 5440, time: 0.165, data: 0.004) G_GAN: 10.578 G_LPIPS: 51.258 D_real: 0.000 D_fake: 0.000 \n"}
,{"stream_name":"stdout","time":7024.052390755,"data":"(epoch: 13, iters: 5460, time: 0.164, data: 0.004) G_GAN: 10.059 G_LPIPS: 47.645 D_real: 0.000 D_fake: 0.000 \n"}
,{"stream_name":"stdout","time":7024.052394233,"data":"(epoch: 13, iters: 5480, time: 0.162, data: 0.003) G_GAN: 10.010 G_LPIPS: 46.729 D_real: 0.000 D_fake: 0.000 \n"}
,{"stream_name":"stdout","time":7024.052409758,"data":"(epoch: 13, iters: 5500, time: 0.163, data: 0.004) G_GAN: 10.797 G_LPIPS: 49.702 D_real: 0.000 D_fake: 0.000 \n"}
,{"stream_name":"stdout","time":7024.052414217,"data":"(epoch: 13, iters: 5520, time: 0.167, data: 0.004) G_GAN: 9.926 G_LPIPS: 49.722 D_real: 0.000 D_fake: 0.000 \n"}
,{"stream_name":"stdout","time":7024.052418419,"data":"(epoch: 13, iters: 5540, time: 0.163, data: 0.003) G_GAN: 10.276 G_LPIPS: 47.752 D_real: 0.000 D_fake: 0.000 \n"}
,{"stream_name":"stdout","time":7024.052422965,"data":"(epoch: 13, iters: 5560, time: 0.215, data: 0.003) G_GAN: 10.566 G_LPIPS: 47.244 D_real: 0.000 D_fake: 0.000 \n"}
,{"stream_name":"stdout","time":7024.052427089,"data":"(epoch: 13, iters: 5580, time: 0.118, data: 0.003) G_GAN: 9.243 G_LPIPS: 46.301 D_real: 0.000 D_fake: 0.000 \n"}
,{"stream_name":"stdout","time":7024.052430873,"data":"saving the model at the end of epoch 13, iters 72540\n"}
,{"stream_name":"stdout","time":7024.05243443,"data":"End of epoch 13 / 20 \t Time Taken: 727 sec\n"}
,{"stream_name":"stdout","time":7024.052438345,"data":"learning rate 0.0000636 -\u003e 0.0000545\n"}
,{"stream_name":"stdout","time":7227.133700272,"data":"(epoch: 14, iters: 20, time: 0.165, data: 0.278) G_GAN: 8.895 G_LPIPS: 45.164 D_real: 0.000 D_fake: 0.000 \n"}
,{"stream_name":"stdout","time":7227.133751098,"data":"(epoch: 14, iters: 40, time: 0.165, data: 0.003) G_GAN: 10.200 G_LPIPS: 51.812 D_real: 0.000 D_fake: 0.000 \n"}
,{"stream_name":"stdout","time":7227.133758146,"data":"(epoch: 14, iters: 60, time: 0.163, data: 0.003) G_GAN: 10.146 G_LPIPS: 51.526 D_real: 0.000 D_fake: 0.000 \n"}
,{"stream_name":"stdout","time":7227.13376627,"data":"(epoch: 14, iters: 80, time: 0.166, data: 0.003) G_GAN: 9.327 G_LPIPS: 48.901 D_real: 0.000 D_fake: 0.000 \n"}
,{"stream_name":"stdout","time":7227.133769794,"data":"(epoch: 14, iters: 100, time: 0.165, data: 0.003) G_GAN: 10.627 G_LPIPS: 50.800 D_real: 0.000 D_fake: 0.000 \n"}
,{"stream_name":"stdout","time":7227.133773041,"data":"(epoch: 14, iters: 120, time: 0.163, data: 0.003) G_GAN: 11.267 G_LPIPS: 51.063 D_real: 0.000 D_fake: 0.000 \n"}
,{"stream_name":"stdout","time":7227.133776358,"data":"(epoch: 14, iters: 140, time: 0.216, data: 0.003) G_GAN: 10.913 G_LPIPS: 49.448 D_real: 0.000 D_fake: 0.000 \n"}
,{"stream_name":"stdout","time":7227.13377957,"data":"(epoch: 14, iters: 160, time: 0.164, data: 0.003) G_GAN: 9.780 G_LPIPS: 47.713 D_real: 0.000 D_fake: 0.000 \n"}
,{"stream_name":"stdout","time":7227.13378271,"data":"(epoch: 14, iters: 180, time: 0.165, data: 0.004) G_GAN: 9.067 G_LPIPS: 51.137 D_real: 0.000 D_fake: 0.000 \n"}
,{"stream_name":"stdout","time":7227.133785852,"data":"(epoch: 14, iters: 200, time: 0.166, data: 0.004) G_GAN: 10.328 G_LPIPS: 50.926 D_real: 0.000 D_fake: 0.000 \n"}
,{"stream_name":"stdout","time":7227.13378921,"data":"(epoch: 14, iters: 220, time: 0.162, data: 0.004) G_GAN: 9.431 G_LPIPS: 48.915 D_real: 0.000 D_fake: 0.000 \n"}
,{"stream_name":"stdout","time":7227.133803626,"data":"(epoch: 14, iters: 240, time: 0.167, data: 0.003) G_GAN: 7.682 G_LPIPS: 50.367 D_real: 0.000 D_fake: 0.001 \n"}
,{"stream_name":"stdout","time":7227.13380632,"data":"(epoch: 14, iters: 260, time: 0.191, data: 0.003) G_GAN: 9.931 G_LPIPS: 49.041 D_real: 0.000 D_fake: 0.000 \n"}
,{"stream_name":"stdout","time":7227.13380944,"data":"(epoch: 14, iters: 280, time: 0.163, data: 0.003) G_GAN: 9.385 G_LPIPS: 50.539 D_real: 0.000 D_fake: 0.000 \n"}
,{"stream_name":"stdout","time":7227.133824236,"data":"(epoch: 14, iters: 300, time: 0.164, data: 0.004) G_GAN: 9.300 G_LPIPS: 48.793 D_real: 0.000 D_fake: 0.000 \n"}
,{"stream_name":"stdout","time":7227.13382874,"data":"(epoch: 14, iters: 320, time: 0.165, data: 0.003) G_GAN: 11.277 G_LPIPS: 51.711 D_real: 0.000 D_fake: 0.000 \n"}
,{"stream_name":"stdout","time":7227.133833294,"data":"(epoch: 14, iters: 340, time: 0.164, data: 0.003) G_GAN: 11.001 G_LPIPS: 51.706 D_real: 0.000 D_fake: 0.000 \n"}
,{"stream_name":"stdout","time":7227.133837498,"data":"(epoch: 14, iters: 360, time: 0.218, data: 0.004) G_GAN: 8.240 G_LPIPS: 48.334 D_real: 0.000 D_fake: 0.000 \n"}
,{"stream_name":"stdout","time":7227.133843614,"data":"(epoch: 14, iters: 380, time: 0.163, data: 0.004) G_GAN: 10.265 G_LPIPS: 51.981 D_real: 0.000 D_fake: 0.000 \n"}
,{"stream_name":"stdout","time":7227.133847668,"data":"(epoch: 14, iters: 400, time: 0.166, data: 0.003) G_GAN: 11.433 G_LPIPS: 52.383 D_real: 0.000 D_fake: 0.000 \n"}
,{"stream_name":"stdout","time":7227.13385152,"data":"(epoch: 14, iters: 420, time: 0.166, data: 0.004) G_GAN: 10.252 G_LPIPS: 50.118 D_real: 0.000 D_fake: 0.000 \n"}
,{"stream_name":"stdout","time":7227.13385519,"data":"(epoch: 14, iters: 440, time: 0.161, data: 0.004) G_GAN: 10.591 G_LPIPS: 49.957 D_real: 0.000 D_fake: 0.000 \n"}
,{"stream_name":"stdout","time":7227.13385898,"data":"(epoch: 14, iters: 460, time: 0.163, data: 0.003) G_GAN: 9.950 G_LPIPS: 45.449 D_real: 0.000 D_fake: 0.000 \n"}
,{"stream_name":"stdout","time":7227.133862733,"data":"(epoch: 14, iters: 480, time: 0.167, data: 0.004) G_GAN: 10.373 G_LPIPS: 48.122 D_real: 0.000 D_fake: 0.000 \n"}
,{"stream_name":"stdout","time":7227.133866612,"data":"(epoch: 14, iters: 500, time: 0.168, data: 0.004) G_GAN: 8.137 G_LPIPS: 48.381 D_real: 0.000 D_fake: 0.000 \n"}
,{"stream_name":"stdout","time":7227.133873392,"data":"(epoch: 14, iters: 520, time: 0.214, data: 0.004) G_GAN: 7.529 G_LPIPS: 45.975 D_real: 0.000 D_fake: 0.001 \n"}
,{"stream_name":"stdout","time":7227.133876558,"data":"(epoch: 14, iters: 540, time: 0.165, data: 0.004) G_GAN: 9.046 G_LPIPS: 50.478 D_real: 0.000 D_fake: 0.000 \n"}
,{"stream_name":"stdout","time":7227.133878965,"data":"(epoch: 14, iters: 560, time: 0.168, data: 0.003) G_GAN: 10.605 G_LPIPS: 47.320 D_real: 0.000 D_fake: 0.000 \n"}
,{"stream_name":"stdout","time":7227.133881388,"data":"(epoch: 14, iters: 580, time: 0.213, data: 0.004) G_GAN: 11.172 G_LPIPS: 53.444 D_real: 0.000 D_fake: 0.000 \n"}
,{"stream_name":"stdout","time":7227.13388378,"data":"(epoch: 14, iters: 600, time: 0.163, data: 0.003) G_GAN: 11.443 G_LPIPS: 53.461 D_real: 0.000 D_fake: 0.000 \n"}
,{"stream_name":"stdout","time":7227.133886197,"data":"(epoch: 14, iters: 620, time: 0.164, data: 0.003) G_GAN: 9.229 G_LPIPS: 52.524 D_real: 0.000 D_fake: 0.000 \n"}
,{"stream_name":"stdout","time":7227.133888675,"data":"(epoch: 14, iters: 640, time: 0.166, data: 0.003) G_GAN: 11.061 G_LPIPS: 50.966 D_real: 0.000 D_fake: 0.000 \n"}
,{"stream_name":"stdout","time":7227.133891108,"data":"(epoch: 14, iters: 660, time: 0.163, data: 0.003) G_GAN: 8.513 G_LPIPS: 48.292 D_real: 0.000 D_fake: 0.000 \n"}
,{"stream_name":"stdout","time":7227.133893528,"data":"(epoch: 14, iters: 680, time: 0.163, data: 0.003) G_GAN: 10.265 G_LPIPS: 46.937 D_real: 0.000 D_fake: 0.000 \n"}
,{"stream_name":"stdout","time":7227.133899188,"data":"(epoch: 14, iters: 700, time: 0.168, data: 0.004) G_GAN: 10.790 G_LPIPS: 49.098 D_real: 0.000 D_fake: 0.000 \n"}
,{"stream_name":"stdout","time":7227.133901854,"data":"(epoch: 14, iters: 720, time: 0.165, data: 0.003) G_GAN: 9.208 G_LPIPS: 49.022 D_real: 0.000 D_fake: 0.000 \n"}
,{"stream_name":"stdout","time":7227.133904301,"data":"(epoch: 14, iters: 740, time: 0.213, data: 0.003) G_GAN: 8.578 G_LPIPS: 51.225 D_real: 0.000 D_fake: 0.000 \n"}
,{"stream_name":"stdout","time":7227.133907029,"data":"(epoch: 14, iters: 760, time: 0.165, data: 0.003) G_GAN: 8.135 G_LPIPS: 48.679 D_real: 0.000 D_fake: 0.000 \n"}
,{"stream_name":"stdout","time":7227.13391004,"data":"(epoch: 14, iters: 780, time: 0.167, data: 0.004) G_GAN: 10.919 G_LPIPS: 52.115 D_real: 0.000 D_fake: 0.000 \n"}
,{"stream_name":"stdout","time":7227.13392388,"data":"(epoch: 14, iters: 800, time: 0.166, data: 0.003) G_GAN: 8.452 G_LPIPS: 46.641 D_real: 0.000 D_fake: 0.000 \n"}
,{"stream_name":"stdout","time":7227.133928406,"data":"(epoch: 14, iters: 820, time: 0.162, data: 0.004) G_GAN: 9.064 G_LPIPS: 47.491 D_real: 0.000 D_fake: 0.000 \n"}
,{"stream_name":"stdout","time":7227.1339328,"data":"(epoch: 14, iters: 840, time: 0.167, data: 0.004) G_GAN: 10.325 G_LPIPS: 47.354 D_real: 0.002 D_fake: 0.000 \n"}
,{"stream_name":"stdout","time":7227.133937148,"data":"(epoch: 14, iters: 860, time: 0.167, data: 0.004) G_GAN: 9.806 G_LPIPS: 44.841 D_real: 0.000 D_fake: 0.000 \n"}
,{"stream_name":"stdout","time":7227.133941348,"data":"(epoch: 14, iters: 880, time: 0.161, data: 0.003) G_GAN: 9.726 G_LPIPS: 48.073 D_real: 0.000 D_fake: 0.000 \n"}
,{"stream_name":"stdout","time":7227.133945094,"data":"(epoch: 14, iters: 900, time: 0.168, data: 0.003) G_GAN: 9.375 G_LPIPS: 48.055 D_real: 0.000 D_fake: 0.000 \n"}
,{"stream_name":"stdout","time":7227.133948777,"data":"(epoch: 14, iters: 920, time: 0.164, data: 0.003) G_GAN: 9.467 G_LPIPS: 46.093 D_real: 0.000 D_fake: 0.000 \n"}
,{"stream_name":"stdout","time":7227.133952511,"data":"(epoch: 14, iters: 940, time: 0.165, data: 0.003) G_GAN: 10.146 G_LPIPS: 49.842 D_real: 0.000 D_fake: 0.000 \n"}
,{"stream_name":"stdout","time":7227.133956226,"data":"(epoch: 14, iters: 960, time: 0.222, data: 0.003) G_GAN: 10.283 G_LPIPS: 49.297 D_real: 0.000 D_fake: 0.000 \n"}
,{"stream_name":"stdout","time":7227.133959895,"data":"(epoch: 14, iters: 980, time: 0.164, data: 0.003) G_GAN: 10.390 G_LPIPS: 47.621 D_real: 0.000 D_fake: 0.000 \n"}
,{"stream_name":"stdout","time":7227.133964026,"data":"(epoch: 14, iters: 1000, time: 0.164, data: 0.003) G_GAN: 10.831 G_LPIPS: 45.960 D_real: 0.000 D_fake: 0.000 \n"}
,{"stream_name":"stdout","time":7227.133967811,"data":"(epoch: 14, iters: 1020, time: 0.168, data: 0.004) G_GAN: 8.384 G_LPIPS: 45.044 D_real: 0.000 D_fake: 0.000 \n"}
,{"stream_name":"stdout","time":7227.133971494,"data":"(epoch: 14, iters: 1040, time: 0.165, data: 0.003) G_GAN: 9.902 G_LPIPS: 51.241 D_real: 0.000 D_fake: 0.000 \n"}
,{"stream_name":"stdout","time":7227.133975208,"data":"(epoch: 14, iters: 1060, time: 0.162, data: 0.003) G_GAN: 10.893 G_LPIPS: 49.643 D_real: 0.000 D_fake: 0.000 \n"}
,{"stream_name":"stdout","time":7227.133978923,"data":"(epoch: 14, iters: 1080, time: 0.166, data: 0.004) G_GAN: 11.120 G_LPIPS: 51.690 D_real: 0.000 D_fake: 0.000 \n"}
,{"stream_name":"stdout","time":7227.133982706,"data":"(epoch: 14, iters: 1100, time: 0.170, data: 0.003) G_GAN: 9.652 G_LPIPS: 43.618 D_real: 0.004 D_fake: 0.000 \n"}
,{"stream_name":"stdout","time":7227.133991214,"data":"(epoch: 14, iters: 1120, time: 0.165, data: 0.003) G_GAN: 11.439 G_LPIPS: 51.906 D_real: 0.000 D_fake: 0.000 \n"}
,{"stream_name":"stdout","time":7227.133994364,"data":"(epoch: 14, iters: 1140, time: 0.163, data: 0.004) G_GAN: 8.857 G_LPIPS: 52.416 D_real: 0.000 D_fake: 0.000 \n"}
,{"stream_name":"stdout","time":7227.13400007,"data":"(epoch: 14, iters: 1160, time: 0.168, data: 0.003) G_GAN: 11.358 G_LPIPS: 52.694 D_real: 0.000 D_fake: 0.000 \n"}
,{"stream_name":"stdout","time":7227.134002661,"data":"(epoch: 14, iters: 1180, time: 0.224, data: 0.004) G_GAN: 9.349 G_LPIPS: 52.546 D_real: 0.000 D_fake: 0.000 \n"}
,{"stream_name":"stdout","time":7227.134005594,"data":"(epoch: 14, iters: 1200, time: 0.163, data: 0.003) G_GAN: 10.755 G_LPIPS: 46.974 D_real: 0.000 D_fake: 0.000 \n"}
,{"stream_name":"stdout","time":7227.134020323,"data":"(epoch: 14, iters: 1220, time: 0.167, data: 0.003) G_GAN: 10.166 G_LPIPS: 49.178 D_real: 0.000 D_fake: 0.000 \n"}
,{"stream_name":"stdout","time":7227.134024889,"data":"(epoch: 14, iters: 1240, time: 0.166, data: 0.003) G_GAN: 10.389 G_LPIPS: 45.913 D_real: 0.000 D_fake: 0.000 \n"}
,{"stream_name":"stdout","time":7227.13402955,"data":"(epoch: 14, iters: 1260, time: 0.167, data: 0.004) G_GAN: 9.133 G_LPIPS: 45.994 D_real: 0.003 D_fake: 0.000 \n"}
,{"stream_name":"stdout","time":7227.134033994,"data":"(epoch: 14, iters: 1280, time: 0.163, data: 0.003) G_GAN: 10.698 G_LPIPS: 50.881 D_real: 0.000 D_fake: 0.000 \n"}
,{"stream_name":"stdout","time":7227.134037874,"data":"(epoch: 14, iters: 1300, time: 0.165, data: 0.003) G_GAN: 10.173 G_LPIPS: 53.048 D_real: 0.000 D_fake: 0.000 \n"}
,{"stream_name":"stdout","time":7227.134041458,"data":"(epoch: 14, iters: 1320, time: 0.168, data: 0.004) G_GAN: 10.645 G_LPIPS: 48.695 D_real: 0.000 D_fake: 0.000 \n"}
,{"stream_name":"stdout","time":7227.134045172,"data":"(epoch: 14, iters: 1340, time: 0.217, data: 0.003) G_GAN: 10.985 G_LPIPS: 51.641 D_real: 0.000 D_fake: 0.000 \n"}
,{"stream_name":"stdout","time":7227.134048896,"data":"(epoch: 14, iters: 1360, time: 0.163, data: 0.003) G_GAN: 10.455 G_LPIPS: 45.328 D_real: 0.000 D_fake: 0.000 \n"}
,{"stream_name":"stdout","time":7227.134053228,"data":"(epoch: 14, iters: 1380, time: 0.166, data: 0.004) G_GAN: 10.412 G_LPIPS: 47.296 D_real: 0.000 D_fake: 0.000 \n"}
,{"stream_name":"stdout","time":7227.134057547,"data":"(epoch: 14, iters: 1400, time: 0.226, data: 0.003) G_GAN: 9.333 G_LPIPS: 48.619 D_real: 0.000 D_fake: 0.000 \n"}
,{"stream_name":"stdout","time":7227.134061388,"data":"(epoch: 14, iters: 1420, time: 0.165, data: 0.003) G_GAN: 10.572 G_LPIPS: 48.507 D_real: 0.000 D_fake: 0.000 \n"}
,{"stream_name":"stdout","time":7227.134076066,"data":"(epoch: 14, iters: 1440, time: 0.166, data: 0.003) G_GAN: 10.454 G_LPIPS: 50.097 D_real: 0.000 D_fake: 0.000 \n"}
,{"stream_name":"stdout","time":7227.134079599,"data":"(epoch: 14, iters: 1460, time: 0.187, data: 0.003) G_GAN: 9.945 G_LPIPS: 44.338 D_real: 0.000 D_fake: 0.000 \n"}
,{"stream_name":"stdout","time":7227.134083074,"data":"(epoch: 14, iters: 1480, time: 0.163, data: 0.003) G_GAN: 10.956 G_LPIPS: 53.010 D_real: 0.000 D_fake: 0.000 \n"}
,{"stream_name":"stdout","time":7227.134086447,"data":"(epoch: 14, iters: 1500, time: 0.165, data: 0.003) G_GAN: 10.561 G_LPIPS: 48.085 D_real: 0.000 D_fake: 0.000 \n"}
,{"stream_name":"stdout","time":7430.158397132,"data":"(epoch: 14, iters: 1520, time: 0.168, data: 0.003) G_GAN: 10.153 G_LPIPS: 48.484 D_real: 0.000 D_fake: 0.000 \n"}
,{"stream_name":"stdout","time":7430.158446745,"data":"(epoch: 14, iters: 1540, time: 0.166, data: 0.003) G_GAN: 8.975 G_LPIPS: 46.979 D_real: 0.000 D_fake: 0.000 \n"}
,{"stream_name":"stdout","time":7430.158451239,"data":"(epoch: 14, iters: 1560, time: 0.217, data: 0.004) G_GAN: 9.090 G_LPIPS: 46.883 D_real: 0.000 D_fake: 0.000 \n"}
,{"stream_name":"stdout","time":7430.158454542,"data":"(epoch: 14, iters: 1580, time: 0.162, data: 0.003) G_GAN: 8.620 G_LPIPS: 49.396 D_real: 0.000 D_fake: 0.000 \n"}
,{"stream_name":"stdout","time":7430.158457587,"data":"(epoch: 14, iters: 1600, time: 0.167, data: 0.003) G_GAN: 8.567 G_LPIPS: 46.186 D_real: 0.000 D_fake: 0.000 \n"}
,{"stream_name":"stdout","time":7430.158473116,"data":"(epoch: 14, iters: 1620, time: 0.168, data: 0.004) G_GAN: 10.757 G_LPIPS: 49.292 D_real: 0.000 D_fake: 0.000 \n"}
,{"stream_name":"stdout","time":7430.158476149,"data":"(epoch: 14, iters: 1640, time: 0.163, data: 0.003) G_GAN: 10.788 G_LPIPS: 48.510 D_real: 0.000 D_fake: 0.000 \n"}
,{"stream_name":"stdout","time":7430.158478527,"data":"(epoch: 14, iters: 1660, time: 0.168, data: 0.003) G_GAN: 9.941 G_LPIPS: 47.085 D_real: 0.000 D_fake: 0.000 \n"}
,{"stream_name":"stdout","time":7430.158480899,"data":"(epoch: 14, iters: 1680, time: 0.167, data: 0.004) G_GAN: 10.513 G_LPIPS: 53.147 D_real: 0.000 D_fake: 0.000 \n"}
,{"stream_name":"stdout","time":7430.158483772,"data":"(epoch: 14, iters: 1700, time: 0.169, data: 0.003) G_GAN: 10.441 G_LPIPS: 51.559 D_real: 0.000 D_fake: 0.000 \n"}
,{"stream_name":"stdout","time":7430.158486217,"data":"(epoch: 14, iters: 1720, time: 0.164, data: 0.003) G_GAN: 10.145 G_LPIPS: 47.786 D_real: 0.000 D_fake: 0.000 \n"}
,{"stream_name":"stdout","time":7430.158488558,"data":"(epoch: 14, iters: 1740, time: 0.168, data: 0.004) G_GAN: 10.190 G_LPIPS: 48.087 D_real: 0.000 D_fake: 0.000 \n"}
,{"stream_name":"stdout","time":7430.158490899,"data":"(epoch: 14, iters: 1760, time: 0.166, data: 0.003) G_GAN: 9.800 G_LPIPS: 45.259 D_real: 0.000 D_fake: 0.000 \n"}
,{"stream_name":"stdout","time":7430.158493309,"data":"(epoch: 14, iters: 1780, time: 0.213, data: 0.003) G_GAN: 10.304 G_LPIPS: 48.411 D_real: 0.000 D_fake: 0.000 \n"}
,{"stream_name":"stdout","time":7430.158495641,"data":"(epoch: 14, iters: 1800, time: 0.167, data: 0.004) G_GAN: 9.528 G_LPIPS: 50.148 D_real: 0.000 D_fake: 0.000 \n"}
,{"stream_name":"stdout","time":7430.158498044,"data":"(epoch: 14, iters: 1820, time: 0.165, data: 0.003) G_GAN: 9.576 G_LPIPS: 46.838 D_real: 0.000 D_fake: 0.000 \n"}
,{"stream_name":"stdout","time":7430.15850037,"data":"(epoch: 14, iters: 1840, time: 0.165, data: 0.003) G_GAN: 8.703 G_LPIPS: 47.047 D_real: 0.000 D_fake: 0.000 \n"}
,{"stream_name":"stdout","time":7430.158502705,"data":"(epoch: 14, iters: 1860, time: 0.166, data: 0.004) G_GAN: 10.194 G_LPIPS: 51.718 D_real: 0.000 D_fake: 0.000 \n"}
,{"stream_name":"stdout","time":7430.158505028,"data":"(epoch: 14, iters: 1880, time: 0.168, data: 0.003) G_GAN: 9.839 G_LPIPS: 50.178 D_real: 0.000 D_fake: 0.000 \n"}
,{"stream_name":"stdout","time":7430.158508437,"data":"(epoch: 14, iters: 1900, time: 0.166, data: 0.004) G_GAN: 10.726 G_LPIPS: 53.102 D_real: 0.000 D_fake: 0.000 \n"}
,{"stream_name":"stdout","time":7430.158511036,"data":"(epoch: 14, iters: 1920, time: 0.165, data: 0.004) G_GAN: 10.178 G_LPIPS: 49.882 D_real: 0.000 D_fake: 0.000 \n"}
,{"stream_name":"stdout","time":7430.15851335,"data":"(epoch: 14, iters: 1940, time: 0.165, data: 0.004) G_GAN: 10.502 G_LPIPS: 49.797 D_real: 0.000 D_fake: 0.000 \n"}
,{"stream_name":"stdout","time":7430.158515682,"data":"(epoch: 14, iters: 1960, time: 0.168, data: 0.003) G_GAN: 10.205 G_LPIPS: 49.900 D_real: 0.000 D_fake: 0.000 \n"}
,{"stream_name":"stdout","time":7430.158517992,"data":"(epoch: 14, iters: 1980, time: 0.169, data: 0.004) G_GAN: 9.531 G_LPIPS: 48.127 D_real: 0.000 D_fake: 0.000 \n"}
,{"stream_name":"stdout","time":7430.15852045,"data":"(epoch: 14, iters: 2000, time: 0.223, data: 0.004) G_GAN: 10.438 G_LPIPS: 52.541 D_real: 0.000 D_fake: 0.000 \n"}
,{"stream_name":"stdout","time":7430.158522755,"data":"(epoch: 14, iters: 2020, time: 0.165, data: 0.004) G_GAN: 10.787 G_LPIPS: 52.583 D_real: 0.000 D_fake: 0.000 \n"}
,{"stream_name":"stdout","time":7430.158525142,"data":"(epoch: 14, iters: 2040, time: 0.169, data: 0.003) G_GAN: 8.345 G_LPIPS: 46.990 D_real: 0.000 D_fake: 0.000 \n"}
,{"stream_name":"stdout","time":7430.158530284,"data":"(epoch: 14, iters: 2060, time: 0.165, data: 0.004) G_GAN: 9.984 G_LPIPS: 46.594 D_real: 0.000 D_fake: 0.000 \n"}
,{"stream_name":"stdout","time":7430.158533889,"data":"(epoch: 14, iters: 2080, time: 0.165, data: 0.003) G_GAN: 9.678 G_LPIPS: 48.814 D_real: 0.000 D_fake: 0.000 \n"}
,{"stream_name":"stdout","time":7430.158536346,"data":"(epoch: 14, iters: 2100, time: 0.167, data: 0.004) G_GAN: 9.609 G_LPIPS: 47.493 D_real: 0.000 D_fake: 0.000 \n"}
,{"stream_name":"stdout","time":7430.15853878,"data":"(epoch: 14, iters: 2120, time: 0.165, data: 0.003) G_GAN: 9.829 G_LPIPS: 47.270 D_real: 0.000 D_fake: 0.000 \n"}
,{"stream_name":"stdout","time":7430.15854109,"data":"(epoch: 14, iters: 2140, time: 0.164, data: 0.004) G_GAN: 9.779 G_LPIPS: 49.690 D_real: 0.000 D_fake: 0.000 \n"}
,{"stream_name":"stdout","time":7430.158543494,"data":"(epoch: 14, iters: 2160, time: 0.168, data: 0.003) G_GAN: 9.571 G_LPIPS: 47.150 D_real: 0.000 D_fake: 0.000 \n"}
,{"stream_name":"stdout","time":7430.158545798,"data":"(epoch: 14, iters: 2180, time: 0.167, data: 0.003) G_GAN: 9.431 G_LPIPS: 50.087 D_real: 0.000 D_fake: 0.000 \n"}
,{"stream_name":"stdout","time":7430.158548205,"data":"(epoch: 14, iters: 2200, time: 0.168, data: 0.004) G_GAN: 8.150 G_LPIPS: 45.144 D_real: 0.000 D_fake: 0.000 \n"}
,{"stream_name":"stdout","time":7430.158550517,"data":"(epoch: 14, iters: 2220, time: 0.227, data: 0.004) G_GAN: 9.736 G_LPIPS: 46.344 D_real: 0.000 D_fake: 0.000 \n"}
,{"stream_name":"stdout","time":7430.158552847,"data":"(epoch: 14, iters: 2240, time: 0.165, data: 0.003) G_GAN: 9.823 G_LPIPS: 46.826 D_real: 0.000 D_fake: 0.000 \n"}
,{"stream_name":"stdout","time":7430.158555167,"data":"(epoch: 14, iters: 2260, time: 0.168, data: 0.004) G_GAN: 11.188 G_LPIPS: 52.498 D_real: 0.000 D_fake: 0.000 \n"}
,{"stream_name":"stdout","time":7430.158557749,"data":"(epoch: 14, iters: 2280, time: 0.165, data: 0.004) G_GAN: 8.918 G_LPIPS: 50.336 D_real: 0.000 D_fake: 0.000 \n"}
,{"stream_name":"stdout","time":7430.158560102,"data":"(epoch: 14, iters: 2300, time: 0.165, data: 0.003) G_GAN: 9.734 G_LPIPS: 51.739 D_real: 0.000 D_fake: 0.000 \n"}
,{"stream_name":"stdout","time":7430.158562414,"data":"(epoch: 14, iters: 2320, time: 0.169, data: 0.003) G_GAN: 9.213 G_LPIPS: 45.089 D_real: 0.000 D_fake: 0.000 \n"}
,{"stream_name":"stdout","time":7430.158564712,"data":"(epoch: 14, iters: 2340, time: 0.169, data: 0.003) G_GAN: 9.309 G_LPIPS: 46.382 D_real: 0.000 D_fake: 0.000 \n"}
,{"stream_name":"stdout","time":7430.15856701,"data":"(epoch: 14, iters: 2360, time: 0.167, data: 0.003) G_GAN: 10.617 G_LPIPS: 47.988 D_real: 0.000 D_fake: 0.000 \n"}
,{"stream_name":"stdout","time":7430.158569301,"data":"(epoch: 14, iters: 2380, time: 0.165, data: 0.003) G_GAN: 8.971 G_LPIPS: 51.484 D_real: 0.000 D_fake: 0.000 \n"}
,{"stream_name":"stdout","time":7430.158571594,"data":"(epoch: 14, iters: 2400, time: 0.170, data: 0.004) G_GAN: 7.256 G_LPIPS: 45.875 D_real: 0.000 D_fake: 0.001 \n"}
,{"stream_name":"stdout","time":7430.158573887,"data":"(epoch: 14, iters: 2420, time: 0.168, data: 0.004) G_GAN: 10.115 G_LPIPS: 51.368 D_real: 0.000 D_fake: 0.000 \n"}
,{"stream_name":"stdout","time":7430.158576229,"data":"(epoch: 14, iters: 2440, time: 0.220, data: 0.003) G_GAN: 9.250 G_LPIPS: 48.790 D_real: 0.000 D_fake: 0.000 \n"}
,{"stream_name":"stdout","time":7430.158578524,"data":"(epoch: 14, iters: 2460, time: 0.167, data: 0.003) G_GAN: 9.870 G_LPIPS: 52.574 D_real: 0.000 D_fake: 0.000 \n"}
,{"stream_name":"stdout","time":7430.158580837,"data":"saving the latest model (epoch 14, total_iters 75000)\n"}
,{"stream_name":"stdout","time":7430.158583109,"data":"(epoch: 14, iters: 2480, time: 0.163, data: 0.003) G_GAN: 10.702 G_LPIPS: 48.375 D_real: 0.000 D_fake: 0.000 \n"}
,{"stream_name":"stdout","time":7430.15858543,"data":"(epoch: 14, iters: 2500, time: 0.220, data: 0.003) G_GAN: 9.956 G_LPIPS: 47.060 D_real: 0.000 D_fake: 0.000 \n"}
,{"stream_name":"stdout","time":7430.15859002,"data":"(epoch: 14, iters: 2520, time: 0.168, data: 0.003) G_GAN: 10.294 G_LPIPS: 49.443 D_real: 0.000 D_fake: 0.000 \n"}
,{"stream_name":"stdout","time":7430.158592454,"data":"(epoch: 14, iters: 2540, time: 0.165, data: 0.003) G_GAN: 11.012 G_LPIPS: 52.208 D_real: 0.000 D_fake: 0.000 \n"}
,{"stream_name":"stdout","time":7430.158594785,"data":"(epoch: 14, iters: 2560, time: 0.164, data: 0.003) G_GAN: 9.908 G_LPIPS: 47.619 D_real: 0.000 D_fake: 0.000 \n"}
,{"stream_name":"stdout","time":7430.158597127,"data":"(epoch: 14, iters: 2580, time: 0.169, data: 0.003) G_GAN: 10.727 G_LPIPS: 48.699 D_real: 0.000 D_fake: 0.000 \n"}
,{"stream_name":"stdout","time":7430.15859947,"data":"(epoch: 14, iters: 2600, time: 0.165, data: 0.004) G_GAN: 9.816 G_LPIPS: 51.141 D_real: 0.000 D_fake: 0.000 \n"}
,{"stream_name":"stdout","time":7430.158601793,"data":"(epoch: 14, iters: 2620, time: 0.163, data: 0.003) G_GAN: 10.441 G_LPIPS: 51.132 D_real: 0.000 D_fake: 0.000 \n"}
,{"stream_name":"stdout","time":7430.158604382,"data":"(epoch: 14, iters: 2640, time: 0.167, data: 0.003) G_GAN: 10.548 G_LPIPS: 47.799 D_real: 0.000 D_fake: 0.000 \n"}
,{"stream_name":"stdout","time":7430.158606727,"data":"(epoch: 14, iters: 2660, time: 0.229, data: 0.004) G_GAN: 10.870 G_LPIPS: 52.638 D_real: 0.000 D_fake: 0.000 \n"}
,{"stream_name":"stdout","time":7430.158609039,"data":"(epoch: 14, iters: 2680, time: 0.168, data: 0.004) G_GAN: 10.847 G_LPIPS: 48.357 D_real: 0.000 D_fake: 0.000 \n"}
,{"stream_name":"stdout","time":7430.158611326,"data":"(epoch: 14, iters: 2700, time: 0.166, data: 0.003) G_GAN: 9.743 G_LPIPS: 48.890 D_real: 0.000 D_fake: 0.000 \n"}
,{"stream_name":"stdout","time":7430.158613715,"data":"(epoch: 14, iters: 2720, time: 0.215, data: 0.003) G_GAN: 8.473 G_LPIPS: 42.255 D_real: 0.002 D_fake: 0.000 \n"}
,{"stream_name":"stdout","time":7430.158616036,"data":"(epoch: 14, iters: 2740, time: 0.168, data: 0.003) G_GAN: 9.541 G_LPIPS: 46.505 D_real: 0.000 D_fake: 0.000 \n"}
,{"stream_name":"stdout","time":7430.158618334,"data":"(epoch: 14, iters: 2760, time: 0.167, data: 0.003) G_GAN: 9.184 G_LPIPS: 42.471 D_real: 0.001 D_fake: 0.000 \n"}
,{"stream_name":"stdout","time":7430.158620604,"data":"(epoch: 14, iters: 2780, time: 0.164, data: 0.004) G_GAN: 10.600 G_LPIPS: 49.747 D_real: 0.000 D_fake: 0.000 \n"}
,{"stream_name":"stdout","time":7430.158622887,"data":"(epoch: 14, iters: 2800, time: 0.168, data: 0.003) G_GAN: 11.114 G_LPIPS: 54.308 D_real: 0.000 D_fake: 0.000 \n"}
,{"stream_name":"stdout","time":7430.158625184,"data":"(epoch: 14, iters: 2820, time: 0.170, data: 0.004) G_GAN: 10.434 G_LPIPS: 47.683 D_real: 0.000 D_fake: 0.000 \n"}
,{"stream_name":"stdout","time":7430.15862748,"data":"(epoch: 14, iters: 2840, time: 0.167, data: 0.003) G_GAN: 10.694 G_LPIPS: 49.131 D_real: 0.000 D_fake: 0.000 \n"}
,{"stream_name":"stdout","time":7430.15862981,"data":"(epoch: 14, iters: 2860, time: 0.165, data: 0.004) G_GAN: 10.376 G_LPIPS: 49.250 D_real: 0.000 D_fake: 0.000 \n"}
,{"stream_name":"stdout","time":7430.158632093,"data":"(epoch: 14, iters: 2880, time: 0.174, data: 0.003) G_GAN: 10.652 G_LPIPS: 49.075 D_real: 0.000 D_fake: 0.000 \n"}
,{"stream_name":"stdout","time":7430.158634484,"data":"(epoch: 14, iters: 2900, time: 0.169, data: 0.003) G_GAN: 10.594 G_LPIPS: 48.203 D_real: 0.000 D_fake: 0.000 \n"}
,{"stream_name":"stdout","time":7430.158636768,"data":"(epoch: 14, iters: 2920, time: 0.164, data: 0.003) G_GAN: 10.012 G_LPIPS: 47.510 D_real: 0.000 D_fake: 0.000 \n"}
,{"stream_name":"stdout","time":7430.15863906,"data":"(epoch: 14, iters: 2940, time: 0.169, data: 0.004) G_GAN: 11.025 G_LPIPS: 50.824 D_real: 0.000 D_fake: 0.000 \n"}
,{"stream_name":"stdout","time":7430.158643442,"data":"(epoch: 14, iters: 2960, time: 0.168, data: 0.003) G_GAN: 9.246 G_LPIPS: 45.866 D_real: 0.000 D_fake: 0.000 \n"}
,{"stream_name":"stdout","time":7430.158645917,"data":"(epoch: 14, iters: 2980, time: 0.167, data: 0.003) G_GAN: 10.395 G_LPIPS: 49.660 D_real: 0.000 D_fake: 0.000 \n"}
,{"stream_name":"stdout","time":7430.158648249,"data":"(epoch: 14, iters: 3000, time: 0.217, data: 0.003) G_GAN: 10.194 G_LPIPS: 45.941 D_real: 0.000 D_fake: 0.000 \n"}
,{"stream_name":"stdout","time":7636.460300688,"data":"(epoch: 14, iters: 3020, time: 0.166, data: 0.003) G_GAN: 9.040 G_LPIPS: 43.700 D_real: 0.000 D_fake: 0.000 \n"}
,{"stream_name":"stdout","time":7636.460357232,"data":"(epoch: 14, iters: 3040, time: 0.168, data: 0.003) G_GAN: 8.656 G_LPIPS: 48.044 D_real: 0.000 D_fake: 0.000 \n"}
,{"stream_name":"stdout","time":7636.460362797,"data":"(epoch: 14, iters: 3060, time: 0.221, data: 0.004) G_GAN: 9.412 G_LPIPS: 49.572 D_real: 0.000 D_fake: 0.000 \n"}
,{"stream_name":"stdout","time":7636.460366708,"data":"(epoch: 14, iters: 3080, time: 0.168, data: 0.003) G_GAN: 11.124 G_LPIPS: 49.597 D_real: 0.000 D_fake: 0.000 \n"}
,{"stream_name":"stdout","time":7636.460370413,"data":"(epoch: 14, iters: 3100, time: 0.176, data: 0.003) G_GAN: 10.865 G_LPIPS: 52.697 D_real: 0.000 D_fake: 0.000 \n"}
,{"stream_name":"stdout","time":7636.460374055,"data":"(epoch: 14, iters: 3120, time: 0.225, data: 0.004) G_GAN: 10.522 G_LPIPS: 43.977 D_real: 0.000 D_fake: 0.000 \n"}
,{"stream_name":"stdout","time":7636.460377532,"data":"(epoch: 14, iters: 3140, time: 0.166, data: 0.003) G_GAN: 10.747 G_LPIPS: 50.179 D_real: 0.000 D_fake: 0.000 \n"}
,{"stream_name":"stdout","time":7636.460381045,"data":"(epoch: 14, iters: 3160, time: 0.168, data: 0.003) G_GAN: 10.093 G_LPIPS: 49.213 D_real: 0.000 D_fake: 0.000 \n"}
,{"stream_name":"stdout","time":7636.460384541,"data":"(epoch: 14, iters: 3180, time: 0.224, data: 0.003) G_GAN: 9.947 G_LPIPS: 47.847 D_real: 0.000 D_fake: 0.000 \n"}
,{"stream_name":"stdout","time":7636.460388075,"data":"(epoch: 14, iters: 3200, time: 0.164, data: 0.003) G_GAN: 10.666 G_LPIPS: 47.015 D_real: 0.000 D_fake: 0.000 \n"}
,{"stream_name":"stdout","time":7636.460391493,"data":"(epoch: 14, iters: 3220, time: 0.169, data: 0.003) G_GAN: 10.238 G_LPIPS: 48.810 D_real: 0.000 D_fake: 0.000 \n"}
,{"stream_name":"stdout","time":7636.460394867,"data":"(epoch: 14, iters: 3240, time: 0.228, data: 0.003) G_GAN: 9.996 G_LPIPS: 47.150 D_real: 0.000 D_fake: 0.000 \n"}
,{"stream_name":"stdout","time":7636.460398371,"data":"(epoch: 14, iters: 3260, time: 0.165, data: 0.003) G_GAN: 9.039 G_LPIPS: 42.584 D_real: 0.000 D_fake: 0.000 \n"}
,{"stream_name":"stdout","time":7636.460401752,"data":"(epoch: 14, iters: 3280, time: 0.165, data: 0.004) G_GAN: 9.745 G_LPIPS: 45.121 D_real: 0.000 D_fake: 0.000 \n"}
,{"stream_name":"stdout","time":7636.460405126,"data":"(epoch: 14, iters: 3300, time: 0.167, data: 0.003) G_GAN: 10.051 G_LPIPS: 50.020 D_real: 0.000 D_fake: 0.000 \n"}
,{"stream_name":"stdout","time":7636.460408926,"data":"(epoch: 14, iters: 3320, time: 0.171, data: 0.003) G_GAN: 9.147 G_LPIPS: 44.006 D_real: 0.000 D_fake: 0.000 \n"}
,{"stream_name":"stdout","time":7636.460412331,"data":"(epoch: 14, iters: 3340, time: 0.167, data: 0.003) G_GAN: 9.430 G_LPIPS: 48.235 D_real: 0.000 D_fake: 0.000 \n"}
,{"stream_name":"stdout","time":7636.460415733,"data":"(epoch: 14, iters: 3360, time: 0.168, data: 0.003) G_GAN: 9.979 G_LPIPS: 48.004 D_real: 0.000 D_fake: 0.000 \n"}
,{"stream_name":"stdout","time":7636.460419106,"data":"(epoch: 14, iters: 3380, time: 0.175, data: 0.004) G_GAN: 10.614 G_LPIPS: 49.631 D_real: 0.000 D_fake: 0.000 \n"}
,{"stream_name":"stdout","time":7636.460423778,"data":"(epoch: 14, iters: 3400, time: 0.164, data: 0.004) G_GAN: 10.879 G_LPIPS: 52.688 D_real: 0.000 D_fake: 0.000 \n"}
,{"stream_name":"stdout","time":7636.460441023,"data":"(epoch: 14, iters: 3420, time: 0.169, data: 0.003) G_GAN: 9.976 G_LPIPS: 52.565 D_real: 0.000 D_fake: 0.000 \n"}
,{"stream_name":"stdout","time":7636.460444,"data":"(epoch: 14, iters: 3440, time: 0.171, data: 0.003) G_GAN: 10.591 G_LPIPS: 49.118 D_real: 0.000 D_fake: 0.000 \n"}
,{"stream_name":"stdout","time":7636.460446653,"data":"(epoch: 14, iters: 3460, time: 0.187, data: 0.004) G_GAN: 10.343 G_LPIPS: 50.385 D_real: 0.000 D_fake: 0.000 \n"}
,{"stream_name":"stdout","time":7636.460449269,"data":"(epoch: 14, iters: 3480, time: 0.166, data: 0.003) G_GAN: 10.042 G_LPIPS: 48.190 D_real: 0.000 D_fake: 0.000 \n"}
,{"stream_name":"stdout","time":7636.460451891,"data":"(epoch: 14, iters: 3500, time: 0.172, data: 0.003) G_GAN: 9.841 G_LPIPS: 47.766 D_real: 0.000 D_fake: 0.000 \n"}
,{"stream_name":"stdout","time":7636.460454627,"data":"(epoch: 14, iters: 3520, time: 0.170, data: 0.004) G_GAN: 8.547 G_LPIPS: 42.595 D_real: 0.000 D_fake: 0.000 \n"}
,{"stream_name":"stdout","time":7636.460457275,"data":"(epoch: 14, iters: 3540, time: 0.172, data: 0.003) G_GAN: 9.821 G_LPIPS: 48.886 D_real: 0.000 D_fake: 0.000 \n"}
,{"stream_name":"stdout","time":7636.460459892,"data":"(epoch: 14, iters: 3560, time: 0.172, data: 0.004) G_GAN: 10.792 G_LPIPS: 49.488 D_real: 0.000 D_fake: 0.000 \n"}
,{"stream_name":"stdout","time":7636.460462506,"data":"(epoch: 14, iters: 3580, time: 0.166, data: 0.003) G_GAN: 9.918 G_LPIPS: 47.643 D_real: 0.000 D_fake: 0.000 \n"}
,{"stream_name":"stdout","time":7636.460465124,"data":"(epoch: 14, iters: 3600, time: 0.165, data: 0.003) G_GAN: 9.148 G_LPIPS: 50.526 D_real: 0.000 D_fake: 0.000 \n"}
,{"stream_name":"stdout","time":7636.460467736,"data":"(epoch: 14, iters: 3620, time: 0.171, data: 0.004) G_GAN: 10.783 G_LPIPS: 50.242 D_real: 0.000 D_fake: 0.000 \n"}
,{"stream_name":"stdout","time":7636.460470343,"data":"(epoch: 14, iters: 3640, time: 0.168, data: 0.003) G_GAN: 9.301 G_LPIPS: 47.838 D_real: 0.000 D_fake: 0.000 \n"}
,{"stream_name":"stdout","time":7636.460472957,"data":"(epoch: 14, iters: 3660, time: 0.165, data: 0.004) G_GAN: 10.356 G_LPIPS: 49.320 D_real: 0.000 D_fake: 0.000 \n"}
,{"stream_name":"stdout","time":7636.460475613,"data":"(epoch: 14, iters: 3680, time: 0.169, data: 0.004) G_GAN: 9.551 G_LPIPS: 52.144 D_real: 0.000 D_fake: 0.000 \n"}
,{"stream_name":"stdout","time":7636.460478323,"data":"(epoch: 14, iters: 3700, time: 0.169, data: 0.004) G_GAN: 10.208 G_LPIPS: 50.083 D_real: 0.000 D_fake: 0.000 \n"}
,{"stream_name":"stdout","time":7636.460480948,"data":"(epoch: 14, iters: 3720, time: 0.166, data: 0.003) G_GAN: 9.965 G_LPIPS: 43.668 D_real: 0.000 D_fake: 0.000 \n"}
,{"stream_name":"stdout","time":7636.460483654,"data":"(epoch: 14, iters: 3740, time: 0.167, data: 0.003) G_GAN: 10.776 G_LPIPS: 48.312 D_real: 0.000 D_fake: 0.000 \n"}
,{"stream_name":"stdout","time":7636.460486268,"data":"(epoch: 14, iters: 3760, time: 0.172, data: 0.003) G_GAN: 10.779 G_LPIPS: 49.776 D_real: 0.000 D_fake: 0.000 \n"}
,{"stream_name":"stdout","time":7636.460489239,"data":"(epoch: 14, iters: 3780, time: 0.169, data: 0.004) G_GAN: 11.414 G_LPIPS: 49.532 D_real: 0.000 D_fake: 0.000 \n"}
,{"stream_name":"stdout","time":7636.460491977,"data":"(epoch: 14, iters: 3800, time: 0.168, data: 0.004) G_GAN: 8.954 G_LPIPS: 50.685 D_real: 0.000 D_fake: 0.000 \n"}
,{"stream_name":"stdout","time":7636.460494601,"data":"(epoch: 14, iters: 3820, time: 0.229, data: 0.003) G_GAN: 10.112 G_LPIPS: 48.261 D_real: 0.000 D_fake: 0.000 \n"}
,{"stream_name":"stdout","time":7636.460497266,"data":"(epoch: 14, iters: 3840, time: 0.170, data: 0.004) G_GAN: 10.356 G_LPIPS: 47.814 D_real: 0.000 D_fake: 0.000 \n"}
,{"stream_name":"stdout","time":7636.460499885,"data":"(epoch: 14, iters: 3860, time: 0.166, data: 0.004) G_GAN: 9.009 G_LPIPS: 45.383 D_real: 0.000 D_fake: 0.000 \n"}
,{"stream_name":"stdout","time":7636.460505466,"data":"(epoch: 14, iters: 3880, time: 0.222, data: 0.004) G_GAN: 10.507 G_LPIPS: 52.098 D_real: 0.000 D_fake: 0.000 \n"}
,{"stream_name":"stdout","time":7636.460508223,"data":"(epoch: 14, iters: 3900, time: 0.172, data: 0.003) G_GAN: 10.443 G_LPIPS: 50.949 D_real: 0.000 D_fake: 0.000 \n"}
,{"stream_name":"stdout","time":7636.460511177,"data":"(epoch: 14, iters: 3920, time: 0.167, data: 0.003) G_GAN: 7.437 G_LPIPS: 48.013 D_real: 0.000 D_fake: 0.001 \n"}
,{"stream_name":"stdout","time":7636.460513815,"data":"(epoch: 14, iters: 3940, time: 0.225, data: 0.003) G_GAN: 5.839 G_LPIPS: 45.871 D_real: 0.000 D_fake: 0.005 \n"}
,{"stream_name":"stdout","time":7636.460516446,"data":"(epoch: 14, iters: 3960, time: 0.173, data: 0.004) G_GAN: 11.112 G_LPIPS: 49.756 D_real: 0.000 D_fake: 0.000 \n"}
,{"stream_name":"stdout","time":7636.460532926,"data":"(epoch: 14, iters: 3980, time: 0.169, data: 0.003) G_GAN: 10.941 G_LPIPS: 52.902 D_real: 0.000 D_fake: 0.000 \n"}
,{"stream_name":"stdout","time":7636.460537662,"data":"(epoch: 14, iters: 4000, time: 0.234, data: 0.004) G_GAN: 10.029 G_LPIPS: 48.522 D_real: 0.000 D_fake: 0.000 \n"}
,{"stream_name":"stdout","time":7636.460542283,"data":"(epoch: 14, iters: 4020, time: 0.172, data: 0.003) G_GAN: 10.117 G_LPIPS: 48.860 D_real: 0.000 D_fake: 0.000 \n"}
,{"stream_name":"stdout","time":7636.460546264,"data":"(epoch: 14, iters: 4040, time: 0.169, data: 0.004) G_GAN: 10.544 G_LPIPS: 50.777 D_real: 0.000 D_fake: 0.000 \n"}
,{"stream_name":"stdout","time":7636.460551456,"data":"(epoch: 14, iters: 4060, time: 0.225, data: 0.004) G_GAN: 9.836 G_LPIPS: 46.775 D_real: 0.000 D_fake: 0.000 \n"}
,{"stream_name":"stdout","time":7636.46055609,"data":"(epoch: 14, iters: 4080, time: 0.167, data: 0.003) G_GAN: 10.149 G_LPIPS: 47.318 D_real: 0.000 D_fake: 0.000 \n"}
,{"stream_name":"stdout","time":7636.460560227,"data":"(epoch: 14, iters: 4100, time: 0.170, data: 0.004) G_GAN: 10.705 G_LPIPS: 48.845 D_real: 0.000 D_fake: 0.000 \n"}
,{"stream_name":"stdout","time":7636.460567476,"data":"(epoch: 14, iters: 4120, time: 0.174, data: 0.004) G_GAN: 8.940 G_LPIPS: 48.006 D_real: 0.000 D_fake: 0.000 \n"}
,{"stream_name":"stdout","time":7636.460570176,"data":"(epoch: 14, iters: 4140, time: 0.168, data: 0.003) G_GAN: 10.245 G_LPIPS: 51.236 D_real: 0.000 D_fake: 0.000 \n"}
,{"stream_name":"stdout","time":7636.460573488,"data":"(epoch: 14, iters: 4160, time: 0.169, data: 0.004) G_GAN: 9.987 G_LPIPS: 50.052 D_real: 0.000 D_fake: 0.000 \n"}
,{"stream_name":"stdout","time":7636.460576193,"data":"(epoch: 14, iters: 4180, time: 0.167, data: 0.003) G_GAN: 9.453 G_LPIPS: 50.897 D_real: 0.000 D_fake: 0.000 \n"}
,{"stream_name":"stdout","time":7636.460580881,"data":"(epoch: 14, iters: 4200, time: 0.167, data: 0.003) G_GAN: 8.879 G_LPIPS: 45.480 D_real: 0.000 D_fake: 0.000 \n"}
,{"stream_name":"stdout","time":7636.460583632,"data":"(epoch: 14, iters: 4220, time: 0.171, data: 0.003) G_GAN: 5.439 G_LPIPS: 50.543 D_real: 0.000 D_fake: 0.024 \n"}
,{"stream_name":"stdout","time":7636.460586222,"data":"(epoch: 14, iters: 4240, time: 0.171, data: 0.004) G_GAN: 8.063 G_LPIPS: 47.117 D_real: 0.000 D_fake: 0.093 \n"}
,{"stream_name":"stdout","time":7636.460588831,"data":"(epoch: 14, iters: 4260, time: 0.166, data: 0.004) G_GAN: 11.889 G_LPIPS: 51.388 D_real: 0.000 D_fake: 0.000 \n"}
,{"stream_name":"stdout","time":7636.460591529,"data":"(epoch: 14, iters: 4280, time: 0.171, data: 0.004) G_GAN: 11.287 G_LPIPS: 49.553 D_real: 0.000 D_fake: 0.000 \n"}
,{"stream_name":"stdout","time":7636.460594128,"data":"(epoch: 14, iters: 4300, time: 0.170, data: 0.004) G_GAN: 9.969 G_LPIPS: 49.448 D_real: 0.001 D_fake: 0.000 \n"}
,{"stream_name":"stdout","time":7636.460596857,"data":"(epoch: 14, iters: 4320, time: 0.166, data: 0.003) G_GAN: 11.278 G_LPIPS: 53.460 D_real: 0.000 D_fake: 0.000 \n"}
,{"stream_name":"stdout","time":7636.460602991,"data":"(epoch: 14, iters: 4340, time: 0.169, data: 0.003) G_GAN: 11.596 G_LPIPS: 47.898 D_real: 0.000 D_fake: 0.000 \n"}
,{"stream_name":"stdout","time":7636.460605718,"data":"(epoch: 14, iters: 4360, time: 0.171, data: 0.004) G_GAN: 10.620 G_LPIPS: 48.383 D_real: 0.000 D_fake: 0.000 \n"}
,{"stream_name":"stdout","time":7636.460608423,"data":"(epoch: 14, iters: 4380, time: 0.169, data: 0.004) G_GAN: 8.757 G_LPIPS: 48.435 D_real: 0.000 D_fake: 0.000 \n"}
,{"stream_name":"stdout","time":7636.460611128,"data":"(epoch: 14, iters: 4400, time: 0.172, data: 0.003) G_GAN: 12.044 G_LPIPS: 52.941 D_real: 0.000 D_fake: 0.000 \n"}
,{"stream_name":"stdout","time":7636.460613751,"data":"(epoch: 14, iters: 4420, time: 0.170, data: 0.004) G_GAN: 11.112 G_LPIPS: 47.824 D_real: 0.000 D_fake: 0.000 \n"}
,{"stream_name":"stdout","time":7636.460616456,"data":"(epoch: 14, iters: 4440, time: 0.168, data: 0.003) G_GAN: 10.352 G_LPIPS: 47.706 D_real: 0.000 D_fake: 0.000 \n"}
,{"stream_name":"stdout","time":7636.460620026,"data":"(epoch: 14, iters: 4460, time: 0.172, data: 0.003) G_GAN: 11.097 G_LPIPS: 51.604 D_real: 0.000 D_fake: 0.000 \n"}
,{"stream_name":"stdout","time":7636.460634529,"data":"(epoch: 14, iters: 4480, time: 0.174, data: 0.004) G_GAN: 9.379 G_LPIPS: 45.081 D_real: 0.002 D_fake: 0.000 \n"}
,{"stream_name":"stdout","time":7636.460639571,"data":"(epoch: 14, iters: 4500, time: 0.169, data: 0.003) G_GAN: 10.557 G_LPIPS: 51.729 D_real: 0.000 D_fake: 0.000 \n"}
,{"stream_name":"stdout","time":7782.945442301,"data":"(epoch: 14, iters: 4520, time: 0.167, data: 0.003) G_GAN: 11.639 G_LPIPS: 51.985 D_real: 0.000 D_fake: 0.000 \n"}
,{"stream_name":"stdout","time":7782.945481226,"data":"(epoch: 14, iters: 4540, time: 0.172, data: 0.003) G_GAN: 10.348 G_LPIPS: 44.614 D_real: 0.001 D_fake: 0.000 \n"}
,{"stream_name":"stdout","time":7782.945487224,"data":"(epoch: 14, iters: 4560, time: 0.168, data: 0.003) G_GAN: 10.540 G_LPIPS: 48.576 D_real: 0.000 D_fake: 0.000 \n"}
,{"stream_name":"stdout","time":7782.945492475,"data":"(epoch: 14, iters: 4580, time: 0.169, data: 0.003) G_GAN: 11.441 G_LPIPS: 51.912 D_real: 0.000 D_fake: 0.000 \n"}
,{"stream_name":"stdout","time":7782.945497648,"data":"(epoch: 14, iters: 4600, time: 0.171, data: 0.004) G_GAN: 10.879 G_LPIPS: 51.125 D_real: 0.000 D_fake: 0.000 \n"}
,{"stream_name":"stdout","time":7782.945503205,"data":"(epoch: 14, iters: 4620, time: 0.168, data: 0.004) G_GAN: 10.357 G_LPIPS: 49.430 D_real: 0.000 D_fake: 0.000 \n"}
,{"stream_name":"stdout","time":7782.945508683,"data":"(epoch: 14, iters: 4640, time: 0.224, data: 0.003) G_GAN: 11.623 G_LPIPS: 51.855 D_real: 0.000 D_fake: 0.000 \n"}
,{"stream_name":"stdout","time":7782.945513734,"data":"(epoch: 14, iters: 4660, time: 0.165, data: 0.003) G_GAN: 9.415 G_LPIPS: 48.295 D_real: 0.000 D_fake: 0.000 \n"}
,{"stream_name":"stdout","time":7782.94551953,"data":"(epoch: 14, iters: 4680, time: 0.165, data: 0.004) G_GAN: 8.023 G_LPIPS: 44.929 D_real: 0.000 D_fake: 0.001 \n"}
,{"stream_name":"stdout","time":7782.945524476,"data":"(epoch: 14, iters: 4700, time: 0.219, data: 0.004) G_GAN: 8.925 G_LPIPS: 47.350 D_real: 0.000 D_fake: 0.000 \n"}
,{"stream_name":"stdout","time":7782.945529646,"data":"(epoch: 14, iters: 4720, time: 0.169, data: 0.003) G_GAN: 8.067 G_LPIPS: 45.172 D_real: 0.000 D_fake: 0.001 \n"}
,{"stream_name":"stdout","time":7782.945537305,"data":"(epoch: 14, iters: 4740, time: 0.167, data: 0.004) G_GAN: 7.058 G_LPIPS: 42.569 D_real: 0.001 D_fake: 0.001 \n"}
,{"stream_name":"stdout","time":7782.945542925,"data":"(epoch: 14, iters: 4760, time: 0.219, data: 0.003) G_GAN: 7.851 G_LPIPS: 44.652 D_real: 0.000 D_fake: 0.001 \n"}
,{"stream_name":"stdout","time":7782.945548342,"data":"(epoch: 14, iters: 4780, time: 0.163, data: 0.003) G_GAN: 7.966 G_LPIPS: 47.142 D_real: 0.000 D_fake: 0.000 \n"}
,{"stream_name":"stdout","time":7782.945562726,"data":"(epoch: 14, iters: 4800, time: 0.168, data: 0.004) G_GAN: 7.359 G_LPIPS: 45.916 D_real: 0.000 D_fake: 0.001 \n"}
,{"stream_name":"stdout","time":7782.945567324,"data":"(epoch: 14, iters: 4820, time: 0.220, data: 0.004) G_GAN: 9.698 G_LPIPS: 45.897 D_real: 0.000 D_fake: 0.000 \n"}
,{"stream_name":"stdout","time":7782.945571464,"data":"(epoch: 14, iters: 4840, time: 0.168, data: 0.004) G_GAN: 8.482 G_LPIPS: 49.385 D_real: 0.000 D_fake: 0.000 \n"}
,{"stream_name":"stdout","time":7782.945575738,"data":"(epoch: 14, iters: 4860, time: 0.171, data: 0.003) G_GAN: 7.783 G_LPIPS: 48.446 D_real: 0.000 D_fake: 0.000 \n"}
,{"stream_name":"stdout","time":7782.94557968,"data":"(epoch: 14, iters: 4880, time: 0.225, data: 0.003) G_GAN: 6.595 G_LPIPS: 44.117 D_real: 0.000 D_fake: 0.002 \n"}
,{"stream_name":"stdout","time":7782.945585264,"data":"(epoch: 14, iters: 4900, time: 0.166, data: 0.003) G_GAN: 6.503 G_LPIPS: 44.894 D_real: 0.000 D_fake: 0.002 \n"}
,{"stream_name":"stdout","time":7782.945589735,"data":"(epoch: 14, iters: 4920, time: 0.172, data: 0.003) G_GAN: 8.376 G_LPIPS: 48.353 D_real: 0.000 D_fake: 0.000 \n"}
,{"stream_name":"stdout","time":7782.945593928,"data":"(epoch: 14, iters: 4940, time: 0.222, data: 0.004) G_GAN: 10.994 G_LPIPS: 52.244 D_real: 0.000 D_fake: 0.000 \n"}
,{"stream_name":"stdout","time":7782.945598155,"data":"(epoch: 14, iters: 4960, time: 0.168, data: 0.004) G_GAN: 9.131 G_LPIPS: 46.638 D_real: 0.000 D_fake: 0.000 \n"}
,{"stream_name":"stdout","time":7782.945602234,"data":"(epoch: 14, iters: 4980, time: 0.170, data: 0.003) G_GAN: 10.389 G_LPIPS: 49.334 D_real: 0.000 D_fake: 0.000 \n"}
,{"stream_name":"stdout","time":7782.94560613,"data":"(epoch: 14, iters: 5000, time: 0.226, data: 0.003) G_GAN: 10.755 G_LPIPS: 48.603 D_real: 0.000 D_fake: 0.000 \n"}
,{"stream_name":"stdout","time":7782.945610073,"data":"(epoch: 14, iters: 5020, time: 0.167, data: 0.003) G_GAN: 8.979 G_LPIPS: 47.544 D_real: 0.000 D_fake: 0.000 \n"}
,{"stream_name":"stdout","time":7782.945614127,"data":"(epoch: 14, iters: 5040, time: 0.172, data: 0.003) G_GAN: 10.467 G_LPIPS: 49.006 D_real: 0.000 D_fake: 0.000 \n"}
,{"stream_name":"stdout","time":7782.945618108,"data":"(epoch: 14, iters: 5060, time: 0.225, data: 0.004) G_GAN: 10.317 G_LPIPS: 45.502 D_real: 0.000 D_fake: 0.000 \n"}
,{"stream_name":"stdout","time":7782.945622368,"data":"(epoch: 14, iters: 5080, time: 0.165, data: 0.004) G_GAN: 10.906 G_LPIPS: 48.968 D_real: 0.000 D_fake: 0.000 \n"}
,{"stream_name":"stdout","time":7782.945626612,"data":"(epoch: 14, iters: 5100, time: 0.175, data: 0.004) G_GAN: 10.654 G_LPIPS: 51.664 D_real: 0.000 D_fake: 0.000 \n"}
,{"stream_name":"stdout","time":7782.945630664,"data":"(epoch: 14, iters: 5120, time: 0.171, data: 0.003) G_GAN: 11.867 G_LPIPS: 51.826 D_real: 0.000 D_fake: 0.000 \n"}
,{"stream_name":"stdout","time":7782.945634618,"data":"(epoch: 14, iters: 5140, time: 0.171, data: 0.004) G_GAN: 10.849 G_LPIPS: 48.522 D_real: 0.000 D_fake: 0.000 \n"}
,{"stream_name":"stdout","time":7782.945639015,"data":"(epoch: 14, iters: 5160, time: 0.171, data: 0.003) G_GAN: 10.648 G_LPIPS: 48.768 D_real: 0.000 D_fake: 0.000 \n"}
,{"stream_name":"stdout","time":7782.945643533,"data":"(epoch: 14, iters: 5180, time: 0.171, data: 0.004) G_GAN: 11.076 G_LPIPS: 52.487 D_real: 0.000 D_fake: 0.000 \n"}
,{"stream_name":"stdout","time":7782.94564799,"data":"(epoch: 14, iters: 5200, time: 0.170, data: 0.004) G_GAN: 11.153 G_LPIPS: 49.796 D_real: 0.000 D_fake: 0.000 \n"}
,{"stream_name":"stdout","time":7782.945652309,"data":"(epoch: 14, iters: 5220, time: 0.171, data: 0.003) G_GAN: 9.525 G_LPIPS: 47.326 D_real: 0.000 D_fake: 0.000 \n"}
,{"stream_name":"stdout","time":7782.945656624,"data":"(epoch: 14, iters: 5240, time: 0.171, data: 0.003) G_GAN: 10.698 G_LPIPS: 51.577 D_real: 0.000 D_fake: 0.000 \n"}
,{"stream_name":"stdout","time":7782.945664116,"data":"(epoch: 14, iters: 5260, time: 0.165, data: 0.004) G_GAN: 10.577 G_LPIPS: 49.330 D_real: 0.000 D_fake: 0.000 \n"}
,{"stream_name":"stdout","time":7782.945669084,"data":"(epoch: 14, iters: 5280, time: 0.168, data: 0.003) G_GAN: 10.190 G_LPIPS: 48.515 D_real: 0.000 D_fake: 0.000 \n"}
,{"stream_name":"stdout","time":7782.945673444,"data":"(epoch: 14, iters: 5300, time: 0.171, data: 0.003) G_GAN: 9.601 G_LPIPS: 49.091 D_real: 0.000 D_fake: 0.000 \n"}
,{"stream_name":"stdout","time":7782.945677668,"data":"(epoch: 14, iters: 5320, time: 0.168, data: 0.003) G_GAN: 10.539 G_LPIPS: 46.451 D_real: 0.000 D_fake: 0.000 \n"}
,{"stream_name":"stdout","time":7782.945681594,"data":"(epoch: 14, iters: 5340, time: 0.168, data: 0.003) G_GAN: 11.468 G_LPIPS: 50.319 D_real: 0.000 D_fake: 0.000 \n"}
,{"stream_name":"stdout","time":7782.945685948,"data":"(epoch: 14, iters: 5360, time: 0.176, data: 0.004) G_GAN: 11.457 G_LPIPS: 50.502 D_real: 0.000 D_fake: 0.000 \n"}
,{"stream_name":"stdout","time":7782.94569008,"data":"(epoch: 14, iters: 5380, time: 0.165, data: 0.004) G_GAN: 11.269 G_LPIPS: 53.398 D_real: 0.000 D_fake: 0.000 \n"}
,{"stream_name":"stdout","time":7782.945694436,"data":"(epoch: 14, iters: 5400, time: 0.169, data: 0.003) G_GAN: 11.472 G_LPIPS: 46.758 D_real: 0.000 D_fake: 0.000 \n"}
,{"stream_name":"stdout","time":7782.945698802,"data":"(epoch: 14, iters: 5420, time: 0.171, data: 0.004) G_GAN: 10.571 G_LPIPS: 48.378 D_real: 0.000 D_fake: 0.000 \n"}
,{"stream_name":"stdout","time":7782.94570311,"data":"(epoch: 14, iters: 5440, time: 0.171, data: 0.004) G_GAN: 11.292 G_LPIPS: 50.522 D_real: 0.000 D_fake: 0.000 \n"}
,{"stream_name":"stdout","time":7782.94570746,"data":"(epoch: 14, iters: 5460, time: 0.188, data: 0.003) G_GAN: 10.671 G_LPIPS: 47.912 D_real: 0.000 D_fake: 0.000 \n"}
,{"stream_name":"stdout","time":7782.945711757,"data":"(epoch: 14, iters: 5480, time: 0.170, data: 0.004) G_GAN: 11.016 G_LPIPS: 51.518 D_real: 0.000 D_fake: 0.000 \n"}
,{"stream_name":"stdout","time":7782.945716102,"data":"(epoch: 14, iters: 5500, time: 0.169, data: 0.003) G_GAN: 10.345 G_LPIPS: 49.795 D_real: 0.000 D_fake: 0.000 \n"}
,{"stream_name":"stdout","time":7782.94572066,"data":"(epoch: 14, iters: 5520, time: 0.168, data: 0.003) G_GAN: 10.157 G_LPIPS: 49.975 D_real: 0.000 D_fake: 0.000 \n"}
,{"stream_name":"stdout","time":7782.945724952,"data":"(epoch: 14, iters: 5540, time: 0.170, data: 0.004) G_GAN: 10.346 G_LPIPS: 49.293 D_real: 0.000 D_fake: 0.000 \n"}
,{"stream_name":"stdout","time":7782.945729386,"data":"(epoch: 14, iters: 5560, time: 0.167, data: 0.004) G_GAN: 9.312 G_LPIPS: 48.735 D_real: 0.000 D_fake: 0.000 \n"}
,{"stream_name":"stdout","time":7782.945733698,"data":"(epoch: 14, iters: 5580, time: 0.124, data: 0.003) G_GAN: 11.044 G_LPIPS: 50.595 D_real: 0.000 D_fake: 0.000 \n"}
,{"stream_name":"stdout","time":7782.945737936,"data":"saving the model at the end of epoch 14, iters 78120\n"}
,{"stream_name":"stdout","time":7782.945742102,"data":"End of epoch 14 / 20 \t Time Taken: 758 sec\n"}
,{"stream_name":"stdout","time":7782.945746776,"data":"learning rate 0.0000545 -\u003e 0.0000455\n"}
,{"stream_name":"stdout","time":7995.450934387,"data":"(epoch: 15, iters: 20, time: 0.167, data: 0.276) G_GAN: 11.171 G_LPIPS: 49.213 D_real: 0.000 D_fake: 0.000 \n"}
,{"stream_name":"stdout","time":7995.45097323,"data":"(epoch: 15, iters: 40, time: 0.172, data: 0.003) G_GAN: 11.174 G_LPIPS: 50.457 D_real: 0.000 D_fake: 0.000 \n"}
,{"stream_name":"stdout","time":7995.450978969,"data":"(epoch: 15, iters: 60, time: 0.169, data: 0.003) G_GAN: 11.586 G_LPIPS: 54.433 D_real: 0.000 D_fake: 0.000 \n"}
,{"stream_name":"stdout","time":7995.450998416,"data":"(epoch: 15, iters: 80, time: 0.168, data: 0.003) G_GAN: 11.143 G_LPIPS: 51.762 D_real: 0.000 D_fake: 0.000 \n"}
,{"stream_name":"stdout","time":7995.451002149,"data":"(epoch: 15, iters: 100, time: 0.169, data: 0.004) G_GAN: 9.862 G_LPIPS: 51.049 D_real: 0.000 D_fake: 0.000 \n"}
,{"stream_name":"stdout","time":7995.451005996,"data":"(epoch: 15, iters: 120, time: 0.167, data: 0.003) G_GAN: 11.206 G_LPIPS: 49.076 D_real: 0.000 D_fake: 0.000 \n"}
,{"stream_name":"stdout","time":7995.451009284,"data":"(epoch: 15, iters: 140, time: 0.168, data: 0.003) G_GAN: 10.624 G_LPIPS: 49.132 D_real: 0.000 D_fake: 0.000 \n"}
,{"stream_name":"stdout","time":7995.451012606,"data":"(epoch: 15, iters: 160, time: 0.167, data: 0.003) G_GAN: 10.233 G_LPIPS: 47.510 D_real: 0.000 D_fake: 0.000 \n"}
,{"stream_name":"stdout","time":7995.451015781,"data":"(epoch: 15, iters: 180, time: 0.170, data: 0.003) G_GAN: 10.301 G_LPIPS: 46.156 D_real: 0.000 D_fake: 0.000 \n"}
,{"stream_name":"stdout","time":7995.451019345,"data":"(epoch: 15, iters: 200, time: 0.171, data: 0.003) G_GAN: 10.945 G_LPIPS: 52.549 D_real: 0.000 D_fake: 0.000 \n"}
,{"stream_name":"stdout","time":7995.451022521,"data":"(epoch: 15, iters: 220, time: 0.168, data: 0.004) G_GAN: 10.416 G_LPIPS: 49.535 D_real: 0.000 D_fake: 0.000 \n"}
,{"stream_name":"stdout","time":7995.451025833,"data":"(epoch: 15, iters: 240, time: 0.172, data: 0.003) G_GAN: 10.218 G_LPIPS: 44.332 D_real: 0.001 D_fake: 0.000 \n"}
,{"stream_name":"stdout","time":7995.451029235,"data":"(epoch: 15, iters: 260, time: 0.171, data: 0.003) G_GAN: 10.255 G_LPIPS: 47.197 D_real: 0.000 D_fake: 0.000 \n"}
,{"stream_name":"stdout","time":7995.451032518,"data":"(epoch: 15, iters: 280, time: 0.189, data: 0.003) G_GAN: 11.029 G_LPIPS: 49.099 D_real: 0.000 D_fake: 0.000 \n"}
,{"stream_name":"stdout","time":7995.451035932,"data":"(epoch: 15, iters: 300, time: 0.168, data: 0.003) G_GAN: 11.739 G_LPIPS: 51.640 D_real: 0.000 D_fake: 0.000 \n"}
,{"stream_name":"stdout","time":7995.451039481,"data":"(epoch: 15, iters: 320, time: 0.228, data: 0.004) G_GAN: 11.279 G_LPIPS: 49.256 D_real: 0.000 D_fake: 0.000 \n"}
,{"stream_name":"stdout","time":7995.451042988,"data":"(epoch: 15, iters: 340, time: 0.166, data: 0.003) G_GAN: 10.131 G_LPIPS: 50.014 D_real: 0.000 D_fake: 0.000 \n"}
,{"stream_name":"stdout","time":7995.451046646,"data":"(epoch: 15, iters: 360, time: 0.172, data: 0.003) G_GAN: 10.567 G_LPIPS: 47.000 D_real: 0.000 D_fake: 0.000 \n"}
,{"stream_name":"stdout","time":7995.451051778,"data":"(epoch: 15, iters: 380, time: 0.224, data: 0.004) G_GAN: 10.021 G_LPIPS: 47.632 D_real: 0.000 D_fake: 0.000 \n"}
,{"stream_name":"stdout","time":7995.451055832,"data":"(epoch: 15, iters: 400, time: 0.168, data: 0.003) G_GAN: 11.051 G_LPIPS: 53.056 D_real: 0.000 D_fake: 0.000 \n"}
,{"stream_name":"stdout","time":7995.451059446,"data":"(epoch: 15, iters: 420, time: 0.172, data: 0.003) G_GAN: 10.514 G_LPIPS: 50.936 D_real: 0.000 D_fake: 0.000 \n"}
,{"stream_name":"stdout","time":7995.451063138,"data":"(epoch: 15, iters: 440, time: 0.171, data: 0.004) G_GAN: 11.192 G_LPIPS: 49.783 D_real: 0.000 D_fake: 0.000 \n"}
,{"stream_name":"stdout","time":7995.45106718,"data":"(epoch: 15, iters: 460, time: 0.168, data: 0.004) G_GAN: 11.019 G_LPIPS: 50.736 D_real: 0.000 D_fake: 0.000 \n"}
,{"stream_name":"stdout","time":7995.451070851,"data":"(epoch: 15, iters: 480, time: 0.169, data: 0.003) G_GAN: 11.320 G_LPIPS: 51.352 D_real: 0.000 D_fake: 0.000 \n"}
,{"stream_name":"stdout","time":7995.451074587,"data":"(epoch: 15, iters: 500, time: 0.170, data: 0.004) G_GAN: 10.628 G_LPIPS: 46.911 D_real: 0.000 D_fake: 0.000 \n"}
,{"stream_name":"stdout","time":7995.451078131,"data":"(epoch: 15, iters: 520, time: 0.168, data: 0.003) G_GAN: 11.333 G_LPIPS: 52.046 D_real: 0.000 D_fake: 0.000 \n"}
,{"stream_name":"stdout","time":7995.451131367,"data":"(epoch: 15, iters: 540, time: 0.172, data: 0.003) G_GAN: 11.140 G_LPIPS: 51.579 D_real: 0.000 D_fake: 0.000 \n"}
,{"stream_name":"stdout","time":7995.451145373,"data":"(epoch: 15, iters: 560, time: 0.177, data: 0.004) G_GAN: 11.358 G_LPIPS: 50.012 D_real: 0.000 D_fake: 0.000 \n"}
,{"stream_name":"stdout","time":7995.451148215,"data":"(epoch: 15, iters: 580, time: 0.172, data: 0.003) G_GAN: 10.519 G_LPIPS: 50.136 D_real: 0.000 D_fake: 0.000 \n"}
,{"stream_name":"stdout","time":7995.451150495,"data":"(epoch: 15, iters: 600, time: 0.168, data: 0.003) G_GAN: 9.074 G_LPIPS: 47.855 D_real: 0.000 D_fake: 0.000 \n"}
,{"stream_name":"stdout","time":7995.451152868,"data":"(epoch: 15, iters: 620, time: 0.169, data: 0.003) G_GAN: 11.023 G_LPIPS: 51.334 D_real: 0.000 D_fake: 0.000 \n"}
,{"stream_name":"stdout","time":7995.451155142,"data":"(epoch: 15, iters: 640, time: 0.166, data: 0.003) G_GAN: 11.595 G_LPIPS: 52.035 D_real: 0.000 D_fake: 0.000 \n"}
,{"stream_name":"stdout","time":7995.451157429,"data":"(epoch: 15, iters: 660, time: 0.172, data: 0.003) G_GAN: 10.704 G_LPIPS: 49.188 D_real: 0.000 D_fake: 0.000 \n"}
,{"stream_name":"stdout","time":7995.451159797,"data":"(epoch: 15, iters: 680, time: 0.168, data: 0.004) G_GAN: 10.839 G_LPIPS: 47.636 D_real: 0.000 D_fake: 0.000 \n"}
,{"stream_name":"stdout","time":7995.451162105,"data":"(epoch: 15, iters: 700, time: 0.231, data: 0.003) G_GAN: 10.176 G_LPIPS: 48.136 D_real: 0.000 D_fake: 0.000 \n"}
,{"stream_name":"stdout","time":7995.451164408,"data":"(epoch: 15, iters: 720, time: 0.171, data: 0.003) G_GAN: 9.963 G_LPIPS: 46.023 D_real: 0.000 D_fake: 0.000 \n"}
,{"stream_name":"stdout","time":7995.451166768,"data":"(epoch: 15, iters: 740, time: 0.173, data: 0.004) G_GAN: 10.943 G_LPIPS: 50.347 D_real: 0.000 D_fake: 0.000 \n"}
,{"stream_name":"stdout","time":7995.45116968,"data":"(epoch: 15, iters: 760, time: 0.223, data: 0.004) G_GAN: 11.295 G_LPIPS: 51.136 D_real: 0.000 D_fake: 0.000 \n"}
,{"stream_name":"stdout","time":7995.451172003,"data":"(epoch: 15, iters: 780, time: 0.170, data: 0.003) G_GAN: 9.932 G_LPIPS: 45.414 D_real: 0.000 D_fake: 0.000 \n"}
,{"stream_name":"stdout","time":7995.451174395,"data":"(epoch: 15, iters: 800, time: 0.169, data: 0.004) G_GAN: 9.393 G_LPIPS: 46.671 D_real: 0.000 D_fake: 0.000 \n"}
,{"stream_name":"stdout","time":7995.451176678,"data":"(epoch: 15, iters: 820, time: 0.228, data: 0.003) G_GAN: 11.418 G_LPIPS: 50.030 D_real: 0.000 D_fake: 0.000 \n"}
,{"stream_name":"stdout","time":7995.45117895,"data":"(epoch: 15, iters: 840, time: 0.172, data: 0.003) G_GAN: 10.965 G_LPIPS: 49.284 D_real: 0.000 D_fake: 0.000 \n"}
,{"stream_name":"stdout","time":7995.451181232,"data":"(epoch: 15, iters: 860, time: 0.168, data: 0.004) G_GAN: 11.125 G_LPIPS: 52.421 D_real: 0.000 D_fake: 0.000 \n"}
,{"stream_name":"stdout","time":7995.451183545,"data":"(epoch: 15, iters: 880, time: 0.169, data: 0.003) G_GAN: 11.118 G_LPIPS: 49.229 D_real: 0.000 D_fake: 0.000 \n"}
,{"stream_name":"stdout","time":7995.451185835,"data":"(epoch: 15, iters: 900, time: 0.171, data: 0.003) G_GAN: 11.202 G_LPIPS: 49.514 D_real: 0.000 D_fake: 0.000 \n"}
,{"stream_name":"stdout","time":7995.451188214,"data":"(epoch: 15, iters: 920, time: 0.178, data: 0.004) G_GAN: 10.366 G_LPIPS: 46.445 D_real: 0.000 D_fake: 0.000 \n"}
,{"stream_name":"stdout","time":7995.451190502,"data":"(epoch: 15, iters: 940, time: 0.168, data: 0.003) G_GAN: 9.912 G_LPIPS: 47.866 D_real: 0.000 D_fake: 0.000 \n"}
,{"stream_name":"stdout","time":7995.451192793,"data":"(epoch: 15, iters: 960, time: 0.171, data: 0.003) G_GAN: 11.108 G_LPIPS: 49.661 D_real: 0.000 D_fake: 0.000 \n"}
,{"stream_name":"stdout","time":7995.451195086,"data":"(epoch: 15, iters: 980, time: 0.169, data: 0.004) G_GAN: 11.074 G_LPIPS: 52.373 D_real: 0.000 D_fake: 0.000 \n"}
,{"stream_name":"stdout","time":7995.451200858,"data":"(epoch: 15, iters: 1000, time: 0.168, data: 0.003) G_GAN: 10.494 G_LPIPS: 48.996 D_real: 0.000 D_fake: 0.000 \n"}
,{"stream_name":"stdout","time":7995.451203322,"data":"(epoch: 15, iters: 1020, time: 0.178, data: 0.003) G_GAN: 10.911 G_LPIPS: 47.761 D_real: 0.000 D_fake: 0.000 \n"}
,{"stream_name":"stdout","time":7995.451205639,"data":"(epoch: 15, iters: 1040, time: 0.172, data: 0.004) G_GAN: 10.341 G_LPIPS: 52.094 D_real: 0.000 D_fake: 0.000 \n"}
,{"stream_name":"stdout","time":7995.451207957,"data":"(epoch: 15, iters: 1060, time: 0.170, data: 0.004) G_GAN: 9.907 G_LPIPS: 47.750 D_real: 0.000 D_fake: 0.000 \n"}
,{"stream_name":"stdout","time":7995.451212855,"data":"(epoch: 15, iters: 1080, time: 0.235, data: 0.004) G_GAN: 10.604 G_LPIPS: 47.660 D_real: 0.000 D_fake: 0.000 \n"}
,{"stream_name":"stdout","time":7995.45121528,"data":"(epoch: 15, iters: 1100, time: 0.171, data: 0.004) G_GAN: 10.326 G_LPIPS: 49.232 D_real: 0.000 D_fake: 0.000 \n"}
,{"stream_name":"stdout","time":7995.451217557,"data":"(epoch: 15, iters: 1120, time: 0.166, data: 0.003) G_GAN: 10.810 G_LPIPS: 47.566 D_real: 0.000 D_fake: 0.000 \n"}
,{"stream_name":"stdout","time":7995.451220877,"data":"(epoch: 15, iters: 1140, time: 0.235, data: 0.004) G_GAN: 10.233 G_LPIPS: 49.649 D_real: 0.000 D_fake: 0.000 \n"}
,{"stream_name":"stdout","time":7995.451223314,"data":"(epoch: 15, iters: 1160, time: 0.170, data: 0.003) G_GAN: 9.220 G_LPIPS: 48.369 D_real: 0.000 D_fake: 0.000 \n"}
,{"stream_name":"stdout","time":7995.451225688,"data":"(epoch: 15, iters: 1180, time: 0.169, data: 0.003) G_GAN: 11.548 G_LPIPS: 49.789 D_real: 0.000 D_fake: 0.000 \n"}
,{"stream_name":"stdout","time":7995.451228081,"data":"(epoch: 15, iters: 1200, time: 0.228, data: 0.003) G_GAN: 10.638 G_LPIPS: 45.129 D_real: 0.000 D_fake: 0.000 \n"}
,{"stream_name":"stdout","time":7995.45123036,"data":"(epoch: 15, iters: 1220, time: 0.169, data: 0.003) G_GAN: 11.573 G_LPIPS: 51.722 D_real: 0.000 D_fake: 0.000 \n"}
,{"stream_name":"stdout","time":7995.451232732,"data":"(epoch: 15, iters: 1240, time: 0.168, data: 0.003) G_GAN: 10.728 G_LPIPS: 49.349 D_real: 0.000 D_fake: 0.000 \n"}
,{"stream_name":"stdout","time":7995.451235011,"data":"(epoch: 15, iters: 1260, time: 0.174, data: 0.003) G_GAN: 10.765 G_LPIPS: 46.801 D_real: 0.000 D_fake: 0.000 \n"}
,{"stream_name":"stdout","time":7995.451237307,"data":"(epoch: 15, iters: 1280, time: 0.167, data: 0.003) G_GAN: 11.244 G_LPIPS: 50.678 D_real: 0.000 D_fake: 0.000 \n"}
,{"stream_name":"stdout","time":7995.451240085,"data":"(epoch: 15, iters: 1300, time: 0.169, data: 0.003) G_GAN: 11.110 G_LPIPS: 51.588 D_real: 0.000 D_fake: 0.000 \n"}
,{"stream_name":"stdout","time":7995.451263361,"data":"(epoch: 15, iters: 1320, time: 0.173, data: 0.003) G_GAN: 11.568 G_LPIPS: 51.084 D_real: 0.000 D_fake: 0.000 \n"}
,{"stream_name":"stdout","time":7995.451267462,"data":"(epoch: 15, iters: 1340, time: 0.171, data: 0.003) G_GAN: 8.627 G_LPIPS: 48.759 D_real: 0.000 D_fake: 0.000 \n"}
,{"stream_name":"stdout","time":7995.451271144,"data":"(epoch: 15, iters: 1360, time: 0.168, data: 0.004) G_GAN: 11.502 G_LPIPS: 49.681 D_real: 0.000 D_fake: 0.000 \n"}
,{"stream_name":"stdout","time":7995.451274783,"data":"(epoch: 15, iters: 1380, time: 0.172, data: 0.003) G_GAN: 11.156 G_LPIPS: 53.590 D_real: 0.000 D_fake: 0.000 \n"}
,{"stream_name":"stdout","time":7995.451278227,"data":"(epoch: 15, iters: 1400, time: 0.169, data: 0.003) G_GAN: 11.342 G_LPIPS: 50.138 D_real: 0.000 D_fake: 0.000 \n"}
,{"stream_name":"stdout","time":7995.451281568,"data":"(epoch: 15, iters: 1420, time: 0.180, data: 0.003) G_GAN: 11.272 G_LPIPS: 51.374 D_real: 0.000 D_fake: 0.000 \n"}
,{"stream_name":"stdout","time":7995.451285284,"data":"(epoch: 15, iters: 1440, time: 0.172, data: 0.003) G_GAN: 10.792 G_LPIPS: 50.416 D_real: 0.000 D_fake: 0.000 \n"}
,{"stream_name":"stdout","time":7995.45129328,"data":"(epoch: 15, iters: 1460, time: 0.168, data: 0.003) G_GAN: 10.744 G_LPIPS: 49.377 D_real: 0.000 D_fake: 0.000 \n"}
,{"stream_name":"stdout","time":7995.451298408,"data":"(epoch: 15, iters: 1480, time: 0.169, data: 0.003) G_GAN: 11.249 G_LPIPS: 51.061 D_real: 0.000 D_fake: 0.000 \n"}
,{"stream_name":"stdout","time":7995.451301871,"data":"(epoch: 15, iters: 1500, time: 0.172, data: 0.003) G_GAN: 10.101 G_LPIPS: 46.130 D_real: 0.000 D_fake: 0.000 \n"}
,{"stream_name":"stdout","time":8207.449219665,"data":"(epoch: 15, iters: 1520, time: 0.221, data: 0.003) G_GAN: 10.295 G_LPIPS: 48.193 D_real: 0.000 D_fake: 0.000 \n"}
,{"stream_name":"stdout","time":8207.449282679,"data":"(epoch: 15, iters: 1540, time: 0.171, data: 0.003) G_GAN: 11.158 G_LPIPS: 51.124 D_real: 0.000 D_fake: 0.000 \n"}
,{"stream_name":"stdout","time":8207.449289791,"data":"(epoch: 15, iters: 1560, time: 0.173, data: 0.003) G_GAN: 10.310 G_LPIPS: 49.161 D_real: 0.000 D_fake: 0.000 \n"}
,{"stream_name":"stdout","time":8207.449295005,"data":"(epoch: 15, iters: 1580, time: 0.218, data: 0.004) G_GAN: 10.412 G_LPIPS: 48.329 D_real: 0.000 D_fake: 0.000 \n"}
,{"stream_name":"stdout","time":8207.449305495,"data":"(epoch: 15, iters: 1600, time: 0.177, data: 0.003) G_GAN: 10.759 G_LPIPS: 48.358 D_real: 0.000 D_fake: 0.000 \n"}
,{"stream_name":"stdout","time":8207.449309234,"data":"(epoch: 15, iters: 1620, time: 0.173, data: 0.003) G_GAN: 11.266 G_LPIPS: 51.812 D_real: 0.000 D_fake: 0.000 \n"}
,{"stream_name":"stdout","time":8207.449312598,"data":"(epoch: 15, iters: 1640, time: 0.223, data: 0.004) G_GAN: 8.941 G_LPIPS: 49.365 D_real: 0.000 D_fake: 0.000 \n"}
,{"stream_name":"stdout","time":8207.44931608,"data":"(epoch: 15, iters: 1660, time: 0.171, data: 0.003) G_GAN: 11.386 G_LPIPS: 50.737 D_real: 0.000 D_fake: 0.000 \n"}
,{"stream_name":"stdout","time":8207.449319749,"data":"(epoch: 15, iters: 1680, time: 0.171, data: 0.003) G_GAN: 10.626 G_LPIPS: 46.728 D_real: 0.000 D_fake: 0.000 \n"}
,{"stream_name":"stdout","time":8207.44932293,"data":"(epoch: 15, iters: 1700, time: 0.169, data: 0.003) G_GAN: 7.375 G_LPIPS: 45.077 D_real: 0.000 D_fake: 0.001 \n"}
,{"stream_name":"stdout","time":8207.449326046,"data":"(epoch: 15, iters: 1720, time: 0.172, data: 0.003) G_GAN: 10.900 G_LPIPS: 48.928 D_real: 0.000 D_fake: 0.000 \n"}
,{"stream_name":"stdout","time":8207.44932916,"data":"(epoch: 15, iters: 1740, time: 0.171, data: 0.004) G_GAN: 9.296 G_LPIPS: 45.972 D_real: 0.000 D_fake: 0.000 \n"}
,{"stream_name":"stdout","time":8207.449333062,"data":"(epoch: 15, iters: 1760, time: 0.169, data: 0.004) G_GAN: 11.050 G_LPIPS: 51.273 D_real: 0.000 D_fake: 0.000 \n"}
,{"stream_name":"stdout","time":8207.449363858,"data":"(epoch: 15, iters: 1780, time: 0.169, data: 0.003) G_GAN: 10.802 G_LPIPS: 49.008 D_real: 0.000 D_fake: 0.000 \n"}
,{"stream_name":"stdout","time":8207.44937007,"data":"(epoch: 15, iters: 1800, time: 0.173, data: 0.003) G_GAN: 9.966 G_LPIPS: 46.468 D_real: 0.000 D_fake: 0.000 \n"}
,{"stream_name":"stdout","time":8207.44937547,"data":"(epoch: 15, iters: 1820, time: 0.168, data: 0.004) G_GAN: 10.703 G_LPIPS: 45.446 D_real: 0.000 D_fake: 0.000 \n"}
,{"stream_name":"stdout","time":8207.449380313,"data":"(epoch: 15, iters: 1840, time: 0.167, data: 0.003) G_GAN: 9.998 G_LPIPS: 50.532 D_real: 0.000 D_fake: 0.000 \n"}
,{"stream_name":"stdout","time":8207.449385259,"data":"(epoch: 15, iters: 1860, time: 0.172, data: 0.003) G_GAN: 11.065 G_LPIPS: 48.470 D_real: 0.000 D_fake: 0.000 \n"}
,{"stream_name":"stdout","time":8207.449390131,"data":"(epoch: 15, iters: 1880, time: 0.190, data: 0.004) G_GAN: 10.787 G_LPIPS: 46.775 D_real: 0.000 D_fake: 0.000 \n"}
,{"stream_name":"stdout","time":8207.449394983,"data":"saving the latest model (epoch 15, total_iters 80000)\n"}
,{"stream_name":"stdout","time":8207.449423325,"data":"(epoch: 15, iters: 1900, time: 0.224, data: 0.003) G_GAN: 6.794 G_LPIPS: 41.445 D_real: 0.153 D_fake: 0.000 \n"}
,{"stream_name":"stdout","time":8207.449426999,"data":"(epoch: 15, iters: 1920, time: 0.173, data: 0.003) G_GAN: 7.404 G_LPIPS: 50.828 D_real: 0.000 D_fake: 0.005 \n"}
,{"stream_name":"stdout","time":8207.449429462,"data":"(epoch: 15, iters: 1940, time: 0.171, data: 0.004) G_GAN: 10.500 G_LPIPS: 51.358 D_real: 0.000 D_fake: 0.000 \n"}
,{"stream_name":"stdout","time":8207.449431926,"data":"(epoch: 15, iters: 1960, time: 0.227, data: 0.003) G_GAN: 9.945 G_LPIPS: 48.755 D_real: 0.000 D_fake: 0.000 \n"}
,{"stream_name":"stdout","time":8207.44943447,"data":"(epoch: 15, iters: 1980, time: 0.169, data: 0.003) G_GAN: 9.721 G_LPIPS: 42.565 D_real: 0.000 D_fake: 0.000 \n"}
,{"stream_name":"stdout","time":8207.449451828,"data":"(epoch: 15, iters: 2000, time: 0.174, data: 0.004) G_GAN: 9.701 G_LPIPS: 47.253 D_real: 0.000 D_fake: 0.000 \n"}
,{"stream_name":"stdout","time":8207.449456514,"data":"(epoch: 15, iters: 2020, time: 0.173, data: 0.004) G_GAN: 10.507 G_LPIPS: 50.398 D_real: 0.000 D_fake: 0.000 \n"}
,{"stream_name":"stdout","time":8207.449460376,"data":"(epoch: 15, iters: 2040, time: 0.169, data: 0.003) G_GAN: 10.329 G_LPIPS: 47.621 D_real: 0.000 D_fake: 0.000 \n"}
,{"stream_name":"stdout","time":8207.449465146,"data":"(epoch: 15, iters: 2060, time: 0.172, data: 0.003) G_GAN: 9.810 G_LPIPS: 50.174 D_real: 0.000 D_fake: 0.000 \n"}
,{"stream_name":"stdout","time":8207.44946931,"data":"(epoch: 15, iters: 2080, time: 0.171, data: 0.004) G_GAN: 10.716 G_LPIPS: 46.383 D_real: 0.000 D_fake: 0.000 \n"}
,{"stream_name":"stdout","time":8207.449473374,"data":"(epoch: 15, iters: 2100, time: 0.170, data: 0.003) G_GAN: 9.071 G_LPIPS: 47.986 D_real: 0.000 D_fake: 0.000 \n"}
,{"stream_name":"stdout","time":8207.44947743,"data":"(epoch: 15, iters: 2120, time: 0.173, data: 0.003) G_GAN: 9.499 G_LPIPS: 46.741 D_real: 0.000 D_fake: 0.000 \n"}
,{"stream_name":"stdout","time":8207.449481863,"data":"(epoch: 15, iters: 2140, time: 0.170, data: 0.003) G_GAN: 8.386 G_LPIPS: 49.478 D_real: 0.000 D_fake: 0.000 \n"}
,{"stream_name":"stdout","time":8207.449485049,"data":"(epoch: 15, iters: 2160, time: 0.172, data: 0.003) G_GAN: 10.915 G_LPIPS: 45.895 D_real: 0.000 D_fake: 0.000 \n"}
,{"stream_name":"stdout","time":8207.4494884,"data":"(epoch: 15, iters: 2180, time: 0.172, data: 0.004) G_GAN: 9.239 G_LPIPS: 45.709 D_real: 0.000 D_fake: 0.000 \n"}
,{"stream_name":"stdout","time":8207.449491772,"data":"(epoch: 15, iters: 2200, time: 0.168, data: 0.004) G_GAN: 10.909 G_LPIPS: 53.004 D_real: 0.000 D_fake: 0.000 \n"}
,{"stream_name":"stdout","time":8207.449495294,"data":"(epoch: 15, iters: 2220, time: 0.171, data: 0.003) G_GAN: 10.276 G_LPIPS: 53.532 D_real: 0.000 D_fake: 0.000 \n"}
,{"stream_name":"stdout","time":8207.449498603,"data":"(epoch: 15, iters: 2240, time: 0.172, data: 0.004) G_GAN: 10.508 G_LPIPS: 49.933 D_real: 0.000 D_fake: 0.000 \n"}
,{"stream_name":"stdout","time":8207.449502384,"data":"(epoch: 15, iters: 2260, time: 0.173, data: 0.004) G_GAN: 7.482 G_LPIPS: 46.804 D_real: 0.000 D_fake: 0.001 \n"}
,{"stream_name":"stdout","time":8207.449506036,"data":"(epoch: 15, iters: 2280, time: 0.232, data: 0.003) G_GAN: 9.728 G_LPIPS: 47.870 D_real: 0.000 D_fake: 0.000 \n"}
,{"stream_name":"stdout","time":8207.449509449,"data":"(epoch: 15, iters: 2300, time: 0.171, data: 0.004) G_GAN: 10.623 G_LPIPS: 48.329 D_real: 0.000 D_fake: 0.000 \n"}
,{"stream_name":"stdout","time":8207.449513039,"data":"(epoch: 15, iters: 2320, time: 0.169, data: 0.003) G_GAN: 10.737 G_LPIPS: 49.539 D_real: 0.000 D_fake: 0.000 \n"}
,{"stream_name":"stdout","time":8207.449516462,"data":"(epoch: 15, iters: 2340, time: 0.236, data: 0.004) G_GAN: 10.271 G_LPIPS: 49.026 D_real: 0.000 D_fake: 0.000 \n"}
,{"stream_name":"stdout","time":8207.449524901,"data":"(epoch: 15, iters: 2360, time: 0.169, data: 0.003) G_GAN: 9.347 G_LPIPS: 51.802 D_real: 0.000 D_fake: 0.000 \n"}
,{"stream_name":"stdout","time":8207.449528913,"data":"(epoch: 15, iters: 2380, time: 0.168, data: 0.003) G_GAN: 9.447 G_LPIPS: 49.977 D_real: 0.000 D_fake: 0.001 \n"}
,{"stream_name":"stdout","time":8207.449532412,"data":"(epoch: 15, iters: 2400, time: 0.176, data: 0.003) G_GAN: 10.303 G_LPIPS: 48.943 D_real: 0.000 D_fake: 0.000 \n"}
,{"stream_name":"stdout","time":8207.449536442,"data":"(epoch: 15, iters: 2420, time: 0.172, data: 0.003) G_GAN: 11.131 G_LPIPS: 48.829 D_real: 0.000 D_fake: 0.000 \n"}
,{"stream_name":"stdout","time":8207.449539719,"data":"(epoch: 15, iters: 2440, time: 0.169, data: 0.004) G_GAN: 11.609 G_LPIPS: 46.919 D_real: 0.000 D_fake: 0.000 \n"}
,{"stream_name":"stdout","time":8207.449543327,"data":"(epoch: 15, iters: 2460, time: 0.171, data: 0.004) G_GAN: 10.676 G_LPIPS: 48.985 D_real: 0.000 D_fake: 0.000 \n"}
,{"stream_name":"stdout","time":8207.449547385,"data":"(epoch: 15, iters: 2480, time: 0.173, data: 0.003) G_GAN: 10.012 G_LPIPS: 44.835 D_real: 0.000 D_fake: 0.000 \n"}
,{"stream_name":"stdout","time":8207.449551294,"data":"(epoch: 15, iters: 2500, time: 0.172, data: 0.003) G_GAN: 11.030 G_LPIPS: 47.796 D_real: 0.000 D_fake: 0.000 \n"}
,{"stream_name":"stdout","time":8207.449554827,"data":"(epoch: 15, iters: 2520, time: 0.174, data: 0.004) G_GAN: 10.672 G_LPIPS: 48.144 D_real: 0.000 D_fake: 0.000 \n"}
,{"stream_name":"stdout","time":8207.44955887,"data":"(epoch: 15, iters: 2540, time: 0.170, data: 0.003) G_GAN: 10.090 G_LPIPS: 49.400 D_real: 0.000 D_fake: 0.000 \n"}
,{"stream_name":"stdout","time":8207.44956244,"data":"(epoch: 15, iters: 2560, time: 0.169, data: 0.003) G_GAN: 9.675 G_LPIPS: 46.114 D_real: 0.000 D_fake: 0.000 \n"}
,{"stream_name":"stdout","time":8207.449566398,"data":"(epoch: 15, iters: 2580, time: 0.172, data: 0.003) G_GAN: 11.006 G_LPIPS: 52.701 D_real: 0.000 D_fake: 0.000 \n"}
,{"stream_name":"stdout","time":8207.44956979,"data":"(epoch: 15, iters: 2600, time: 0.223, data: 0.003) G_GAN: 11.158 G_LPIPS: 52.823 D_real: 0.000 D_fake: 0.000 \n"}
,{"stream_name":"stdout","time":8207.449573411,"data":"(epoch: 15, iters: 2620, time: 0.174, data: 0.004) G_GAN: 11.372 G_LPIPS: 53.926 D_real: 0.000 D_fake: 0.000 \n"}
,{"stream_name":"stdout","time":8207.449577645,"data":"(epoch: 15, iters: 2640, time: 0.172, data: 0.004) G_GAN: 10.166 G_LPIPS: 48.669 D_real: 0.000 D_fake: 0.000 \n"}
,{"stream_name":"stdout","time":8207.449581689,"data":"(epoch: 15, iters: 2660, time: 0.221, data: 0.004) G_GAN: 10.621 G_LPIPS: 49.442 D_real: 0.000 D_fake: 0.000 \n"}
,{"stream_name":"stdout","time":8207.449585744,"data":"(epoch: 15, iters: 2680, time: 0.169, data: 0.003) G_GAN: 11.167 G_LPIPS: 51.319 D_real: 0.000 D_fake: 0.000 \n"}
,{"stream_name":"stdout","time":8207.449589531,"data":"(epoch: 15, iters: 2700, time: 0.172, data: 0.003) G_GAN: 10.588 G_LPIPS: 52.472 D_real: 0.000 D_fake: 0.000 \n"}
,{"stream_name":"stdout","time":8207.449593634,"data":"(epoch: 15, iters: 2720, time: 0.171, data: 0.004) G_GAN: 10.870 G_LPIPS: 45.799 D_real: 0.000 D_fake: 0.000 \n"}
,{"stream_name":"stdout","time":8207.449597673,"data":"(epoch: 15, iters: 2740, time: 0.169, data: 0.003) G_GAN: 11.128 G_LPIPS: 43.305 D_real: 0.000 D_fake: 0.000 \n"}
,{"stream_name":"stdout","time":8207.449601291,"data":"(epoch: 15, iters: 2760, time: 0.171, data: 0.003) G_GAN: 10.049 G_LPIPS: 44.505 D_real: 0.000 D_fake: 0.000 \n"}
,{"stream_name":"stdout","time":8207.449605295,"data":"(epoch: 15, iters: 2780, time: 0.168, data: 0.004) G_GAN: 10.765 G_LPIPS: 48.798 D_real: 0.000 D_fake: 0.000 \n"}
,{"stream_name":"stdout","time":8207.449609324,"data":"(epoch: 15, iters: 2800, time: 0.174, data: 0.004) G_GAN: 10.752 G_LPIPS: 48.070 D_real: 0.000 D_fake: 0.000 \n"}
,{"stream_name":"stdout","time":8207.449617398,"data":"(epoch: 15, iters: 2820, time: 0.173, data: 0.004) G_GAN: 11.194 G_LPIPS: 49.042 D_real: 0.000 D_fake: 0.000 \n"}
,{"stream_name":"stdout","time":8207.449621206,"data":"(epoch: 15, iters: 2840, time: 0.170, data: 0.004) G_GAN: 11.264 G_LPIPS: 49.068 D_real: 0.000 D_fake: 0.000 \n"}
,{"stream_name":"stdout","time":8207.449624981,"data":"(epoch: 15, iters: 2860, time: 0.171, data: 0.003) G_GAN: 11.263 G_LPIPS: 48.948 D_real: 0.000 D_fake: 0.000 \n"}
,{"stream_name":"stdout","time":8207.449628711,"data":"(epoch: 15, iters: 2880, time: 0.173, data: 0.004) G_GAN: 11.176 G_LPIPS: 48.178 D_real: 0.000 D_fake: 0.000 \n"}
,{"stream_name":"stdout","time":8207.449632466,"data":"(epoch: 15, iters: 2900, time: 0.168, data: 0.003) G_GAN: 10.738 G_LPIPS: 46.591 D_real: 0.000 D_fake: 0.000 \n"}
,{"stream_name":"stdout","time":8207.44963628,"data":"(epoch: 15, iters: 2920, time: 0.235, data: 0.003) G_GAN: 11.452 G_LPIPS: 49.750 D_real: 0.000 D_fake: 0.000 \n"}
,{"stream_name":"stdout","time":8207.449640086,"data":"(epoch: 15, iters: 2940, time: 0.172, data: 0.003) G_GAN: 10.471 G_LPIPS: 47.619 D_real: 0.000 D_fake: 0.000 \n"}
,{"stream_name":"stdout","time":8207.449643768,"data":"(epoch: 15, iters: 2960, time: 0.170, data: 0.003) G_GAN: 10.914 G_LPIPS: 44.125 D_real: 0.000 D_fake: 0.000 \n"}
,{"stream_name":"stdout","time":8207.449647516,"data":"(epoch: 15, iters: 2980, time: 0.176, data: 0.003) G_GAN: 9.741 G_LPIPS: 46.056 D_real: 0.000 D_fake: 0.000 \n"}
,{"stream_name":"stdout","time":8207.449651204,"data":"(epoch: 15, iters: 3000, time: 0.171, data: 0.003) G_GAN: 11.562 G_LPIPS: 50.821 D_real: 0.000 D_fake: 0.000 \n"}
,{"stream_name":"stdout","time":8420.975677759,"data":"(epoch: 15, iters: 3020, time: 0.171, data: 0.003) G_GAN: 11.211 G_LPIPS: 48.607 D_real: 0.000 D_fake: 0.000 \n"}
,{"stream_name":"stdout","time":8420.975723698,"data":"(epoch: 15, iters: 3040, time: 0.172, data: 0.003) G_GAN: 10.623 G_LPIPS: 49.431 D_real: 0.000 D_fake: 0.000 \n"}
,{"stream_name":"stdout","time":8420.975732026,"data":"(epoch: 15, iters: 3060, time: 0.223, data: 0.003) G_GAN: 11.355 G_LPIPS: 48.894 D_real: 0.000 D_fake: 0.000 \n"}
,{"stream_name":"stdout","time":8420.975737454,"data":"(epoch: 15, iters: 3080, time: 0.175, data: 0.003) G_GAN: 11.250 G_LPIPS: 49.439 D_real: 0.000 D_fake: 0.000 \n"}
,{"stream_name":"stdout","time":8420.975742702,"data":"(epoch: 15, iters: 3100, time: 0.172, data: 0.003) G_GAN: 10.784 G_LPIPS: 50.915 D_real: 0.000 D_fake: 0.000 \n"}
,{"stream_name":"stdout","time":8420.975748018,"data":"(epoch: 15, iters: 3120, time: 0.168, data: 0.004) G_GAN: 11.283 G_LPIPS: 50.292 D_real: 0.000 D_fake: 0.000 \n"}
,{"stream_name":"stdout","time":8420.975753153,"data":"(epoch: 15, iters: 3140, time: 0.174, data: 0.003) G_GAN: 11.378 G_LPIPS: 45.577 D_real: 0.000 D_fake: 0.000 \n"}
,{"stream_name":"stdout","time":8420.975758376,"data":"(epoch: 15, iters: 3160, time: 0.173, data: 0.003) G_GAN: 10.777 G_LPIPS: 49.677 D_real: 0.000 D_fake: 0.000 \n"}
,{"stream_name":"stdout","time":8420.975763468,"data":"(epoch: 15, iters: 3180, time: 0.170, data: 0.003) G_GAN: 11.327 G_LPIPS: 49.320 D_real: 0.000 D_fake: 0.000 \n"}
,{"stream_name":"stdout","time":8420.975768617,"data":"(epoch: 15, iters: 3200, time: 0.174, data: 0.003) G_GAN: 11.626 G_LPIPS: 52.918 D_real: 0.000 D_fake: 0.000 \n"}
,{"stream_name":"stdout","time":8420.97577392,"data":"(epoch: 15, iters: 3220, time: 0.170, data: 0.003) G_GAN: 11.533 G_LPIPS: 50.334 D_real: 0.000 D_fake: 0.000 \n"}
,{"stream_name":"stdout","time":8420.975779046,"data":"(epoch: 15, iters: 3240, time: 0.175, data: 0.004) G_GAN: 11.338 G_LPIPS: 52.385 D_real: 0.000 D_fake: 0.000 \n"}
,{"stream_name":"stdout","time":8420.975784271,"data":"(epoch: 15, iters: 3260, time: 0.249, data: 0.003) G_GAN: 10.608 G_LPIPS: 49.860 D_real: 0.000 D_fake: 0.000 \n"}
,{"stream_name":"stdout","time":8420.975825842,"data":"(epoch: 15, iters: 3280, time: 0.173, data: 0.004) G_GAN: 10.400 G_LPIPS: 48.500 D_real: 0.000 D_fake: 0.000 \n"}
,{"stream_name":"stdout","time":8420.975832014,"data":"(epoch: 15, iters: 3300, time: 0.172, data: 0.004) G_GAN: 11.240 G_LPIPS: 47.505 D_real: 0.000 D_fake: 0.000 \n"}
,{"stream_name":"stdout","time":8420.975836969,"data":"(epoch: 15, iters: 3320, time: 0.173, data: 0.004) G_GAN: 11.522 G_LPIPS: 51.088 D_real: 0.000 D_fake: 0.000 \n"}
,{"stream_name":"stdout","time":8420.975841138,"data":"(epoch: 15, iters: 3340, time: 0.171, data: 0.003) G_GAN: 10.914 G_LPIPS: 51.550 D_real: 0.000 D_fake: 0.000 \n"}
,{"stream_name":"stdout","time":8420.975845123,"data":"(epoch: 15, iters: 3360, time: 0.174, data: 0.003) G_GAN: 11.189 G_LPIPS: 47.132 D_real: 0.000 D_fake: 0.000 \n"}
,{"stream_name":"stdout","time":8420.975849206,"data":"(epoch: 15, iters: 3380, time: 0.173, data: 0.004) G_GAN: 10.904 G_LPIPS: 46.902 D_real: 0.000 D_fake: 0.000 \n"}
,{"stream_name":"stdout","time":8420.975854778,"data":"(epoch: 15, iters: 3400, time: 0.240, data: 0.003) G_GAN: 11.092 G_LPIPS: 50.861 D_real: 0.000 D_fake: 0.000 \n"}
,{"stream_name":"stdout","time":8420.975858908,"data":"(epoch: 15, iters: 3420, time: 0.172, data: 0.003) G_GAN: 10.915 G_LPIPS: 45.202 D_real: 0.000 D_fake: 0.000 \n"}
,{"stream_name":"stdout","time":8420.97586297,"data":"(epoch: 15, iters: 3440, time: 0.172, data: 0.004) G_GAN: 11.183 G_LPIPS: 50.743 D_real: 0.000 D_fake: 0.000 \n"}
,{"stream_name":"stdout","time":8420.975867007,"data":"(epoch: 15, iters: 3460, time: 0.223, data: 0.003) G_GAN: 11.274 G_LPIPS: 49.228 D_real: 0.000 D_fake: 0.000 \n"}
,{"stream_name":"stdout","time":8420.975871076,"data":"(epoch: 15, iters: 3480, time: 0.175, data: 0.003) G_GAN: 11.340 G_LPIPS: 49.163 D_real: 0.000 D_fake: 0.000 \n"}
,{"stream_name":"stdout","time":8420.975875088,"data":"(epoch: 15, iters: 3500, time: 0.173, data: 0.004) G_GAN: 11.274 G_LPIPS: 48.091 D_real: 0.000 D_fake: 0.000 \n"}
,{"stream_name":"stdout","time":8420.97587919,"data":"(epoch: 15, iters: 3520, time: 0.171, data: 0.003) G_GAN: 11.207 G_LPIPS: 50.912 D_real: 0.000 D_fake: 0.000 \n"}
,{"stream_name":"stdout","time":8420.975883278,"data":"(epoch: 15, iters: 3540, time: 0.182, data: 0.003) G_GAN: 11.158 G_LPIPS: 53.197 D_real: 0.000 D_fake: 0.000 \n"}
,{"stream_name":"stdout","time":8420.975887342,"data":"(epoch: 15, iters: 3560, time: 0.175, data: 0.003) G_GAN: 10.822 G_LPIPS: 48.461 D_real: 0.000 D_fake: 0.000 \n"}
,{"stream_name":"stdout","time":8420.975891405,"data":"(epoch: 15, iters: 3580, time: 0.168, data: 0.003) G_GAN: 11.780 G_LPIPS: 53.774 D_real: 0.000 D_fake: 0.000 \n"}
,{"stream_name":"stdout","time":8420.975900868,"data":"(epoch: 15, iters: 3600, time: 0.236, data: 0.004) G_GAN: 11.130 G_LPIPS: 47.751 D_real: 0.000 D_fake: 0.000 \n"}
,{"stream_name":"stdout","time":8420.975916138,"data":"(epoch: 15, iters: 3620, time: 0.170, data: 0.003) G_GAN: 10.860 G_LPIPS: 50.797 D_real: 0.000 D_fake: 0.000 \n"}
,{"stream_name":"stdout","time":8420.975920758,"data":"(epoch: 15, iters: 3640, time: 0.172, data: 0.003) G_GAN: 11.564 G_LPIPS: 48.955 D_real: 0.000 D_fake: 0.000 \n"}
,{"stream_name":"stdout","time":8420.975925598,"data":"(epoch: 15, iters: 3660, time: 0.171, data: 0.003) G_GAN: 11.707 G_LPIPS: 57.001 D_real: 0.000 D_fake: 0.000 \n"}
,{"stream_name":"stdout","time":8420.975930356,"data":"(epoch: 15, iters: 3680, time: 0.178, data: 0.003) G_GAN: 10.828 G_LPIPS: 50.393 D_real: 0.000 D_fake: 0.000 \n"}
,{"stream_name":"stdout","time":8420.975936286,"data":"(epoch: 15, iters: 3700, time: 0.173, data: 0.003) G_GAN: 10.815 G_LPIPS: 49.117 D_real: 0.000 D_fake: 0.000 \n"}
,{"stream_name":"stdout","time":8420.97594584,"data":"(epoch: 15, iters: 3720, time: 0.173, data: 0.003) G_GAN: 11.023 G_LPIPS: 51.298 D_real: 0.000 D_fake: 0.000 \n"}
,{"stream_name":"stdout","time":8420.975950436,"data":"(epoch: 15, iters: 3740, time: 0.228, data: 0.003) G_GAN: 9.989 G_LPIPS: 49.240 D_real: 0.000 D_fake: 0.000 \n"}
,{"stream_name":"stdout","time":8420.975954441,"data":"(epoch: 15, iters: 3760, time: 0.176, data: 0.003) G_GAN: 11.005 G_LPIPS: 51.187 D_real: 0.000 D_fake: 0.000 \n"}
,{"stream_name":"stdout","time":8420.975958841,"data":"(epoch: 15, iters: 3780, time: 0.173, data: 0.003) G_GAN: 11.095 G_LPIPS: 50.618 D_real: 0.000 D_fake: 0.000 \n"}
,{"stream_name":"stdout","time":8420.975962946,"data":"(epoch: 15, iters: 3800, time: 0.172, data: 0.003) G_GAN: 7.873 G_LPIPS: 41.080 D_real: 0.001 D_fake: 0.002 \n"}
,{"stream_name":"stdout","time":8420.975966946,"data":"(epoch: 15, iters: 3820, time: 0.179, data: 0.004) G_GAN: 11.247 G_LPIPS: 49.449 D_real: 0.000 D_fake: 0.000 \n"}
,{"stream_name":"stdout","time":8420.975970904,"data":"(epoch: 15, iters: 3840, time: 0.172, data: 0.003) G_GAN: 11.055 G_LPIPS: 43.971 D_real: 0.000 D_fake: 0.000 \n"}
,{"stream_name":"stdout","time":8420.975975036,"data":"(epoch: 15, iters: 3860, time: 0.169, data: 0.003) G_GAN: 11.072 G_LPIPS: 47.307 D_real: 0.000 D_fake: 0.000 \n"}
,{"stream_name":"stdout","time":8420.975979026,"data":"(epoch: 15, iters: 3880, time: 0.197, data: 0.003) G_GAN: 10.991 G_LPIPS: 53.677 D_real: 0.000 D_fake: 0.000 \n"}
,{"stream_name":"stdout","time":8420.975983013,"data":"(epoch: 15, iters: 3900, time: 0.173, data: 0.003) G_GAN: 9.283 G_LPIPS: 51.470 D_real: 0.000 D_fake: 0.000 \n"}
,{"stream_name":"stdout","time":8420.975987036,"data":"(epoch: 15, iters: 3920, time: 0.175, data: 0.003) G_GAN: 11.225 G_LPIPS: 48.684 D_real: 0.000 D_fake: 0.000 \n"}
,{"stream_name":"stdout","time":8420.975991056,"data":"(epoch: 15, iters: 3940, time: 0.234, data: 0.003) G_GAN: 9.601 G_LPIPS: 48.066 D_real: 0.000 D_fake: 0.000 \n"}
,{"stream_name":"stdout","time":8420.97599703,"data":"(epoch: 15, iters: 3960, time: 0.175, data: 0.003) G_GAN: 9.995 G_LPIPS: 47.680 D_real: 0.000 D_fake: 0.000 \n"}
,{"stream_name":"stdout","time":8420.976004198,"data":"(epoch: 15, iters: 3980, time: 0.176, data: 0.003) G_GAN: 11.369 G_LPIPS: 48.697 D_real: 0.000 D_fake: 0.000 \n"}
,{"stream_name":"stdout","time":8420.976020206,"data":"(epoch: 15, iters: 4000, time: 0.171, data: 0.004) G_GAN: 11.424 G_LPIPS: 54.576 D_real: 0.000 D_fake: 0.000 \n"}
,{"stream_name":"stdout","time":8420.976025316,"data":"(epoch: 15, iters: 4020, time: 0.170, data: 0.003) G_GAN: 11.076 G_LPIPS: 48.778 D_real: 0.000 D_fake: 0.000 \n"}
,{"stream_name":"stdout","time":8420.976030078,"data":"(epoch: 15, iters: 4040, time: 0.181, data: 0.003) G_GAN: 10.905 G_LPIPS: 48.399 D_real: 0.000 D_fake: 0.000 \n"}
,{"stream_name":"stdout","time":8420.976034758,"data":"(epoch: 15, iters: 4060, time: 0.172, data: 0.004) G_GAN: 10.853 G_LPIPS: 50.358 D_real: 0.000 D_fake: 0.000 \n"}
,{"stream_name":"stdout","time":8420.976039191,"data":"(epoch: 15, iters: 4080, time: 0.231, data: 0.003) G_GAN: 9.916 G_LPIPS: 45.648 D_real: 0.000 D_fake: 0.000 \n"}
,{"stream_name":"stdout","time":8420.976043182,"data":"(epoch: 15, iters: 4100, time: 0.175, data: 0.004) G_GAN: 10.554 G_LPIPS: 44.418 D_real: 0.001 D_fake: 0.000 \n"}
,{"stream_name":"stdout","time":8420.976047241,"data":"(epoch: 15, iters: 4120, time: 0.170, data: 0.004) G_GAN: 10.130 G_LPIPS: 49.149 D_real: 0.000 D_fake: 0.000 \n"}
,{"stream_name":"stdout","time":8420.976052568,"data":"(epoch: 15, iters: 4140, time: 0.176, data: 0.003) G_GAN: 0.573 G_LPIPS: 45.647 D_real: 0.000 D_fake: 0.009 \n"}
,{"stream_name":"stdout","time":8420.976057233,"data":"(epoch: 15, iters: 4160, time: 0.177, data: 0.004) G_GAN: 11.168 G_LPIPS: 51.584 D_real: 0.000 D_fake: 0.000 \n"}
,{"stream_name":"stdout","time":8420.976066208,"data":"(epoch: 15, iters: 4180, time: 0.171, data: 0.003) G_GAN: 8.738 G_LPIPS: 47.711 D_real: 0.002 D_fake: 0.001 \n"}
,{"stream_name":"stdout","time":8420.976070947,"data":"(epoch: 15, iters: 4200, time: 0.175, data: 0.003) G_GAN: 9.185 G_LPIPS: 49.026 D_real: 0.000 D_fake: 0.000 \n"}
,{"stream_name":"stdout","time":8420.976074676,"data":"(epoch: 15, iters: 4220, time: 0.228, data: 0.004) G_GAN: 12.190 G_LPIPS: 51.657 D_real: 0.000 D_fake: 0.000 \n"}
,{"stream_name":"stdout","time":8420.976078401,"data":"(epoch: 15, iters: 4240, time: 0.174, data: 0.003) G_GAN: 10.492 G_LPIPS: 50.719 D_real: 0.000 D_fake: 0.000 \n"}
,{"stream_name":"stdout","time":8420.976082343,"data":"(epoch: 15, iters: 4260, time: 0.174, data: 0.004) G_GAN: 6.682 G_LPIPS: 44.433 D_real: 0.001 D_fake: 0.005 \n"}
,{"stream_name":"stdout","time":8420.976086491,"data":"(epoch: 15, iters: 4280, time: 0.227, data: 0.004) G_GAN: 7.896 G_LPIPS: 48.422 D_real: 0.000 D_fake: 0.001 \n"}
,{"stream_name":"stdout","time":8420.976090975,"data":"(epoch: 15, iters: 4300, time: 0.169, data: 0.003) G_GAN: 10.563 G_LPIPS: 47.118 D_real: 0.000 D_fake: 0.000 \n"}
,{"stream_name":"stdout","time":8420.976120869,"data":"(epoch: 15, iters: 4320, time: 0.174, data: 0.004) G_GAN: 11.424 G_LPIPS: 50.955 D_real: 0.000 D_fake: 0.000 \n"}
,{"stream_name":"stdout","time":8420.976125666,"data":"(epoch: 15, iters: 4340, time: 0.172, data: 0.003) G_GAN: 7.939 G_LPIPS: 45.231 D_real: 0.002 D_fake: 0.001 \n"}
,{"stream_name":"stdout","time":8420.976130371,"data":"(epoch: 15, iters: 4360, time: 0.175, data: 0.003) G_GAN: 7.813 G_LPIPS: 47.266 D_real: 0.000 D_fake: 0.001 \n"}
,{"stream_name":"stdout","time":8420.976134988,"data":"(epoch: 15, iters: 4380, time: 0.176, data: 0.004) G_GAN: 10.185 G_LPIPS: 45.837 D_real: 0.002 D_fake: 0.000 \n"}
,{"stream_name":"stdout","time":8420.976139688,"data":"(epoch: 15, iters: 4400, time: 0.172, data: 0.003) G_GAN: 11.460 G_LPIPS: 49.371 D_real: 0.001 D_fake: 0.000 \n"}
,{"stream_name":"stdout","time":8420.976143676,"data":"(epoch: 15, iters: 4420, time: 0.237, data: 0.004) G_GAN: 8.971 G_LPIPS: 47.040 D_real: 0.000 D_fake: 0.000 \n"}
,{"stream_name":"stdout","time":8420.976147193,"data":"(epoch: 15, iters: 4440, time: 0.174, data: 0.004) G_GAN: 11.961 G_LPIPS: 53.283 D_real: 0.000 D_fake: 0.000 \n"}
,{"stream_name":"stdout","time":8420.976151137,"data":"(epoch: 15, iters: 4460, time: 0.169, data: 0.003) G_GAN: 10.626 G_LPIPS: 51.623 D_real: 0.000 D_fake: 0.000 \n"}
,{"stream_name":"stdout","time":8420.976154779,"data":"(epoch: 15, iters: 4480, time: 0.175, data: 0.003) G_GAN: 11.995 G_LPIPS: 52.803 D_real: 0.000 D_fake: 0.000 \n"}
,{"stream_name":"stdout","time":8420.976158533,"data":"(epoch: 15, iters: 4500, time: 0.173, data: 0.003) G_GAN: 11.667 G_LPIPS: 55.252 D_real: 0.000 D_fake: 0.000 \n"}
,{"stream_name":"stdout","time":8574.217324418,"data":"(epoch: 15, iters: 4520, time: 0.175, data: 0.003) G_GAN: 10.704 G_LPIPS: 47.298 D_real: 0.000 D_fake: 0.000 \n"}
,{"stream_name":"stdout","time":8574.217367376,"data":"(epoch: 15, iters: 4540, time: 0.173, data: 0.005) G_GAN: 11.841 G_LPIPS: 51.228 D_real: 0.000 D_fake: 0.000 \n"}
,{"stream_name":"stdout","time":8574.217373356,"data":"(epoch: 15, iters: 4560, time: 0.224, data: 0.003) G_GAN: 7.381 G_LPIPS: 51.169 D_real: 0.000 D_fake: 0.001 \n"}
,{"stream_name":"stdout","time":8574.217378322,"data":"(epoch: 15, iters: 4580, time: 0.174, data: 0.004) G_GAN: 7.179 G_LPIPS: 43.609 D_real: 0.002 D_fake: 0.001 \n"}
,{"stream_name":"stdout","time":8574.217383141,"data":"(epoch: 15, iters: 4600, time: 0.174, data: 0.003) G_GAN: 11.103 G_LPIPS: 53.360 D_real: 0.000 D_fake: 0.000 \n"}
,{"stream_name":"stdout","time":8574.217388159,"data":"(epoch: 15, iters: 4620, time: 0.169, data: 0.003) G_GAN: 11.810 G_LPIPS: 49.040 D_real: 0.000 D_fake: 0.000 \n"}
,{"stream_name":"stdout","time":8574.217400204,"data":"(epoch: 15, iters: 4640, time: 0.175, data: 0.003) G_GAN: 11.456 G_LPIPS: 53.210 D_real: 0.000 D_fake: 0.000 \n"}
,{"stream_name":"stdout","time":8574.217404101,"data":"(epoch: 15, iters: 4660, time: 0.173, data: 0.004) G_GAN: 11.349 G_LPIPS: 52.686 D_real: 0.000 D_fake: 0.000 \n"}
,{"stream_name":"stdout","time":8574.217407829,"data":"(epoch: 15, iters: 4680, time: 0.177, data: 0.004) G_GAN: 9.967 G_LPIPS: 45.280 D_real: 0.001 D_fake: 0.001 \n"}
,{"stream_name":"stdout","time":8574.217411444,"data":"(epoch: 15, iters: 4700, time: 0.177, data: 0.003) G_GAN: 12.011 G_LPIPS: 50.384 D_real: 0.000 D_fake: 0.000 \n"}
,{"stream_name":"stdout","time":8574.217415079,"data":"(epoch: 15, iters: 4720, time: 0.169, data: 0.004) G_GAN: 10.380 G_LPIPS: 47.939 D_real: 0.000 D_fake: 0.000 \n"}
,{"stream_name":"stdout","time":8574.217418877,"data":"(epoch: 15, iters: 4740, time: 0.168, data: 0.003) G_GAN: 10.900 G_LPIPS: 49.272 D_real: 0.000 D_fake: 0.000 \n"}
,{"stream_name":"stdout","time":8574.217422515,"data":"(epoch: 15, iters: 4760, time: 0.237, data: 0.003) G_GAN: 8.917 G_LPIPS: 48.146 D_real: 0.000 D_fake: 0.000 \n"}
,{"stream_name":"stdout","time":8574.217426269,"data":"(epoch: 15, iters: 4780, time: 0.171, data: 0.004) G_GAN: 12.042 G_LPIPS: 51.191 D_real: 0.000 D_fake: 0.000 \n"}
,{"stream_name":"stdout","time":8574.217430036,"data":"(epoch: 15, iters: 4800, time: 0.181, data: 0.003) G_GAN: 8.673 G_LPIPS: 49.019 D_real: 0.000 D_fake: 0.000 \n"}
,{"stream_name":"stdout","time":8574.217433832,"data":"(epoch: 15, iters: 4820, time: 0.178, data: 0.003) G_GAN: 11.753 G_LPIPS: 49.995 D_real: 0.000 D_fake: 0.000 \n"}
,{"stream_name":"stdout","time":8574.217437733,"data":"(epoch: 15, iters: 4840, time: 0.173, data: 0.004) G_GAN: 8.957 G_LPIPS: 49.029 D_real: 0.000 D_fake: 0.000 \n"}
,{"stream_name":"stdout","time":8574.217441353,"data":"(epoch: 15, iters: 4860, time: 0.173, data: 0.003) G_GAN: 7.877 G_LPIPS: 48.510 D_real: 0.000 D_fake: 0.001 \n"}
,{"stream_name":"stdout","time":8574.21744505,"data":"(epoch: 15, iters: 4880, time: 0.173, data: 0.004) G_GAN: 9.773 G_LPIPS: 48.920 D_real: 0.000 D_fake: 0.000 \n"}
,{"stream_name":"stdout","time":8574.217449898,"data":"(epoch: 15, iters: 4900, time: 0.237, data: 0.003) G_GAN: 10.845 G_LPIPS: 47.916 D_real: 0.000 D_fake: 0.000 \n"}
,{"stream_name":"stdout","time":8574.217453708,"data":"(epoch: 15, iters: 4920, time: 0.174, data: 0.003) G_GAN: 9.264 G_LPIPS: 47.960 D_real: 0.000 D_fake: 0.000 \n"}
,{"stream_name":"stdout","time":8574.217457463,"data":"(epoch: 15, iters: 4940, time: 0.173, data: 0.004) G_GAN: 8.898 G_LPIPS: 49.512 D_real: 0.000 D_fake: 0.000 \n"}
,{"stream_name":"stdout","time":8574.217461293,"data":"(epoch: 15, iters: 4960, time: 0.175, data: 0.003) G_GAN: 11.829 G_LPIPS: 52.183 D_real: 0.000 D_fake: 0.000 \n"}
,{"stream_name":"stdout","time":8574.217465058,"data":"(epoch: 15, iters: 4980, time: 0.171, data: 0.003) G_GAN: 11.268 G_LPIPS: 52.264 D_real: 0.000 D_fake: 0.000 \n"}
,{"stream_name":"stdout","time":8574.217468973,"data":"(epoch: 15, iters: 5000, time: 0.174, data: 0.003) G_GAN: 8.851 G_LPIPS: 46.929 D_real: 0.000 D_fake: 0.000 \n"}
,{"stream_name":"stdout","time":8574.217472554,"data":"(epoch: 15, iters: 5020, time: 0.177, data: 0.003) G_GAN: 8.449 G_LPIPS: 46.267 D_real: 0.000 D_fake: 0.000 \n"}
,{"stream_name":"stdout","time":8574.217476311,"data":"(epoch: 15, iters: 5040, time: 0.226, data: 0.003) G_GAN: 9.453 G_LPIPS: 43.030 D_real: 0.004 D_fake: 0.000 \n"}
,{"stream_name":"stdout","time":8574.21747993,"data":"(epoch: 15, iters: 5060, time: 0.170, data: 0.004) G_GAN: 10.179 G_LPIPS: 48.134 D_real: 0.000 D_fake: 0.000 \n"}
,{"stream_name":"stdout","time":8574.217483706,"data":"(epoch: 15, iters: 5080, time: 0.176, data: 0.004) G_GAN: 10.732 G_LPIPS: 49.153 D_real: 0.000 D_fake: 0.000 \n"}
,{"stream_name":"stdout","time":8574.217490247,"data":"(epoch: 15, iters: 5100, time: 0.174, data: 0.003) G_GAN: 8.578 G_LPIPS: 46.261 D_real: 0.001 D_fake: 0.000 \n"}
,{"stream_name":"stdout","time":8574.217494061,"data":"(epoch: 15, iters: 5120, time: 0.176, data: 0.003) G_GAN: 11.646 G_LPIPS: 50.809 D_real: 0.000 D_fake: 0.000 \n"}
,{"stream_name":"stdout","time":8574.217497864,"data":"(epoch: 15, iters: 5140, time: 0.175, data: 0.003) G_GAN: 11.039 G_LPIPS: 52.366 D_real: 0.000 D_fake: 0.000 \n"}
,{"stream_name":"stdout","time":8574.217501719,"data":"(epoch: 15, iters: 5160, time: 0.173, data: 0.004) G_GAN: 9.446 G_LPIPS: 52.290 D_real: 0.000 D_fake: 0.000 \n"}
,{"stream_name":"stdout","time":8574.217505596,"data":"(epoch: 15, iters: 5180, time: 0.239, data: 0.004) G_GAN: 7.377 G_LPIPS: 47.876 D_real: 0.000 D_fake: 0.001 \n"}
,{"stream_name":"stdout","time":8574.217510169,"data":"(epoch: 15, iters: 5200, time: 0.175, data: 0.004) G_GAN: 11.946 G_LPIPS: 47.519 D_real: 0.000 D_fake: 0.000 \n"}
,{"stream_name":"stdout","time":8574.217513758,"data":"(epoch: 15, iters: 5220, time: 0.181, data: 0.004) G_GAN: 11.964 G_LPIPS: 52.506 D_real: 0.000 D_fake: 0.000 \n"}
,{"stream_name":"stdout","time":8574.217517661,"data":"(epoch: 15, iters: 5240, time: 0.177, data: 0.004) G_GAN: 8.162 G_LPIPS: 53.076 D_real: 0.000 D_fake: 0.000 \n"}
,{"stream_name":"stdout","time":8574.217521402,"data":"(epoch: 15, iters: 5260, time: 0.178, data: 0.004) G_GAN: 7.209 G_LPIPS: 46.371 D_real: 0.000 D_fake: 0.001 \n"}
,{"stream_name":"stdout","time":8574.217525713,"data":"(epoch: 15, iters: 5280, time: 0.171, data: 0.004) G_GAN: 12.023 G_LPIPS: 52.125 D_real: 0.000 D_fake: 0.000 \n"}
,{"stream_name":"stdout","time":8574.217529595,"data":"(epoch: 15, iters: 5300, time: 0.173, data: 0.003) G_GAN: 8.885 G_LPIPS: 46.275 D_real: 0.000 D_fake: 0.000 \n"}
,{"stream_name":"stdout","time":8574.217533491,"data":"(epoch: 15, iters: 5320, time: 0.240, data: 0.003) G_GAN: 10.531 G_LPIPS: 47.498 D_real: 0.000 D_fake: 0.000 \n"}
,{"stream_name":"stdout","time":8574.217537261,"data":"(epoch: 15, iters: 5340, time: 0.174, data: 0.003) G_GAN: 8.853 G_LPIPS: 46.142 D_real: 0.000 D_fake: 0.000 \n"}
,{"stream_name":"stdout","time":8574.217541452,"data":"(epoch: 15, iters: 5360, time: 0.180, data: 0.003) G_GAN: 11.087 G_LPIPS: 51.181 D_real: 0.000 D_fake: 0.000 \n"}
,{"stream_name":"stdout","time":8574.217545399,"data":"(epoch: 15, iters: 5380, time: 0.174, data: 0.004) G_GAN: 11.093 G_LPIPS: 48.209 D_real: 0.000 D_fake: 0.000 \n"}
,{"stream_name":"stdout","time":8574.217549235,"data":"(epoch: 15, iters: 5400, time: 0.173, data: 0.003) G_GAN: 11.525 G_LPIPS: 47.857 D_real: 0.000 D_fake: 0.000 \n"}
,{"stream_name":"stdout","time":8574.217553218,"data":"(epoch: 15, iters: 5420, time: 0.175, data: 0.003) G_GAN: 7.467 G_LPIPS: 45.572 D_real: 0.004 D_fake: 0.001 \n"}
,{"stream_name":"stdout","time":8574.217557342,"data":"(epoch: 15, iters: 5440, time: 0.176, data: 0.004) G_GAN: 10.003 G_LPIPS: 49.659 D_real: 0.000 D_fake: 0.000 \n"}
,{"stream_name":"stdout","time":8574.217561437,"data":"(epoch: 15, iters: 5460, time: 0.171, data: 0.003) G_GAN: 11.922 G_LPIPS: 50.830 D_real: 0.000 D_fake: 0.000 \n"}
,{"stream_name":"stdout","time":8574.217565504,"data":"(epoch: 15, iters: 5480, time: 0.170, data: 0.003) G_GAN: 10.398 G_LPIPS: 49.656 D_real: 0.000 D_fake: 0.000 \n"}
,{"stream_name":"stdout","time":8574.217569564,"data":"(epoch: 15, iters: 5500, time: 0.177, data: 0.004) G_GAN: 7.604 G_LPIPS: 47.876 D_real: 0.000 D_fake: 0.001 \n"}
,{"stream_name":"stdout","time":8574.217573292,"data":"(epoch: 15, iters: 5520, time: 0.225, data: 0.003) G_GAN: 7.843 G_LPIPS: 44.703 D_real: 0.001 D_fake: 0.001 \n"}
,{"stream_name":"stdout","time":8574.217577055,"data":"(epoch: 15, iters: 5540, time: 0.175, data: 0.003) G_GAN: 9.353 G_LPIPS: 44.818 D_real: 0.000 D_fake: 0.000 \n"}
,{"stream_name":"stdout","time":8574.217583394,"data":"(epoch: 15, iters: 5560, time: 0.176, data: 0.004) G_GAN: 10.434 G_LPIPS: 49.961 D_real: 0.000 D_fake: 0.000 \n"}
,{"stream_name":"stdout","time":8574.217587588,"data":"(epoch: 15, iters: 5580, time: 0.129, data: 0.003) G_GAN: 3.297 G_LPIPS: 50.689 D_real: 5.511 D_fake: 0.000 \n"}
,{"stream_name":"stdout","time":8574.217591474,"data":"saving the model at the end of epoch 15, iters 83700\n"}
,{"stream_name":"stdout","time":8574.217595284,"data":"End of epoch 15 / 20 \t Time Taken: 791 sec\n"}
,{"stream_name":"stdout","time":8574.217599339,"data":"learning rate 0.0000455 -\u003e 0.0000364\n"}
,{"stream_name":"stdout","time":8792.40359611,"data":"(epoch: 16, iters: 20, time: 0.170, data: 0.270) G_GAN: 9.596 G_LPIPS: 49.949 D_real: 0.000 D_fake: 0.000 \n"}
,{"stream_name":"stdout","time":8792.403695291,"data":"(epoch: 16, iters: 40, time: 0.176, data: 0.002) G_GAN: 8.875 G_LPIPS: 52.469 D_real: 0.001 D_fake: 0.000 \n"}
,{"stream_name":"stdout","time":8792.403704103,"data":"(epoch: 16, iters: 60, time: 0.175, data: 0.004) G_GAN: 6.972 G_LPIPS: 45.004 D_real: 0.002 D_fake: 0.003 \n"}
,{"stream_name":"stdout","time":8792.403709873,"data":"(epoch: 16, iters: 80, time: 0.228, data: 0.003) G_GAN: 9.772 G_LPIPS: 47.886 D_real: 0.001 D_fake: 0.000 \n"}
,{"stream_name":"stdout","time":8792.403716015,"data":"(epoch: 16, iters: 100, time: 0.174, data: 0.003) G_GAN: 11.846 G_LPIPS: 52.409 D_real: 0.000 D_fake: 0.000 \n"}
,{"stream_name":"stdout","time":8792.403721265,"data":"(epoch: 16, iters: 120, time: 0.172, data: 0.003) G_GAN: 6.189 G_LPIPS: 43.716 D_real: 0.004 D_fake: 0.004 \n"}
,{"stream_name":"stdout","time":8792.403726184,"data":"(epoch: 16, iters: 140, time: 0.178, data: 0.003) G_GAN: 11.675 G_LPIPS: 50.909 D_real: 0.000 D_fake: 0.000 \n"}
,{"stream_name":"stdout","time":8792.403731109,"data":"(epoch: 16, iters: 160, time: 0.175, data: 0.004) G_GAN: 8.190 G_LPIPS: 49.501 D_real: 0.001 D_fake: 0.001 \n"}
,{"stream_name":"stdout","time":8792.403736149,"data":"(epoch: 16, iters: 180, time: 0.173, data: 0.003) G_GAN: 10.999 G_LPIPS: 51.249 D_real: 0.000 D_fake: 0.000 \n"}
,{"stream_name":"stdout","time":8792.403740797,"data":"(epoch: 16, iters: 200, time: 0.177, data: 0.003) G_GAN: 10.694 G_LPIPS: 50.616 D_real: 0.000 D_fake: 0.000 \n"}
,{"stream_name":"stdout","time":8792.403745829,"data":"(epoch: 16, iters: 220, time: 0.237, data: 0.004) G_GAN: 9.295 G_LPIPS: 47.154 D_real: 0.001 D_fake: 0.000 \n"}
,{"stream_name":"stdout","time":8792.403750556,"data":"(epoch: 16, iters: 240, time: 0.173, data: 0.003) G_GAN: 9.714 G_LPIPS: 49.296 D_real: 0.000 D_fake: 0.000 \n"}
,{"stream_name":"stdout","time":8792.40375547,"data":"(epoch: 16, iters: 260, time: 0.174, data: 0.003) G_GAN: 10.275 G_LPIPS: 50.553 D_real: 0.000 D_fake: 0.000 \n"}
,{"stream_name":"stdout","time":8792.403762663,"data":"(epoch: 16, iters: 280, time: 0.172, data: 0.004) G_GAN: 8.154 G_LPIPS: 51.775 D_real: 0.000 D_fake: 0.000 \n"}
,{"stream_name":"stdout","time":8792.403770511,"data":"(epoch: 16, iters: 300, time: 0.199, data: 0.004) G_GAN: 7.233 G_LPIPS: 46.488 D_real: 0.001 D_fake: 0.003 \n"}
,{"stream_name":"stdout","time":8792.403773775,"data":"(epoch: 16, iters: 320, time: 0.174, data: 0.003) G_GAN: 11.644 G_LPIPS: 54.369 D_real: 0.000 D_fake: 0.000 \n"}
,{"stream_name":"stdout","time":8792.403777133,"data":"(epoch: 16, iters: 340, time: 0.171, data: 0.004) G_GAN: 11.068 G_LPIPS: 47.036 D_real: 0.000 D_fake: 0.000 \n"}
,{"stream_name":"stdout","time":8792.403780669,"data":"(epoch: 16, iters: 360, time: 0.239, data: 0.003) G_GAN: 9.383 G_LPIPS: 48.085 D_real: 0.000 D_fake: 0.000 \n"}
,{"stream_name":"stdout","time":8792.403800491,"data":"(epoch: 16, iters: 380, time: 0.174, data: 0.003) G_GAN: 11.592 G_LPIPS: 50.394 D_real: 0.000 D_fake: 0.000 \n"}
,{"stream_name":"stdout","time":8792.403834256,"data":"(epoch: 16, iters: 400, time: 0.176, data: 0.003) G_GAN: 11.259 G_LPIPS: 49.458 D_real: 0.000 D_fake: 0.000 \n"}
,{"stream_name":"stdout","time":8792.403838733,"data":"(epoch: 16, iters: 420, time: 0.178, data: 0.004) G_GAN: 9.887 G_LPIPS: 49.506 D_real: 0.000 D_fake: 0.000 \n"}
,{"stream_name":"stdout","time":8792.403842433,"data":"(epoch: 16, iters: 440, time: 0.170, data: 0.003) G_GAN: 9.027 G_LPIPS: 51.632 D_real: 0.000 D_fake: 0.000 \n"}
,{"stream_name":"stdout","time":8792.403846317,"data":"(epoch: 16, iters: 460, time: 0.180, data: 0.004) G_GAN: 7.270 G_LPIPS: 44.084 D_real: 0.001 D_fake: 0.002 \n"}
,{"stream_name":"stdout","time":8792.40385009,"data":"(epoch: 16, iters: 480, time: 0.174, data: 0.004) G_GAN: 7.733 G_LPIPS: 48.683 D_real: 0.000 D_fake: 0.001 \n"}
,{"stream_name":"stdout","time":8792.40385382,"data":"(epoch: 16, iters: 500, time: 0.172, data: 0.003) G_GAN: 6.818 G_LPIPS: 47.736 D_real: 0.001 D_fake: 0.003 \n"}
,{"stream_name":"stdout","time":8792.403857542,"data":"(epoch: 16, iters: 520, time: 0.176, data: 0.003) G_GAN: 11.989 G_LPIPS: 49.872 D_real: 0.000 D_fake: 0.000 \n"}
,{"stream_name":"stdout","time":8792.403861345,"data":"(epoch: 16, iters: 540, time: 0.175, data: 0.003) G_GAN: 8.628 G_LPIPS: 49.758 D_real: 0.000 D_fake: 0.000 \n"}
,{"stream_name":"stdout","time":8792.403865073,"data":"(epoch: 16, iters: 560, time: 0.178, data: 0.003) G_GAN: 10.807 G_LPIPS: 50.677 D_real: 0.000 D_fake: 0.000 \n"}
,{"stream_name":"stdout","time":8792.403870965,"data":"(epoch: 16, iters: 580, time: 0.231, data: 0.004) G_GAN: 9.562 G_LPIPS: 47.484 D_real: 0.000 D_fake: 0.000 \n"}
,{"stream_name":"stdout","time":8792.403877908,"data":"(epoch: 16, iters: 600, time: 0.181, data: 0.003) G_GAN: 11.111 G_LPIPS: 52.587 D_real: 0.000 D_fake: 0.000 \n"}
,{"stream_name":"stdout","time":8792.403899335,"data":"(epoch: 16, iters: 620, time: 0.175, data: 0.004) G_GAN: 10.408 G_LPIPS: 51.082 D_real: 0.000 D_fake: 0.000 \n"}
,{"stream_name":"stdout","time":8792.403904133,"data":"(epoch: 16, iters: 640, time: 0.174, data: 0.004) G_GAN: 12.050 G_LPIPS: 52.416 D_real: 0.000 D_fake: 0.000 \n"}
,{"stream_name":"stdout","time":8792.403908402,"data":"(epoch: 16, iters: 660, time: 0.230, data: 0.004) G_GAN: 11.315 G_LPIPS: 49.467 D_real: 0.000 D_fake: 0.000 \n"}
,{"stream_name":"stdout","time":8792.403913433,"data":"(epoch: 16, iters: 680, time: 0.174, data: 0.004) G_GAN: 7.541 G_LPIPS: 45.915 D_real: 0.000 D_fake: 0.001 \n"}
,{"stream_name":"stdout","time":8792.403917923,"data":"(epoch: 16, iters: 700, time: 0.171, data: 0.004) G_GAN: 9.283 G_LPIPS: 46.732 D_real: 0.000 D_fake: 0.000 \n"}
,{"stream_name":"stdout","time":8792.403921787,"data":"(epoch: 16, iters: 720, time: 0.177, data: 0.003) G_GAN: 9.019 G_LPIPS: 46.206 D_real: 0.001 D_fake: 0.000 \n"}
,{"stream_name":"stdout","time":8792.403925704,"data":"(epoch: 16, iters: 740, time: 0.179, data: 0.004) G_GAN: 9.359 G_LPIPS: 53.044 D_real: 0.000 D_fake: 0.000 \n"}
,{"stream_name":"stdout","time":8792.403929935,"data":"(epoch: 16, iters: 760, time: 0.177, data: 0.003) G_GAN: 11.065 G_LPIPS: 53.392 D_real: 0.000 D_fake: 0.000 \n"}
,{"stream_name":"stdout","time":8792.403933775,"data":"(epoch: 16, iters: 780, time: 0.176, data: 0.003) G_GAN: 10.600 G_LPIPS: 48.144 D_real: 0.000 D_fake: 0.000 \n"}
,{"stream_name":"stdout","time":8792.403937541,"data":"(epoch: 16, iters: 800, time: 0.174, data: 0.004) G_GAN: 11.352 G_LPIPS: 49.623 D_real: 0.000 D_fake: 0.000 \n"}
,{"stream_name":"stdout","time":8792.403941306,"data":"(epoch: 16, iters: 820, time: 0.172, data: 0.003) G_GAN: 8.659 G_LPIPS: 46.029 D_real: 0.000 D_fake: 0.000 \n"}
,{"stream_name":"stdout","time":8792.403949686,"data":"(epoch: 16, iters: 840, time: 0.177, data: 0.003) G_GAN: 7.781 G_LPIPS: 47.319 D_real: 0.000 D_fake: 0.001 \n"}
,{"stream_name":"stdout","time":8792.403953462,"data":"(epoch: 16, iters: 860, time: 0.175, data: 0.003) G_GAN: 11.747 G_LPIPS: 54.155 D_real: 0.000 D_fake: 0.000 \n"}
,{"stream_name":"stdout","time":8792.4039572,"data":"(epoch: 16, iters: 880, time: 0.239, data: 0.003) G_GAN: 11.786 G_LPIPS: 50.828 D_real: 0.000 D_fake: 0.000 \n"}
,{"stream_name":"stdout","time":8792.403960907,"data":"(epoch: 16, iters: 900, time: 0.175, data: 0.003) G_GAN: 9.839 G_LPIPS: 46.868 D_real: 0.000 D_fake: 0.000 \n"}
,{"stream_name":"stdout","time":8792.403964688,"data":"(epoch: 16, iters: 920, time: 0.172, data: 0.003) G_GAN: 9.085 G_LPIPS: 52.587 D_real: 0.000 D_fake: 0.000 \n"}
,{"stream_name":"stdout","time":8792.403968449,"data":"(epoch: 16, iters: 940, time: 0.176, data: 0.004) G_GAN: 6.883 G_LPIPS: 48.377 D_real: 0.000 D_fake: 0.002 \n"}
,{"stream_name":"stdout","time":8792.40397228,"data":"(epoch: 16, iters: 960, time: 0.226, data: 0.004) G_GAN: 8.887 G_LPIPS: 45.609 D_real: 0.002 D_fake: 0.000 \n"}
,{"stream_name":"stdout","time":8792.403981925,"data":"(epoch: 16, iters: 980, time: 0.180, data: 0.003) G_GAN: 8.237 G_LPIPS: 48.801 D_real: 0.000 D_fake: 0.000 \n"}
,{"stream_name":"stdout","time":8792.403998301,"data":"(epoch: 16, iters: 1000, time: 0.174, data: 0.004) G_GAN: 8.112 G_LPIPS: 47.867 D_real: 0.000 D_fake: 0.001 \n"}
,{"stream_name":"stdout","time":8792.40400307,"data":"(epoch: 16, iters: 1020, time: 0.175, data: 0.004) G_GAN: 8.302 G_LPIPS: 50.580 D_real: 0.000 D_fake: 0.000 \n"}
,{"stream_name":"stdout","time":8792.404007374,"data":"(epoch: 16, iters: 1040, time: 0.177, data: 0.003) G_GAN: 6.864 G_LPIPS: 43.318 D_real: 0.000 D_fake: 0.001 \n"}
,{"stream_name":"stdout","time":8792.404011883,"data":"(epoch: 16, iters: 1060, time: 0.174, data: 0.003) G_GAN: 9.961 G_LPIPS: 49.245 D_real: 0.000 D_fake: 0.000 \n"}
,{"stream_name":"stdout","time":8792.404016101,"data":"(epoch: 16, iters: 1080, time: 0.175, data: 0.003) G_GAN: 8.405 G_LPIPS: 46.519 D_real: 0.000 D_fake: 0.000 \n"}
,{"stream_name":"stdout","time":8792.404019808,"data":"(epoch: 16, iters: 1100, time: 0.230, data: 0.003) G_GAN: 11.086 G_LPIPS: 52.107 D_real: 0.000 D_fake: 0.000 \n"}
,{"stream_name":"stdout","time":8792.404023571,"data":"(epoch: 16, iters: 1120, time: 0.171, data: 0.003) G_GAN: 10.529 G_LPIPS: 48.768 D_real: 0.000 D_fake: 0.000 \n"}
,{"stream_name":"stdout","time":8792.404032805,"data":"(epoch: 16, iters: 1140, time: 0.176, data: 0.004) G_GAN: 9.275 G_LPIPS: 46.939 D_real: 0.000 D_fake: 0.000 \n"}
,{"stream_name":"stdout","time":8792.404036619,"data":"(epoch: 16, iters: 1160, time: 0.173, data: 0.004) G_GAN: 9.627 G_LPIPS: 46.077 D_real: 0.000 D_fake: 0.000 \n"}
,{"stream_name":"stdout","time":8792.404040339,"data":"(epoch: 16, iters: 1180, time: 0.228, data: 0.003) G_GAN: 11.179 G_LPIPS: 54.024 D_real: 0.000 D_fake: 0.000 \n"}
,{"stream_name":"stdout","time":8792.404044078,"data":"(epoch: 16, iters: 1200, time: 0.174, data: 0.004) G_GAN: 11.801 G_LPIPS: 55.295 D_real: 0.000 D_fake: 0.000 \n"}
,{"stream_name":"stdout","time":8792.404047835,"data":"(epoch: 16, iters: 1220, time: 0.172, data: 0.004) G_GAN: 10.100 G_LPIPS: 49.376 D_real: 0.000 D_fake: 0.000 \n"}
,{"stream_name":"stdout","time":8792.404051573,"data":"(epoch: 16, iters: 1240, time: 0.177, data: 0.004) G_GAN: 10.960 G_LPIPS: 52.157 D_real: 0.000 D_fake: 0.000 \n"}
,{"stream_name":"stdout","time":8792.404055298,"data":"(epoch: 16, iters: 1260, time: 0.175, data: 0.003) G_GAN: 8.769 G_LPIPS: 48.614 D_real: 0.000 D_fake: 0.000 \n"}
,{"stream_name":"stdout","time":8792.404059054,"data":"(epoch: 16, iters: 1280, time: 0.176, data: 0.003) G_GAN: 8.457 G_LPIPS: 51.073 D_real: 0.000 D_fake: 0.000 \n"}
,{"stream_name":"stdout","time":8792.404071857,"data":"(epoch: 16, iters: 1300, time: 0.174, data: 0.004) G_GAN: 11.325 G_LPIPS: 50.767 D_real: 0.000 D_fake: 0.000 \n"}
,{"stream_name":"stdout","time":8792.404079875,"data":"saving the latest model (epoch 16, total_iters 85000)\n"}
,{"stream_name":"stdout","time":8792.404171825,"data":"(epoch: 16, iters: 1320, time: 0.178, data: 0.003) G_GAN: 11.584 G_LPIPS: 48.518 D_real: 0.000 D_fake: 0.000 \n"}
,{"stream_name":"stdout","time":8792.404176745,"data":"(epoch: 16, iters: 1340, time: 0.173, data: 0.003) G_GAN: 6.423 G_LPIPS: 45.984 D_real: 0.000 D_fake: 0.003 \n"}
,{"stream_name":"stdout","time":8792.404180922,"data":"(epoch: 16, iters: 1360, time: 0.177, data: 0.003) G_GAN: 10.208 G_LPIPS: 50.414 D_real: 0.000 D_fake: 0.000 \n"}
,{"stream_name":"stdout","time":8792.404184906,"data":"(epoch: 16, iters: 1380, time: 0.173, data: 0.003) G_GAN: 11.356 G_LPIPS: 51.791 D_real: 0.000 D_fake: 0.000 \n"}
,{"stream_name":"stdout","time":8792.404189124,"data":"(epoch: 16, iters: 1400, time: 0.237, data: 0.003) G_GAN: 10.535 G_LPIPS: 49.054 D_real: 0.000 D_fake: 0.000 \n"}
,{"stream_name":"stdout","time":8792.404193058,"data":"(epoch: 16, iters: 1420, time: 0.176, data: 0.003) G_GAN: 10.855 G_LPIPS: 50.796 D_real: 0.000 D_fake: 0.000 \n"}
,{"stream_name":"stdout","time":8792.404197104,"data":"(epoch: 16, iters: 1440, time: 0.173, data: 0.003) G_GAN: 8.629 G_LPIPS: 50.726 D_real: 0.000 D_fake: 0.000 \n"}
,{"stream_name":"stdout","time":8792.404201057,"data":"(epoch: 16, iters: 1460, time: 0.177, data: 0.003) G_GAN: 9.520 G_LPIPS: 49.085 D_real: 0.000 D_fake: 0.000 \n"}
,{"stream_name":"stdout","time":8792.40420538,"data":"(epoch: 16, iters: 1480, time: 0.234, data: 0.003) G_GAN: 8.328 G_LPIPS: 48.767 D_real: 0.000 D_fake: 0.000 \n"}
,{"stream_name":"stdout","time":9011.124645661,"data":"(epoch: 16, iters: 1500, time: 0.173, data: 0.003) G_GAN: 9.533 G_LPIPS: 47.762 D_real: 0.000 D_fake: 0.000 \n"}
,{"stream_name":"stdout","time":9011.12470843,"data":"(epoch: 16, iters: 1520, time: 0.175, data: 0.004) G_GAN: 9.737 G_LPIPS: 51.869 D_real: 0.000 D_fake: 0.000 \n"}
,{"stream_name":"stdout","time":9011.12472121,"data":"(epoch: 16, iters: 1540, time: 0.173, data: 0.003) G_GAN: 9.906 G_LPIPS: 46.122 D_real: 0.001 D_fake: 0.000 \n"}
,{"stream_name":"stdout","time":9011.124725287,"data":"(epoch: 16, iters: 1560, time: 0.178, data: 0.003) G_GAN: 10.017 G_LPIPS: 49.400 D_real: 0.000 D_fake: 0.000 \n"}
,{"stream_name":"stdout","time":9011.124728937,"data":"(epoch: 16, iters: 1580, time: 0.176, data: 0.004) G_GAN: 11.535 G_LPIPS: 51.903 D_real: 0.000 D_fake: 0.000 \n"}
,{"stream_name":"stdout","time":9011.124732592,"data":"(epoch: 16, iters: 1600, time: 0.179, data: 0.003) G_GAN: 4.568 G_LPIPS: 45.331 D_real: 0.001 D_fake: 0.023 \n"}
,{"stream_name":"stdout","time":9011.124736097,"data":"(epoch: 16, iters: 1620, time: 0.178, data: 0.003) G_GAN: 7.614 G_LPIPS: 42.407 D_real: 0.003 D_fake: 0.001 \n"}
,{"stream_name":"stdout","time":9011.124739442,"data":"(epoch: 16, iters: 1640, time: 0.176, data: 0.003) G_GAN: 11.152 G_LPIPS: 50.595 D_real: 0.000 D_fake: 0.000 \n"}
,{"stream_name":"stdout","time":9011.124742979,"data":"(epoch: 16, iters: 1660, time: 0.177, data: 0.003) G_GAN: 10.654 G_LPIPS: 47.020 D_real: 0.001 D_fake: 0.000 \n"}
,{"stream_name":"stdout","time":9011.124746342,"data":"(epoch: 16, iters: 1680, time: 0.175, data: 0.003) G_GAN: 10.036 G_LPIPS: 52.570 D_real: 0.000 D_fake: 0.000 \n"}
,{"stream_name":"stdout","time":9011.12474978,"data":"(epoch: 16, iters: 1700, time: 0.230, data: 0.004) G_GAN: 9.615 G_LPIPS: 49.098 D_real: 0.000 D_fake: 0.000 \n"}
,{"stream_name":"stdout","time":9011.1247531,"data":"(epoch: 16, iters: 1720, time: 0.178, data: 0.003) G_GAN: 11.007 G_LPIPS: 46.139 D_real: 0.000 D_fake: 0.000 \n"}
,{"stream_name":"stdout","time":9011.124756447,"data":"(epoch: 16, iters: 1740, time: 0.176, data: 0.003) G_GAN: 9.149 G_LPIPS: 50.900 D_real: 0.000 D_fake: 0.000 \n"}
,{"stream_name":"stdout","time":9011.124787887,"data":"(epoch: 16, iters: 1760, time: 0.173, data: 0.003) G_GAN: 9.341 G_LPIPS: 45.455 D_real: 0.000 D_fake: 0.000 \n"}
,{"stream_name":"stdout","time":9011.124793686,"data":"(epoch: 16, iters: 1780, time: 0.241, data: 0.003) G_GAN: 9.363 G_LPIPS: 47.654 D_real: 0.000 D_fake: 0.000 \n"}
,{"stream_name":"stdout","time":9011.124798223,"data":"(epoch: 16, iters: 1800, time: 0.177, data: 0.003) G_GAN: 7.768 G_LPIPS: 46.149 D_real: 0.000 D_fake: 0.001 \n"}
,{"stream_name":"stdout","time":9011.12480246,"data":"(epoch: 16, iters: 1820, time: 0.176, data: 0.003) G_GAN: 10.245 G_LPIPS: 49.917 D_real: 0.000 D_fake: 0.000 \n"}
,{"stream_name":"stdout","time":9011.124806502,"data":"(epoch: 16, iters: 1840, time: 0.175, data: 0.004) G_GAN: 10.865 G_LPIPS: 50.927 D_real: 0.000 D_fake: 0.000 \n"}
,{"stream_name":"stdout","time":9011.124810495,"data":"(epoch: 16, iters: 1860, time: 0.172, data: 0.003) G_GAN: 9.812 G_LPIPS: 48.721 D_real: 0.000 D_fake: 0.000 \n"}
,{"stream_name":"stdout","time":9011.124815707,"data":"(epoch: 16, iters: 1880, time: 0.177, data: 0.003) G_GAN: 11.661 G_LPIPS: 49.550 D_real: 0.000 D_fake: 0.000 \n"}
,{"stream_name":"stdout","time":9011.12482002,"data":"(epoch: 16, iters: 1900, time: 0.175, data: 0.003) G_GAN: 9.288 G_LPIPS: 44.514 D_real: 0.000 D_fake: 0.000 \n"}
,{"stream_name":"stdout","time":9011.124829327,"data":"(epoch: 16, iters: 1920, time: 0.225, data: 0.003) G_GAN: 11.788 G_LPIPS: 52.533 D_real: 0.000 D_fake: 0.000 \n"}
,{"stream_name":"stdout","time":9011.124832262,"data":"(epoch: 16, iters: 1940, time: 0.175, data: 0.003) G_GAN: 12.154 G_LPIPS: 55.087 D_real: 0.000 D_fake: 0.000 \n"}
,{"stream_name":"stdout","time":9011.12483485,"data":"(epoch: 16, iters: 1960, time: 0.177, data: 0.004) G_GAN: 9.735 G_LPIPS: 48.436 D_real: 0.000 D_fake: 0.000 \n"}
,{"stream_name":"stdout","time":9011.124837537,"data":"(epoch: 16, iters: 1980, time: 0.174, data: 0.003) G_GAN: 11.509 G_LPIPS: 50.843 D_real: 0.000 D_fake: 0.000 \n"}
,{"stream_name":"stdout","time":9011.124840119,"data":"(epoch: 16, iters: 2000, time: 0.235, data: 0.003) G_GAN: 8.665 G_LPIPS: 50.039 D_real: 0.000 D_fake: 0.000 \n"}
,{"stream_name":"stdout","time":9011.124842667,"data":"(epoch: 16, iters: 2020, time: 0.172, data: 0.004) G_GAN: 9.872 G_LPIPS: 48.252 D_real: 0.000 D_fake: 0.000 \n"}
,{"stream_name":"stdout","time":9011.12484525,"data":"(epoch: 16, iters: 2040, time: 0.176, data: 0.003) G_GAN: 8.875 G_LPIPS: 47.511 D_real: 0.058 D_fake: 0.000 \n"}
,{"stream_name":"stdout","time":9011.1248481,"data":"(epoch: 16, iters: 2060, time: 0.177, data: 0.003) G_GAN: 7.291 G_LPIPS: 45.463 D_real: 0.000 D_fake: 0.001 \n"}
,{"stream_name":"stdout","time":9011.124850665,"data":"(epoch: 16, iters: 2080, time: 0.226, data: 0.004) G_GAN: 11.657 G_LPIPS: 51.966 D_real: 0.000 D_fake: 0.000 \n"}
,{"stream_name":"stdout","time":9011.12485327,"data":"(epoch: 16, iters: 2100, time: 0.178, data: 0.003) G_GAN: 9.239 G_LPIPS: 55.024 D_real: 0.000 D_fake: 0.000 \n"}
,{"stream_name":"stdout","time":9011.124855797,"data":"(epoch: 16, iters: 2120, time: 0.175, data: 0.004) G_GAN: 8.487 G_LPIPS: 47.523 D_real: 0.000 D_fake: 0.000 \n"}
,{"stream_name":"stdout","time":9011.12485842,"data":"(epoch: 16, iters: 2140, time: 0.178, data: 0.003) G_GAN: 11.202 G_LPIPS: 54.033 D_real: 0.000 D_fake: 0.000 \n"}
,{"stream_name":"stdout","time":9011.124861469,"data":"(epoch: 16, iters: 2160, time: 0.173, data: 0.003) G_GAN: 11.553 G_LPIPS: 49.673 D_real: 0.000 D_fake: 0.000 \n"}
,{"stream_name":"stdout","time":9011.124877742,"data":"(epoch: 16, iters: 2180, time: 0.184, data: 0.003) G_GAN: 9.569 G_LPIPS: 47.566 D_real: 0.001 D_fake: 0.000 \n"}
,{"stream_name":"stdout","time":9011.124887737,"data":"(epoch: 16, iters: 2200, time: 0.175, data: 0.003) G_GAN: 8.458 G_LPIPS: 44.754 D_real: 0.000 D_fake: 0.000 \n"}
,{"stream_name":"stdout","time":9011.124892686,"data":"(epoch: 16, iters: 2220, time: 0.174, data: 0.003) G_GAN: 10.439 G_LPIPS: 47.693 D_real: 0.001 D_fake: 0.000 \n"}
,{"stream_name":"stdout","time":9011.124897147,"data":"(epoch: 16, iters: 2240, time: 0.176, data: 0.004) G_GAN: 11.130 G_LPIPS: 52.511 D_real: 0.000 D_fake: 0.000 \n"}
,{"stream_name":"stdout","time":9011.124901497,"data":"(epoch: 16, iters: 2260, time: 0.172, data: 0.004) G_GAN: 9.981 G_LPIPS: 51.221 D_real: 0.000 D_fake: 0.000 \n"}
,{"stream_name":"stdout","time":9011.124905527,"data":"(epoch: 16, iters: 2280, time: 0.175, data: 0.003) G_GAN: 9.665 G_LPIPS: 45.076 D_real: 0.000 D_fake: 0.000 \n"}
,{"stream_name":"stdout","time":9011.124909615,"data":"(epoch: 16, iters: 2300, time: 0.254, data: 0.003) G_GAN: 9.957 G_LPIPS: 47.190 D_real: 0.000 D_fake: 0.000 \n"}
,{"stream_name":"stdout","time":9011.124913611,"data":"(epoch: 16, iters: 2320, time: 0.170, data: 0.003) G_GAN: 9.471 G_LPIPS: 47.016 D_real: 0.000 D_fake: 0.000 \n"}
,{"stream_name":"stdout","time":9011.124917548,"data":"(epoch: 16, iters: 2340, time: 0.178, data: 0.003) G_GAN: 8.619 G_LPIPS: 50.611 D_real: 0.000 D_fake: 0.000 \n"}
,{"stream_name":"stdout","time":9011.124921482,"data":"(epoch: 16, iters: 2360, time: 0.174, data: 0.004) G_GAN: 7.402 G_LPIPS: 46.050 D_real: 0.000 D_fake: 0.001 \n"}
,{"stream_name":"stdout","time":9011.124925482,"data":"(epoch: 16, iters: 2380, time: 0.231, data: 0.003) G_GAN: 9.780 G_LPIPS: 51.639 D_real: 0.000 D_fake: 0.000 \n"}
,{"stream_name":"stdout","time":9011.124929473,"data":"(epoch: 16, iters: 2400, time: 0.178, data: 0.004) G_GAN: 10.328 G_LPIPS: 46.671 D_real: 0.000 D_fake: 0.000 \n"}
,{"stream_name":"stdout","time":9011.124933502,"data":"(epoch: 16, iters: 2420, time: 0.173, data: 0.003) G_GAN: 11.240 G_LPIPS: 48.398 D_real: 0.000 D_fake: 0.000 \n"}
,{"stream_name":"stdout","time":9011.124937482,"data":"(epoch: 16, iters: 2440, time: 0.178, data: 0.003) G_GAN: 8.299 G_LPIPS: 47.112 D_real: 0.000 D_fake: 0.000 \n"}
,{"stream_name":"stdout","time":9011.124946608,"data":"(epoch: 16, iters: 2460, time: 0.230, data: 0.003) G_GAN: 11.886 G_LPIPS: 50.807 D_real: 0.000 D_fake: 0.000 \n"}
,{"stream_name":"stdout","time":9011.124949837,"data":"(epoch: 16, iters: 2480, time: 0.174, data: 0.003) G_GAN: 11.668 G_LPIPS: 53.061 D_real: 0.000 D_fake: 0.000 \n"}
,{"stream_name":"stdout","time":9011.124952454,"data":"(epoch: 16, iters: 2500, time: 0.176, data: 0.003) G_GAN: 10.899 G_LPIPS: 51.913 D_real: 0.000 D_fake: 0.000 \n"}
,{"stream_name":"stdout","time":9011.124955047,"data":"(epoch: 16, iters: 2520, time: 0.180, data: 0.003) G_GAN: 8.556 G_LPIPS: 47.921 D_real: 0.000 D_fake: 0.000 \n"}
,{"stream_name":"stdout","time":9011.124957629,"data":"(epoch: 16, iters: 2540, time: 0.175, data: 0.003) G_GAN: 8.541 G_LPIPS: 47.614 D_real: 0.000 D_fake: 0.000 \n"}
,{"stream_name":"stdout","time":9011.124960802,"data":"(epoch: 16, iters: 2560, time: 0.178, data: 0.004) G_GAN: 9.298 G_LPIPS: 49.722 D_real: 0.000 D_fake: 0.000 \n"}
,{"stream_name":"stdout","time":9011.124978192,"data":"(epoch: 16, iters: 2580, time: 0.173, data: 0.004) G_GAN: 11.555 G_LPIPS: 53.880 D_real: 0.000 D_fake: 0.000 \n"}
,{"stream_name":"stdout","time":9011.124982658,"data":"(epoch: 16, iters: 2600, time: 0.179, data: 0.003) G_GAN: 10.292 G_LPIPS: 48.353 D_real: 0.000 D_fake: 0.000 \n"}
,{"stream_name":"stdout","time":9011.124986925,"data":"(epoch: 16, iters: 2620, time: 0.176, data: 0.003) G_GAN: 10.135 G_LPIPS: 49.845 D_real: 0.000 D_fake: 0.000 \n"}
,{"stream_name":"stdout","time":9011.124992325,"data":"(epoch: 16, iters: 2640, time: 0.173, data: 0.003) G_GAN: 10.563 G_LPIPS: 47.666 D_real: 0.000 D_fake: 0.000 \n"}
,{"stream_name":"stdout","time":9011.125006694,"data":"(epoch: 16, iters: 2660, time: 0.178, data: 0.003) G_GAN: 10.842 G_LPIPS: 51.985 D_real: 0.000 D_fake: 0.000 \n"}
,{"stream_name":"stdout","time":9011.125010359,"data":"(epoch: 16, iters: 2680, time: 0.227, data: 0.003) G_GAN: 10.691 G_LPIPS: 50.868 D_real: 0.000 D_fake: 0.000 \n"}
,{"stream_name":"stdout","time":9011.125014224,"data":"(epoch: 16, iters: 2700, time: 0.179, data: 0.003) G_GAN: 9.975 G_LPIPS: 47.423 D_real: 0.000 D_fake: 0.000 \n"}
,{"stream_name":"stdout","time":9011.125018,"data":"(epoch: 16, iters: 2720, time: 0.176, data: 0.004) G_GAN: 9.380 G_LPIPS: 49.617 D_real: 0.000 D_fake: 0.000 \n"}
,{"stream_name":"stdout","time":9011.125021937,"data":"(epoch: 16, iters: 2740, time: 0.178, data: 0.003) G_GAN: 9.092 G_LPIPS: 51.770 D_real: 0.000 D_fake: 0.000 \n"}
,{"stream_name":"stdout","time":9011.125025577,"data":"(epoch: 16, iters: 2760, time: 0.231, data: 0.004) G_GAN: 11.382 G_LPIPS: 50.434 D_real: 0.000 D_fake: 0.001 \n"}
,{"stream_name":"stdout","time":9011.125029362,"data":"(epoch: 16, iters: 2780, time: 0.181, data: 0.003) G_GAN: 12.025 G_LPIPS: 52.972 D_real: 0.000 D_fake: 0.000 \n"}
,{"stream_name":"stdout","time":9011.125033147,"data":"(epoch: 16, iters: 2800, time: 0.176, data: 0.003) G_GAN: 8.888 G_LPIPS: 50.141 D_real: 0.000 D_fake: 0.000 \n"}
,{"stream_name":"stdout","time":9011.125036915,"data":"(epoch: 16, iters: 2820, time: 0.177, data: 0.004) G_GAN: 9.234 G_LPIPS: 48.313 D_real: 0.000 D_fake: 0.000 \n"}
,{"stream_name":"stdout","time":9011.125040528,"data":"(epoch: 16, iters: 2840, time: 0.174, data: 0.003) G_GAN: 9.882 G_LPIPS: 47.575 D_real: 0.000 D_fake: 0.000 \n"}
,{"stream_name":"stdout","time":9011.12504423,"data":"(epoch: 16, iters: 2860, time: 0.178, data: 0.003) G_GAN: 11.566 G_LPIPS: 52.189 D_real: 0.000 D_fake: 0.000 \n"}
,{"stream_name":"stdout","time":9011.125048071,"data":"(epoch: 16, iters: 2880, time: 0.173, data: 0.003) G_GAN: 9.874 G_LPIPS: 47.381 D_real: 0.000 D_fake: 0.000 \n"}
,{"stream_name":"stdout","time":9011.125052451,"data":"(epoch: 16, iters: 2900, time: 0.180, data: 0.003) G_GAN: 11.447 G_LPIPS: 50.379 D_real: 0.000 D_fake: 0.000 \n"}
,{"stream_name":"stdout","time":9011.125056377,"data":"(epoch: 16, iters: 2920, time: 0.180, data: 0.003) G_GAN: 9.815 G_LPIPS: 46.444 D_real: 0.000 D_fake: 0.000 \n"}
,{"stream_name":"stdout","time":9011.125060201,"data":"(epoch: 16, iters: 2940, time: 0.174, data: 0.003) G_GAN: 11.879 G_LPIPS: 52.252 D_real: 0.000 D_fake: 0.000 \n"}
,{"stream_name":"stdout","time":9011.125064394,"data":"(epoch: 16, iters: 2960, time: 0.177, data: 0.003) G_GAN: 10.571 G_LPIPS: 54.584 D_real: 0.000 D_fake: 0.000 \n"}
,{"stream_name":"stdout","time":9011.125068147,"data":"(epoch: 16, iters: 2980, time: 0.173, data: 0.003) G_GAN: 10.248 G_LPIPS: 47.864 D_real: 0.000 D_fake: 0.000 \n"}
,{"stream_name":"stdout","time":9231.561033289,"data":"(epoch: 16, iters: 3000, time: 0.182, data: 0.003) G_GAN: 9.912 G_LPIPS: 46.669 D_real: 0.001 D_fake: 0.000 \n"}
,{"stream_name":"stdout","time":9231.561076919,"data":"(epoch: 16, iters: 3020, time: 0.176, data: 0.003) G_GAN: 9.410 G_LPIPS: 49.455 D_real: 0.000 D_fake: 0.000 \n"}
,{"stream_name":"stdout","time":9231.561143842,"data":"(epoch: 16, iters: 3040, time: 0.180, data: 0.003) G_GAN: 9.444 G_LPIPS: 47.903 D_real: 0.000 D_fake: 0.000 \n"}
,{"stream_name":"stdout","time":9231.561149841,"data":"(epoch: 16, iters: 3060, time: 0.235, data: 0.003) G_GAN: 11.289 G_LPIPS: 51.569 D_real: 0.000 D_fake: 0.000 \n"}
,{"stream_name":"stdout","time":9231.561155043,"data":"(epoch: 16, iters: 3080, time: 0.176, data: 0.003) G_GAN: 11.186 G_LPIPS: 54.532 D_real: 0.000 D_fake: 0.000 \n"}
,{"stream_name":"stdout","time":9231.561159952,"data":"(epoch: 16, iters: 3100, time: 0.179, data: 0.003) G_GAN: 9.759 G_LPIPS: 49.639 D_real: 0.000 D_fake: 0.000 \n"}
,{"stream_name":"stdout","time":9231.56118267,"data":"(epoch: 16, iters: 3120, time: 0.176, data: 0.003) G_GAN: 10.374 G_LPIPS: 50.295 D_real: 0.000 D_fake: 0.000 \n"}
,{"stream_name":"stdout","time":9231.561185717,"data":"(epoch: 16, iters: 3140, time: 0.176, data: 0.003) G_GAN: 9.733 G_LPIPS: 45.869 D_real: 0.000 D_fake: 0.000 \n"}
,{"stream_name":"stdout","time":9231.561188221,"data":"(epoch: 16, iters: 3160, time: 0.179, data: 0.003) G_GAN: 10.263 G_LPIPS: 49.047 D_real: 0.000 D_fake: 0.000 \n"}
,{"stream_name":"stdout","time":9231.561190655,"data":"(epoch: 16, iters: 3180, time: 0.175, data: 0.003) G_GAN: 8.584 G_LPIPS: 48.391 D_real: 0.001 D_fake: 0.000 \n"}
,{"stream_name":"stdout","time":9231.561193075,"data":"(epoch: 16, iters: 3200, time: 0.226, data: 0.004) G_GAN: 8.574 G_LPIPS: 43.291 D_real: 0.006 D_fake: 0.000 \n"}
,{"stream_name":"stdout","time":9231.561195577,"data":"(epoch: 16, iters: 3220, time: 0.173, data: 0.003) G_GAN: 11.280 G_LPIPS: 52.916 D_real: 0.000 D_fake: 0.000 \n"}
,{"stream_name":"stdout","time":9231.561198089,"data":"(epoch: 16, iters: 3240, time: 0.173, data: 0.003) G_GAN: 11.711 G_LPIPS: 48.443 D_real: 0.000 D_fake: 0.000 \n"}
,{"stream_name":"stdout","time":9231.561200531,"data":"(epoch: 16, iters: 3260, time: 0.172, data: 0.003) G_GAN: 8.968 G_LPIPS: 45.200 D_real: 0.000 D_fake: 0.000 \n"}
,{"stream_name":"stdout","time":9231.561202924,"data":"(epoch: 16, iters: 3280, time: 0.173, data: 0.003) G_GAN: 9.120 G_LPIPS: 47.457 D_real: 0.000 D_fake: 0.000 \n"}
,{"stream_name":"stdout","time":9231.561205419,"data":"(epoch: 16, iters: 3300, time: 0.174, data: 0.003) G_GAN: 8.046 G_LPIPS: 45.289 D_real: 0.000 D_fake: 0.001 \n"}
,{"stream_name":"stdout","time":9231.561207831,"data":"(epoch: 16, iters: 3320, time: 0.172, data: 0.003) G_GAN: 9.860 G_LPIPS: 52.814 D_real: 0.000 D_fake: 0.000 \n"}
,{"stream_name":"stdout","time":9231.561210326,"data":"(epoch: 16, iters: 3340, time: 0.235, data: 0.003) G_GAN: 10.536 G_LPIPS: 47.923 D_real: 0.000 D_fake: 0.000 \n"}
,{"stream_name":"stdout","time":9231.561212725,"data":"(epoch: 16, iters: 3360, time: 0.173, data: 0.003) G_GAN: 10.120 G_LPIPS: 49.883 D_real: 0.000 D_fake: 0.000 \n"}
,{"stream_name":"stdout","time":9231.561216441,"data":"(epoch: 16, iters: 3380, time: 0.179, data: 0.003) G_GAN: 8.193 G_LPIPS: 50.895 D_real: 0.000 D_fake: 0.000 \n"}
,{"stream_name":"stdout","time":9231.561218896,"data":"(epoch: 16, iters: 3400, time: 0.175, data: 0.004) G_GAN: 10.082 G_LPIPS: 52.399 D_real: 0.000 D_fake: 0.000 \n"}
,{"stream_name":"stdout","time":9231.5612213,"data":"(epoch: 16, iters: 3420, time: 0.177, data: 0.004) G_GAN: 9.905 G_LPIPS: 49.511 D_real: 0.000 D_fake: 0.000 \n"}
,{"stream_name":"stdout","time":9231.561224205,"data":"(epoch: 16, iters: 3440, time: 0.178, data: 0.003) G_GAN: 10.507 G_LPIPS: 49.482 D_real: 0.000 D_fake: 0.000 \n"}
,{"stream_name":"stdout","time":9231.561226653,"data":"(epoch: 16, iters: 3460, time: 0.175, data: 0.003) G_GAN: 11.239 G_LPIPS: 54.252 D_real: 0.000 D_fake: 0.000 \n"}
,{"stream_name":"stdout","time":9231.561229049,"data":"(epoch: 16, iters: 3480, time: 0.241, data: 0.003) G_GAN: 12.054 G_LPIPS: 53.876 D_real: 0.000 D_fake: 0.000 \n"}
,{"stream_name":"stdout","time":9231.561231515,"data":"(epoch: 16, iters: 3500, time: 0.175, data: 0.004) G_GAN: 9.185 G_LPIPS: 46.434 D_real: 0.000 D_fake: 0.000 \n"}
,{"stream_name":"stdout","time":9231.561233902,"data":"(epoch: 16, iters: 3520, time: 0.179, data: 0.003) G_GAN: 10.511 G_LPIPS: 49.189 D_real: 0.000 D_fake: 0.000 \n"}
,{"stream_name":"stdout","time":9231.56123638,"data":"(epoch: 16, iters: 3540, time: 0.176, data: 0.004) G_GAN: 8.239 G_LPIPS: 47.010 D_real: 0.000 D_fake: 0.000 \n"}
,{"stream_name":"stdout","time":9231.561238924,"data":"(epoch: 16, iters: 3560, time: 0.174, data: 0.003) G_GAN: 10.380 G_LPIPS: 50.879 D_real: 0.000 D_fake: 0.000 \n"}
,{"stream_name":"stdout","time":9231.561243882,"data":"(epoch: 16, iters: 3580, time: 0.178, data: 0.003) G_GAN: 8.821 G_LPIPS: 45.265 D_real: 0.001 D_fake: 0.000 \n"}
,{"stream_name":"stdout","time":9231.561246477,"data":"(epoch: 16, iters: 3600, time: 0.174, data: 0.003) G_GAN: 9.608 G_LPIPS: 49.544 D_real: 0.000 D_fake: 0.000 \n"}
,{"stream_name":"stdout","time":9231.561248936,"data":"(epoch: 16, iters: 3620, time: 0.251, data: 0.003) G_GAN: 8.714 G_LPIPS: 48.584 D_real: 0.000 D_fake: 0.000 \n"}
,{"stream_name":"stdout","time":9231.561251348,"data":"(epoch: 16, iters: 3640, time: 0.180, data: 0.004) G_GAN: 10.752 G_LPIPS: 49.715 D_real: 0.000 D_fake: 0.000 \n"}
,{"stream_name":"stdout","time":9231.561253758,"data":"(epoch: 16, iters: 3660, time: 0.178, data: 0.004) G_GAN: 11.029 G_LPIPS: 51.995 D_real: 0.000 D_fake: 0.000 \n"}
,{"stream_name":"stdout","time":9231.561256178,"data":"(epoch: 16, iters: 3680, time: 0.183, data: 0.003) G_GAN: 9.203 G_LPIPS: 45.575 D_real: 0.001 D_fake: 0.000 \n"}
,{"stream_name":"stdout","time":9231.561258596,"data":"(epoch: 16, iters: 3700, time: 0.174, data: 0.003) G_GAN: 11.010 G_LPIPS: 52.398 D_real: 0.000 D_fake: 0.000 \n"}
,{"stream_name":"stdout","time":9231.561261042,"data":"(epoch: 16, iters: 3720, time: 0.178, data: 0.004) G_GAN: 10.362 G_LPIPS: 54.416 D_real: 0.000 D_fake: 0.000 \n"}
,{"stream_name":"stdout","time":9231.561263464,"data":"(epoch: 16, iters: 3740, time: 0.173, data: 0.003) G_GAN: 9.407 G_LPIPS: 47.058 D_real: 0.000 D_fake: 0.000 \n"}
,{"stream_name":"stdout","time":9231.561266157,"data":"(epoch: 16, iters: 3760, time: 0.178, data: 0.004) G_GAN: 9.741 G_LPIPS: 46.512 D_real: 0.000 D_fake: 0.000 \n"}
,{"stream_name":"stdout","time":9231.561268644,"data":"(epoch: 16, iters: 3780, time: 0.178, data: 0.004) G_GAN: 10.283 G_LPIPS: 48.544 D_real: 0.000 D_fake: 0.000 \n"}
,{"stream_name":"stdout","time":9231.561271059,"data":"(epoch: 16, iters: 3800, time: 0.173, data: 0.003) G_GAN: 10.269 G_LPIPS: 48.820 D_real: 0.000 D_fake: 0.000 \n"}
,{"stream_name":"stdout","time":9231.561273459,"data":"(epoch: 16, iters: 3820, time: 0.179, data: 0.004) G_GAN: 10.198 G_LPIPS: 51.391 D_real: 0.000 D_fake: 0.000 \n"}
,{"stream_name":"stdout","time":9231.561275874,"data":"(epoch: 16, iters: 3840, time: 0.175, data: 0.005) G_GAN: 8.399 G_LPIPS: 44.731 D_real: 0.000 D_fake: 0.000 \n"}
,{"stream_name":"stdout","time":9231.561278278,"data":"(epoch: 16, iters: 3860, time: 0.240, data: 0.004) G_GAN: 9.819 G_LPIPS: 48.172 D_real: 0.000 D_fake: 0.000 \n"}
,{"stream_name":"stdout","time":9231.561280718,"data":"(epoch: 16, iters: 3880, time: 0.177, data: 0.003) G_GAN: 9.577 G_LPIPS: 50.850 D_real: 0.000 D_fake: 0.000 \n"}
,{"stream_name":"stdout","time":9231.561283129,"data":"(epoch: 16, iters: 3900, time: 0.178, data: 0.003) G_GAN: 9.910 G_LPIPS: 49.763 D_real: 0.000 D_fake: 0.000 \n"}
,{"stream_name":"stdout","time":9231.561285564,"data":"(epoch: 16, iters: 3920, time: 0.181, data: 0.003) G_GAN: 8.953 G_LPIPS: 45.494 D_real: 0.000 D_fake: 0.000 \n"}
,{"stream_name":"stdout","time":9231.561288066,"data":"(epoch: 16, iters: 3940, time: 0.227, data: 0.003) G_GAN: 11.476 G_LPIPS: 48.000 D_real: 0.000 D_fake: 0.000 \n"}
,{"stream_name":"stdout","time":9231.56129048,"data":"(epoch: 16, iters: 3960, time: 0.179, data: 0.003) G_GAN: 10.580 G_LPIPS: 51.101 D_real: 0.000 D_fake: 0.000 \n"}
,{"stream_name":"stdout","time":9231.561292893,"data":"(epoch: 16, iters: 3980, time: 0.178, data: 0.003) G_GAN: 9.799 G_LPIPS: 49.256 D_real: 0.000 D_fake: 0.000 \n"}
,{"stream_name":"stdout","time":9231.561295298,"data":"(epoch: 16, iters: 4000, time: 0.177, data: 0.004) G_GAN: 9.538 G_LPIPS: 50.097 D_real: 0.000 D_fake: 0.000 \n"}
,{"stream_name":"stdout","time":9231.56129781,"data":"(epoch: 16, iters: 4020, time: 0.236, data: 0.003) G_GAN: 10.714 G_LPIPS: 50.851 D_real: 0.000 D_fake: 0.000 \n"}
,{"stream_name":"stdout","time":9231.56130258,"data":"(epoch: 16, iters: 4040, time: 0.176, data: 0.003) G_GAN: 10.615 G_LPIPS: 49.478 D_real: 0.000 D_fake: 0.000 \n"}
,{"stream_name":"stdout","time":9231.561305106,"data":"(epoch: 16, iters: 4060, time: 0.178, data: 0.003) G_GAN: 10.601 G_LPIPS: 50.086 D_real: 0.000 D_fake: 0.000 \n"}
,{"stream_name":"stdout","time":9231.561307514,"data":"(epoch: 16, iters: 4080, time: 0.177, data: 0.004) G_GAN: 10.507 G_LPIPS: 48.092 D_real: 0.000 D_fake: 0.000 \n"}
,{"stream_name":"stdout","time":9231.561310026,"data":"(epoch: 16, iters: 4100, time: 0.228, data: 0.004) G_GAN: 9.125 G_LPIPS: 44.331 D_real: 0.001 D_fake: 0.000 \n"}
,{"stream_name":"stdout","time":9231.561312466,"data":"(epoch: 16, iters: 4120, time: 0.180, data: 0.003) G_GAN: 9.207 G_LPIPS: 48.400 D_real: 0.000 D_fake: 0.000 \n"}
,{"stream_name":"stdout","time":9231.561315176,"data":"(epoch: 16, iters: 4140, time: 0.174, data: 0.004) G_GAN: 11.158 G_LPIPS: 49.977 D_real: 0.000 D_fake: 0.000 \n"}
,{"stream_name":"stdout","time":9231.561317642,"data":"(epoch: 16, iters: 4160, time: 0.193, data: 0.003) G_GAN: 10.521 G_LPIPS: 52.233 D_real: 0.000 D_fake: 0.000 \n"}
,{"stream_name":"stdout","time":9231.561320151,"data":"(epoch: 16, iters: 4180, time: 0.234, data: 0.003) G_GAN: 10.585 G_LPIPS: 50.108 D_real: 0.000 D_fake: 0.000 \n"}
,{"stream_name":"stdout","time":9231.561322595,"data":"(epoch: 16, iters: 4200, time: 0.175, data: 0.003) G_GAN: 10.422 G_LPIPS: 48.074 D_real: 0.000 D_fake: 0.000 \n"}
,{"stream_name":"stdout","time":9231.561325016,"data":"(epoch: 16, iters: 4220, time: 0.181, data: 0.003) G_GAN: 7.959 G_LPIPS: 45.473 D_real: 0.000 D_fake: 0.001 \n"}
,{"stream_name":"stdout","time":9231.561327428,"data":"(epoch: 16, iters: 4240, time: 0.177, data: 0.003) G_GAN: 8.571 G_LPIPS: 47.394 D_real: 0.000 D_fake: 0.000 \n"}
,{"stream_name":"stdout","time":9231.561329922,"data":"(epoch: 16, iters: 4260, time: 0.235, data: 0.003) G_GAN: 9.941 G_LPIPS: 50.759 D_real: 0.000 D_fake: 0.000 \n"}
,{"stream_name":"stdout","time":9231.561332336,"data":"(epoch: 16, iters: 4280, time: 0.178, data: 0.003) G_GAN: 9.778 G_LPIPS: 50.592 D_real: 0.000 D_fake: 0.000 \n"}
,{"stream_name":"stdout","time":9231.561334795,"data":"(epoch: 16, iters: 4300, time: 0.197, data: 0.004) G_GAN: 10.694 G_LPIPS: 52.285 D_real: 0.000 D_fake: 0.000 \n"}
,{"stream_name":"stdout","time":9231.561337213,"data":"(epoch: 16, iters: 4320, time: 0.179, data: 0.003) G_GAN: 9.050 G_LPIPS: 47.821 D_real: 0.000 D_fake: 0.000 \n"}
,{"stream_name":"stdout","time":9231.561340596,"data":"(epoch: 16, iters: 4340, time: 0.177, data: 0.003) G_GAN: 10.646 G_LPIPS: 49.913 D_real: 0.000 D_fake: 0.000 \n"}
,{"stream_name":"stdout","time":9231.561344302,"data":"(epoch: 16, iters: 4360, time: 0.179, data: 0.003) G_GAN: 8.792 G_LPIPS: 43.714 D_real: 0.000 D_fake: 0.000 \n"}
,{"stream_name":"stdout","time":9231.561347237,"data":"(epoch: 16, iters: 4380, time: 0.178, data: 0.003) G_GAN: 9.361 G_LPIPS: 50.158 D_real: 0.000 D_fake: 0.000 \n"}
,{"stream_name":"stdout","time":9231.561349682,"data":"(epoch: 16, iters: 4400, time: 0.178, data: 0.003) G_GAN: 10.341 G_LPIPS: 51.812 D_real: 0.000 D_fake: 0.000 \n"}
,{"stream_name":"stdout","time":9231.561352085,"data":"(epoch: 16, iters: 4420, time: 0.179, data: 0.004) G_GAN: 10.753 G_LPIPS: 47.996 D_real: 0.000 D_fake: 0.000 \n"}
,{"stream_name":"stdout","time":9231.561354498,"data":"(epoch: 16, iters: 4440, time: 0.175, data: 0.003) G_GAN: 10.782 G_LPIPS: 47.574 D_real: 0.000 D_fake: 0.000 \n"}
,{"stream_name":"stdout","time":9231.561356911,"data":"(epoch: 16, iters: 4460, time: 0.180, data: 0.003) G_GAN: 9.514 G_LPIPS: 48.547 D_real: 0.000 D_fake: 0.000 \n"}
,{"stream_name":"stdout","time":9231.561359302,"data":"(epoch: 16, iters: 4480, time: 0.174, data: 0.004) G_GAN: 8.361 G_LPIPS: 46.096 D_real: 0.000 D_fake: 0.000 \n"}
,{"stream_name":"stdout","time":9388.176212916,"data":"(epoch: 16, iters: 4500, time: 0.175, data: 0.004) G_GAN: 9.551 G_LPIPS: 44.596 D_real: 0.000 D_fake: 0.000 \n"}
,{"stream_name":"stdout","time":9388.176267625,"data":"(epoch: 16, iters: 4520, time: 0.176, data: 0.004) G_GAN: 10.711 G_LPIPS: 53.428 D_real: 0.000 D_fake: 0.000 \n"}
,{"stream_name":"stdout","time":9388.176274988,"data":"(epoch: 16, iters: 4540, time: 0.174, data: 0.003) G_GAN: 11.238 G_LPIPS: 52.951 D_real: 0.000 D_fake: 0.000 \n"}
,{"stream_name":"stdout","time":9388.176280084,"data":"(epoch: 16, iters: 4560, time: 0.175, data: 0.004) G_GAN: 8.264 G_LPIPS: 44.358 D_real: 0.001 D_fake: 0.000 \n"}
,{"stream_name":"stdout","time":9388.176285073,"data":"(epoch: 16, iters: 4580, time: 0.173, data: 0.004) G_GAN: 8.493 G_LPIPS: 49.008 D_real: 0.000 D_fake: 0.000 \n"}
,{"stream_name":"stdout","time":9388.176289948,"data":"(epoch: 16, iters: 4600, time: 0.225, data: 0.003) G_GAN: 10.014 G_LPIPS: 50.583 D_real: 0.000 D_fake: 0.000 \n"}
,{"stream_name":"stdout","time":9388.176300434,"data":"(epoch: 16, iters: 4620, time: 0.175, data: 0.003) G_GAN: 8.436 G_LPIPS: 45.432 D_real: 0.000 D_fake: 0.000 \n"}
,{"stream_name":"stdout","time":9388.176304168,"data":"(epoch: 16, iters: 4640, time: 0.173, data: 0.004) G_GAN: 11.637 G_LPIPS: 53.283 D_real: 0.000 D_fake: 0.000 \n"}
,{"stream_name":"stdout","time":9388.176307548,"data":"(epoch: 16, iters: 4660, time: 0.174, data: 0.003) G_GAN: 10.526 G_LPIPS: 50.629 D_real: 0.000 D_fake: 0.000 \n"}
,{"stream_name":"stdout","time":9388.176310725,"data":"(epoch: 16, iters: 4680, time: 0.232, data: 0.003) G_GAN: 10.651 G_LPIPS: 49.113 D_real: 0.000 D_fake: 0.000 \n"}
,{"stream_name":"stdout","time":9388.176314025,"data":"(epoch: 16, iters: 4700, time: 0.175, data: 0.003) G_GAN: 9.417 G_LPIPS: 46.165 D_real: 0.000 D_fake: 0.000 \n"}
,{"stream_name":"stdout","time":9388.176317201,"data":"(epoch: 16, iters: 4720, time: 0.174, data: 0.003) G_GAN: 10.893 G_LPIPS: 47.836 D_real: 0.000 D_fake: 0.000 \n"}
,{"stream_name":"stdout","time":9388.17632031,"data":"(epoch: 16, iters: 4740, time: 0.175, data: 0.003) G_GAN: 8.986 G_LPIPS: 46.370 D_real: 0.000 D_fake: 0.000 \n"}
,{"stream_name":"stdout","time":9388.17632351,"data":"(epoch: 16, iters: 4760, time: 0.228, data: 0.003) G_GAN: 9.145 G_LPIPS: 46.909 D_real: 0.000 D_fake: 0.000 \n"}
,{"stream_name":"stdout","time":9388.176326623,"data":"(epoch: 16, iters: 4780, time: 0.174, data: 0.003) G_GAN: 9.759 G_LPIPS: 48.969 D_real: 0.000 D_fake: 0.000 \n"}
,{"stream_name":"stdout","time":9388.176329912,"data":"(epoch: 16, iters: 4800, time: 0.173, data: 0.004) G_GAN: 11.501 G_LPIPS: 48.818 D_real: 0.000 D_fake: 0.000 \n"}
,{"stream_name":"stdout","time":9388.17634699,"data":"(epoch: 16, iters: 4820, time: 0.174, data: 0.003) G_GAN: 10.346 G_LPIPS: 51.979 D_real: 0.000 D_fake: 0.000 \n"}
,{"stream_name":"stdout","time":9388.176353102,"data":"(epoch: 16, iters: 4840, time: 0.224, data: 0.003) G_GAN: 10.380 G_LPIPS: 45.498 D_real: 0.000 D_fake: 0.000 \n"}
,{"stream_name":"stdout","time":9388.176358158,"data":"(epoch: 16, iters: 4860, time: 0.175, data: 0.003) G_GAN: 8.861 G_LPIPS: 41.870 D_real: 0.003 D_fake: 0.000 \n"}
,{"stream_name":"stdout","time":9388.17636547,"data":"(epoch: 16, iters: 4880, time: 0.174, data: 0.003) G_GAN: 11.623 G_LPIPS: 48.251 D_real: 0.000 D_fake: 0.000 \n"}
,{"stream_name":"stdout","time":9388.176370966,"data":"(epoch: 16, iters: 4900, time: 0.175, data: 0.003) G_GAN: 10.338 G_LPIPS: 44.390 D_real: 0.001 D_fake: 0.000 \n"}
,{"stream_name":"stdout","time":9388.176376018,"data":"(epoch: 16, iters: 4920, time: 0.224, data: 0.003) G_GAN: 9.828 G_LPIPS: 48.643 D_real: 0.000 D_fake: 0.000 \n"}
,{"stream_name":"stdout","time":9388.176391584,"data":"(epoch: 16, iters: 4940, time: 0.175, data: 0.003) G_GAN: 11.200 G_LPIPS: 52.564 D_real: 0.000 D_fake: 0.000 \n"}
,{"stream_name":"stdout","time":9388.176395487,"data":"(epoch: 16, iters: 4960, time: 0.175, data: 0.003) G_GAN: 10.146 G_LPIPS: 45.980 D_real: 0.000 D_fake: 0.000 \n"}
,{"stream_name":"stdout","time":9388.176399414,"data":"(epoch: 16, iters: 4980, time: 0.175, data: 0.003) G_GAN: 10.386 G_LPIPS: 45.334 D_real: 0.000 D_fake: 0.000 \n"}
,{"stream_name":"stdout","time":9388.176403151,"data":"(epoch: 16, iters: 5000, time: 0.176, data: 0.003) G_GAN: 10.721 G_LPIPS: 44.927 D_real: 0.000 D_fake: 0.000 \n"}
,{"stream_name":"stdout","time":9388.176406921,"data":"(epoch: 16, iters: 5020, time: 0.174, data: 0.004) G_GAN: 10.004 G_LPIPS: 47.216 D_real: 0.000 D_fake: 0.000 \n"}
,{"stream_name":"stdout","time":9388.176410646,"data":"(epoch: 16, iters: 5040, time: 0.174, data: 0.003) G_GAN: 10.559 G_LPIPS: 43.696 D_real: 0.000 D_fake: 0.000 \n"}
,{"stream_name":"stdout","time":9388.176414455,"data":"(epoch: 16, iters: 5060, time: 0.174, data: 0.003) G_GAN: 11.552 G_LPIPS: 46.444 D_real: 0.001 D_fake: 0.000 \n"}
,{"stream_name":"stdout","time":9388.176425866,"data":"(epoch: 16, iters: 5080, time: 0.175, data: 0.003) G_GAN: 10.528 G_LPIPS: 49.897 D_real: 0.000 D_fake: 0.000 \n"}
,{"stream_name":"stdout","time":9388.176428889,"data":"(epoch: 16, iters: 5100, time: 0.175, data: 0.003) G_GAN: 10.514 G_LPIPS: 46.420 D_real: 0.000 D_fake: 0.000 \n"}
,{"stream_name":"stdout","time":9388.176431332,"data":"(epoch: 16, iters: 5120, time: 0.173, data: 0.004) G_GAN: 9.967 G_LPIPS: 51.124 D_real: 0.000 D_fake: 0.000 \n"}
,{"stream_name":"stdout","time":9388.176433792,"data":"(epoch: 16, iters: 5140, time: 0.175, data: 0.003) G_GAN: 11.395 G_LPIPS: 52.711 D_real: 0.000 D_fake: 0.000 \n"}
,{"stream_name":"stdout","time":9388.17644812,"data":"(epoch: 16, iters: 5160, time: 0.178, data: 0.003) G_GAN: 10.462 G_LPIPS: 48.773 D_real: 0.000 D_fake: 0.000 \n"}
,{"stream_name":"stdout","time":9388.176452534,"data":"(epoch: 16, iters: 5180, time: 0.231, data: 0.003) G_GAN: 7.742 G_LPIPS: 47.719 D_real: 0.000 D_fake: 0.001 \n"}
,{"stream_name":"stdout","time":9388.176457513,"data":"(epoch: 16, iters: 5200, time: 0.176, data: 0.003) G_GAN: 11.068 G_LPIPS: 50.552 D_real: 0.000 D_fake: 0.000 \n"}
,{"stream_name":"stdout","time":9388.17646166,"data":"(epoch: 16, iters: 5220, time: 0.174, data: 0.003) G_GAN: 12.074 G_LPIPS: 51.386 D_real: 0.000 D_fake: 0.000 \n"}
,{"stream_name":"stdout","time":9388.17646618,"data":"(epoch: 16, iters: 5240, time: 0.174, data: 0.003) G_GAN: 10.872 G_LPIPS: 50.821 D_real: 0.000 D_fake: 0.000 \n"}
,{"stream_name":"stdout","time":9388.176470942,"data":"(epoch: 16, iters: 5260, time: 0.225, data: 0.003) G_GAN: 11.362 G_LPIPS: 47.652 D_real: 0.000 D_fake: 0.000 \n"}
,{"stream_name":"stdout","time":9388.176474789,"data":"(epoch: 16, iters: 5280, time: 0.176, data: 0.004) G_GAN: 9.836 G_LPIPS: 46.831 D_real: 0.000 D_fake: 0.000 \n"}
,{"stream_name":"stdout","time":9388.176478522,"data":"(epoch: 16, iters: 5300, time: 0.175, data: 0.003) G_GAN: 10.941 G_LPIPS: 51.939 D_real: 0.000 D_fake: 0.000 \n"}
,{"stream_name":"stdout","time":9388.176482169,"data":"(epoch: 16, iters: 5320, time: 0.177, data: 0.003) G_GAN: 10.257 G_LPIPS: 51.581 D_real: 0.000 D_fake: 0.000 \n"}
,{"stream_name":"stdout","time":9388.17648589,"data":"(epoch: 16, iters: 5340, time: 0.224, data: 0.003) G_GAN: 10.349 G_LPIPS: 51.189 D_real: 0.000 D_fake: 0.000 \n"}
,{"stream_name":"stdout","time":9388.176489902,"data":"(epoch: 16, iters: 5360, time: 0.174, data: 0.003) G_GAN: 10.169 G_LPIPS: 44.534 D_real: 0.000 D_fake: 0.000 \n"}
,{"stream_name":"stdout","time":9388.176493616,"data":"(epoch: 16, iters: 5380, time: 0.175, data: 0.003) G_GAN: 10.975 G_LPIPS: 51.388 D_real: 0.000 D_fake: 0.000 \n"}
,{"stream_name":"stdout","time":9388.176511516,"data":"(epoch: 16, iters: 5400, time: 0.181, data: 0.003) G_GAN: 11.442 G_LPIPS: 50.562 D_real: 0.000 D_fake: 0.000 \n"}
,{"stream_name":"stdout","time":9388.176515081,"data":"(epoch: 16, iters: 5420, time: 0.226, data: 0.003) G_GAN: 10.292 G_LPIPS: 54.916 D_real: 0.000 D_fake: 0.000 \n"}
,{"stream_name":"stdout","time":9388.176518543,"data":"(epoch: 16, iters: 5440, time: 0.175, data: 0.003) G_GAN: 10.542 G_LPIPS: 46.011 D_real: 0.001 D_fake: 0.000 \n"}
,{"stream_name":"stdout","time":9388.17652208,"data":"(epoch: 16, iters: 5460, time: 0.175, data: 0.003) G_GAN: 10.753 G_LPIPS: 46.497 D_real: 0.001 D_fake: 0.000 \n"}
,{"stream_name":"stdout","time":9388.176530554,"data":"(epoch: 16, iters: 5480, time: 0.176, data: 0.003) G_GAN: 10.084 G_LPIPS: 49.286 D_real: 0.000 D_fake: 0.000 \n"}
,{"stream_name":"stdout","time":9388.176533614,"data":"(epoch: 16, iters: 5500, time: 0.174, data: 0.003) G_GAN: 11.688 G_LPIPS: 49.567 D_real: 0.000 D_fake: 0.000 \n"}
,{"stream_name":"stdout","time":9388.17654751,"data":"(epoch: 16, iters: 5520, time: 0.176, data: 0.003) G_GAN: 8.904 G_LPIPS: 44.892 D_real: 0.000 D_fake: 0.000 \n"}
,{"stream_name":"stdout","time":9388.176551792,"data":"(epoch: 16, iters: 5540, time: 0.181, data: 0.003) G_GAN: 10.957 G_LPIPS: 46.981 D_real: 0.001 D_fake: 0.000 \n"}
,{"stream_name":"stdout","time":9388.176555941,"data":"(epoch: 16, iters: 5560, time: 0.175, data: 0.003) G_GAN: 10.415 G_LPIPS: 51.103 D_real: 0.000 D_fake: 0.000 \n"}
,{"stream_name":"stdout","time":9388.176560185,"data":"(epoch: 16, iters: 5580, time: 0.132, data: 0.003) G_GAN: 10.994 G_LPIPS: 43.119 D_real: 0.000 D_fake: 0.000 \n"}
,{"stream_name":"stdout","time":9388.176564278,"data":"saving the model at the end of epoch 16, iters 89280\n"}
,{"stream_name":"stdout","time":9388.176567682,"data":"End of epoch 16 / 20 \t Time Taken: 813 sec\n"}
,{"stream_name":"stdout","time":9388.176571343,"data":"learning rate 0.0000364 -\u003e 0.0000273\n"}
,{"stream_name":"stdout","time":9608.536010309,"data":"(epoch: 17, iters: 20, time: 0.191, data: 0.262) G_GAN: 11.484 G_LPIPS: 48.063 D_real: 0.000 D_fake: 0.000 \n"}
,{"stream_name":"stdout","time":9608.536067372,"data":"(epoch: 17, iters: 40, time: 0.179, data: 0.001) G_GAN: 11.012 G_LPIPS: 50.841 D_real: 0.000 D_fake: 0.000 \n"}
,{"stream_name":"stdout","time":9608.536074082,"data":"(epoch: 17, iters: 60, time: 0.175, data: 0.003) G_GAN: 10.757 G_LPIPS: 49.590 D_real: 0.000 D_fake: 0.000 \n"}
,{"stream_name":"stdout","time":9608.536078884,"data":"(epoch: 17, iters: 80, time: 0.175, data: 0.003) G_GAN: 9.303 G_LPIPS: 48.978 D_real: 0.000 D_fake: 0.000 \n"}
,{"stream_name":"stdout","time":9608.536083443,"data":"(epoch: 17, iters: 100, time: 0.231, data: 0.003) G_GAN: 9.635 G_LPIPS: 46.529 D_real: 0.000 D_fake: 0.000 \n"}
,{"stream_name":"stdout","time":9608.536088643,"data":"(epoch: 17, iters: 120, time: 0.176, data: 0.003) G_GAN: 11.537 G_LPIPS: 51.372 D_real: 0.000 D_fake: 0.000 \n"}
,{"stream_name":"stdout","time":9608.536094919,"data":"(epoch: 17, iters: 140, time: 0.174, data: 0.003) G_GAN: 9.488 G_LPIPS: 46.805 D_real: 0.000 D_fake: 0.000 \n"}
,{"stream_name":"stdout","time":9608.536128041,"data":"(epoch: 17, iters: 160, time: 0.176, data: 0.003) G_GAN: 11.259 G_LPIPS: 53.032 D_real: 0.000 D_fake: 0.000 \n"}
,{"stream_name":"stdout","time":9608.536134962,"data":"(epoch: 17, iters: 180, time: 0.228, data: 0.003) G_GAN: 10.810 G_LPIPS: 50.023 D_real: 0.000 D_fake: 0.000 \n"}
,{"stream_name":"stdout","time":9608.536139679,"data":"(epoch: 17, iters: 200, time: 0.176, data: 0.004) G_GAN: 11.513 G_LPIPS: 49.849 D_real: 0.000 D_fake: 0.000 \n"}
,{"stream_name":"stdout","time":9608.53614414,"data":"(epoch: 17, iters: 220, time: 0.176, data: 0.003) G_GAN: 10.239 G_LPIPS: 47.739 D_real: 0.000 D_fake: 0.000 \n"}
,{"stream_name":"stdout","time":9608.536161896,"data":"(epoch: 17, iters: 240, time: 0.180, data: 0.003) G_GAN: 10.867 G_LPIPS: 44.407 D_real: 0.005 D_fake: 0.000 \n"}
,{"stream_name":"stdout","time":9608.536165582,"data":"(epoch: 17, iters: 260, time: 0.176, data: 0.003) G_GAN: 11.772 G_LPIPS: 50.619 D_real: 0.000 D_fake: 0.000 \n"}
,{"stream_name":"stdout","time":9608.536169281,"data":"(epoch: 17, iters: 280, time: 0.175, data: 0.003) G_GAN: 9.417 G_LPIPS: 49.629 D_real: 0.000 D_fake: 0.000 \n"}
,{"stream_name":"stdout","time":9608.536174501,"data":"(epoch: 17, iters: 300, time: 0.176, data: 0.003) G_GAN: 10.709 G_LPIPS: 50.342 D_real: 0.000 D_fake: 0.000 \n"}
,{"stream_name":"stdout","time":9608.536181631,"data":"(epoch: 17, iters: 320, time: 0.197, data: 0.003) G_GAN: 10.620 G_LPIPS: 49.760 D_real: 0.000 D_fake: 0.000 \n"}
,{"stream_name":"stdout","time":9608.536184221,"data":"(epoch: 17, iters: 340, time: 0.177, data: 0.003) G_GAN: 10.937 G_LPIPS: 51.136 D_real: 0.000 D_fake: 0.000 \n"}
,{"stream_name":"stdout","time":9608.536186611,"data":"(epoch: 17, iters: 360, time: 0.234, data: 0.003) G_GAN: 10.632 G_LPIPS: 54.790 D_real: 0.000 D_fake: 0.000 \n"}
,{"stream_name":"stdout","time":9608.536190587,"data":"(epoch: 17, iters: 380, time: 0.185, data: 0.004) G_GAN: 10.916 G_LPIPS: 54.746 D_real: 0.000 D_fake: 0.000 \n"}
,{"stream_name":"stdout","time":9608.536193142,"data":"(epoch: 17, iters: 400, time: 0.177, data: 0.003) G_GAN: 11.058 G_LPIPS: 50.344 D_real: 0.000 D_fake: 0.000 \n"}
,{"stream_name":"stdout","time":9608.53620953,"data":"(epoch: 17, iters: 420, time: 0.177, data: 0.003) G_GAN: 10.164 G_LPIPS: 51.564 D_real: 0.000 D_fake: 0.000 \n"}
,{"stream_name":"stdout","time":9608.536213641,"data":"(epoch: 17, iters: 440, time: 0.177, data: 0.003) G_GAN: 11.415 G_LPIPS: 50.512 D_real: 0.000 D_fake: 0.000 \n"}
,{"stream_name":"stdout","time":9608.53621777,"data":"(epoch: 17, iters: 460, time: 0.176, data: 0.003) G_GAN: 10.524 G_LPIPS: 50.563 D_real: 0.000 D_fake: 0.000 \n"}
,{"stream_name":"stdout","time":9608.536221591,"data":"(epoch: 17, iters: 480, time: 0.176, data: 0.003) G_GAN: 11.227 G_LPIPS: 48.034 D_real: 0.000 D_fake: 0.000 \n"}
,{"stream_name":"stdout","time":9608.536225959,"data":"(epoch: 17, iters: 500, time: 0.183, data: 0.003) G_GAN: 10.311 G_LPIPS: 48.673 D_real: 0.000 D_fake: 0.000 \n"}
,{"stream_name":"stdout","time":9608.536229593,"data":"(epoch: 17, iters: 520, time: 0.180, data: 0.003) G_GAN: 9.163 G_LPIPS: 46.757 D_real: 0.000 D_fake: 0.000 \n"}
,{"stream_name":"stdout","time":9608.536233122,"data":"(epoch: 17, iters: 540, time: 0.229, data: 0.003) G_GAN: 11.307 G_LPIPS: 50.679 D_real: 0.000 D_fake: 0.000 \n"}
,{"stream_name":"stdout","time":9608.536236589,"data":"(epoch: 17, iters: 560, time: 0.177, data: 0.003) G_GAN: 9.594 G_LPIPS: 47.952 D_real: 0.000 D_fake: 0.000 \n"}
,{"stream_name":"stdout","time":9608.536240107,"data":"(epoch: 17, iters: 580, time: 0.180, data: 0.004) G_GAN: 10.569 G_LPIPS: 49.512 D_real: 0.000 D_fake: 0.000 \n"}
,{"stream_name":"stdout","time":9608.536243752,"data":"(epoch: 17, iters: 600, time: 0.180, data: 0.003) G_GAN: 10.823 G_LPIPS: 53.312 D_real: 0.000 D_fake: 0.000 \n"}
,{"stream_name":"stdout","time":9608.536247271,"data":"(epoch: 17, iters: 620, time: 0.228, data: 0.003) G_GAN: 10.874 G_LPIPS: 49.546 D_real: 0.000 D_fake: 0.000 \n"}
,{"stream_name":"stdout","time":9608.536250735,"data":"(epoch: 17, iters: 640, time: 0.177, data: 0.003) G_GAN: 9.537 G_LPIPS: 48.484 D_real: 0.000 D_fake: 0.000 \n"}
,{"stream_name":"stdout","time":9608.536254331,"data":"(epoch: 17, iters: 660, time: 0.176, data: 0.003) G_GAN: 9.696 G_LPIPS: 47.919 D_real: 0.000 D_fake: 0.000 \n"}
,{"stream_name":"stdout","time":9608.53625783,"data":"(epoch: 17, iters: 680, time: 0.177, data: 0.003) G_GAN: 9.610 G_LPIPS: 45.684 D_real: 0.000 D_fake: 0.000 \n"}
,{"stream_name":"stdout","time":9608.536265164,"data":"(epoch: 17, iters: 700, time: 0.210, data: 0.003) G_GAN: 7.403 G_LPIPS: 38.595 D_real: 0.002 D_fake: 0.001 \n"}
,{"stream_name":"stdout","time":9608.536268684,"data":"(epoch: 17, iters: 720, time: 0.196, data: 0.003) G_GAN: 9.119 G_LPIPS: 50.319 D_real: 0.000 D_fake: 0.000 \n"}
,{"stream_name":"stdout","time":9608.53627221,"data":"saving the latest model (epoch 17, total_iters 90000)\n"}
,{"stream_name":"stdout","time":9608.536275625,"data":"(epoch: 17, iters: 740, time: 0.177, data: 0.003) G_GAN: 11.144 G_LPIPS: 49.899 D_real: 0.000 D_fake: 0.000 \n"}
,{"stream_name":"stdout","time":9608.536279684,"data":"(epoch: 17, iters: 760, time: 0.176, data: 0.004) G_GAN: 9.925 G_LPIPS: 48.990 D_real: 0.000 D_fake: 0.000 \n"}
,{"stream_name":"stdout","time":9608.536287977,"data":"(epoch: 17, iters: 780, time: 0.176, data: 0.003) G_GAN: 9.039 G_LPIPS: 45.865 D_real: 0.000 D_fake: 0.000 \n"}
,{"stream_name":"stdout","time":9608.536304882,"data":"(epoch: 17, iters: 800, time: 0.233, data: 0.003) G_GAN: 8.996 G_LPIPS: 45.807 D_real: 0.000 D_fake: 0.000 \n"}
,{"stream_name":"stdout","time":9608.536309018,"data":"(epoch: 17, iters: 820, time: 0.179, data: 0.004) G_GAN: 10.866 G_LPIPS: 48.327 D_real: 0.000 D_fake: 0.000 \n"}
,{"stream_name":"stdout","time":9608.536312978,"data":"(epoch: 17, iters: 840, time: 0.176, data: 0.003) G_GAN: 10.986 G_LPIPS: 50.966 D_real: 0.000 D_fake: 0.000 \n"}
,{"stream_name":"stdout","time":9608.536317485,"data":"(epoch: 17, iters: 860, time: 0.178, data: 0.003) G_GAN: 9.166 G_LPIPS: 44.326 D_real: 0.000 D_fake: 0.000 \n"}
,{"stream_name":"stdout","time":9608.536321397,"data":"(epoch: 17, iters: 880, time: 0.227, data: 0.004) G_GAN: 10.239 G_LPIPS: 50.035 D_real: 0.000 D_fake: 0.000 \n"}
,{"stream_name":"stdout","time":9608.536325414,"data":"(epoch: 17, iters: 900, time: 0.175, data: 0.003) G_GAN: 10.159 G_LPIPS: 47.619 D_real: 0.000 D_fake: 0.000 \n"}
,{"stream_name":"stdout","time":9608.536329747,"data":"(epoch: 17, iters: 920, time: 0.176, data: 0.004) G_GAN: 9.230 G_LPIPS: 49.003 D_real: 0.000 D_fake: 0.000 \n"}
,{"stream_name":"stdout","time":9608.536333548,"data":"(epoch: 17, iters: 940, time: 0.177, data: 0.004) G_GAN: 10.789 G_LPIPS: 47.310 D_real: 0.000 D_fake: 0.000 \n"}
,{"stream_name":"stdout","time":9608.536336994,"data":"(epoch: 17, iters: 960, time: 0.176, data: 0.003) G_GAN: 9.920 G_LPIPS: 48.019 D_real: 0.000 D_fake: 0.000 \n"}
,{"stream_name":"stdout","time":9608.536340294,"data":"(epoch: 17, iters: 980, time: 0.176, data: 0.003) G_GAN: 10.397 G_LPIPS: 50.415 D_real: 0.000 D_fake: 0.000 \n"}
,{"stream_name":"stdout","time":9608.536343544,"data":"(epoch: 17, iters: 1000, time: 0.177, data: 0.003) G_GAN: 9.980 G_LPIPS: 46.929 D_real: 0.000 D_fake: 0.000 \n"}
,{"stream_name":"stdout","time":9608.536346683,"data":"(epoch: 17, iters: 1020, time: 0.177, data: 0.003) G_GAN: 8.427 G_LPIPS: 49.911 D_real: 0.000 D_fake: 0.000 \n"}
,{"stream_name":"stdout","time":9608.536350124,"data":"(epoch: 17, iters: 1040, time: 0.184, data: 0.003) G_GAN: 9.758 G_LPIPS: 48.612 D_real: 0.000 D_fake: 0.000 \n"}
,{"stream_name":"stdout","time":9608.536353354,"data":"(epoch: 17, iters: 1060, time: 0.231, data: 0.003) G_GAN: 11.031 G_LPIPS: 50.232 D_real: 0.000 D_fake: 0.000 \n"}
,{"stream_name":"stdout","time":9608.536356884,"data":"(epoch: 17, iters: 1080, time: 0.177, data: 0.003) G_GAN: 11.305 G_LPIPS: 51.367 D_real: 0.000 D_fake: 0.000 \n"}
,{"stream_name":"stdout","time":9608.536361251,"data":"(epoch: 17, iters: 1100, time: 0.178, data: 0.003) G_GAN: 10.693 G_LPIPS: 50.762 D_real: 0.000 D_fake: 0.000 \n"}
,{"stream_name":"stdout","time":9608.536364409,"data":"(epoch: 17, iters: 1120, time: 0.177, data: 0.003) G_GAN: 11.001 G_LPIPS: 53.130 D_real: 0.000 D_fake: 0.000 \n"}
,{"stream_name":"stdout","time":9608.536372517,"data":"(epoch: 17, iters: 1140, time: 0.176, data: 0.003) G_GAN: 10.620 G_LPIPS: 48.489 D_real: 0.000 D_fake: 0.000 \n"}
,{"stream_name":"stdout","time":9608.536375982,"data":"(epoch: 17, iters: 1160, time: 0.176, data: 0.003) G_GAN: 11.019 G_LPIPS: 50.942 D_real: 0.000 D_fake: 0.000 \n"}
,{"stream_name":"stdout","time":9608.536379059,"data":"(epoch: 17, iters: 1180, time: 0.176, data: 0.003) G_GAN: 10.650 G_LPIPS: 48.824 D_real: 0.000 D_fake: 0.000 \n"}
,{"stream_name":"stdout","time":9608.536382944,"data":"(epoch: 17, iters: 1200, time: 0.177, data: 0.003) G_GAN: 8.725 G_LPIPS: 49.590 D_real: 0.000 D_fake: 0.001 \n"}
,{"stream_name":"stdout","time":9608.536386474,"data":"(epoch: 17, iters: 1220, time: 0.176, data: 0.004) G_GAN: 9.520 G_LPIPS: 49.127 D_real: 0.000 D_fake: 0.000 \n"}
,{"stream_name":"stdout","time":9608.536389974,"data":"(epoch: 17, iters: 1240, time: 0.226, data: 0.003) G_GAN: 10.572 G_LPIPS: 50.400 D_real: 0.000 D_fake: 0.000 \n"}
,{"stream_name":"stdout","time":9608.53639365,"data":"(epoch: 17, iters: 1260, time: 0.176, data: 0.003) G_GAN: 11.061 G_LPIPS: 49.779 D_real: 0.000 D_fake: 0.000 \n"}
,{"stream_name":"stdout","time":9608.536396735,"data":"(epoch: 17, iters: 1280, time: 0.175, data: 0.003) G_GAN: 10.638 G_LPIPS: 50.193 D_real: 0.000 D_fake: 0.000 \n"}
,{"stream_name":"stdout","time":9608.536399754,"data":"(epoch: 17, iters: 1300, time: 0.176, data: 0.003) G_GAN: 10.087 G_LPIPS: 48.848 D_real: 0.000 D_fake: 0.000 \n"}
,{"stream_name":"stdout","time":9608.536403207,"data":"(epoch: 17, iters: 1320, time: 0.176, data: 0.003) G_GAN: 9.244 G_LPIPS: 47.543 D_real: 0.000 D_fake: 0.000 \n"}
,{"stream_name":"stdout","time":9608.536406351,"data":"(epoch: 17, iters: 1340, time: 0.177, data: 0.003) G_GAN: 10.520 G_LPIPS: 49.227 D_real: 0.000 D_fake: 0.000 \n"}
,{"stream_name":"stdout","time":9608.536410349,"data":"(epoch: 17, iters: 1360, time: 0.177, data: 0.003) G_GAN: 11.164 G_LPIPS: 47.730 D_real: 0.000 D_fake: 0.000 \n"}
,{"stream_name":"stdout","time":9608.536413689,"data":"(epoch: 17, iters: 1380, time: 0.178, data: 0.004) G_GAN: 9.767 G_LPIPS: 47.972 D_real: 0.000 D_fake: 0.000 \n"}
,{"stream_name":"stdout","time":9608.536416814,"data":"(epoch: 17, iters: 1400, time: 0.178, data: 0.003) G_GAN: 10.454 G_LPIPS: 49.520 D_real: 0.000 D_fake: 0.000 \n"}
,{"stream_name":"stdout","time":9608.536420001,"data":"(epoch: 17, iters: 1420, time: 0.230, data: 0.003) G_GAN: 10.716 G_LPIPS: 50.785 D_real: 0.000 D_fake: 0.000 \n"}
,{"stream_name":"stdout","time":9608.536423181,"data":"(epoch: 17, iters: 1440, time: 0.177, data: 0.003) G_GAN: 10.284 G_LPIPS: 48.145 D_real: 0.000 D_fake: 0.000 \n"}
,{"stream_name":"stdout","time":9608.536426409,"data":"(epoch: 17, iters: 1460, time: 0.177, data: 0.004) G_GAN: 9.554 G_LPIPS: 48.700 D_real: 0.000 D_fake: 0.000 \n"}
,{"stream_name":"stdout","time":9608.536429484,"data":"(epoch: 17, iters: 1480, time: 0.176, data: 0.003) G_GAN: 10.420 G_LPIPS: 48.831 D_real: 0.000 D_fake: 0.000 \n"}
,{"stream_name":"stdout","time":9829.781878187,"data":"(epoch: 17, iters: 1500, time: 0.177, data: 0.003) G_GAN: 8.634 G_LPIPS: 47.675 D_real: 0.000 D_fake: 0.000 \n"}
,{"stream_name":"stdout","time":9829.781929074,"data":"(epoch: 17, iters: 1520, time: 0.184, data: 0.003) G_GAN: 9.771 G_LPIPS: 50.861 D_real: 0.000 D_fake: 0.000 \n"}
,{"stream_name":"stdout","time":9829.781934693,"data":"(epoch: 17, iters: 1540, time: 0.178, data: 0.003) G_GAN: 10.964 G_LPIPS: 49.568 D_real: 0.000 D_fake: 0.000 \n"}
,{"stream_name":"stdout","time":9829.781938644,"data":"(epoch: 17, iters: 1560, time: 0.177, data: 0.003) G_GAN: 10.656 G_LPIPS: 45.747 D_real: 0.000 D_fake: 0.000 \n"}
,{"stream_name":"stdout","time":9829.781942339,"data":"(epoch: 17, iters: 1580, time: 0.178, data: 0.003) G_GAN: 8.642 G_LPIPS: 44.132 D_real: 0.000 D_fake: 0.000 \n"}
,{"stream_name":"stdout","time":9829.781958114,"data":"(epoch: 17, iters: 1600, time: 0.228, data: 0.003) G_GAN: 8.865 G_LPIPS: 46.961 D_real: 0.000 D_fake: 0.000 \n"}
,{"stream_name":"stdout","time":9829.781961133,"data":"(epoch: 17, iters: 1620, time: 0.180, data: 0.003) G_GAN: 9.989 G_LPIPS: 50.812 D_real: 0.000 D_fake: 0.000 \n"}
,{"stream_name":"stdout","time":9829.781963861,"data":"(epoch: 17, iters: 1640, time: 0.179, data: 0.005) G_GAN: 8.570 G_LPIPS: 47.859 D_real: 0.000 D_fake: 0.000 \n"}
,{"stream_name":"stdout","time":9829.781966564,"data":"(epoch: 17, iters: 1660, time: 0.177, data: 0.004) G_GAN: 9.615 G_LPIPS: 47.830 D_real: 0.000 D_fake: 0.000 \n"}
,{"stream_name":"stdout","time":9829.781969383,"data":"(epoch: 17, iters: 1680, time: 0.177, data: 0.003) G_GAN: 9.192 G_LPIPS: 47.871 D_real: 0.000 D_fake: 0.000 \n"}
,{"stream_name":"stdout","time":9829.781972374,"data":"(epoch: 17, iters: 1700, time: 0.233, data: 0.003) G_GAN: 10.505 G_LPIPS: 50.717 D_real: 0.000 D_fake: 0.000 \n"}
,{"stream_name":"stdout","time":9829.781975091,"data":"(epoch: 17, iters: 1720, time: 0.178, data: 0.003) G_GAN: 10.352 G_LPIPS: 46.066 D_real: 0.000 D_fake: 0.000 \n"}
,{"stream_name":"stdout","time":9829.781977785,"data":"(epoch: 17, iters: 1740, time: 0.176, data: 0.003) G_GAN: 9.262 G_LPIPS: 45.824 D_real: 0.000 D_fake: 0.000 \n"}
,{"stream_name":"stdout","time":9829.781980561,"data":"(epoch: 17, iters: 1760, time: 0.179, data: 0.003) G_GAN: 8.943 G_LPIPS: 48.036 D_real: 0.000 D_fake: 0.000 \n"}
,{"stream_name":"stdout","time":9829.781983261,"data":"(epoch: 17, iters: 1780, time: 0.228, data: 0.003) G_GAN: 10.618 G_LPIPS: 50.239 D_real: 0.000 D_fake: 0.000 \n"}
,{"stream_name":"stdout","time":9829.78198596,"data":"(epoch: 17, iters: 1800, time: 0.178, data: 0.004) G_GAN: 10.413 G_LPIPS: 49.130 D_real: 0.000 D_fake: 0.000 \n"}
,{"stream_name":"stdout","time":9829.781988659,"data":"(epoch: 17, iters: 1820, time: 0.178, data: 0.003) G_GAN: 10.921 G_LPIPS: 49.538 D_real: 0.000 D_fake: 0.000 \n"}
,{"stream_name":"stdout","time":9829.781991462,"data":"(epoch: 17, iters: 1840, time: 0.178, data: 0.004) G_GAN: 11.279 G_LPIPS: 52.249 D_real: 0.000 D_fake: 0.000 \n"}
,{"stream_name":"stdout","time":9829.781994155,"data":"(epoch: 17, iters: 1860, time: 0.179, data: 0.003) G_GAN: 9.501 G_LPIPS: 45.122 D_real: 0.000 D_fake: 0.000 \n"}
,{"stream_name":"stdout","time":9829.781998135,"data":"(epoch: 17, iters: 1880, time: 0.230, data: 0.003) G_GAN: 11.623 G_LPIPS: 53.164 D_real: 0.000 D_fake: 0.000 \n"}
,{"stream_name":"stdout","time":9829.782000904,"data":"(epoch: 17, iters: 1900, time: 0.176, data: 0.003) G_GAN: 10.825 G_LPIPS: 48.490 D_real: 0.000 D_fake: 0.000 \n"}
,{"stream_name":"stdout","time":9829.782003706,"data":"(epoch: 17, iters: 1920, time: 0.176, data: 0.003) G_GAN: 9.701 G_LPIPS: 52.104 D_real: 0.000 D_fake: 0.000 \n"}
,{"stream_name":"stdout","time":9829.782006621,"data":"(epoch: 17, iters: 1940, time: 0.178, data: 0.003) G_GAN: 10.776 G_LPIPS: 50.963 D_real: 0.000 D_fake: 0.000 \n"}
,{"stream_name":"stdout","time":9829.782009366,"data":"(epoch: 17, iters: 1960, time: 0.176, data: 0.003) G_GAN: 9.358 G_LPIPS: 49.397 D_real: 0.000 D_fake: 0.000 \n"}
,{"stream_name":"stdout","time":9829.782012053,"data":"(epoch: 17, iters: 1980, time: 0.177, data: 0.003) G_GAN: 10.597 G_LPIPS: 52.790 D_real: 0.000 D_fake: 0.000 \n"}
,{"stream_name":"stdout","time":9829.782014865,"data":"(epoch: 17, iters: 2000, time: 0.176, data: 0.003) G_GAN: 10.664 G_LPIPS: 48.686 D_real: 0.000 D_fake: 0.000 \n"}
,{"stream_name":"stdout","time":9829.782017551,"data":"(epoch: 17, iters: 2020, time: 0.176, data: 0.003) G_GAN: 9.789 G_LPIPS: 49.706 D_real: 0.000 D_fake: 0.000 \n"}
,{"stream_name":"stdout","time":9829.782020333,"data":"(epoch: 17, iters: 2040, time: 0.177, data: 0.003) G_GAN: 10.217 G_LPIPS: 50.768 D_real: 0.000 D_fake: 0.000 \n"}
,{"stream_name":"stdout","time":9829.782026144,"data":"(epoch: 17, iters: 2060, time: 0.230, data: 0.003) G_GAN: 11.552 G_LPIPS: 50.036 D_real: 0.000 D_fake: 0.000 \n"}
,{"stream_name":"stdout","time":9829.782028996,"data":"(epoch: 17, iters: 2080, time: 0.176, data: 0.003) G_GAN: 11.020 G_LPIPS: 50.927 D_real: 0.000 D_fake: 0.000 \n"}
,{"stream_name":"stdout","time":9829.78203171,"data":"(epoch: 17, iters: 2100, time: 0.179, data: 0.004) G_GAN: 9.746 G_LPIPS: 50.433 D_real: 0.000 D_fake: 0.000 \n"}
,{"stream_name":"stdout","time":9829.7820344,"data":"(epoch: 17, iters: 2120, time: 0.177, data: 0.004) G_GAN: 11.198 G_LPIPS: 49.424 D_real: 0.000 D_fake: 0.000 \n"}
,{"stream_name":"stdout","time":9829.782037093,"data":"(epoch: 17, iters: 2140, time: 0.178, data: 0.003) G_GAN: 10.383 G_LPIPS: 48.258 D_real: 0.000 D_fake: 0.000 \n"}
,{"stream_name":"stdout","time":9829.782039809,"data":"(epoch: 17, iters: 2160, time: 0.230, data: 0.003) G_GAN: 10.291 G_LPIPS: 49.072 D_real: 0.000 D_fake: 0.000 \n"}
,{"stream_name":"stdout","time":9829.782042495,"data":"(epoch: 17, iters: 2180, time: 0.178, data: 0.003) G_GAN: 10.827 G_LPIPS: 47.656 D_real: 0.000 D_fake: 0.000 \n"}
,{"stream_name":"stdout","time":9829.78204518,"data":"(epoch: 17, iters: 2200, time: 0.183, data: 0.003) G_GAN: 9.867 G_LPIPS: 48.481 D_real: 0.000 D_fake: 0.000 \n"}
,{"stream_name":"stdout","time":9829.782047864,"data":"(epoch: 17, iters: 2220, time: 0.177, data: 0.003) G_GAN: 10.925 G_LPIPS: 51.585 D_real: 0.000 D_fake: 0.000 \n"}
,{"stream_name":"stdout","time":9829.782050547,"data":"(epoch: 17, iters: 2240, time: 0.230, data: 0.003) G_GAN: 10.272 G_LPIPS: 48.203 D_real: 0.000 D_fake: 0.000 \n"}
,{"stream_name":"stdout","time":9829.782053603,"data":"(epoch: 17, iters: 2260, time: 0.178, data: 0.003) G_GAN: 11.169 G_LPIPS: 50.814 D_real: 0.000 D_fake: 0.000 \n"}
,{"stream_name":"stdout","time":9829.782056348,"data":"(epoch: 17, iters: 2280, time: 0.177, data: 0.003) G_GAN: 9.117 G_LPIPS: 50.843 D_real: 0.000 D_fake: 0.000 \n"}
,{"stream_name":"stdout","time":9829.782059049,"data":"(epoch: 17, iters: 2300, time: 0.177, data: 0.003) G_GAN: 10.459 G_LPIPS: 47.658 D_real: 0.000 D_fake: 0.000 \n"}
,{"stream_name":"stdout","time":9829.782061763,"data":"(epoch: 17, iters: 2320, time: 0.179, data: 0.003) G_GAN: 9.964 G_LPIPS: 47.774 D_real: 0.000 D_fake: 0.000 \n"}
,{"stream_name":"stdout","time":9829.782064447,"data":"(epoch: 17, iters: 2340, time: 0.232, data: 0.004) G_GAN: 10.456 G_LPIPS: 50.624 D_real: 0.000 D_fake: 0.000 \n"}
,{"stream_name":"stdout","time":9829.782067157,"data":"(epoch: 17, iters: 2360, time: 0.177, data: 0.003) G_GAN: 9.763 G_LPIPS: 46.360 D_real: 0.000 D_fake: 0.000 \n"}
,{"stream_name":"stdout","time":9829.782069853,"data":"(epoch: 17, iters: 2380, time: 0.178, data: 0.003) G_GAN: 8.599 G_LPIPS: 48.152 D_real: 0.000 D_fake: 0.000 \n"}
,{"stream_name":"stdout","time":9829.782072527,"data":"(epoch: 17, iters: 2400, time: 0.180, data: 0.004) G_GAN: 11.538 G_LPIPS: 49.039 D_real: 0.000 D_fake: 0.000 \n"}
,{"stream_name":"stdout","time":9829.782075234,"data":"(epoch: 17, iters: 2420, time: 0.179, data: 0.003) G_GAN: 11.350 G_LPIPS: 49.915 D_real: 0.000 D_fake: 0.000 \n"}
,{"stream_name":"stdout","time":9829.782077915,"data":"(epoch: 17, iters: 2440, time: 0.177, data: 0.003) G_GAN: 7.278 G_LPIPS: 45.293 D_real: 0.000 D_fake: 0.001 \n"}
,{"stream_name":"stdout","time":9829.782080601,"data":"(epoch: 17, iters: 2460, time: 0.178, data: 0.004) G_GAN: 11.459 G_LPIPS: 52.228 D_real: 0.000 D_fake: 0.000 \n"}
,{"stream_name":"stdout","time":9829.782083308,"data":"(epoch: 17, iters: 2480, time: 0.178, data: 0.003) G_GAN: 9.909 G_LPIPS: 48.579 D_real: 0.000 D_fake: 0.000 \n"}
,{"stream_name":"stdout","time":9829.782086001,"data":"(epoch: 17, iters: 2500, time: 0.177, data: 0.003) G_GAN: 9.163 G_LPIPS: 44.375 D_real: 0.000 D_fake: 0.000 \n"}
,{"stream_name":"stdout","time":9829.782134076,"data":"(epoch: 17, iters: 2520, time: 0.229, data: 0.003) G_GAN: 9.903 G_LPIPS: 50.855 D_real: 0.000 D_fake: 0.000 \n"}
,{"stream_name":"stdout","time":9829.78213908,"data":"(epoch: 17, iters: 2540, time: 0.185, data: 0.003) G_GAN: 8.729 G_LPIPS: 47.614 D_real: 0.000 D_fake: 0.000 \n"}
,{"stream_name":"stdout","time":9829.782143464,"data":"(epoch: 17, iters: 2560, time: 0.177, data: 0.003) G_GAN: 8.822 G_LPIPS: 44.772 D_real: 0.000 D_fake: 0.000 \n"}
,{"stream_name":"stdout","time":9829.782147161,"data":"(epoch: 17, iters: 2580, time: 0.179, data: 0.003) G_GAN: 11.748 G_LPIPS: 51.304 D_real: 0.000 D_fake: 0.000 \n"}
,{"stream_name":"stdout","time":9829.782150679,"data":"(epoch: 17, iters: 2600, time: 0.178, data: 0.003) G_GAN: 11.049 G_LPIPS: 52.170 D_real: 0.000 D_fake: 0.000 \n"}
,{"stream_name":"stdout","time":9829.782154376,"data":"(epoch: 17, iters: 2620, time: 0.231, data: 0.003) G_GAN: 11.891 G_LPIPS: 53.928 D_real: 0.000 D_fake: 0.000 \n"}
,{"stream_name":"stdout","time":9829.78215946,"data":"(epoch: 17, iters: 2640, time: 0.177, data: 0.004) G_GAN: 10.845 G_LPIPS: 52.207 D_real: 0.000 D_fake: 0.000 \n"}
,{"stream_name":"stdout","time":9829.782163382,"data":"(epoch: 17, iters: 2660, time: 0.178, data: 0.004) G_GAN: 10.563 G_LPIPS: 51.226 D_real: 0.000 D_fake: 0.000 \n"}
,{"stream_name":"stdout","time":9829.782166893,"data":"(epoch: 17, iters: 2680, time: 0.177, data: 0.003) G_GAN: 8.596 G_LPIPS: 47.251 D_real: 0.000 D_fake: 0.000 \n"}
,{"stream_name":"stdout","time":9829.782170781,"data":"(epoch: 17, iters: 2700, time: 0.178, data: 0.004) G_GAN: 10.172 G_LPIPS: 49.010 D_real: 0.000 D_fake: 0.000 \n"}
,{"stream_name":"stdout","time":9829.782174713,"data":"(epoch: 17, iters: 2720, time: 0.197, data: 0.004) G_GAN: 9.614 G_LPIPS: 44.385 D_real: 0.000 D_fake: 0.000 \n"}
,{"stream_name":"stdout","time":9829.782178767,"data":"(epoch: 17, iters: 2740, time: 0.179, data: 0.003) G_GAN: 10.676 G_LPIPS: 49.724 D_real: 0.000 D_fake: 0.000 \n"}
,{"stream_name":"stdout","time":9829.782182484,"data":"(epoch: 17, iters: 2760, time: 0.180, data: 0.003) G_GAN: 8.904 G_LPIPS: 47.101 D_real: 0.001 D_fake: 0.000 \n"}
,{"stream_name":"stdout","time":9829.782186287,"data":"(epoch: 17, iters: 2780, time: 0.178, data: 0.003) G_GAN: 10.217 G_LPIPS: 46.794 D_real: 0.000 D_fake: 0.000 \n"}
,{"stream_name":"stdout","time":9829.782190921,"data":"(epoch: 17, iters: 2800, time: 0.231, data: 0.003) G_GAN: 10.168 G_LPIPS: 47.313 D_real: 0.000 D_fake: 0.000 \n"}
,{"stream_name":"stdout","time":9829.782195137,"data":"(epoch: 17, iters: 2820, time: 0.180, data: 0.004) G_GAN: 10.083 G_LPIPS: 46.550 D_real: 0.001 D_fake: 0.000 \n"}
,{"stream_name":"stdout","time":9829.782199269,"data":"(epoch: 17, iters: 2840, time: 0.180, data: 0.003) G_GAN: 10.355 G_LPIPS: 50.782 D_real: 0.000 D_fake: 0.000 \n"}
,{"stream_name":"stdout","time":9829.782203634,"data":"(epoch: 17, iters: 2860, time: 0.181, data: 0.004) G_GAN: 9.611 G_LPIPS: 48.101 D_real: 0.000 D_fake: 0.000 \n"}
,{"stream_name":"stdout","time":9829.782207774,"data":"(epoch: 17, iters: 2880, time: 0.181, data: 0.004) G_GAN: 10.974 G_LPIPS: 50.779 D_real: 0.000 D_fake: 0.000 \n"}
,{"stream_name":"stdout","time":9829.782211802,"data":"(epoch: 17, iters: 2900, time: 0.236, data: 0.003) G_GAN: 10.925 G_LPIPS: 51.175 D_real: 0.000 D_fake: 0.000 \n"}
,{"stream_name":"stdout","time":9829.782215939,"data":"(epoch: 17, iters: 2920, time: 0.181, data: 0.004) G_GAN: 10.830 G_LPIPS: 51.976 D_real: 0.000 D_fake: 0.000 \n"}
,{"stream_name":"stdout","time":9829.782219805,"data":"(epoch: 17, iters: 2940, time: 0.179, data: 0.003) G_GAN: 11.139 G_LPIPS: 53.173 D_real: 0.000 D_fake: 0.000 \n"}
,{"stream_name":"stdout","time":9829.782224419,"data":"(epoch: 17, iters: 2960, time: 0.182, data: 0.003) G_GAN: 9.850 G_LPIPS: 49.684 D_real: 0.000 D_fake: 0.000 \n"}
,{"stream_name":"stdout","time":9829.782232524,"data":"(epoch: 17, iters: 2980, time: 0.181, data: 0.003) G_GAN: 9.340 G_LPIPS: 50.416 D_real: 0.000 D_fake: 0.000 \n"}
,{"stream_name":"stdout","time":10050.824873936,"data":"(epoch: 17, iters: 3000, time: 0.183, data: 0.003) G_GAN: 8.773 G_LPIPS: 52.839 D_real: 0.000 D_fake: 0.000 \n"}
,{"stream_name":"stdout","time":10050.824927324,"data":"(epoch: 17, iters: 3020, time: 0.178, data: 0.003) G_GAN: 11.493 G_LPIPS: 50.358 D_real: 0.000 D_fake: 0.000 \n"}
,{"stream_name":"stdout","time":10050.824933835,"data":"(epoch: 17, iters: 3040, time: 0.179, data: 0.003) G_GAN: 10.675 G_LPIPS: 49.065 D_real: 0.000 D_fake: 0.000 \n"}
,{"stream_name":"stdout","time":10050.824938584,"data":"(epoch: 17, iters: 3060, time: 0.181, data: 0.003) G_GAN: 11.005 G_LPIPS: 47.805 D_real: 0.000 D_fake: 0.000 \n"}
,{"stream_name":"stdout","time":10050.824945912,"data":"(epoch: 17, iters: 3080, time: 0.228, data: 0.003) G_GAN: 8.610 G_LPIPS: 48.060 D_real: 0.000 D_fake: 0.000 \n"}
,{"stream_name":"stdout","time":10050.824949557,"data":"(epoch: 17, iters: 3100, time: 0.182, data: 0.003) G_GAN: 10.417 G_LPIPS: 46.393 D_real: 0.000 D_fake: 0.000 \n"}
,{"stream_name":"stdout","time":10050.824952722,"data":"(epoch: 17, iters: 3120, time: 0.179, data: 0.003) G_GAN: 10.898 G_LPIPS: 49.965 D_real: 0.000 D_fake: 0.000 \n"}
,{"stream_name":"stdout","time":10050.824955688,"data":"(epoch: 17, iters: 3140, time: 0.178, data: 0.004) G_GAN: 11.595 G_LPIPS: 51.779 D_real: 0.000 D_fake: 0.000 \n"}
,{"stream_name":"stdout","time":10050.824958712,"data":"(epoch: 17, iters: 3160, time: 0.179, data: 0.003) G_GAN: 9.381 G_LPIPS: 48.026 D_real: 0.000 D_fake: 0.000 \n"}
,{"stream_name":"stdout","time":10050.824961654,"data":"(epoch: 17, iters: 3180, time: 0.227, data: 0.004) G_GAN: 11.207 G_LPIPS: 51.488 D_real: 0.000 D_fake: 0.000 \n"}
,{"stream_name":"stdout","time":10050.824964595,"data":"(epoch: 17, iters: 3200, time: 0.177, data: 0.003) G_GAN: 9.870 G_LPIPS: 44.576 D_real: 0.000 D_fake: 0.000 \n"}
,{"stream_name":"stdout","time":10050.8249676,"data":"(epoch: 17, iters: 3220, time: 0.176, data: 0.003) G_GAN: 10.085 G_LPIPS: 50.203 D_real: 0.000 D_fake: 0.000 \n"}
,{"stream_name":"stdout","time":10050.824970532,"data":"(epoch: 17, iters: 3240, time: 0.177, data: 0.003) G_GAN: 11.391 G_LPIPS: 49.428 D_real: 0.000 D_fake: 0.000 \n"}
,{"stream_name":"stdout","time":10050.824973482,"data":"(epoch: 17, iters: 3260, time: 0.186, data: 0.003) G_GAN: 11.255 G_LPIPS: 54.779 D_real: 0.000 D_fake: 0.000 \n"}
,{"stream_name":"stdout","time":10050.824976406,"data":"(epoch: 17, iters: 3280, time: 0.238, data: 0.003) G_GAN: 8.050 G_LPIPS: 50.351 D_real: 0.000 D_fake: 0.000 \n"}
,{"stream_name":"stdout","time":10050.824991899,"data":"(epoch: 17, iters: 3300, time: 0.183, data: 0.003) G_GAN: 11.634 G_LPIPS: 51.061 D_real: 0.000 D_fake: 0.000 \n"}
,{"stream_name":"stdout","time":10050.824997759,"data":"(epoch: 17, iters: 3320, time: 0.178, data: 0.003) G_GAN: 10.946 G_LPIPS: 46.484 D_real: 0.000 D_fake: 0.000 \n"}
,{"stream_name":"stdout","time":10050.825002813,"data":"(epoch: 17, iters: 3340, time: 0.177, data: 0.003) G_GAN: 9.099 G_LPIPS: 50.132 D_real: 0.000 D_fake: 0.000 \n"}
,{"stream_name":"stdout","time":10050.825007986,"data":"(epoch: 17, iters: 3360, time: 0.179, data: 0.003) G_GAN: 11.126 G_LPIPS: 46.971 D_real: 0.000 D_fake: 0.000 \n"}
,{"stream_name":"stdout","time":10050.825014115,"data":"(epoch: 17, iters: 3380, time: 0.176, data: 0.003) G_GAN: 8.580 G_LPIPS: 44.146 D_real: 0.000 D_fake: 0.000 \n"}
,{"stream_name":"stdout","time":10050.825018814,"data":"(epoch: 17, iters: 3400, time: 0.178, data: 0.003) G_GAN: 9.327 G_LPIPS: 46.803 D_real: 0.000 D_fake: 0.000 \n"}
,{"stream_name":"stdout","time":10050.825032665,"data":"(epoch: 17, iters: 3420, time: 0.177, data: 0.003) G_GAN: 9.903 G_LPIPS: 49.334 D_real: 0.000 D_fake: 0.000 \n"}
,{"stream_name":"stdout","time":10050.825036395,"data":"(epoch: 17, iters: 3440, time: 0.176, data: 0.003) G_GAN: 9.653 G_LPIPS: 49.591 D_real: 0.000 D_fake: 0.000 \n"}
,{"stream_name":"stdout","time":10050.825043086,"data":"(epoch: 17, iters: 3460, time: 0.231, data: 0.003) G_GAN: 11.248 G_LPIPS: 49.382 D_real: 0.000 D_fake: 0.000 \n"}
,{"stream_name":"stdout","time":10050.825045476,"data":"(epoch: 17, iters: 3480, time: 0.180, data: 0.004) G_GAN: 10.756 G_LPIPS: 48.376 D_real: 0.000 D_fake: 0.000 \n"}
,{"stream_name":"stdout","time":10050.825047787,"data":"(epoch: 17, iters: 3500, time: 0.178, data: 0.004) G_GAN: 11.003 G_LPIPS: 49.467 D_real: 0.000 D_fake: 0.000 \n"}
,{"stream_name":"stdout","time":10050.825050139,"data":"(epoch: 17, iters: 3520, time: 0.178, data: 0.003) G_GAN: 9.788 G_LPIPS: 48.135 D_real: 0.000 D_fake: 0.000 \n"}
,{"stream_name":"stdout","time":10050.825052444,"data":"(epoch: 17, iters: 3540, time: 0.178, data: 0.003) G_GAN: 9.496 G_LPIPS: 49.340 D_real: 0.000 D_fake: 0.000 \n"}
,{"stream_name":"stdout","time":10050.825054738,"data":"(epoch: 17, iters: 3560, time: 0.228, data: 0.003) G_GAN: 10.693 G_LPIPS: 55.195 D_real: 0.000 D_fake: 0.000 \n"}
,{"stream_name":"stdout","time":10050.825057058,"data":"(epoch: 17, iters: 3580, time: 0.177, data: 0.003) G_GAN: 9.563 G_LPIPS: 48.277 D_real: 0.000 D_fake: 0.000 \n"}
,{"stream_name":"stdout","time":10050.82505935,"data":"(epoch: 17, iters: 3600, time: 0.177, data: 0.003) G_GAN: 11.152 G_LPIPS: 53.198 D_real: 0.000 D_fake: 0.000 \n"}
,{"stream_name":"stdout","time":10050.825061653,"data":"(epoch: 17, iters: 3620, time: 0.177, data: 0.003) G_GAN: 8.533 G_LPIPS: 48.039 D_real: 0.000 D_fake: 0.000 \n"}
,{"stream_name":"stdout","time":10050.825063946,"data":"(epoch: 17, iters: 3640, time: 0.177, data: 0.003) G_GAN: 10.921 G_LPIPS: 51.647 D_real: 0.000 D_fake: 0.000 \n"}
,{"stream_name":"stdout","time":10050.825066248,"data":"(epoch: 17, iters: 3660, time: 0.227, data: 0.003) G_GAN: 11.140 G_LPIPS: 49.586 D_real: 0.000 D_fake: 0.000 \n"}
,{"stream_name":"stdout","time":10050.82506854,"data":"(epoch: 17, iters: 3680, time: 0.178, data: 0.003) G_GAN: 9.320 G_LPIPS: 48.282 D_real: 0.000 D_fake: 0.000 \n"}
,{"stream_name":"stdout","time":10050.825070884,"data":"(epoch: 17, iters: 3700, time: 0.178, data: 0.004) G_GAN: 9.867 G_LPIPS: 48.964 D_real: 0.000 D_fake: 0.000 \n"}
,{"stream_name":"stdout","time":10050.825076319,"data":"(epoch: 17, iters: 3720, time: 0.177, data: 0.004) G_GAN: 9.546 G_LPIPS: 48.982 D_real: 0.000 D_fake: 0.000 \n"}
,{"stream_name":"stdout","time":10050.825089707,"data":"(epoch: 17, iters: 3740, time: 0.177, data: 0.003) G_GAN: 9.818 G_LPIPS: 47.782 D_real: 0.000 D_fake: 0.000 \n"}
,{"stream_name":"stdout","time":10050.825109765,"data":"(epoch: 17, iters: 3760, time: 0.228, data: 0.004) G_GAN: 9.876 G_LPIPS: 44.587 D_real: 0.000 D_fake: 0.000 \n"}
,{"stream_name":"stdout","time":10050.825114727,"data":"(epoch: 17, iters: 3780, time: 0.178, data: 0.003) G_GAN: 11.378 G_LPIPS: 52.184 D_real: 0.000 D_fake: 0.000 \n"}
,{"stream_name":"stdout","time":10050.825120945,"data":"(epoch: 17, iters: 3800, time: 0.177, data: 0.003) G_GAN: 10.256 G_LPIPS: 51.117 D_real: 0.000 D_fake: 0.000 \n"}
,{"stream_name":"stdout","time":10050.825124664,"data":"(epoch: 17, iters: 3820, time: 0.178, data: 0.003) G_GAN: 10.195 G_LPIPS: 49.230 D_real: 0.000 D_fake: 0.000 \n"}
,{"stream_name":"stdout","time":10050.825128254,"data":"(epoch: 17, iters: 3840, time: 0.177, data: 0.004) G_GAN: 11.515 G_LPIPS: 51.133 D_real: 0.000 D_fake: 0.000 \n"}
,{"stream_name":"stdout","time":10050.825131715,"data":"(epoch: 17, iters: 3860, time: 0.177, data: 0.003) G_GAN: 10.411 G_LPIPS: 53.423 D_real: 0.000 D_fake: 0.000 \n"}
,{"stream_name":"stdout","time":10050.825139491,"data":"(epoch: 17, iters: 3880, time: 0.177, data: 0.003) G_GAN: 9.094 G_LPIPS: 45.666 D_real: 0.000 D_fake: 0.000 \n"}
,{"stream_name":"stdout","time":10050.825143249,"data":"(epoch: 17, iters: 3900, time: 0.176, data: 0.003) G_GAN: 11.085 G_LPIPS: 49.232 D_real: 0.000 D_fake: 0.000 \n"}
,{"stream_name":"stdout","time":10050.825146755,"data":"(epoch: 17, iters: 3920, time: 0.177, data: 0.003) G_GAN: 11.266 G_LPIPS: 48.814 D_real: 0.000 D_fake: 0.000 \n"}
,{"stream_name":"stdout","time":10050.825150283,"data":"(epoch: 17, iters: 3940, time: 0.228, data: 0.003) G_GAN: 11.655 G_LPIPS: 53.513 D_real: 0.000 D_fake: 0.000 \n"}
,{"stream_name":"stdout","time":10050.825153835,"data":"(epoch: 17, iters: 3960, time: 0.186, data: 0.004) G_GAN: 10.561 G_LPIPS: 48.134 D_real: 0.000 D_fake: 0.000 \n"}
,{"stream_name":"stdout","time":10050.825157339,"data":"(epoch: 17, iters: 3980, time: 0.179, data: 0.003) G_GAN: 10.741 G_LPIPS: 48.228 D_real: 0.000 D_fake: 0.000 \n"}
,{"stream_name":"stdout","time":10050.825160891,"data":"(epoch: 17, iters: 4000, time: 0.178, data: 0.004) G_GAN: 8.905 G_LPIPS: 46.219 D_real: 0.000 D_fake: 0.000 \n"}
,{"stream_name":"stdout","time":10050.825167929,"data":"(epoch: 17, iters: 4020, time: 0.178, data: 0.003) G_GAN: 11.166 G_LPIPS: 50.387 D_real: 0.000 D_fake: 0.000 \n"}
,{"stream_name":"stdout","time":10050.825170862,"data":"(epoch: 17, iters: 4040, time: 0.231, data: 0.003) G_GAN: 10.929 G_LPIPS: 50.483 D_real: 0.000 D_fake: 0.000 \n"}
,{"stream_name":"stdout","time":10050.82517326,"data":"(epoch: 17, iters: 4060, time: 0.178, data: 0.003) G_GAN: 10.739 G_LPIPS: 47.771 D_real: 0.000 D_fake: 0.000 \n"}
,{"stream_name":"stdout","time":10050.825175629,"data":"(epoch: 17, iters: 4080, time: 0.178, data: 0.003) G_GAN: 10.548 G_LPIPS: 47.359 D_real: 0.000 D_fake: 0.000 \n"}
,{"stream_name":"stdout","time":10050.825177904,"data":"(epoch: 17, iters: 4100, time: 0.178, data: 0.003) G_GAN: 11.411 G_LPIPS: 52.290 D_real: 0.000 D_fake: 0.000 \n"}
,{"stream_name":"stdout","time":10050.825180288,"data":"(epoch: 17, iters: 4120, time: 0.178, data: 0.003) G_GAN: 10.244 G_LPIPS: 44.428 D_real: 0.000 D_fake: 0.000 \n"}
,{"stream_name":"stdout","time":10050.825193758,"data":"(epoch: 17, iters: 4140, time: 0.229, data: 0.003) G_GAN: 10.837 G_LPIPS: 50.037 D_real: 0.000 D_fake: 0.000 \n"}
,{"stream_name":"stdout","time":10050.825198305,"data":"(epoch: 17, iters: 4160, time: 0.178, data: 0.003) G_GAN: 10.010 G_LPIPS: 48.192 D_real: 0.000 D_fake: 0.000 \n"}
,{"stream_name":"stdout","time":10050.825202147,"data":"(epoch: 17, iters: 4180, time: 0.178, data: 0.003) G_GAN: 11.654 G_LPIPS: 48.109 D_real: 0.000 D_fake: 0.000 \n"}
,{"stream_name":"stdout","time":10050.825206607,"data":"(epoch: 17, iters: 4200, time: 0.178, data: 0.003) G_GAN: 10.701 G_LPIPS: 48.997 D_real: 0.000 D_fake: 0.000 \n"}
,{"stream_name":"stdout","time":10050.825210533,"data":"(epoch: 17, iters: 4220, time: 0.179, data: 0.003) G_GAN: 10.804 G_LPIPS: 49.808 D_real: 0.000 D_fake: 0.000 \n"}
,{"stream_name":"stdout","time":10050.825214319,"data":"(epoch: 17, iters: 4240, time: 0.229, data: 0.003) G_GAN: 9.855 G_LPIPS: 48.667 D_real: 0.000 D_fake: 0.000 \n"}
,{"stream_name":"stdout","time":10050.82521805,"data":"(epoch: 17, iters: 4260, time: 0.178, data: 0.003) G_GAN: 10.128 G_LPIPS: 46.546 D_real: 0.000 D_fake: 0.000 \n"}
,{"stream_name":"stdout","time":10050.825221467,"data":"(epoch: 17, iters: 4280, time: 0.178, data: 0.003) G_GAN: 9.301 G_LPIPS: 47.932 D_real: 0.000 D_fake: 0.000 \n"}
,{"stream_name":"stdout","time":10050.825225399,"data":"(epoch: 17, iters: 4300, time: 0.179, data: 0.003) G_GAN: 10.753 G_LPIPS: 51.757 D_real: 0.000 D_fake: 0.000 \n"}
,{"stream_name":"stdout","time":10050.825228897,"data":"(epoch: 17, iters: 4320, time: 0.177, data: 0.003) G_GAN: 9.763 G_LPIPS: 50.113 D_real: 0.000 D_fake: 0.000 \n"}
,{"stream_name":"stdout","time":10050.825236,"data":"(epoch: 17, iters: 4340, time: 0.230, data: 0.003) G_GAN: 9.764 G_LPIPS: 46.831 D_real: 0.000 D_fake: 0.000 \n"}
,{"stream_name":"stdout","time":10050.82523927,"data":"(epoch: 17, iters: 4360, time: 0.178, data: 0.003) G_GAN: 9.656 G_LPIPS: 47.594 D_real: 0.000 D_fake: 0.000 \n"}
,{"stream_name":"stdout","time":10050.825242705,"data":"(epoch: 17, iters: 4380, time: 0.177, data: 0.003) G_GAN: 11.620 G_LPIPS: 52.035 D_real: 0.000 D_fake: 0.000 \n"}
,{"stream_name":"stdout","time":10050.825247125,"data":"(epoch: 17, iters: 4400, time: 0.178, data: 0.003) G_GAN: 10.730 G_LPIPS: 53.614 D_real: 0.000 D_fake: 0.000 \n"}
,{"stream_name":"stdout","time":10050.825250462,"data":"(epoch: 17, iters: 4420, time: 0.177, data: 0.003) G_GAN: 10.165 G_LPIPS: 49.416 D_real: 0.000 D_fake: 0.000 \n"}
,{"stream_name":"stdout","time":10050.825253927,"data":"(epoch: 17, iters: 4440, time: 0.230, data: 0.003) G_GAN: 10.564 G_LPIPS: 47.634 D_real: 0.000 D_fake: 0.000 \n"}
,{"stream_name":"stdout","time":10050.825257401,"data":"(epoch: 17, iters: 4460, time: 0.178, data: 0.003) G_GAN: 9.032 G_LPIPS: 48.628 D_real: 0.000 D_fake: 0.000 \n"}
,{"stream_name":"stdout","time":10050.82526141,"data":"(epoch: 17, iters: 4480, time: 0.177, data: 0.003) G_GAN: 11.640 G_LPIPS: 51.829 D_real: 0.000 D_fake: 0.000 \n"}
,{"stream_name":"stdout","time":10213.426953561,"data":"(epoch: 17, iters: 4500, time: 0.177, data: 0.003) G_GAN: 9.428 G_LPIPS: 46.560 D_real: 0.000 D_fake: 0.000 \n"}
,{"stream_name":"stdout","time":10213.426996023,"data":"(epoch: 17, iters: 4520, time: 0.177, data: 0.003) G_GAN: 8.602 G_LPIPS: 44.391 D_real: 0.000 D_fake: 0.000 \n"}
,{"stream_name":"stdout","time":10213.427000341,"data":"(epoch: 17, iters: 4540, time: 0.227, data: 0.003) G_GAN: 8.606 G_LPIPS: 52.977 D_real: 0.000 D_fake: 0.000 \n"}
,{"stream_name":"stdout","time":10213.427003729,"data":"(epoch: 17, iters: 4560, time: 0.178, data: 0.003) G_GAN: 9.598 G_LPIPS: 49.911 D_real: 0.000 D_fake: 0.000 \n"}
,{"stream_name":"stdout","time":10213.427006748,"data":"(epoch: 17, iters: 4580, time: 0.178, data: 0.003) G_GAN: 9.320 G_LPIPS: 48.534 D_real: 0.000 D_fake: 0.000 \n"}
,{"stream_name":"stdout","time":10213.427009771,"data":"(epoch: 17, iters: 4600, time: 0.178, data: 0.003) G_GAN: 9.212 G_LPIPS: 46.973 D_real: 0.000 D_fake: 0.000 \n"}
,{"stream_name":"stdout","time":10213.427012695,"data":"(epoch: 17, iters: 4620, time: 0.178, data: 0.003) G_GAN: 11.808 G_LPIPS: 51.439 D_real: 0.000 D_fake: 0.000 \n"}
,{"stream_name":"stdout","time":10213.427015654,"data":"(epoch: 17, iters: 4640, time: 0.233, data: 0.003) G_GAN: 10.800 G_LPIPS: 51.252 D_real: 0.000 D_fake: 0.000 \n"}
,{"stream_name":"stdout","time":10213.427018575,"data":"(epoch: 17, iters: 4660, time: 0.178, data: 0.003) G_GAN: 10.530 G_LPIPS: 50.369 D_real: 0.000 D_fake: 0.000 \n"}
,{"stream_name":"stdout","time":10213.427021616,"data":"(epoch: 17, iters: 4680, time: 0.178, data: 0.003) G_GAN: 10.113 G_LPIPS: 49.196 D_real: 0.000 D_fake: 0.000 \n"}
,{"stream_name":"stdout","time":10213.427024576,"data":"(epoch: 17, iters: 4700, time: 0.178, data: 0.003) G_GAN: 9.821 G_LPIPS: 46.651 D_real: 0.000 D_fake: 0.000 \n"}
,{"stream_name":"stdout","time":10213.427027599,"data":"(epoch: 17, iters: 4720, time: 0.198, data: 0.003) G_GAN: 10.338 G_LPIPS: 46.868 D_real: 0.000 D_fake: 0.000 \n"}
,{"stream_name":"stdout","time":10213.427030523,"data":"(epoch: 17, iters: 4740, time: 0.178, data: 0.003) G_GAN: 7.335 G_LPIPS: 47.464 D_real: 0.000 D_fake: 0.001 \n"}
,{"stream_name":"stdout","time":10213.427033551,"data":"(epoch: 17, iters: 4760, time: 0.178, data: 0.003) G_GAN: 9.524 G_LPIPS: 47.945 D_real: 0.000 D_fake: 0.000 \n"}
,{"stream_name":"stdout","time":10213.427036472,"data":"(epoch: 17, iters: 4780, time: 0.177, data: 0.003) G_GAN: 11.050 G_LPIPS: 48.077 D_real: 0.000 D_fake: 0.000 \n"}
,{"stream_name":"stdout","time":10213.427047425,"data":"(epoch: 17, iters: 4800, time: 0.178, data: 0.003) G_GAN: 11.287 G_LPIPS: 49.817 D_real: 0.000 D_fake: 0.000 \n"}
,{"stream_name":"stdout","time":10213.427049997,"data":"(epoch: 17, iters: 4820, time: 0.178, data: 0.003) G_GAN: 10.579 G_LPIPS: 46.337 D_real: 0.000 D_fake: 0.000 \n"}
,{"stream_name":"stdout","time":10213.427052516,"data":"(epoch: 17, iters: 4840, time: 0.189, data: 0.003) G_GAN: 11.096 G_LPIPS: 50.070 D_real: 0.000 D_fake: 0.000 \n"}
,{"stream_name":"stdout","time":10213.42705481,"data":"(epoch: 17, iters: 4860, time: 0.228, data: 0.003) G_GAN: 7.847 G_LPIPS: 45.951 D_real: 0.000 D_fake: 0.001 \n"}
,{"stream_name":"stdout","time":10213.427057978,"data":"(epoch: 17, iters: 4880, time: 0.179, data: 0.003) G_GAN: 9.082 G_LPIPS: 45.634 D_real: 0.000 D_fake: 0.000 \n"}
,{"stream_name":"stdout","time":10213.427060315,"data":"(epoch: 17, iters: 4900, time: 0.178, data: 0.003) G_GAN: 11.067 G_LPIPS: 51.145 D_real: 0.000 D_fake: 0.000 \n"}
,{"stream_name":"stdout","time":10213.427062596,"data":"(epoch: 17, iters: 4920, time: 0.177, data: 0.003) G_GAN: 10.529 G_LPIPS: 51.052 D_real: 0.000 D_fake: 0.000 \n"}
,{"stream_name":"stdout","time":10213.427065048,"data":"(epoch: 17, iters: 4940, time: 0.181, data: 0.003) G_GAN: 10.138 G_LPIPS: 50.690 D_real: 0.000 D_fake: 0.000 \n"}
,{"stream_name":"stdout","time":10213.427067325,"data":"(epoch: 17, iters: 4960, time: 0.231, data: 0.003) G_GAN: 10.481 G_LPIPS: 48.236 D_real: 0.000 D_fake: 0.000 \n"}
,{"stream_name":"stdout","time":10213.4270696,"data":"(epoch: 17, iters: 4980, time: 0.178, data: 0.003) G_GAN: 9.979 G_LPIPS: 50.176 D_real: 0.000 D_fake: 0.000 \n"}
,{"stream_name":"stdout","time":10213.427071908,"data":"(epoch: 17, iters: 5000, time: 0.179, data: 0.003) G_GAN: 9.925 G_LPIPS: 50.345 D_real: 0.000 D_fake: 0.000 \n"}
,{"stream_name":"stdout","time":10213.42707417,"data":"(epoch: 17, iters: 5020, time: 0.179, data: 0.003) G_GAN: 8.808 G_LPIPS: 46.118 D_real: 0.000 D_fake: 0.000 \n"}
,{"stream_name":"stdout","time":10213.427076449,"data":"(epoch: 17, iters: 5040, time: 0.178, data: 0.003) G_GAN: 10.396 G_LPIPS: 49.378 D_real: 0.000 D_fake: 0.000 \n"}
,{"stream_name":"stdout","time":10213.427078724,"data":"(epoch: 17, iters: 5060, time: 0.228, data: 0.004) G_GAN: 7.810 G_LPIPS: 47.011 D_real: 0.000 D_fake: 0.001 \n"}
,{"stream_name":"stdout","time":10213.427081097,"data":"(epoch: 17, iters: 5080, time: 0.180, data: 0.003) G_GAN: 9.861 G_LPIPS: 48.163 D_real: 0.000 D_fake: 0.000 \n"}
,{"stream_name":"stdout","time":10213.427083378,"data":"(epoch: 17, iters: 5100, time: 0.190, data: 0.004) G_GAN: 11.161 G_LPIPS: 48.663 D_real: 0.000 D_fake: 0.000 \n"}
,{"stream_name":"stdout","time":10213.427085658,"data":"(epoch: 17, iters: 5120, time: 0.189, data: 0.004) G_GAN: 9.823 G_LPIPS: 48.432 D_real: 0.000 D_fake: 0.000 \n"}
,{"stream_name":"stdout","time":10213.427121828,"data":"(epoch: 17, iters: 5140, time: 0.181, data: 0.004) G_GAN: 9.256 G_LPIPS: 50.750 D_real: 0.000 D_fake: 0.000 \n"}
,{"stream_name":"stdout","time":10213.427129245,"data":"(epoch: 17, iters: 5160, time: 0.240, data: 0.003) G_GAN: 10.811 G_LPIPS: 49.011 D_real: 0.000 D_fake: 0.000 \n"}
,{"stream_name":"stdout","time":10213.42713378,"data":"(epoch: 17, iters: 5180, time: 0.184, data: 0.004) G_GAN: 9.368 G_LPIPS: 47.955 D_real: 0.000 D_fake: 0.000 \n"}
,{"stream_name":"stdout","time":10213.427137031,"data":"(epoch: 17, iters: 5200, time: 0.187, data: 0.003) G_GAN: 11.133 G_LPIPS: 52.274 D_real: 0.000 D_fake: 0.000 \n"}
,{"stream_name":"stdout","time":10213.427140593,"data":"(epoch: 17, iters: 5220, time: 0.180, data: 0.004) G_GAN: 10.705 G_LPIPS: 47.206 D_real: 0.000 D_fake: 0.000 \n"}
,{"stream_name":"stdout","time":10213.427144132,"data":"(epoch: 17, iters: 5240, time: 0.178, data: 0.004) G_GAN: 11.342 G_LPIPS: 49.069 D_real: 0.000 D_fake: 0.000 \n"}
,{"stream_name":"stdout","time":10213.427153801,"data":"(epoch: 17, iters: 5260, time: 0.178, data: 0.003) G_GAN: 9.372 G_LPIPS: 50.491 D_real: 0.000 D_fake: 0.000 \n"}
,{"stream_name":"stdout","time":10213.427157538,"data":"(epoch: 17, iters: 5280, time: 0.229, data: 0.003) G_GAN: 8.257 G_LPIPS: 48.202 D_real: 0.000 D_fake: 0.000 \n"}
,{"stream_name":"stdout","time":10213.427162838,"data":"(epoch: 17, iters: 5300, time: 0.179, data: 0.003) G_GAN: 9.523 G_LPIPS: 48.778 D_real: 0.000 D_fake: 0.000 \n"}
,{"stream_name":"stdout","time":10213.427169606,"data":"(epoch: 17, iters: 5320, time: 0.178, data: 0.003) G_GAN: 11.125 G_LPIPS: 52.404 D_real: 0.000 D_fake: 0.000 \n"}
,{"stream_name":"stdout","time":10213.427172236,"data":"(epoch: 17, iters: 5340, time: 0.178, data: 0.003) G_GAN: 7.758 G_LPIPS: 48.634 D_real: 0.000 D_fake: 0.001 \n"}
,{"stream_name":"stdout","time":10213.427174507,"data":"(epoch: 17, iters: 5360, time: 0.178, data: 0.003) G_GAN: 10.620 G_LPIPS: 51.523 D_real: 0.000 D_fake: 0.000 \n"}
,{"stream_name":"stdout","time":10213.427176822,"data":"(epoch: 17, iters: 5380, time: 0.228, data: 0.003) G_GAN: 9.447 G_LPIPS: 47.381 D_real: 0.000 D_fake: 0.000 \n"}
,{"stream_name":"stdout","time":10213.427179186,"data":"(epoch: 17, iters: 5400, time: 0.179, data: 0.003) G_GAN: 10.902 G_LPIPS: 49.944 D_real: 0.000 D_fake: 0.000 \n"}
,{"stream_name":"stdout","time":10213.427181449,"data":"(epoch: 17, iters: 5420, time: 0.178, data: 0.003) G_GAN: 11.314 G_LPIPS: 51.786 D_real: 0.000 D_fake: 0.000 \n"}
,{"stream_name":"stdout","time":10213.427183707,"data":"(epoch: 17, iters: 5440, time: 0.178, data: 0.003) G_GAN: 9.378 G_LPIPS: 50.259 D_real: 0.000 D_fake: 0.000 \n"}
,{"stream_name":"stdout","time":10213.427185978,"data":"(epoch: 17, iters: 5460, time: 0.178, data: 0.003) G_GAN: 9.185 G_LPIPS: 44.372 D_real: 0.001 D_fake: 0.000 \n"}
,{"stream_name":"stdout","time":10213.427188336,"data":"(epoch: 17, iters: 5480, time: 0.229, data: 0.003) G_GAN: 11.345 G_LPIPS: 48.725 D_real: 0.000 D_fake: 0.000 \n"}
,{"stream_name":"stdout","time":10213.427190609,"data":"(epoch: 17, iters: 5500, time: 0.179, data: 0.003) G_GAN: 9.582 G_LPIPS: 46.982 D_real: 0.000 D_fake: 0.000 \n"}
,{"stream_name":"stdout","time":10213.427192869,"data":"(epoch: 17, iters: 5520, time: 0.179, data: 0.003) G_GAN: 9.725 G_LPIPS: 49.592 D_real: 0.000 D_fake: 0.000 \n"}
,{"stream_name":"stdout","time":10213.427195119,"data":"(epoch: 17, iters: 5540, time: 0.178, data: 0.003) G_GAN: 10.132 G_LPIPS: 45.519 D_real: 0.000 D_fake: 0.000 \n"}
,{"stream_name":"stdout","time":10213.427197472,"data":"(epoch: 17, iters: 5560, time: 0.178, data: 0.003) G_GAN: 9.218 G_LPIPS: 49.875 D_real: 0.000 D_fake: 0.000 \n"}
,{"stream_name":"stdout","time":10213.427199729,"data":"(epoch: 17, iters: 5580, time: 0.186, data: 0.003) G_GAN: 11.896 G_LPIPS: 54.151 D_real: 0.000 D_fake: 0.000 \n"}
,{"stream_name":"stdout","time":10213.427202006,"data":"saving the model at the end of epoch 17, iters 94860\n"}
,{"stream_name":"stdout","time":10213.427204263,"data":"End of epoch 17 / 20 \t Time Taken: 825 sec\n"}
,{"stream_name":"stdout","time":10213.427207103,"data":"learning rate 0.0000273 -\u003e 0.0000182\n"}
,{"stream_name":"stdout","time":10438.842071853,"data":"(epoch: 18, iters: 20, time: 0.177, data: 0.260) G_GAN: 8.535 G_LPIPS: 48.097 D_real: 0.000 D_fake: 0.000 \n"}
,{"stream_name":"stdout","time":10438.842139494,"data":"(epoch: 18, iters: 40, time: 0.178, data: 0.004) G_GAN: 11.038 G_LPIPS: 50.873 D_real: 0.000 D_fake: 0.000 \n"}
,{"stream_name":"stdout","time":10438.84214627,"data":"(epoch: 18, iters: 60, time: 0.178, data: 0.003) G_GAN: 9.541 G_LPIPS: 45.933 D_real: 0.000 D_fake: 0.000 \n"}
,{"stream_name":"stdout","time":10438.842152589,"data":"(epoch: 18, iters: 80, time: 0.180, data: 0.003) G_GAN: 9.455 G_LPIPS: 42.749 D_real: 0.000 D_fake: 0.000 \n"}
,{"stream_name":"stdout","time":10438.842174664,"data":"(epoch: 18, iters: 100, time: 0.182, data: 0.003) G_GAN: 8.174 G_LPIPS: 45.360 D_real: 0.000 D_fake: 0.000 \n"}
,{"stream_name":"stdout","time":10438.842178304,"data":"(epoch: 18, iters: 120, time: 0.229, data: 0.003) G_GAN: 10.336 G_LPIPS: 49.146 D_real: 0.000 D_fake: 0.000 \n"}
,{"stream_name":"stdout","time":10438.842182312,"data":"(epoch: 18, iters: 140, time: 0.187, data: 0.003) G_GAN: 10.631 G_LPIPS: 50.173 D_real: 0.000 D_fake: 0.000 \n"}
,{"stream_name":"stdout","time":10438.84218547,"data":"saving the latest model (epoch 18, total_iters 95000)\n"}
,{"stream_name":"stdout","time":10438.842188578,"data":"(epoch: 18, iters: 160, time: 0.179, data: 0.003) G_GAN: 10.779 G_LPIPS: 47.395 D_real: 0.000 D_fake: 0.000 \n"}
,{"stream_name":"stdout","time":10438.84219183,"data":"(epoch: 18, iters: 180, time: 0.179, data: 0.003) G_GAN: 9.796 G_LPIPS: 47.460 D_real: 0.000 D_fake: 0.000 \n"}
,{"stream_name":"stdout","time":10438.842195419,"data":"(epoch: 18, iters: 200, time: 0.191, data: 0.004) G_GAN: 7.880 G_LPIPS: 46.698 D_real: 0.000 D_fake: 0.001 \n"}
,{"stream_name":"stdout","time":10438.842198694,"data":"(epoch: 18, iters: 220, time: 0.228, data: 0.003) G_GAN: 9.891 G_LPIPS: 47.733 D_real: 0.000 D_fake: 0.000 \n"}
,{"stream_name":"stdout","time":10438.842202017,"data":"(epoch: 18, iters: 240, time: 0.179, data: 0.003) G_GAN: 10.639 G_LPIPS: 49.131 D_real: 0.000 D_fake: 0.000 \n"}
,{"stream_name":"stdout","time":10438.842205597,"data":"(epoch: 18, iters: 260, time: 0.179, data: 0.003) G_GAN: 9.857 G_LPIPS: 50.522 D_real: 0.000 D_fake: 0.000 \n"}
,{"stream_name":"stdout","time":10438.842209243,"data":"(epoch: 18, iters: 280, time: 0.179, data: 0.003) G_GAN: 11.505 G_LPIPS: 57.239 D_real: 0.000 D_fake: 0.000 \n"}
,{"stream_name":"stdout","time":10438.842212953,"data":"(epoch: 18, iters: 300, time: 0.178, data: 0.003) G_GAN: 11.416 G_LPIPS: 52.439 D_real: 0.000 D_fake: 0.000 \n"}
,{"stream_name":"stdout","time":10438.842216449,"data":"(epoch: 18, iters: 320, time: 0.183, data: 0.003) G_GAN: 11.070 G_LPIPS: 50.515 D_real: 0.000 D_fake: 0.000 \n"}
,{"stream_name":"stdout","time":10438.842219924,"data":"(epoch: 18, iters: 340, time: 0.250, data: 0.003) G_GAN: 9.117 G_LPIPS: 46.245 D_real: 0.000 D_fake: 0.000 \n"}
,{"stream_name":"stdout","time":10438.842223377,"data":"(epoch: 18, iters: 360, time: 0.179, data: 0.003) G_GAN: 9.556 G_LPIPS: 49.738 D_real: 0.000 D_fake: 0.000 \n"}
,{"stream_name":"stdout","time":10438.842229933,"data":"(epoch: 18, iters: 380, time: 0.184, data: 0.003) G_GAN: 9.198 G_LPIPS: 45.266 D_real: 0.000 D_fake: 0.000 \n"}
,{"stream_name":"stdout","time":10438.842233308,"data":"(epoch: 18, iters: 400, time: 0.179, data: 0.003) G_GAN: 10.996 G_LPIPS: 50.118 D_real: 0.000 D_fake: 0.000 \n"}
,{"stream_name":"stdout","time":10438.84223736,"data":"(epoch: 18, iters: 420, time: 0.179, data: 0.003) G_GAN: 10.185 G_LPIPS: 47.545 D_real: 0.000 D_fake: 0.000 \n"}
,{"stream_name":"stdout","time":10438.842241442,"data":"(epoch: 18, iters: 440, time: 0.178, data: 0.003) G_GAN: 9.645 G_LPIPS: 46.063 D_real: 0.000 D_fake: 0.000 \n"}
,{"stream_name":"stdout","time":10438.842245123,"data":"(epoch: 18, iters: 460, time: 0.227, data: 0.003) G_GAN: 11.745 G_LPIPS: 52.846 D_real: 0.000 D_fake: 0.000 \n"}
,{"stream_name":"stdout","time":10438.842248316,"data":"(epoch: 18, iters: 480, time: 0.180, data: 0.003) G_GAN: 9.183 G_LPIPS: 47.208 D_real: 0.000 D_fake: 0.000 \n"}
,{"stream_name":"stdout","time":10438.842251561,"data":"(epoch: 18, iters: 500, time: 0.181, data: 0.003) G_GAN: 10.706 G_LPIPS: 49.942 D_real: 0.000 D_fake: 0.000 \n"}
,{"stream_name":"stdout","time":10438.842254873,"data":"(epoch: 18, iters: 520, time: 0.180, data: 0.003) G_GAN: 9.625 G_LPIPS: 46.428 D_real: 0.000 D_fake: 0.000 \n"}
,{"stream_name":"stdout","time":10438.842263122,"data":"(epoch: 18, iters: 540, time: 0.179, data: 0.003) G_GAN: 9.264 G_LPIPS: 46.746 D_real: 0.000 D_fake: 0.000 \n"}
,{"stream_name":"stdout","time":10438.84226683,"data":"(epoch: 18, iters: 560, time: 0.180, data: 0.003) G_GAN: 6.799 G_LPIPS: 49.274 D_real: 0.000 D_fake: 0.001 \n"}
,{"stream_name":"stdout","time":10438.842270635,"data":"(epoch: 18, iters: 580, time: 0.236, data: 0.003) G_GAN: 9.675 G_LPIPS: 49.373 D_real: 0.000 D_fake: 0.000 \n"}
,{"stream_name":"stdout","time":10438.842274739,"data":"(epoch: 18, iters: 600, time: 0.180, data: 0.003) G_GAN: 10.630 G_LPIPS: 48.528 D_real: 0.000 D_fake: 0.000 \n"}
,{"stream_name":"stdout","time":10438.842278027,"data":"(epoch: 18, iters: 620, time: 0.179, data: 0.003) G_GAN: 10.508 G_LPIPS: 50.161 D_real: 0.000 D_fake: 0.000 \n"}
,{"stream_name":"stdout","time":10438.842281449,"data":"(epoch: 18, iters: 640, time: 0.179, data: 0.003) G_GAN: 10.482 G_LPIPS: 46.405 D_real: 0.000 D_fake: 0.000 \n"}
,{"stream_name":"stdout","time":10438.842284976,"data":"(epoch: 18, iters: 660, time: 0.179, data: 0.003) G_GAN: 10.504 G_LPIPS: 47.814 D_real: 0.000 D_fake: 0.000 \n"}
,{"stream_name":"stdout","time":10438.842288767,"data":"(epoch: 18, iters: 680, time: 0.179, data: 0.003) G_GAN: 10.296 G_LPIPS: 50.064 D_real: 0.000 D_fake: 0.000 \n"}
,{"stream_name":"stdout","time":10438.842293006,"data":"(epoch: 18, iters: 700, time: 0.231, data: 0.003) G_GAN: 11.653 G_LPIPS: 51.356 D_real: 0.000 D_fake: 0.000 \n"}
,{"stream_name":"stdout","time":10438.8422962,"data":"(epoch: 18, iters: 720, time: 0.180, data: 0.003) G_GAN: 11.246 G_LPIPS: 49.921 D_real: 0.000 D_fake: 0.000 \n"}
,{"stream_name":"stdout","time":10438.842299504,"data":"(epoch: 18, iters: 740, time: 0.180, data: 0.003) G_GAN: 10.721 G_LPIPS: 47.903 D_real: 0.000 D_fake: 0.000 \n"}
,{"stream_name":"stdout","time":10438.842303855,"data":"(epoch: 18, iters: 760, time: 0.180, data: 0.004) G_GAN: 9.811 G_LPIPS: 51.422 D_real: 0.000 D_fake: 0.000 \n"}
,{"stream_name":"stdout","time":10438.842307244,"data":"(epoch: 18, iters: 780, time: 0.183, data: 0.003) G_GAN: 10.246 G_LPIPS: 50.061 D_real: 0.000 D_fake: 0.000 \n"}
,{"stream_name":"stdout","time":10438.842310998,"data":"(epoch: 18, iters: 800, time: 0.228, data: 0.003) G_GAN: 11.017 G_LPIPS: 47.565 D_real: 0.000 D_fake: 0.000 \n"}
,{"stream_name":"stdout","time":10438.842314584,"data":"(epoch: 18, iters: 820, time: 0.179, data: 0.004) G_GAN: 8.809 G_LPIPS: 49.737 D_real: 0.000 D_fake: 0.000 \n"}
,{"stream_name":"stdout","time":10438.842318428,"data":"(epoch: 18, iters: 840, time: 0.181, data: 0.003) G_GAN: 9.407 G_LPIPS: 46.128 D_real: 0.000 D_fake: 0.000 \n"}
,{"stream_name":"stdout","time":10438.842322065,"data":"(epoch: 18, iters: 860, time: 0.179, data: 0.003) G_GAN: 10.680 G_LPIPS: 47.866 D_real: 0.000 D_fake: 0.000 \n"}
,{"stream_name":"stdout","time":10438.842325718,"data":"(epoch: 18, iters: 880, time: 0.179, data: 0.003) G_GAN: 10.928 G_LPIPS: 50.522 D_real: 0.000 D_fake: 0.000 \n"}
,{"stream_name":"stdout","time":10438.842329502,"data":"(epoch: 18, iters: 900, time: 0.179, data: 0.003) G_GAN: 10.531 G_LPIPS: 49.110 D_real: 0.000 D_fake: 0.000 \n"}
,{"stream_name":"stdout","time":10438.842333227,"data":"(epoch: 18, iters: 920, time: 0.230, data: 0.003) G_GAN: 9.415 G_LPIPS: 44.827 D_real: 0.000 D_fake: 0.000 \n"}
,{"stream_name":"stdout","time":10438.842336904,"data":"(epoch: 18, iters: 940, time: 0.180, data: 0.003) G_GAN: 7.895 G_LPIPS: 47.988 D_real: 0.000 D_fake: 0.001 \n"}
,{"stream_name":"stdout","time":10438.842340238,"data":"(epoch: 18, iters: 960, time: 0.180, data: 0.003) G_GAN: 10.388 G_LPIPS: 47.750 D_real: 0.000 D_fake: 0.000 \n"}
,{"stream_name":"stdout","time":10438.842343958,"data":"(epoch: 18, iters: 980, time: 0.182, data: 0.003) G_GAN: 10.725 G_LPIPS: 46.957 D_real: 0.000 D_fake: 0.000 \n"}
,{"stream_name":"stdout","time":10438.842351157,"data":"(epoch: 18, iters: 1000, time: 0.181, data: 0.003) G_GAN: 9.842 G_LPIPS: 47.816 D_real: 0.000 D_fake: 0.000 \n"}
,{"stream_name":"stdout","time":10438.842354915,"data":"(epoch: 18, iters: 1020, time: 0.180, data: 0.003) G_GAN: 9.596 G_LPIPS: 48.466 D_real: 0.000 D_fake: 0.000 \n"}
,{"stream_name":"stdout","time":10438.84235889,"data":"(epoch: 18, iters: 1040, time: 0.230, data: 0.003) G_GAN: 11.080 G_LPIPS: 55.089 D_real: 0.000 D_fake: 0.000 \n"}
,{"stream_name":"stdout","time":10438.842362534,"data":"(epoch: 18, iters: 1060, time: 0.180, data: 0.003) G_GAN: 11.350 G_LPIPS: 56.947 D_real: 0.000 D_fake: 0.000 \n"}
,{"stream_name":"stdout","time":10438.842366582,"data":"(epoch: 18, iters: 1080, time: 0.180, data: 0.003) G_GAN: 9.742 G_LPIPS: 50.222 D_real: 0.000 D_fake: 0.000 \n"}
,{"stream_name":"stdout","time":10438.842370219,"data":"(epoch: 18, iters: 1100, time: 0.179, data: 0.003) G_GAN: 10.995 G_LPIPS: 49.042 D_real: 0.000 D_fake: 0.000 \n"}
,{"stream_name":"stdout","time":10438.842373779,"data":"(epoch: 18, iters: 1120, time: 0.179, data: 0.003) G_GAN: 10.626 G_LPIPS: 50.221 D_real: 0.000 D_fake: 0.000 \n"}
,{"stream_name":"stdout","time":10438.842378335,"data":"(epoch: 18, iters: 1140, time: 0.199, data: 0.003) G_GAN: 10.394 G_LPIPS: 49.052 D_real: 0.000 D_fake: 0.000 \n"}
,{"stream_name":"stdout","time":10438.842382075,"data":"(epoch: 18, iters: 1160, time: 0.230, data: 0.003) G_GAN: 8.753 G_LPIPS: 51.773 D_real: 0.000 D_fake: 0.000 \n"}
,{"stream_name":"stdout","time":10438.842385915,"data":"(epoch: 18, iters: 1180, time: 0.181, data: 0.003) G_GAN: 9.645 G_LPIPS: 49.795 D_real: 0.000 D_fake: 0.000 \n"}
,{"stream_name":"stdout","time":10438.84238967,"data":"(epoch: 18, iters: 1200, time: 0.182, data: 0.003) G_GAN: 10.825 G_LPIPS: 49.113 D_real: 0.000 D_fake: 0.000 \n"}
,{"stream_name":"stdout","time":10438.842393389,"data":"(epoch: 18, iters: 1220, time: 0.179, data: 0.003) G_GAN: 11.331 G_LPIPS: 50.493 D_real: 0.000 D_fake: 0.000 \n"}
,{"stream_name":"stdout","time":10438.842396982,"data":"(epoch: 18, iters: 1240, time: 0.179, data: 0.003) G_GAN: 11.565 G_LPIPS: 54.529 D_real: 0.000 D_fake: 0.000 \n"}
,{"stream_name":"stdout","time":10438.842400185,"data":"(epoch: 18, iters: 1260, time: 0.178, data: 0.003) G_GAN: 10.921 G_LPIPS: 49.834 D_real: 0.000 D_fake: 0.000 \n"}
,{"stream_name":"stdout","time":10438.842405385,"data":"(epoch: 18, iters: 1280, time: 0.229, data: 0.003) G_GAN: 9.935 G_LPIPS: 44.361 D_real: 0.000 D_fake: 0.000 \n"}
,{"stream_name":"stdout","time":10438.842413517,"data":"(epoch: 18, iters: 1300, time: 0.181, data: 0.003) G_GAN: 11.379 G_LPIPS: 54.113 D_real: 0.000 D_fake: 0.000 \n"}
,{"stream_name":"stdout","time":10438.842416188,"data":"(epoch: 18, iters: 1320, time: 0.179, data: 0.003) G_GAN: 8.573 G_LPIPS: 50.177 D_real: 0.000 D_fake: 0.000 \n"}
,{"stream_name":"stdout","time":10438.842418457,"data":"(epoch: 18, iters: 1340, time: 0.180, data: 0.003) G_GAN: 10.449 G_LPIPS: 45.794 D_real: 0.000 D_fake: 0.000 \n"}
,{"stream_name":"stdout","time":10438.842420731,"data":"(epoch: 18, iters: 1360, time: 0.179, data: 0.003) G_GAN: 9.760 G_LPIPS: 47.071 D_real: 0.000 D_fake: 0.000 \n"}
,{"stream_name":"stdout","time":10438.842423347,"data":"(epoch: 18, iters: 1380, time: 0.182, data: 0.003) G_GAN: 11.062 G_LPIPS: 45.869 D_real: 0.001 D_fake: 0.000 \n"}
,{"stream_name":"stdout","time":10438.84242581,"data":"(epoch: 18, iters: 1400, time: 0.232, data: 0.003) G_GAN: 10.955 G_LPIPS: 49.746 D_real: 0.000 D_fake: 0.000 \n"}
,{"stream_name":"stdout","time":10438.842428258,"data":"(epoch: 18, iters: 1420, time: 0.182, data: 0.003) G_GAN: 10.098 G_LPIPS: 47.793 D_real: 0.000 D_fake: 0.000 \n"}
,{"stream_name":"stdout","time":10438.842430516,"data":"(epoch: 18, iters: 1440, time: 0.180, data: 0.003) G_GAN: 10.649 G_LPIPS: 48.449 D_real: 0.000 D_fake: 0.000 \n"}
,{"stream_name":"stdout","time":10438.842435617,"data":"(epoch: 18, iters: 1460, time: 0.181, data: 0.003) G_GAN: 10.073 G_LPIPS: 48.533 D_real: 0.000 D_fake: 0.000 \n"}
,{"stream_name":"stdout","time":10438.842438032,"data":"(epoch: 18, iters: 1480, time: 0.183, data: 0.003) G_GAN: 11.006 G_LPIPS: 51.137 D_real: 0.000 D_fake: 0.000 \n"}
,{"stream_name":"stdout","time":10664.22590597,"data":"(epoch: 18, iters: 1500, time: 0.229, data: 0.003) G_GAN: 11.400 G_LPIPS: 51.615 D_real: 0.000 D_fake: 0.000 \n"}
,{"stream_name":"stdout","time":10664.22595092,"data":"(epoch: 18, iters: 1520, time: 0.176, data: 0.003) G_GAN: 11.394 G_LPIPS: 51.487 D_real: 0.000 D_fake: 0.000 \n"}
,{"stream_name":"stdout","time":10664.225955848,"data":"(epoch: 18, iters: 1540, time: 0.184, data: 0.003) G_GAN: 10.576 G_LPIPS: 51.009 D_real: 0.000 D_fake: 0.000 \n"}
,{"stream_name":"stdout","time":10664.225959444,"data":"(epoch: 18, iters: 1560, time: 0.181, data: 0.003) G_GAN: 10.994 G_LPIPS: 51.583 D_real: 0.000 D_fake: 0.000 \n"}
,{"stream_name":"stdout","time":10664.225962599,"data":"(epoch: 18, iters: 1580, time: 0.179, data: 0.003) G_GAN: 11.049 G_LPIPS: 53.486 D_real: 0.000 D_fake: 0.000 \n"}
,{"stream_name":"stdout","time":10664.225965621,"data":"(epoch: 18, iters: 1600, time: 0.180, data: 0.003) G_GAN: 11.372 G_LPIPS: 51.662 D_real: 0.000 D_fake: 0.000 \n"}
,{"stream_name":"stdout","time":10664.225968656,"data":"(epoch: 18, iters: 1620, time: 0.231, data: 0.003) G_GAN: 9.622 G_LPIPS: 48.135 D_real: 0.000 D_fake: 0.000 \n"}
,{"stream_name":"stdout","time":10664.225971674,"data":"(epoch: 18, iters: 1640, time: 0.183, data: 0.003) G_GAN: 11.135 G_LPIPS: 48.701 D_real: 0.000 D_fake: 0.000 \n"}
,{"stream_name":"stdout","time":10664.225974615,"data":"(epoch: 18, iters: 1660, time: 0.181, data: 0.003) G_GAN: 11.228 G_LPIPS: 46.756 D_real: 0.000 D_fake: 0.000 \n"}
,{"stream_name":"stdout","time":10664.225977626,"data":"(epoch: 18, iters: 1680, time: 0.181, data: 0.003) G_GAN: 11.725 G_LPIPS: 51.640 D_real: 0.000 D_fake: 0.000 \n"}
,{"stream_name":"stdout","time":10664.225980632,"data":"(epoch: 18, iters: 1700, time: 0.181, data: 0.003) G_GAN: 9.657 G_LPIPS: 47.398 D_real: 0.000 D_fake: 0.000 \n"}
,{"stream_name":"stdout","time":10664.225983642,"data":"(epoch: 18, iters: 1720, time: 0.180, data: 0.003) G_GAN: 10.606 G_LPIPS: 46.698 D_real: 0.000 D_fake: 0.000 \n"}
,{"stream_name":"stdout","time":10664.22598661,"data":"(epoch: 18, iters: 1740, time: 0.237, data: 0.003) G_GAN: 10.329 G_LPIPS: 50.113 D_real: 0.000 D_fake: 0.000 \n"}
,{"stream_name":"stdout","time":10664.225989549,"data":"(epoch: 18, iters: 1760, time: 0.179, data: 0.003) G_GAN: 9.911 G_LPIPS: 45.764 D_real: 0.000 D_fake: 0.000 \n"}
,{"stream_name":"stdout","time":10664.225992496,"data":"(epoch: 18, iters: 1780, time: 0.179, data: 0.003) G_GAN: 9.860 G_LPIPS: 46.984 D_real: 0.000 D_fake: 0.000 \n"}
,{"stream_name":"stdout","time":10664.22599542,"data":"(epoch: 18, iters: 1800, time: 0.180, data: 0.003) G_GAN: 9.604 G_LPIPS: 46.522 D_real: 0.000 D_fake: 0.000 \n"}
,{"stream_name":"stdout","time":10664.225998369,"data":"(epoch: 18, iters: 1820, time: 0.181, data: 0.003) G_GAN: 10.774 G_LPIPS: 48.490 D_real: 0.000 D_fake: 0.000 \n"}
,{"stream_name":"stdout","time":10664.226001306,"data":"(epoch: 18, iters: 1840, time: 0.180, data: 0.003) G_GAN: 10.782 G_LPIPS: 49.803 D_real: 0.000 D_fake: 0.000 \n"}
,{"stream_name":"stdout","time":10664.226004277,"data":"(epoch: 18, iters: 1860, time: 0.232, data: 0.003) G_GAN: 10.399 G_LPIPS: 47.825 D_real: 0.000 D_fake: 0.000 \n"}
,{"stream_name":"stdout","time":10664.226008094,"data":"(epoch: 18, iters: 1880, time: 0.181, data: 0.003) G_GAN: 11.158 G_LPIPS: 53.102 D_real: 0.000 D_fake: 0.000 \n"}
,{"stream_name":"stdout","time":10664.226023322,"data":"(epoch: 18, iters: 1900, time: 0.181, data: 0.003) G_GAN: 10.624 G_LPIPS: 50.322 D_real: 0.000 D_fake: 0.000 \n"}
,{"stream_name":"stdout","time":10664.226025854,"data":"(epoch: 18, iters: 1920, time: 0.181, data: 0.003) G_GAN: 11.365 G_LPIPS: 51.002 D_real: 0.000 D_fake: 0.000 \n"}
,{"stream_name":"stdout","time":10664.226028142,"data":"(epoch: 18, iters: 1940, time: 0.180, data: 0.003) G_GAN: 9.731 G_LPIPS: 53.691 D_real: 0.000 D_fake: 0.000 \n"}
,{"stream_name":"stdout","time":10664.226030426,"data":"(epoch: 18, iters: 1960, time: 0.179, data: 0.003) G_GAN: 10.539 G_LPIPS: 47.201 D_real: 0.000 D_fake: 0.000 \n"}
,{"stream_name":"stdout","time":10664.226032706,"data":"(epoch: 18, iters: 1980, time: 0.231, data: 0.003) G_GAN: 11.256 G_LPIPS: 53.353 D_real: 0.000 D_fake: 0.000 \n"}
,{"stream_name":"stdout","time":10664.226035,"data":"(epoch: 18, iters: 2000, time: 0.181, data: 0.003) G_GAN: 11.181 G_LPIPS: 49.806 D_real: 0.000 D_fake: 0.000 \n"}
,{"stream_name":"stdout","time":10664.226037316,"data":"(epoch: 18, iters: 2020, time: 0.180, data: 0.003) G_GAN: 10.442 G_LPIPS: 52.231 D_real: 0.000 D_fake: 0.000 \n"}
,{"stream_name":"stdout","time":10664.226040058,"data":"(epoch: 18, iters: 2040, time: 0.180, data: 0.003) G_GAN: 11.597 G_LPIPS: 51.155 D_real: 0.000 D_fake: 0.000 \n"}
,{"stream_name":"stdout","time":10664.226042362,"data":"(epoch: 18, iters: 2060, time: 0.181, data: 0.003) G_GAN: 11.043 G_LPIPS: 48.911 D_real: 0.000 D_fake: 0.000 \n"}
,{"stream_name":"stdout","time":10664.226044629,"data":"(epoch: 18, iters: 2080, time: 0.182, data: 0.003) G_GAN: 11.650 G_LPIPS: 53.311 D_real: 0.000 D_fake: 0.000 \n"}
,{"stream_name":"stdout","time":10664.226046904,"data":"(epoch: 18, iters: 2100, time: 0.233, data: 0.003) G_GAN: 8.109 G_LPIPS: 50.875 D_real: 0.000 D_fake: 0.000 \n"}
,{"stream_name":"stdout","time":10664.226049268,"data":"(epoch: 18, iters: 2120, time: 0.181, data: 0.003) G_GAN: 10.981 G_LPIPS: 47.916 D_real: 0.000 D_fake: 0.000 \n"}
,{"stream_name":"stdout","time":10664.226051674,"data":"(epoch: 18, iters: 2140, time: 0.180, data: 0.003) G_GAN: 10.820 G_LPIPS: 50.579 D_real: 0.000 D_fake: 0.000 \n"}
,{"stream_name":"stdout","time":10664.226053952,"data":"(epoch: 18, iters: 2160, time: 0.180, data: 0.003) G_GAN: 10.857 G_LPIPS: 48.341 D_real: 0.000 D_fake: 0.000 \n"}
,{"stream_name":"stdout","time":10664.226056434,"data":"(epoch: 18, iters: 2180, time: 0.181, data: 0.003) G_GAN: 11.227 G_LPIPS: 53.511 D_real: 0.000 D_fake: 0.000 \n"}
,{"stream_name":"stdout","time":10664.22605872,"data":"(epoch: 18, iters: 2200, time: 0.180, data: 0.003) G_GAN: 9.463 G_LPIPS: 46.797 D_real: 0.000 D_fake: 0.000 \n"}
,{"stream_name":"stdout","time":10664.226061226,"data":"(epoch: 18, iters: 2220, time: 0.234, data: 0.003) G_GAN: 11.276 G_LPIPS: 50.779 D_real: 0.000 D_fake: 0.000 \n"}
,{"stream_name":"stdout","time":10664.226063516,"data":"(epoch: 18, iters: 2240, time: 0.180, data: 0.003) G_GAN: 11.026 G_LPIPS: 48.541 D_real: 0.000 D_fake: 0.000 \n"}
,{"stream_name":"stdout","time":10664.226066072,"data":"(epoch: 18, iters: 2260, time: 0.179, data: 0.003) G_GAN: 11.181 G_LPIPS: 51.003 D_real: 0.000 D_fake: 0.000 \n"}
,{"stream_name":"stdout","time":10664.226068382,"data":"(epoch: 18, iters: 2280, time: 0.187, data: 0.003) G_GAN: 10.539 G_LPIPS: 48.454 D_real: 0.000 D_fake: 0.000 \n"}
,{"stream_name":"stdout","time":10664.226070765,"data":"(epoch: 18, iters: 2300, time: 0.182, data: 0.003) G_GAN: 11.010 G_LPIPS: 45.148 D_real: 0.000 D_fake: 0.000 \n"}
,{"stream_name":"stdout","time":10664.226073048,"data":"(epoch: 18, iters: 2320, time: 0.180, data: 0.003) G_GAN: 10.500 G_LPIPS: 49.781 D_real: 0.000 D_fake: 0.000 \n"}
,{"stream_name":"stdout","time":10664.226075341,"data":"(epoch: 18, iters: 2340, time: 0.232, data: 0.003) G_GAN: 11.390 G_LPIPS: 49.238 D_real: 0.000 D_fake: 0.000 \n"}
,{"stream_name":"stdout","time":10664.226079846,"data":"(epoch: 18, iters: 2360, time: 0.180, data: 0.003) G_GAN: 9.884 G_LPIPS: 45.918 D_real: 0.000 D_fake: 0.000 \n"}
,{"stream_name":"stdout","time":10664.226082289,"data":"(epoch: 18, iters: 2380, time: 0.179, data: 0.003) G_GAN: 11.364 G_LPIPS: 50.884 D_real: 0.000 D_fake: 0.000 \n"}
,{"stream_name":"stdout","time":10664.226084573,"data":"(epoch: 18, iters: 2400, time: 0.179, data: 0.003) G_GAN: 11.249 G_LPIPS: 54.525 D_real: 0.000 D_fake: 0.000 \n"}
,{"stream_name":"stdout","time":10664.226119857,"data":"(epoch: 18, iters: 2420, time: 0.179, data: 0.003) G_GAN: 10.335 G_LPIPS: 44.437 D_real: 0.000 D_fake: 0.000 \n"}
,{"stream_name":"stdout","time":10664.226128429,"data":"(epoch: 18, iters: 2440, time: 0.180, data: 0.003) G_GAN: 10.868 G_LPIPS: 49.644 D_real: 0.000 D_fake: 0.000 \n"}
,{"stream_name":"stdout","time":10664.226132235,"data":"(epoch: 18, iters: 2460, time: 0.231, data: 0.003) G_GAN: 10.903 G_LPIPS: 48.716 D_real: 0.000 D_fake: 0.000 \n"}
,{"stream_name":"stdout","time":10664.226135674,"data":"(epoch: 18, iters: 2480, time: 0.181, data: 0.003) G_GAN: 10.679 G_LPIPS: 50.072 D_real: 0.000 D_fake: 0.000 \n"}
,{"stream_name":"stdout","time":10664.226139316,"data":"(epoch: 18, iters: 2500, time: 0.180, data: 0.003) G_GAN: 12.367 G_LPIPS: 54.702 D_real: 0.000 D_fake: 0.000 \n"}
,{"stream_name":"stdout","time":10664.226142812,"data":"(epoch: 18, iters: 2520, time: 0.182, data: 0.003) G_GAN: 11.653 G_LPIPS: 47.875 D_real: 0.000 D_fake: 0.000 \n"}
,{"stream_name":"stdout","time":10664.226146544,"data":"(epoch: 18, iters: 2540, time: 0.181, data: 0.003) G_GAN: 11.659 G_LPIPS: 49.294 D_real: 0.000 D_fake: 0.000 \n"}
,{"stream_name":"stdout","time":10664.226150076,"data":"(epoch: 18, iters: 2560, time: 0.182, data: 0.003) G_GAN: 11.137 G_LPIPS: 48.264 D_real: 0.000 D_fake: 0.000 \n"}
,{"stream_name":"stdout","time":10664.226155317,"data":"(epoch: 18, iters: 2580, time: 0.232, data: 0.003) G_GAN: 11.966 G_LPIPS: 47.530 D_real: 0.001 D_fake: 0.000 \n"}
,{"stream_name":"stdout","time":10664.226161495,"data":"(epoch: 18, iters: 2600, time: 0.180, data: 0.003) G_GAN: 12.065 G_LPIPS: 51.891 D_real: 0.000 D_fake: 0.000 \n"}
,{"stream_name":"stdout","time":10664.226165473,"data":"(epoch: 18, iters: 2620, time: 0.181, data: 0.003) G_GAN: 10.842 G_LPIPS: 45.241 D_real: 0.064 D_fake: 0.000 \n"}
,{"stream_name":"stdout","time":10664.226167803,"data":"(epoch: 18, iters: 2640, time: 0.181, data: 0.003) G_GAN: 10.784 G_LPIPS: 43.418 D_real: 0.003 D_fake: 0.000 \n"}
,{"stream_name":"stdout","time":10664.226170097,"data":"(epoch: 18, iters: 2660, time: 0.179, data: 0.003) G_GAN: 11.952 G_LPIPS: 52.039 D_real: 0.000 D_fake: 0.000 \n"}
,{"stream_name":"stdout","time":10664.226172469,"data":"(epoch: 18, iters: 2680, time: 0.180, data: 0.003) G_GAN: 11.941 G_LPIPS: 50.202 D_real: 0.000 D_fake: 0.000 \n"}
,{"stream_name":"stdout","time":10664.226174722,"data":"(epoch: 18, iters: 2700, time: 0.231, data: 0.004) G_GAN: 11.757 G_LPIPS: 48.943 D_real: 0.000 D_fake: 0.000 \n"}
,{"stream_name":"stdout","time":10664.226176996,"data":"(epoch: 18, iters: 2720, time: 0.180, data: 0.003) G_GAN: 10.693 G_LPIPS: 52.463 D_real: 0.000 D_fake: 0.000 \n"}
,{"stream_name":"stdout","time":10664.226179352,"data":"(epoch: 18, iters: 2740, time: 0.181, data: 0.003) G_GAN: 11.281 G_LPIPS: 48.731 D_real: 0.000 D_fake: 0.000 \n"}
,{"stream_name":"stdout","time":10664.226181622,"data":"(epoch: 18, iters: 2760, time: 0.179, data: 0.003) G_GAN: 9.927 G_LPIPS: 43.105 D_real: 0.001 D_fake: 0.000 \n"}
,{"stream_name":"stdout","time":10664.226183877,"data":"(epoch: 18, iters: 2780, time: 0.182, data: 0.003) G_GAN: 12.060 G_LPIPS: 54.284 D_real: 0.000 D_fake: 0.000 \n"}
,{"stream_name":"stdout","time":10664.226186243,"data":"(epoch: 18, iters: 2800, time: 0.180, data: 0.003) G_GAN: 10.625 G_LPIPS: 48.336 D_real: 0.000 D_fake: 0.000 \n"}
,{"stream_name":"stdout","time":10664.226191719,"data":"(epoch: 18, iters: 2820, time: 0.234, data: 0.003) G_GAN: 12.127 G_LPIPS: 49.713 D_real: 0.000 D_fake: 0.000 \n"}
,{"stream_name":"stdout","time":10664.226194124,"data":"(epoch: 18, iters: 2840, time: 0.181, data: 0.003) G_GAN: 12.080 G_LPIPS: 50.175 D_real: 0.000 D_fake: 0.000 \n"}
,{"stream_name":"stdout","time":10664.226196476,"data":"(epoch: 18, iters: 2860, time: 0.180, data: 0.003) G_GAN: 10.872 G_LPIPS: 47.661 D_real: 0.002 D_fake: 0.000 \n"}
,{"stream_name":"stdout","time":10664.226198854,"data":"(epoch: 18, iters: 2880, time: 0.182, data: 0.003) G_GAN: 11.811 G_LPIPS: 51.233 D_real: 0.000 D_fake: 0.000 \n"}
,{"stream_name":"stdout","time":10664.226201132,"data":"(epoch: 18, iters: 2900, time: 0.180, data: 0.003) G_GAN: 11.354 G_LPIPS: 50.030 D_real: 0.000 D_fake: 0.000 \n"}
,{"stream_name":"stdout","time":10664.226216914,"data":"(epoch: 18, iters: 2920, time: 0.180, data: 0.003) G_GAN: 11.954 G_LPIPS: 50.189 D_real: 0.000 D_fake: 0.000 \n"}
,{"stream_name":"stdout","time":10664.22622096,"data":"(epoch: 18, iters: 2940, time: 0.232, data: 0.003) G_GAN: 10.583 G_LPIPS: 46.127 D_real: 0.001 D_fake: 0.000 \n"}
,{"stream_name":"stdout","time":10664.226225277,"data":"(epoch: 18, iters: 2960, time: 0.181, data: 0.003) G_GAN: 11.837 G_LPIPS: 49.891 D_real: 0.000 D_fake: 0.000 \n"}
,{"stream_name":"stdout","time":10664.226229571,"data":"(epoch: 18, iters: 2980, time: 0.190, data: 0.003) G_GAN: 11.114 G_LPIPS: 45.378 D_real: 0.011 D_fake: 0.000 \n"}
,{"stream_name":"stdout","time":10891.45283333,"data":"(epoch: 18, iters: 3000, time: 0.181, data: 0.003) G_GAN: 11.798 G_LPIPS: 52.615 D_real: 0.000 D_fake: 0.000 \n"}
,{"stream_name":"stdout","time":10891.452879152,"data":"(epoch: 18, iters: 3020, time: 0.182, data: 0.003) G_GAN: 11.493 G_LPIPS: 46.405 D_real: 0.000 D_fake: 0.000 \n"}
,{"stream_name":"stdout","time":10891.452883839,"data":"(epoch: 18, iters: 3040, time: 0.180, data: 0.003) G_GAN: 11.493 G_LPIPS: 47.621 D_real: 0.000 D_fake: 0.000 \n"}
,{"stream_name":"stdout","time":10891.452887134,"data":"(epoch: 18, iters: 3060, time: 0.181, data: 0.003) G_GAN: 11.257 G_LPIPS: 48.463 D_real: 0.000 D_fake: 0.000 \n"}
,{"stream_name":"stdout","time":10891.452890345,"data":"(epoch: 18, iters: 3080, time: 0.181, data: 0.004) G_GAN: 11.495 G_LPIPS: 49.730 D_real: 0.000 D_fake: 0.000 \n"}
,{"stream_name":"stdout","time":10891.452893518,"data":"(epoch: 18, iters: 3100, time: 0.180, data: 0.003) G_GAN: 11.492 G_LPIPS: 48.193 D_real: 0.000 D_fake: 0.000 \n"}
,{"stream_name":"stdout","time":10891.452896869,"data":"(epoch: 18, iters: 3120, time: 0.182, data: 0.003) G_GAN: 11.850 G_LPIPS: 53.549 D_real: 0.000 D_fake: 0.000 \n"}
,{"stream_name":"stdout","time":10891.45289985,"data":"(epoch: 18, iters: 3140, time: 0.201, data: 0.003) G_GAN: 10.653 G_LPIPS: 49.718 D_real: 0.000 D_fake: 0.000 \n"}
,{"stream_name":"stdout","time":10891.452902795,"data":"(epoch: 18, iters: 3160, time: 0.180, data: 0.003) G_GAN: 10.622 G_LPIPS: 44.224 D_real: 0.000 D_fake: 0.000 \n"}
,{"stream_name":"stdout","time":10891.452905818,"data":"(epoch: 18, iters: 3180, time: 0.189, data: 0.003) G_GAN: 11.328 G_LPIPS: 49.439 D_real: 0.000 D_fake: 0.000 \n"}
,{"stream_name":"stdout","time":10891.452908753,"data":"(epoch: 18, iters: 3200, time: 0.181, data: 0.003) G_GAN: 10.881 G_LPIPS: 49.795 D_real: 0.000 D_fake: 0.000 \n"}
,{"stream_name":"stdout","time":10891.452912038,"data":"(epoch: 18, iters: 3220, time: 0.181, data: 0.003) G_GAN: 10.801 G_LPIPS: 45.346 D_real: 0.000 D_fake: 0.000 \n"}
,{"stream_name":"stdout","time":10891.452914965,"data":"(epoch: 18, iters: 3240, time: 0.182, data: 0.003) G_GAN: 11.693 G_LPIPS: 47.039 D_real: 0.001 D_fake: 0.000 \n"}
,{"stream_name":"stdout","time":10891.452918322,"data":"(epoch: 18, iters: 3260, time: 0.181, data: 0.003) G_GAN: 10.648 G_LPIPS: 51.276 D_real: 0.000 D_fake: 0.000 \n"}
,{"stream_name":"stdout","time":10891.45293643,"data":"(epoch: 18, iters: 3280, time: 0.181, data: 0.003) G_GAN: 12.141 G_LPIPS: 50.118 D_real: 0.000 D_fake: 0.000 \n"}
,{"stream_name":"stdout","time":10891.452939064,"data":"(epoch: 18, iters: 3300, time: 0.181, data: 0.003) G_GAN: 11.818 G_LPIPS: 51.053 D_real: 0.000 D_fake: 0.000 \n"}
,{"stream_name":"stdout","time":10891.452941345,"data":"(epoch: 18, iters: 3320, time: 0.182, data: 0.003) G_GAN: 9.975 G_LPIPS: 51.987 D_real: 0.000 D_fake: 0.000 \n"}
,{"stream_name":"stdout","time":10891.452943616,"data":"(epoch: 18, iters: 3340, time: 0.181, data: 0.003) G_GAN: 10.451 G_LPIPS: 51.031 D_real: 0.000 D_fake: 0.000 \n"}
,{"stream_name":"stdout","time":10891.452945893,"data":"(epoch: 18, iters: 3360, time: 0.182, data: 0.003) G_GAN: 11.087 G_LPIPS: 48.968 D_real: 0.000 D_fake: 0.000 \n"}
,{"stream_name":"stdout","time":10891.452949349,"data":"(epoch: 18, iters: 3380, time: 0.178, data: 0.003) G_GAN: 11.772 G_LPIPS: 47.969 D_real: 0.000 D_fake: 0.000 \n"}
,{"stream_name":"stdout","time":10891.452951664,"data":"(epoch: 18, iters: 3400, time: 0.230, data: 0.003) G_GAN: 11.740 G_LPIPS: 51.715 D_real: 0.000 D_fake: 0.000 \n"}
,{"stream_name":"stdout","time":10891.452953954,"data":"(epoch: 18, iters: 3420, time: 0.183, data: 0.003) G_GAN: 11.606 G_LPIPS: 54.347 D_real: 0.000 D_fake: 0.000 \n"}
,{"stream_name":"stdout","time":10891.452956244,"data":"(epoch: 18, iters: 3440, time: 0.182, data: 0.003) G_GAN: 10.886 G_LPIPS: 48.427 D_real: 0.000 D_fake: 0.000 \n"}
,{"stream_name":"stdout","time":10891.452958737,"data":"(epoch: 18, iters: 3460, time: 0.181, data: 0.003) G_GAN: 11.411 G_LPIPS: 49.772 D_real: 0.000 D_fake: 0.000 \n"}
,{"stream_name":"stdout","time":10891.45296106,"data":"(epoch: 18, iters: 3480, time: 0.190, data: 0.003) G_GAN: 10.930 G_LPIPS: 47.987 D_real: 0.000 D_fake: 0.000 \n"}
,{"stream_name":"stdout","time":10891.45296334,"data":"(epoch: 18, iters: 3500, time: 0.180, data: 0.003) G_GAN: 10.401 G_LPIPS: 50.012 D_real: 0.000 D_fake: 0.000 \n"}
,{"stream_name":"stdout","time":10891.452965617,"data":"(epoch: 18, iters: 3520, time: 0.232, data: 0.003) G_GAN: 11.879 G_LPIPS: 47.807 D_real: 0.000 D_fake: 0.000 \n"}
,{"stream_name":"stdout","time":10891.452968003,"data":"(epoch: 18, iters: 3540, time: 0.180, data: 0.003) G_GAN: 11.479 G_LPIPS: 47.754 D_real: 0.000 D_fake: 0.000 \n"}
,{"stream_name":"stdout","time":10891.452970407,"data":"(epoch: 18, iters: 3560, time: 0.180, data: 0.003) G_GAN: 11.062 G_LPIPS: 50.123 D_real: 0.000 D_fake: 0.000 \n"}
,{"stream_name":"stdout","time":10891.452972683,"data":"(epoch: 18, iters: 3580, time: 0.180, data: 0.004) G_GAN: 10.337 G_LPIPS: 51.919 D_real: 0.000 D_fake: 0.000 \n"}
,{"stream_name":"stdout","time":10891.45297508,"data":"(epoch: 18, iters: 3600, time: 0.181, data: 0.003) G_GAN: 11.096 G_LPIPS: 49.493 D_real: 0.000 D_fake: 0.000 \n"}
,{"stream_name":"stdout","time":10891.452977346,"data":"(epoch: 18, iters: 3620, time: 0.181, data: 0.003) G_GAN: 11.347 G_LPIPS: 51.694 D_real: 0.000 D_fake: 0.000 \n"}
,{"stream_name":"stdout","time":10891.452979727,"data":"(epoch: 18, iters: 3640, time: 0.232, data: 0.003) G_GAN: 11.853 G_LPIPS: 51.558 D_real: 0.000 D_fake: 0.000 \n"}
,{"stream_name":"stdout","time":10891.452982012,"data":"(epoch: 18, iters: 3660, time: 0.231, data: 0.003) G_GAN: 10.337 G_LPIPS: 49.110 D_real: 0.000 D_fake: 0.000 \n"}
,{"stream_name":"stdout","time":10891.452984287,"data":"(epoch: 18, iters: 3680, time: 0.181, data: 0.003) G_GAN: 11.333 G_LPIPS: 47.276 D_real: 0.000 D_fake: 0.000 \n"}
,{"stream_name":"stdout","time":10891.452986594,"data":"(epoch: 18, iters: 3700, time: 0.181, data: 0.003) G_GAN: 12.068 G_LPIPS: 52.647 D_real: 0.000 D_fake: 0.000 \n"}
,{"stream_name":"stdout","time":10891.452988884,"data":"(epoch: 18, iters: 3720, time: 0.182, data: 0.003) G_GAN: 11.876 G_LPIPS: 49.197 D_real: 0.000 D_fake: 0.000 \n"}
,{"stream_name":"stdout","time":10891.452993605,"data":"(epoch: 18, iters: 3740, time: 0.182, data: 0.004) G_GAN: 12.005 G_LPIPS: 51.754 D_real: 0.000 D_fake: 0.000 \n"}
,{"stream_name":"stdout","time":10891.452996366,"data":"(epoch: 18, iters: 3760, time: 0.230, data: 0.003) G_GAN: 10.921 G_LPIPS: 50.021 D_real: 0.000 D_fake: 0.000 \n"}
,{"stream_name":"stdout","time":10891.452998675,"data":"(epoch: 18, iters: 3780, time: 0.233, data: 0.003) G_GAN: 12.082 G_LPIPS: 49.548 D_real: 0.000 D_fake: 0.000 \n"}
,{"stream_name":"stdout","time":10891.453000954,"data":"(epoch: 18, iters: 3800, time: 0.181, data: 0.003) G_GAN: 10.975 G_LPIPS: 46.289 D_real: 0.000 D_fake: 0.000 \n"}
,{"stream_name":"stdout","time":10891.453003214,"data":"(epoch: 18, iters: 3820, time: 0.182, data: 0.003) G_GAN: 11.209 G_LPIPS: 47.640 D_real: 0.000 D_fake: 0.000 \n"}
,{"stream_name":"stdout","time":10891.453005465,"data":"(epoch: 18, iters: 3840, time: 0.189, data: 0.003) G_GAN: 11.247 G_LPIPS: 49.800 D_real: 0.000 D_fake: 0.000 \n"}
,{"stream_name":"stdout","time":10891.453007715,"data":"(epoch: 18, iters: 3860, time: 0.181, data: 0.003) G_GAN: 10.008 G_LPIPS: 44.592 D_real: 0.000 D_fake: 0.000 \n"}
,{"stream_name":"stdout","time":10891.453009991,"data":"(epoch: 18, iters: 3880, time: 0.231, data: 0.003) G_GAN: 11.559 G_LPIPS: 50.872 D_real: 0.000 D_fake: 0.000 \n"}
,{"stream_name":"stdout","time":10891.453012263,"data":"(epoch: 18, iters: 3900, time: 0.233, data: 0.003) G_GAN: 10.517 G_LPIPS: 45.178 D_real: 0.000 D_fake: 0.000 \n"}
,{"stream_name":"stdout","time":10891.453014555,"data":"(epoch: 18, iters: 3920, time: 0.183, data: 0.003) G_GAN: 10.495 G_LPIPS: 47.135 D_real: 0.000 D_fake: 0.000 \n"}
,{"stream_name":"stdout","time":10891.45301682,"data":"(epoch: 18, iters: 3940, time: 0.182, data: 0.004) G_GAN: 11.793 G_LPIPS: 48.952 D_real: 0.000 D_fake: 0.000 \n"}
,{"stream_name":"stdout","time":10891.453019086,"data":"(epoch: 18, iters: 3960, time: 0.181, data: 0.003) G_GAN: 11.425 G_LPIPS: 47.999 D_real: 0.000 D_fake: 0.000 \n"}
,{"stream_name":"stdout","time":10891.453021341,"data":"(epoch: 18, iters: 3980, time: 0.182, data: 0.003) G_GAN: 12.053 G_LPIPS: 49.816 D_real: 0.000 D_fake: 0.000 \n"}
,{"stream_name":"stdout","time":10891.453023605,"data":"(epoch: 18, iters: 4000, time: 0.232, data: 0.003) G_GAN: 10.799 G_LPIPS: 47.928 D_real: 0.000 D_fake: 0.000 \n"}
,{"stream_name":"stdout","time":10891.453025852,"data":"(epoch: 18, iters: 4020, time: 0.235, data: 0.003) G_GAN: 11.446 G_LPIPS: 52.653 D_real: 0.000 D_fake: 0.000 \n"}
,{"stream_name":"stdout","time":10891.453028145,"data":"(epoch: 18, iters: 4040, time: 0.181, data: 0.003) G_GAN: 10.809 G_LPIPS: 48.667 D_real: 0.000 D_fake: 0.000 \n"}
,{"stream_name":"stdout","time":10891.453030423,"data":"(epoch: 18, iters: 4060, time: 0.182, data: 0.003) G_GAN: 10.938 G_LPIPS: 47.851 D_real: 0.000 D_fake: 0.000 \n"}
,{"stream_name":"stdout","time":10891.453032724,"data":"(epoch: 18, iters: 4080, time: 0.181, data: 0.003) G_GAN: 11.742 G_LPIPS: 51.868 D_real: 0.000 D_fake: 0.000 \n"}
,{"stream_name":"stdout","time":10891.453035002,"data":"(epoch: 18, iters: 4100, time: 0.181, data: 0.003) G_GAN: 10.741 G_LPIPS: 46.300 D_real: 0.000 D_fake: 0.000 \n"}
,{"stream_name":"stdout","time":10891.453037525,"data":"(epoch: 18, iters: 4120, time: 0.227, data: 0.003) G_GAN: 11.529 G_LPIPS: 50.432 D_real: 0.000 D_fake: 0.000 \n"}
,{"stream_name":"stdout","time":10891.453039792,"data":"(epoch: 18, iters: 4140, time: 0.232, data: 0.003) G_GAN: 11.126 G_LPIPS: 45.511 D_real: 0.000 D_fake: 0.000 \n"}
,{"stream_name":"stdout","time":10891.453042068,"data":"(epoch: 18, iters: 4160, time: 0.183, data: 0.003) G_GAN: 11.205 G_LPIPS: 52.506 D_real: 0.000 D_fake: 0.000 \n"}
,{"stream_name":"stdout","time":10891.453046465,"data":"(epoch: 18, iters: 4180, time: 0.182, data: 0.003) G_GAN: 10.395 G_LPIPS: 47.375 D_real: 0.000 D_fake: 0.000 \n"}
,{"stream_name":"stdout","time":10891.453048857,"data":"(epoch: 18, iters: 4200, time: 0.182, data: 0.003) G_GAN: 10.843 G_LPIPS: 49.234 D_real: 0.000 D_fake: 0.000 \n"}
,{"stream_name":"stdout","time":10891.453051172,"data":"(epoch: 18, iters: 4220, time: 0.183, data: 0.003) G_GAN: 10.593 G_LPIPS: 48.703 D_real: 0.000 D_fake: 0.000 \n"}
,{"stream_name":"stdout","time":10891.453053497,"data":"(epoch: 18, iters: 4240, time: 0.182, data: 0.003) G_GAN: 11.723 G_LPIPS: 50.367 D_real: 0.000 D_fake: 0.000 \n"}
,{"stream_name":"stdout","time":10891.453055801,"data":"(epoch: 18, iters: 4260, time: 0.184, data: 0.003) G_GAN: 10.929 G_LPIPS: 47.150 D_real: 0.000 D_fake: 0.000 \n"}
,{"stream_name":"stdout","time":10891.453058086,"data":"(epoch: 18, iters: 4280, time: 0.184, data: 0.003) G_GAN: 11.458 G_LPIPS: 47.382 D_real: 0.000 D_fake: 0.000 \n"}
,{"stream_name":"stdout","time":10891.453060379,"data":"(epoch: 18, iters: 4300, time: 0.188, data: 0.003) G_GAN: 11.670 G_LPIPS: 52.476 D_real: 0.000 D_fake: 0.000 \n"}
,{"stream_name":"stdout","time":10891.453062673,"data":"(epoch: 18, iters: 4320, time: 0.184, data: 0.003) G_GAN: 11.276 G_LPIPS: 50.103 D_real: 0.000 D_fake: 0.000 \n"}
,{"stream_name":"stdout","time":10891.453064963,"data":"(epoch: 18, iters: 4340, time: 0.182, data: 0.003) G_GAN: 11.316 G_LPIPS: 50.054 D_real: 0.000 D_fake: 0.000 \n"}
,{"stream_name":"stdout","time":10891.453067587,"data":"(epoch: 18, iters: 4360, time: 0.182, data: 0.003) G_GAN: 11.610 G_LPIPS: 53.476 D_real: 0.000 D_fake: 0.000 \n"}
,{"stream_name":"stdout","time":10891.453087642,"data":"(epoch: 18, iters: 4380, time: 0.184, data: 0.003) G_GAN: 11.285 G_LPIPS: 47.567 D_real: 0.000 D_fake: 0.000 \n"}
,{"stream_name":"stdout","time":10891.453091748,"data":"(epoch: 18, iters: 4400, time: 0.184, data: 0.003) G_GAN: 11.864 G_LPIPS: 50.301 D_real: 0.000 D_fake: 0.000 \n"}
,{"stream_name":"stdout","time":10891.453095544,"data":"(epoch: 18, iters: 4420, time: 0.182, data: 0.003) G_GAN: 9.283 G_LPIPS: 46.037 D_real: 0.000 D_fake: 0.000 \n"}
,{"stream_name":"stdout","time":10891.453100112,"data":"(epoch: 18, iters: 4440, time: 0.182, data: 0.003) G_GAN: 10.540 G_LPIPS: 46.517 D_real: 0.000 D_fake: 0.000 \n"}
,{"stream_name":"stdout","time":10891.453123644,"data":"(epoch: 18, iters: 4460, time: 0.183, data: 0.003) G_GAN: 10.968 G_LPIPS: 46.175 D_real: 0.001 D_fake: 0.000 \n"}
,{"stream_name":"stdout","time":10891.453128116,"data":"(epoch: 18, iters: 4480, time: 0.182, data: 0.003) G_GAN: 11.122 G_LPIPS: 49.305 D_real: 0.000 D_fake: 0.000 \n"}
,{"stream_name":"stdout","time":11058.476382878,"data":"(epoch: 18, iters: 4500, time: 0.186, data: 0.003) G_GAN: 11.770 G_LPIPS: 52.180 D_real: 0.000 D_fake: 0.000 \n"}
,{"stream_name":"stdout","time":11058.476428405,"data":"(epoch: 18, iters: 4520, time: 0.182, data: 0.003) G_GAN: 11.006 G_LPIPS: 51.651 D_real: 0.000 D_fake: 0.000 \n"}
,{"stream_name":"stdout","time":11058.476437187,"data":"(epoch: 18, iters: 4540, time: 0.181, data: 0.003) G_GAN: 9.779 G_LPIPS: 48.549 D_real: 0.000 D_fake: 0.000 \n"}
,{"stream_name":"stdout","time":11058.47644061,"data":"(epoch: 18, iters: 4560, time: 0.182, data: 0.003) G_GAN: 10.627 G_LPIPS: 51.960 D_real: 0.000 D_fake: 0.000 \n"}
,{"stream_name":"stdout","time":11058.476443761,"data":"(epoch: 18, iters: 4580, time: 0.183, data: 0.003) G_GAN: 10.380 G_LPIPS: 48.156 D_real: 0.000 D_fake: 0.000 \n"}
,{"stream_name":"stdout","time":11058.476446862,"data":"(epoch: 18, iters: 4600, time: 0.184, data: 0.003) G_GAN: 10.152 G_LPIPS: 43.386 D_real: 0.000 D_fake: 0.000 \n"}
,{"stream_name":"stdout","time":11058.476449859,"data":"(epoch: 18, iters: 4620, time: 0.234, data: 0.003) G_GAN: 10.851 G_LPIPS: 48.846 D_real: 0.000 D_fake: 0.000 \n"}
,{"stream_name":"stdout","time":11058.476464043,"data":"(epoch: 18, iters: 4640, time: 0.184, data: 0.003) G_GAN: 11.349 G_LPIPS: 48.658 D_real: 0.000 D_fake: 0.000 \n"}
,{"stream_name":"stdout","time":11058.476466599,"data":"(epoch: 18, iters: 4660, time: 0.184, data: 0.003) G_GAN: 10.633 G_LPIPS: 48.233 D_real: 0.000 D_fake: 0.000 \n"}
,{"stream_name":"stdout","time":11058.476468906,"data":"(epoch: 18, iters: 4680, time: 0.184, data: 0.003) G_GAN: 11.692 G_LPIPS: 51.375 D_real: 0.000 D_fake: 0.000 \n"}
,{"stream_name":"stdout","time":11058.476471262,"data":"(epoch: 18, iters: 4700, time: 0.184, data: 0.003) G_GAN: 10.664 G_LPIPS: 49.109 D_real: 0.000 D_fake: 0.000 \n"}
,{"stream_name":"stdout","time":11058.476473671,"data":"(epoch: 18, iters: 4720, time: 0.183, data: 0.003) G_GAN: 11.512 G_LPIPS: 51.975 D_real: 0.000 D_fake: 0.000 \n"}
,{"stream_name":"stdout","time":11058.476475974,"data":"(epoch: 18, iters: 4740, time: 0.232, data: 0.003) G_GAN: 11.171 G_LPIPS: 50.249 D_real: 0.000 D_fake: 0.000 \n"}
,{"stream_name":"stdout","time":11058.476478279,"data":"(epoch: 18, iters: 4760, time: 0.242, data: 0.003) G_GAN: 12.084 G_LPIPS: 53.835 D_real: 0.000 D_fake: 0.000 \n"}
,{"stream_name":"stdout","time":11058.476480742,"data":"(epoch: 18, iters: 4780, time: 0.182, data: 0.003) G_GAN: 11.076 G_LPIPS: 50.866 D_real: 0.000 D_fake: 0.000 \n"}
,{"stream_name":"stdout","time":11058.476483145,"data":"(epoch: 18, iters: 4800, time: 0.182, data: 0.003) G_GAN: 11.475 G_LPIPS: 47.219 D_real: 0.000 D_fake: 0.000 \n"}
,{"stream_name":"stdout","time":11058.47648552,"data":"(epoch: 18, iters: 4820, time: 0.181, data: 0.003) G_GAN: 10.589 G_LPIPS: 48.647 D_real: 0.000 D_fake: 0.000 \n"}
,{"stream_name":"stdout","time":11058.476487877,"data":"(epoch: 18, iters: 4840, time: 0.182, data: 0.003) G_GAN: 10.672 G_LPIPS: 48.038 D_real: 0.000 D_fake: 0.000 \n"}
,{"stream_name":"stdout","time":11058.476490312,"data":"(epoch: 18, iters: 4860, time: 0.182, data: 0.003) G_GAN: 10.898 G_LPIPS: 44.909 D_real: 0.000 D_fake: 0.000 \n"}
,{"stream_name":"stdout","time":11058.476493804,"data":"(epoch: 18, iters: 4880, time: 0.183, data: 0.003) G_GAN: 10.000 G_LPIPS: 50.575 D_real: 0.000 D_fake: 0.000 \n"}
,{"stream_name":"stdout","time":11058.476496155,"data":"(epoch: 18, iters: 4900, time: 0.185, data: 0.003) G_GAN: 10.780 G_LPIPS: 49.458 D_real: 0.000 D_fake: 0.000 \n"}
,{"stream_name":"stdout","time":11058.476498443,"data":"(epoch: 18, iters: 4920, time: 0.183, data: 0.003) G_GAN: 11.773 G_LPIPS: 50.019 D_real: 0.000 D_fake: 0.000 \n"}
,{"stream_name":"stdout","time":11058.47650081,"data":"(epoch: 18, iters: 4940, time: 0.182, data: 0.003) G_GAN: 12.135 G_LPIPS: 52.727 D_real: 0.000 D_fake: 0.000 \n"}
,{"stream_name":"stdout","time":11058.476503084,"data":"(epoch: 18, iters: 4960, time: 0.183, data: 0.003) G_GAN: 10.749 G_LPIPS: 46.054 D_real: 0.000 D_fake: 0.000 \n"}
,{"stream_name":"stdout","time":11058.476505363,"data":"(epoch: 18, iters: 4980, time: 0.231, data: 0.003) G_GAN: 10.053 G_LPIPS: 47.277 D_real: 0.000 D_fake: 0.000 \n"}
,{"stream_name":"stdout","time":11058.476507733,"data":"(epoch: 18, iters: 5000, time: 0.235, data: 0.003) G_GAN: 11.543 G_LPIPS: 51.882 D_real: 0.000 D_fake: 0.000 \n"}
,{"stream_name":"stdout","time":11058.476510129,"data":"(epoch: 18, iters: 5020, time: 0.182, data: 0.003) G_GAN: 8.582 G_LPIPS: 45.883 D_real: 0.000 D_fake: 0.000 \n"}
,{"stream_name":"stdout","time":11058.476512412,"data":"(epoch: 18, iters: 5040, time: 0.184, data: 0.003) G_GAN: 8.063 G_LPIPS: 44.714 D_real: 0.000 D_fake: 0.001 \n"}
,{"stream_name":"stdout","time":11058.476514701,"data":"(epoch: 18, iters: 5060, time: 0.182, data: 0.004) G_GAN: 9.780 G_LPIPS: 47.999 D_real: 0.000 D_fake: 0.000 \n"}
,{"stream_name":"stdout","time":11058.476516982,"data":"(epoch: 18, iters: 5080, time: 0.183, data: 0.003) G_GAN: 11.251 G_LPIPS: 50.692 D_real: 0.000 D_fake: 0.000 \n"}
,{"stream_name":"stdout","time":11058.476521372,"data":"(epoch: 18, iters: 5100, time: 0.184, data: 0.003) G_GAN: 8.127 G_LPIPS: 45.381 D_real: 0.000 D_fake: 0.001 \n"}
,{"stream_name":"stdout","time":11058.476523821,"data":"(epoch: 18, iters: 5120, time: 0.183, data: 0.003) G_GAN: 8.329 G_LPIPS: 50.155 D_real: 0.000 D_fake: 0.001 \n"}
,{"stream_name":"stdout","time":11058.476526129,"data":"(epoch: 18, iters: 5140, time: 0.206, data: 0.003) G_GAN: 7.386 G_LPIPS: 45.883 D_real: 0.000 D_fake: 0.001 \n"}
,{"stream_name":"stdout","time":11058.476528438,"data":"saving the latest model (epoch 18, total_iters 100000)\n"}
,{"stream_name":"stdout","time":11058.476530784,"data":"(epoch: 18, iters: 5160, time: 0.183, data: 0.003) G_GAN: 9.326 G_LPIPS: 45.578 D_real: 0.000 D_fake: 0.000 \n"}
,{"stream_name":"stdout","time":11058.476533126,"data":"(epoch: 18, iters: 5180, time: 0.189, data: 0.003) G_GAN: 11.004 G_LPIPS: 52.223 D_real: 0.000 D_fake: 0.000 \n"}
,{"stream_name":"stdout","time":11058.476535419,"data":"(epoch: 18, iters: 5200, time: 0.183, data: 0.003) G_GAN: 9.428 G_LPIPS: 48.610 D_real: 0.000 D_fake: 0.000 \n"}
,{"stream_name":"stdout","time":11058.476537709,"data":"(epoch: 18, iters: 5220, time: 0.183, data: 0.003) G_GAN: 11.244 G_LPIPS: 49.654 D_real: 0.000 D_fake: 0.000 \n"}
,{"stream_name":"stdout","time":11058.476540555,"data":"(epoch: 18, iters: 5240, time: 0.233, data: 0.003) G_GAN: 10.605 G_LPIPS: 51.285 D_real: 0.000 D_fake: 0.000 \n"}
,{"stream_name":"stdout","time":11058.476542868,"data":"(epoch: 18, iters: 5260, time: 0.237, data: 0.003) G_GAN: 9.287 G_LPIPS: 47.352 D_real: 0.000 D_fake: 0.000 \n"}
,{"stream_name":"stdout","time":11058.476545159,"data":"(epoch: 18, iters: 5280, time: 0.188, data: 0.003) G_GAN: 9.345 G_LPIPS: 49.094 D_real: 0.000 D_fake: 0.000 \n"}
,{"stream_name":"stdout","time":11058.476547446,"data":"(epoch: 18, iters: 5300, time: 0.183, data: 0.003) G_GAN: 9.518 G_LPIPS: 48.306 D_real: 0.000 D_fake: 0.000 \n"}
,{"stream_name":"stdout","time":11058.476549754,"data":"(epoch: 18, iters: 5320, time: 0.183, data: 0.003) G_GAN: 10.966 G_LPIPS: 52.353 D_real: 0.000 D_fake: 0.000 \n"}
,{"stream_name":"stdout","time":11058.476552065,"data":"(epoch: 18, iters: 5340, time: 0.183, data: 0.003) G_GAN: 10.857 G_LPIPS: 53.091 D_real: 0.000 D_fake: 0.000 \n"}
,{"stream_name":"stdout","time":11058.476554352,"data":"(epoch: 18, iters: 5360, time: 0.184, data: 0.003) G_GAN: 9.276 G_LPIPS: 47.332 D_real: 0.000 D_fake: 0.000 \n"}
,{"stream_name":"stdout","time":11058.476556628,"data":"(epoch: 18, iters: 5380, time: 0.183, data: 0.003) G_GAN: 10.560 G_LPIPS: 48.562 D_real: 0.000 D_fake: 0.000 \n"}
,{"stream_name":"stdout","time":11058.476558902,"data":"(epoch: 18, iters: 5400, time: 0.182, data: 0.003) G_GAN: 11.350 G_LPIPS: 52.418 D_real: 0.000 D_fake: 0.000 \n"}
,{"stream_name":"stdout","time":11058.476561184,"data":"(epoch: 18, iters: 5420, time: 0.182, data: 0.003) G_GAN: 11.138 G_LPIPS: 49.779 D_real: 0.000 D_fake: 0.000 \n"}
,{"stream_name":"stdout","time":11058.476563478,"data":"(epoch: 18, iters: 5440, time: 0.183, data: 0.003) G_GAN: 11.743 G_LPIPS: 52.696 D_real: 0.000 D_fake: 0.000 \n"}
,{"stream_name":"stdout","time":11058.476565772,"data":"(epoch: 18, iters: 5460, time: 0.185, data: 0.003) G_GAN: 9.685 G_LPIPS: 46.722 D_real: 0.000 D_fake: 0.000 \n"}
,{"stream_name":"stdout","time":11058.476568092,"data":"(epoch: 18, iters: 5480, time: 0.182, data: 0.003) G_GAN: 11.626 G_LPIPS: 50.927 D_real: 0.000 D_fake: 0.000 \n"}
,{"stream_name":"stdout","time":11058.476570389,"data":"(epoch: 18, iters: 5500, time: 0.236, data: 0.003) G_GAN: 11.680 G_LPIPS: 54.696 D_real: 0.000 D_fake: 0.000 \n"}
,{"stream_name":"stdout","time":11058.47657269,"data":"(epoch: 18, iters: 5520, time: 0.182, data: 0.003) G_GAN: 10.384 G_LPIPS: 48.951 D_real: 0.000 D_fake: 0.000 \n"}
,{"stream_name":"stdout","time":11058.476576744,"data":"(epoch: 18, iters: 5540, time: 0.192, data: 0.003) G_GAN: 9.058 G_LPIPS: 49.589 D_real: 0.000 D_fake: 0.000 \n"}
,{"stream_name":"stdout","time":11058.476579161,"data":"(epoch: 18, iters: 5560, time: 0.182, data: 0.003) G_GAN: 10.586 G_LPIPS: 48.087 D_real: 0.000 D_fake: 0.000 \n"}
,{"stream_name":"stdout","time":11058.476581461,"data":"(epoch: 18, iters: 5580, time: 0.140, data: 0.003) G_GAN: 10.934 G_LPIPS: 43.922 D_real: 0.001 D_fake: 0.000 \n"}
,{"stream_name":"stdout","time":11058.476583784,"data":"saving the model at the end of epoch 18, iters 100440\n"}
,{"stream_name":"stdout","time":11058.476586039,"data":"End of epoch 18 / 20 \t Time Taken: 845 sec\n"}
,{"stream_name":"stdout","time":11058.476591212,"data":"learning rate 0.0000182 -\u003e 0.0000091\n"}
,{"stream_name":"stdout","time":11292.295934896,"data":"(epoch: 19, iters: 20, time: 0.182, data: 0.267) G_GAN: 10.809 G_LPIPS: 51.884 D_real: 0.000 D_fake: 0.000 \n"}
,{"stream_name":"stdout","time":11292.295972998,"data":"(epoch: 19, iters: 40, time: 0.183, data: 0.002) G_GAN: 8.173 G_LPIPS: 47.712 D_real: 0.000 D_fake: 0.000 \n"}
,{"stream_name":"stdout","time":11292.295979854,"data":"(epoch: 19, iters: 60, time: 0.234, data: 0.003) G_GAN: 9.500 G_LPIPS: 49.115 D_real: 0.000 D_fake: 0.000 \n"}
,{"stream_name":"stdout","time":11292.295984976,"data":"(epoch: 19, iters: 80, time: 0.190, data: 0.003) G_GAN: 10.841 G_LPIPS: 50.968 D_real: 0.000 D_fake: 0.000 \n"}
,{"stream_name":"stdout","time":11292.29599039,"data":"(epoch: 19, iters: 100, time: 0.183, data: 0.003) G_GAN: 10.075 G_LPIPS: 50.994 D_real: 0.000 D_fake: 0.000 \n"}
,{"stream_name":"stdout","time":11292.295996025,"data":"(epoch: 19, iters: 120, time: 0.183, data: 0.003) G_GAN: 11.747 G_LPIPS: 50.267 D_real: 0.000 D_fake: 0.000 \n"}
,{"stream_name":"stdout","time":11292.296001768,"data":"(epoch: 19, iters: 140, time: 0.184, data: 0.004) G_GAN: 10.164 G_LPIPS: 49.728 D_real: 0.000 D_fake: 0.000 \n"}
,{"stream_name":"stdout","time":11292.296007155,"data":"(epoch: 19, iters: 160, time: 0.184, data: 0.003) G_GAN: 9.909 G_LPIPS: 46.934 D_real: 0.000 D_fake: 0.000 \n"}
,{"stream_name":"stdout","time":11292.296012205,"data":"(epoch: 19, iters: 180, time: 0.185, data: 0.003) G_GAN: 11.085 G_LPIPS: 52.881 D_real: 0.000 D_fake: 0.000 \n"}
,{"stream_name":"stdout","time":11292.296017886,"data":"(epoch: 19, iters: 200, time: 0.234, data: 0.003) G_GAN: 9.498 G_LPIPS: 48.622 D_real: 0.000 D_fake: 0.000 \n"}
,{"stream_name":"stdout","time":11292.296023174,"data":"(epoch: 19, iters: 220, time: 0.183, data: 0.003) G_GAN: 9.541 G_LPIPS: 48.692 D_real: 0.000 D_fake: 0.000 \n"}
,{"stream_name":"stdout","time":11292.296028985,"data":"(epoch: 19, iters: 240, time: 0.190, data: 0.003) G_GAN: 10.949 G_LPIPS: 48.664 D_real: 0.000 D_fake: 0.000 \n"}
,{"stream_name":"stdout","time":11292.296034296,"data":"(epoch: 19, iters: 260, time: 0.185, data: 0.003) G_GAN: 9.422 G_LPIPS: 47.606 D_real: 0.000 D_fake: 0.000 \n"}
,{"stream_name":"stdout","time":11292.296039541,"data":"(epoch: 19, iters: 280, time: 0.189, data: 0.003) G_GAN: 10.333 G_LPIPS: 48.513 D_real: 0.000 D_fake: 0.000 \n"}
,{"stream_name":"stdout","time":11292.296045376,"data":"(epoch: 19, iters: 300, time: 0.183, data: 0.003) G_GAN: 10.239 G_LPIPS: 46.281 D_real: 0.000 D_fake: 0.000 \n"}
,{"stream_name":"stdout","time":11292.296050988,"data":"(epoch: 19, iters: 320, time: 0.233, data: 0.003) G_GAN: 10.301 G_LPIPS: 48.985 D_real: 0.000 D_fake: 0.000 \n"}
,{"stream_name":"stdout","time":11292.29605622,"data":"(epoch: 19, iters: 340, time: 0.183, data: 0.003) G_GAN: 9.930 G_LPIPS: 50.876 D_real: 0.000 D_fake: 0.000 \n"}
,{"stream_name":"stdout","time":11292.296061743,"data":"(epoch: 19, iters: 360, time: 0.206, data: 0.003) G_GAN: 11.160 G_LPIPS: 49.892 D_real: 0.000 D_fake: 0.000 \n"}
,{"stream_name":"stdout","time":11292.29608126,"data":"(epoch: 19, iters: 380, time: 0.183, data: 0.003) G_GAN: 8.550 G_LPIPS: 46.965 D_real: 0.000 D_fake: 0.000 \n"}
,{"stream_name":"stdout","time":11292.296086371,"data":"(epoch: 19, iters: 400, time: 0.183, data: 0.003) G_GAN: 9.137 G_LPIPS: 45.067 D_real: 0.000 D_fake: 0.000 \n"}
,{"stream_name":"stdout","time":11292.29611772,"data":"(epoch: 19, iters: 420, time: 0.183, data: 0.003) G_GAN: 8.591 G_LPIPS: 48.279 D_real: 0.000 D_fake: 0.000 \n"}
,{"stream_name":"stdout","time":11292.296122217,"data":"(epoch: 19, iters: 440, time: 0.236, data: 0.003) G_GAN: 10.268 G_LPIPS: 52.097 D_real: 0.000 D_fake: 0.000 \n"}
,{"stream_name":"stdout","time":11292.296126504,"data":"(epoch: 19, iters: 460, time: 0.184, data: 0.003) G_GAN: 10.306 G_LPIPS: 46.705 D_real: 0.000 D_fake: 0.000 \n"}
,{"stream_name":"stdout","time":11292.296130563,"data":"(epoch: 19, iters: 480, time: 0.183, data: 0.003) G_GAN: 10.242 G_LPIPS: 50.038 D_real: 0.000 D_fake: 0.000 \n"}
,{"stream_name":"stdout","time":11292.296134402,"data":"(epoch: 19, iters: 500, time: 0.184, data: 0.003) G_GAN: 11.171 G_LPIPS: 46.558 D_real: 0.000 D_fake: 0.000 \n"}
,{"stream_name":"stdout","time":11292.296138248,"data":"(epoch: 19, iters: 520, time: 0.183, data: 0.003) G_GAN: 8.097 G_LPIPS: 45.883 D_real: 0.000 D_fake: 0.001 \n"}
,{"stream_name":"stdout","time":11292.296142016,"data":"(epoch: 19, iters: 540, time: 0.183, data: 0.003) G_GAN: 8.841 G_LPIPS: 46.192 D_real: 0.000 D_fake: 0.000 \n"}
,{"stream_name":"stdout","time":11292.29614585,"data":"(epoch: 19, iters: 560, time: 0.184, data: 0.003) G_GAN: 11.120 G_LPIPS: 50.412 D_real: 0.000 D_fake: 0.000 \n"}
,{"stream_name":"stdout","time":11292.29614964,"data":"(epoch: 19, iters: 580, time: 0.184, data: 0.003) G_GAN: 11.047 G_LPIPS: 51.033 D_real: 0.000 D_fake: 0.000 \n"}
,{"stream_name":"stdout","time":11292.296153692,"data":"(epoch: 19, iters: 600, time: 0.187, data: 0.003) G_GAN: 9.743 G_LPIPS: 51.786 D_real: 0.000 D_fake: 0.000 \n"}
,{"stream_name":"stdout","time":11292.296158035,"data":"(epoch: 19, iters: 620, time: 0.187, data: 0.003) G_GAN: 10.079 G_LPIPS: 50.599 D_real: 0.000 D_fake: 0.000 \n"}
,{"stream_name":"stdout","time":11292.296162161,"data":"(epoch: 19, iters: 640, time: 0.183, data: 0.003) G_GAN: 11.337 G_LPIPS: 49.456 D_real: 0.000 D_fake: 0.000 \n"}
,{"stream_name":"stdout","time":11292.296166641,"data":"(epoch: 19, iters: 660, time: 0.183, data: 0.003) G_GAN: 11.255 G_LPIPS: 51.372 D_real: 0.000 D_fake: 0.000 \n"}
,{"stream_name":"stdout","time":11292.296170959,"data":"(epoch: 19, iters: 680, time: 0.233, data: 0.003) G_GAN: 11.479 G_LPIPS: 48.380 D_real: 0.000 D_fake: 0.000 \n"}
,{"stream_name":"stdout","time":11292.296175352,"data":"(epoch: 19, iters: 700, time: 0.183, data: 0.003) G_GAN: 11.471 G_LPIPS: 52.322 D_real: 0.000 D_fake: 0.000 \n"}
,{"stream_name":"stdout","time":11292.296179477,"data":"(epoch: 19, iters: 720, time: 0.183, data: 0.003) G_GAN: 9.974 G_LPIPS: 48.969 D_real: 0.000 D_fake: 0.000 \n"}
,{"stream_name":"stdout","time":11292.296183997,"data":"(epoch: 19, iters: 740, time: 0.195, data: 0.003) G_GAN: 8.939 G_LPIPS: 49.023 D_real: 0.000 D_fake: 0.000 \n"}
,{"stream_name":"stdout","time":11292.296189415,"data":"(epoch: 19, iters: 760, time: 0.183, data: 0.003) G_GAN: 8.299 G_LPIPS: 44.732 D_real: 0.000 D_fake: 0.000 \n"}
,{"stream_name":"stdout","time":11292.296194249,"data":"(epoch: 19, iters: 780, time: 0.183, data: 0.003) G_GAN: 10.558 G_LPIPS: 49.232 D_real: 0.000 D_fake: 0.000 \n"}
,{"stream_name":"stdout","time":11292.296199003,"data":"(epoch: 19, iters: 800, time: 0.235, data: 0.003) G_GAN: 10.233 G_LPIPS: 48.715 D_real: 0.000 D_fake: 0.000 \n"}
,{"stream_name":"stdout","time":11292.296203301,"data":"(epoch: 19, iters: 820, time: 0.183, data: 0.003) G_GAN: 10.793 G_LPIPS: 49.849 D_real: 0.000 D_fake: 0.000 \n"}
,{"stream_name":"stdout","time":11292.296214285,"data":"(epoch: 19, iters: 840, time: 0.183, data: 0.003) G_GAN: 10.032 G_LPIPS: 49.139 D_real: 0.000 D_fake: 0.000 \n"}
,{"stream_name":"stdout","time":11292.296218617,"data":"(epoch: 19, iters: 860, time: 0.183, data: 0.003) G_GAN: 10.006 G_LPIPS: 47.844 D_real: 0.000 D_fake: 0.000 \n"}
,{"stream_name":"stdout","time":11292.29622298,"data":"(epoch: 19, iters: 880, time: 0.189, data: 0.003) G_GAN: 10.265 G_LPIPS: 48.290 D_real: 0.000 D_fake: 0.000 \n"}
,{"stream_name":"stdout","time":11292.296227348,"data":"(epoch: 19, iters: 900, time: 0.183, data: 0.003) G_GAN: 10.819 G_LPIPS: 49.564 D_real: 0.000 D_fake: 0.000 \n"}
,{"stream_name":"stdout","time":11292.296232303,"data":"(epoch: 19, iters: 920, time: 0.235, data: 0.003) G_GAN: 10.720 G_LPIPS: 46.280 D_real: 0.000 D_fake: 0.000 \n"}
,{"stream_name":"stdout","time":11292.296237069,"data":"(epoch: 19, iters: 940, time: 0.185, data: 0.003) G_GAN: 11.271 G_LPIPS: 51.583 D_real: 0.000 D_fake: 0.000 \n"}
,{"stream_name":"stdout","time":11292.29624468,"data":"(epoch: 19, iters: 960, time: 0.184, data: 0.003) G_GAN: 11.760 G_LPIPS: 50.392 D_real: 0.000 D_fake: 0.000 \n"}
,{"stream_name":"stdout","time":11292.296251111,"data":"(epoch: 19, iters: 980, time: 0.183, data: 0.003) G_GAN: 10.503 G_LPIPS: 49.984 D_real: 0.000 D_fake: 0.000 \n"}
,{"stream_name":"stdout","time":11292.296260582,"data":"(epoch: 19, iters: 1000, time: 0.184, data: 0.003) G_GAN: 10.291 G_LPIPS: 50.848 D_real: 0.000 D_fake: 0.000 \n"}
,{"stream_name":"stdout","time":11292.29626348,"data":"(epoch: 19, iters: 1020, time: 0.184, data: 0.003) G_GAN: 10.098 G_LPIPS: 47.862 D_real: 0.000 D_fake: 0.000 \n"}
,{"stream_name":"stdout","time":11292.296266177,"data":"(epoch: 19, iters: 1040, time: 0.233, data: 0.003) G_GAN: 10.465 G_LPIPS: 47.785 D_real: 0.000 D_fake: 0.000 \n"}
,{"stream_name":"stdout","time":11292.296268976,"data":"(epoch: 19, iters: 1060, time: 0.185, data: 0.003) G_GAN: 7.873 G_LPIPS: 46.885 D_real: 0.000 D_fake: 0.001 \n"}
,{"stream_name":"stdout","time":11292.29627167,"data":"(epoch: 19, iters: 1080, time: 0.183, data: 0.003) G_GAN: 10.121 G_LPIPS: 49.627 D_real: 0.000 D_fake: 0.000 \n"}
,{"stream_name":"stdout","time":11292.296274514,"data":"(epoch: 19, iters: 1100, time: 0.183, data: 0.003) G_GAN: 11.457 G_LPIPS: 49.836 D_real: 0.000 D_fake: 0.000 \n"}
,{"stream_name":"stdout","time":11292.296277304,"data":"(epoch: 19, iters: 1120, time: 0.183, data: 0.003) G_GAN: 9.774 G_LPIPS: 50.323 D_real: 0.000 D_fake: 0.000 \n"}
,{"stream_name":"stdout","time":11292.296281537,"data":"(epoch: 19, iters: 1140, time: 0.221, data: 0.003) G_GAN: 11.219 G_LPIPS: 52.220 D_real: 0.000 D_fake: 0.000 \n"}
,{"stream_name":"stdout","time":11292.296284292,"data":"(epoch: 19, iters: 1160, time: 0.234, data: 0.003) G_GAN: 10.896 G_LPIPS: 47.340 D_real: 0.000 D_fake: 0.000 \n"}
,{"stream_name":"stdout","time":11292.296287057,"data":"(epoch: 19, iters: 1180, time: 0.184, data: 0.003) G_GAN: 8.444 G_LPIPS: 44.794 D_real: 0.000 D_fake: 0.000 \n"}
,{"stream_name":"stdout","time":11292.296289823,"data":"(epoch: 19, iters: 1200, time: 0.186, data: 0.003) G_GAN: 10.549 G_LPIPS: 47.993 D_real: 0.000 D_fake: 0.000 \n"}
,{"stream_name":"stdout","time":11292.296292512,"data":"(epoch: 19, iters: 1220, time: 0.184, data: 0.003) G_GAN: 9.068 G_LPIPS: 45.763 D_real: 0.000 D_fake: 0.000 \n"}
,{"stream_name":"stdout","time":11292.296295274,"data":"(epoch: 19, iters: 1240, time: 0.184, data: 0.003) G_GAN: 11.108 G_LPIPS: 52.139 D_real: 0.000 D_fake: 0.000 \n"}
,{"stream_name":"stdout","time":11292.296297952,"data":"(epoch: 19, iters: 1260, time: 0.184, data: 0.003) G_GAN: 11.026 G_LPIPS: 51.749 D_real: 0.000 D_fake: 0.000 \n"}
,{"stream_name":"stdout","time":11292.296300635,"data":"(epoch: 19, iters: 1280, time: 0.235, data: 0.003) G_GAN: 10.644 G_LPIPS: 47.762 D_real: 0.000 D_fake: 0.000 \n"}
,{"stream_name":"stdout","time":11292.296306676,"data":"(epoch: 19, iters: 1300, time: 0.183, data: 0.003) G_GAN: 9.450 G_LPIPS: 50.080 D_real: 0.000 D_fake: 0.000 \n"}
,{"stream_name":"stdout","time":11292.296309608,"data":"(epoch: 19, iters: 1320, time: 0.192, data: 0.003) G_GAN: 9.924 G_LPIPS: 48.771 D_real: 0.000 D_fake: 0.000 \n"}
,{"stream_name":"stdout","time":11292.296312317,"data":"(epoch: 19, iters: 1340, time: 0.184, data: 0.003) G_GAN: 10.588 G_LPIPS: 48.700 D_real: 0.000 D_fake: 0.000 \n"}
,{"stream_name":"stdout","time":11292.296315038,"data":"(epoch: 19, iters: 1360, time: 0.184, data: 0.003) G_GAN: 11.109 G_LPIPS: 52.721 D_real: 0.000 D_fake: 0.000 \n"}
,{"stream_name":"stdout","time":11292.296317739,"data":"(epoch: 19, iters: 1380, time: 0.184, data: 0.003) G_GAN: 11.719 G_LPIPS: 48.839 D_real: 0.000 D_fake: 0.000 \n"}
,{"stream_name":"stdout","time":11292.29632062,"data":"(epoch: 19, iters: 1400, time: 0.235, data: 0.003) G_GAN: 9.736 G_LPIPS: 48.536 D_real: 0.000 D_fake: 0.000 \n"}
,{"stream_name":"stdout","time":11292.296323417,"data":"(epoch: 19, iters: 1420, time: 0.184, data: 0.003) G_GAN: 11.191 G_LPIPS: 48.253 D_real: 0.000 D_fake: 0.000 \n"}
,{"stream_name":"stdout","time":11292.296326119,"data":"(epoch: 19, iters: 1440, time: 0.183, data: 0.003) G_GAN: 10.522 G_LPIPS: 49.533 D_real: 0.000 D_fake: 0.000 \n"}
,{"stream_name":"stdout","time":11292.296328902,"data":"(epoch: 19, iters: 1460, time: 0.187, data: 0.003) G_GAN: 9.958 G_LPIPS: 48.007 D_real: 0.000 D_fake: 0.000 \n"}
,{"stream_name":"stdout","time":11292.296331587,"data":"(epoch: 19, iters: 1480, time: 0.186, data: 0.003) G_GAN: 11.041 G_LPIPS: 53.964 D_real: 0.000 D_fake: 0.000 \n"}
,{"stream_name":"stdout","time":11292.296334472,"data":"(epoch: 19, iters: 1500, time: 0.183, data: 0.003) G_GAN: 11.472 G_LPIPS: 49.743 D_real: 0.000 D_fake: 0.000 \n"}
,{"stream_name":"stdout","time":11524.725463045,"data":"(epoch: 19, iters: 1520, time: 0.184, data: 0.003) G_GAN: 10.173 G_LPIPS: 46.809 D_real: 0.000 D_fake: 0.000 \n"}
,{"stream_name":"stdout","time":11524.725506964,"data":"(epoch: 19, iters: 1540, time: 0.234, data: 0.003) G_GAN: 11.574 G_LPIPS: 53.719 D_real: 0.000 D_fake: 0.000 \n"}
,{"stream_name":"stdout","time":11524.72551602,"data":"(epoch: 19, iters: 1560, time: 0.205, data: 0.003) G_GAN: 10.855 G_LPIPS: 50.492 D_real: 0.000 D_fake: 0.000 \n"}
,{"stream_name":"stdout","time":11524.725519485,"data":"(epoch: 19, iters: 1580, time: 0.186, data: 0.003) G_GAN: 11.715 G_LPIPS: 50.729 D_real: 0.000 D_fake: 0.000 \n"}
,{"stream_name":"stdout","time":11524.725522595,"data":"(epoch: 19, iters: 1600, time: 0.184, data: 0.003) G_GAN: 10.070 G_LPIPS: 46.377 D_real: 0.000 D_fake: 0.000 \n"}
,{"stream_name":"stdout","time":11524.725525636,"data":"(epoch: 19, iters: 1620, time: 0.182, data: 0.003) G_GAN: 10.612 G_LPIPS: 49.215 D_real: 0.000 D_fake: 0.000 \n"}
,{"stream_name":"stdout","time":11524.725528679,"data":"(epoch: 19, iters: 1640, time: 0.184, data: 0.004) G_GAN: 11.175 G_LPIPS: 52.824 D_real: 0.000 D_fake: 0.000 \n"}
,{"stream_name":"stdout","time":11524.72553161,"data":"(epoch: 19, iters: 1660, time: 0.191, data: 0.003) G_GAN: 10.003 G_LPIPS: 47.029 D_real: 0.000 D_fake: 0.000 \n"}
,{"stream_name":"stdout","time":11524.725534536,"data":"(epoch: 19, iters: 1680, time: 0.235, data: 0.003) G_GAN: 10.533 G_LPIPS: 49.696 D_real: 0.000 D_fake: 0.000 \n"}
,{"stream_name":"stdout","time":11524.725537468,"data":"(epoch: 19, iters: 1700, time: 0.185, data: 0.003) G_GAN: 11.232 G_LPIPS: 51.508 D_real: 0.000 D_fake: 0.000 \n"}
,{"stream_name":"stdout","time":11524.725540459,"data":"(epoch: 19, iters: 1720, time: 0.184, data: 0.003) G_GAN: 9.261 G_LPIPS: 47.717 D_real: 0.000 D_fake: 0.000 \n"}
,{"stream_name":"stdout","time":11524.725543408,"data":"(epoch: 19, iters: 1740, time: 0.184, data: 0.003) G_GAN: 10.999 G_LPIPS: 46.604 D_real: 0.001 D_fake: 0.000 \n"}
,{"stream_name":"stdout","time":11524.725557584,"data":"(epoch: 19, iters: 1760, time: 0.186, data: 0.003) G_GAN: 8.960 G_LPIPS: 47.332 D_real: 0.000 D_fake: 0.000 \n"}
,{"stream_name":"stdout","time":11524.725560131,"data":"(epoch: 19, iters: 1780, time: 0.222, data: 0.003) G_GAN: 10.478 G_LPIPS: 45.960 D_real: 0.000 D_fake: 0.000 \n"}
,{"stream_name":"stdout","time":11524.72556255,"data":"(epoch: 19, iters: 1800, time: 0.235, data: 0.003) G_GAN: 11.369 G_LPIPS: 51.869 D_real: 0.000 D_fake: 0.000 \n"}
,{"stream_name":"stdout","time":11524.72556484,"data":"(epoch: 19, iters: 1820, time: 0.185, data: 0.003) G_GAN: 11.406 G_LPIPS: 47.787 D_real: 0.000 D_fake: 0.000 \n"}
,{"stream_name":"stdout","time":11524.725567226,"data":"(epoch: 19, iters: 1840, time: 0.184, data: 0.003) G_GAN: 10.329 G_LPIPS: 46.904 D_real: 0.000 D_fake: 0.000 \n"}
,{"stream_name":"stdout","time":11524.72556952,"data":"(epoch: 19, iters: 1860, time: 0.186, data: 0.003) G_GAN: 11.038 G_LPIPS: 48.553 D_real: 0.000 D_fake: 0.000 \n"}
,{"stream_name":"stdout","time":11524.725571825,"data":"(epoch: 19, iters: 1880, time: 0.187, data: 0.003) G_GAN: 9.025 G_LPIPS: 42.980 D_real: 0.000 D_fake: 0.000 \n"}
,{"stream_name":"stdout","time":11524.725575456,"data":"(epoch: 19, iters: 1900, time: 0.187, data: 0.003) G_GAN: 8.627 G_LPIPS: 45.915 D_real: 0.000 D_fake: 0.000 \n"}
,{"stream_name":"stdout","time":11524.72557787,"data":"(epoch: 19, iters: 1920, time: 0.190, data: 0.003) G_GAN: 8.244 G_LPIPS: 43.482 D_real: 0.000 D_fake: 0.000 \n"}
,{"stream_name":"stdout","time":11524.725580157,"data":"(epoch: 19, iters: 1940, time: 0.185, data: 0.003) G_GAN: 10.332 G_LPIPS: 51.551 D_real: 0.000 D_fake: 0.000 \n"}
,{"stream_name":"stdout","time":11524.725582488,"data":"(epoch: 19, iters: 1960, time: 0.236, data: 0.003) G_GAN: 11.199 G_LPIPS: 48.415 D_real: 0.000 D_fake: 0.000 \n"}
,{"stream_name":"stdout","time":11524.725584787,"data":"(epoch: 19, iters: 1980, time: 0.191, data: 0.003) G_GAN: 10.765 G_LPIPS: 54.516 D_real: 0.000 D_fake: 0.000 \n"}
,{"stream_name":"stdout","time":11524.725587201,"data":"(epoch: 19, iters: 2000, time: 0.184, data: 0.003) G_GAN: 11.303 G_LPIPS: 50.674 D_real: 0.000 D_fake: 0.000 \n"}
,{"stream_name":"stdout","time":11524.725589602,"data":"(epoch: 19, iters: 2020, time: 0.185, data: 0.002) G_GAN: 11.010 G_LPIPS: 48.136 D_real: 0.000 D_fake: 0.000 \n"}
,{"stream_name":"stdout","time":11524.725591996,"data":"(epoch: 19, iters: 2040, time: 0.185, data: 0.003) G_GAN: 11.335 G_LPIPS: 50.897 D_real: 0.000 D_fake: 0.000 \n"}
,{"stream_name":"stdout","time":11524.72559428,"data":"(epoch: 19, iters: 2060, time: 0.185, data: 0.002) G_GAN: 11.026 G_LPIPS: 50.896 D_real: 0.000 D_fake: 0.000 \n"}
,{"stream_name":"stdout","time":11524.725596661,"data":"(epoch: 19, iters: 2080, time: 0.184, data: 0.003) G_GAN: 10.262 G_LPIPS: 51.581 D_real: 0.000 D_fake: 0.000 \n"}
,{"stream_name":"stdout","time":11524.725598952,"data":"(epoch: 19, iters: 2100, time: 0.240, data: 0.003) G_GAN: 10.691 G_LPIPS: 49.571 D_real: 0.000 D_fake: 0.000 \n"}
,{"stream_name":"stdout","time":11524.725601245,"data":"(epoch: 19, iters: 2120, time: 0.187, data: 0.003) G_GAN: 9.663 G_LPIPS: 49.048 D_real: 0.000 D_fake: 0.000 \n"}
,{"stream_name":"stdout","time":11524.725603526,"data":"(epoch: 19, iters: 2140, time: 0.184, data: 0.003) G_GAN: 9.107 G_LPIPS: 48.264 D_real: 0.000 D_fake: 0.000 \n"}
,{"stream_name":"stdout","time":11524.725605913,"data":"(epoch: 19, iters: 2160, time: 0.192, data: 0.003) G_GAN: 11.232 G_LPIPS: 51.696 D_real: 0.000 D_fake: 0.000 \n"}
,{"stream_name":"stdout","time":11524.725608209,"data":"(epoch: 19, iters: 2180, time: 0.185, data: 0.003) G_GAN: 9.264 G_LPIPS: 49.383 D_real: 0.000 D_fake: 0.000 \n"}
,{"stream_name":"stdout","time":11524.725613791,"data":"(epoch: 19, iters: 2200, time: 0.185, data: 0.003) G_GAN: 10.378 G_LPIPS: 49.299 D_real: 0.000 D_fake: 0.000 \n"}
,{"stream_name":"stdout","time":11524.725616214,"data":"(epoch: 19, iters: 2220, time: 0.240, data: 0.004) G_GAN: 11.452 G_LPIPS: 50.491 D_real: 0.000 D_fake: 0.000 \n"}
,{"stream_name":"stdout","time":11524.725618488,"data":"(epoch: 19, iters: 2240, time: 0.185, data: 0.003) G_GAN: 10.800 G_LPIPS: 51.432 D_real: 0.000 D_fake: 0.000 \n"}
,{"stream_name":"stdout","time":11524.725620779,"data":"(epoch: 19, iters: 2260, time: 0.185, data: 0.003) G_GAN: 9.736 G_LPIPS: 48.414 D_real: 0.000 D_fake: 0.000 \n"}
,{"stream_name":"stdout","time":11524.725623301,"data":"(epoch: 19, iters: 2280, time: 0.185, data: 0.003) G_GAN: 8.319 G_LPIPS: 45.018 D_real: 0.000 D_fake: 0.000 \n"}
,{"stream_name":"stdout","time":11524.725625605,"data":"(epoch: 19, iters: 2300, time: 0.185, data: 0.004) G_GAN: 8.716 G_LPIPS: 45.121 D_real: 0.000 D_fake: 0.000 \n"}
,{"stream_name":"stdout","time":11524.725627904,"data":"(epoch: 19, iters: 2320, time: 0.186, data: 0.003) G_GAN: 10.473 G_LPIPS: 50.591 D_real: 0.000 D_fake: 0.000 \n"}
,{"stream_name":"stdout","time":11524.725630195,"data":"(epoch: 19, iters: 2340, time: 0.236, data: 0.003) G_GAN: 10.142 G_LPIPS: 48.162 D_real: 0.000 D_fake: 0.000 \n"}
,{"stream_name":"stdout","time":11524.725632623,"data":"(epoch: 19, iters: 2360, time: 0.184, data: 0.003) G_GAN: 8.221 G_LPIPS: 46.531 D_real: 0.000 D_fake: 0.000 \n"}
,{"stream_name":"stdout","time":11524.725634915,"data":"(epoch: 19, iters: 2380, time: 0.184, data: 0.003) G_GAN: 10.291 G_LPIPS: 49.764 D_real: 0.000 D_fake: 0.000 \n"}
,{"stream_name":"stdout","time":11524.725637238,"data":"(epoch: 19, iters: 2400, time: 0.186, data: 0.003) G_GAN: 11.374 G_LPIPS: 51.026 D_real: 0.000 D_fake: 0.000 \n"}
,{"stream_name":"stdout","time":11524.725639526,"data":"(epoch: 19, iters: 2420, time: 0.186, data: 0.003) G_GAN: 9.796 G_LPIPS: 48.573 D_real: 0.000 D_fake: 0.000 \n"}
,{"stream_name":"stdout","time":11524.725641822,"data":"(epoch: 19, iters: 2440, time: 0.185, data: 0.003) G_GAN: 9.449 G_LPIPS: 46.907 D_real: 0.000 D_fake: 0.000 \n"}
,{"stream_name":"stdout","time":11524.725644106,"data":"(epoch: 19, iters: 2460, time: 0.236, data: 0.003) G_GAN: 10.182 G_LPIPS: 46.711 D_real: 0.000 D_fake: 0.000 \n"}
,{"stream_name":"stdout","time":11524.725646408,"data":"(epoch: 19, iters: 2480, time: 0.184, data: 0.003) G_GAN: 9.709 G_LPIPS: 52.525 D_real: 0.000 D_fake: 0.000 \n"}
,{"stream_name":"stdout","time":11524.725648698,"data":"(epoch: 19, iters: 2500, time: 0.184, data: 0.004) G_GAN: 10.736 G_LPIPS: 50.264 D_real: 0.000 D_fake: 0.000 \n"}
,{"stream_name":"stdout","time":11524.725651015,"data":"(epoch: 19, iters: 2520, time: 0.188, data: 0.003) G_GAN: 11.072 G_LPIPS: 49.731 D_real: 0.000 D_fake: 0.000 \n"}
,{"stream_name":"stdout","time":11524.725653312,"data":"(epoch: 19, iters: 2540, time: 0.185, data: 0.003) G_GAN: 11.052 G_LPIPS: 51.500 D_real: 0.000 D_fake: 0.000 \n"}
,{"stream_name":"stdout","time":11524.725655606,"data":"(epoch: 19, iters: 2560, time: 0.185, data: 0.003) G_GAN: 9.372 G_LPIPS: 47.463 D_real: 0.000 D_fake: 0.000 \n"}
,{"stream_name":"stdout","time":11524.725658386,"data":"(epoch: 19, iters: 2580, time: 0.235, data: 0.003) G_GAN: 10.635 G_LPIPS: 48.734 D_real: 0.000 D_fake: 0.000 \n"}
,{"stream_name":"stdout","time":11524.72567612,"data":"(epoch: 19, iters: 2600, time: 0.185, data: 0.003) G_GAN: 9.962 G_LPIPS: 42.184 D_real: 0.000 D_fake: 0.000 \n"}
,{"stream_name":"stdout","time":11524.725680298,"data":"(epoch: 19, iters: 2620, time: 0.185, data: 0.003) G_GAN: 10.350 G_LPIPS: 50.309 D_real: 0.000 D_fake: 0.000 \n"}
,{"stream_name":"stdout","time":11524.725684228,"data":"(epoch: 19, iters: 2640, time: 0.185, data: 0.003) G_GAN: 10.929 G_LPIPS: 50.965 D_real: 0.000 D_fake: 0.000 \n"}
,{"stream_name":"stdout","time":11524.725691825,"data":"(epoch: 19, iters: 2660, time: 0.184, data: 0.003) G_GAN: 11.388 G_LPIPS: 52.966 D_real: 0.000 D_fake: 0.000 \n"}
,{"stream_name":"stdout","time":11524.725695646,"data":"(epoch: 19, iters: 2680, time: 0.184, data: 0.003) G_GAN: 10.302 G_LPIPS: 52.515 D_real: 0.000 D_fake: 0.000 \n"}
,{"stream_name":"stdout","time":11524.725698886,"data":"(epoch: 19, iters: 2700, time: 0.241, data: 0.003) G_GAN: 10.766 G_LPIPS: 46.056 D_real: 0.000 D_fake: 0.000 \n"}
,{"stream_name":"stdout","time":11524.725701831,"data":"(epoch: 19, iters: 2720, time: 0.185, data: 0.003) G_GAN: 10.329 G_LPIPS: 46.562 D_real: 0.002 D_fake: 0.000 \n"}
,{"stream_name":"stdout","time":11524.725705057,"data":"(epoch: 19, iters: 2740, time: 0.196, data: 0.003) G_GAN: 10.564 G_LPIPS: 54.460 D_real: 0.000 D_fake: 0.000 \n"}
,{"stream_name":"stdout","time":11524.725708432,"data":"(epoch: 19, iters: 2760, time: 0.186, data: 0.003) G_GAN: 11.233 G_LPIPS: 51.030 D_real: 0.000 D_fake: 0.000 \n"}
,{"stream_name":"stdout","time":11524.725711723,"data":"(epoch: 19, iters: 2780, time: 0.184, data: 0.003) G_GAN: 11.223 G_LPIPS: 54.445 D_real: 0.000 D_fake: 0.000 \n"}
,{"stream_name":"stdout","time":11524.725714688,"data":"(epoch: 19, iters: 2800, time: 0.184, data: 0.003) G_GAN: 10.253 G_LPIPS: 46.937 D_real: 0.000 D_fake: 0.000 \n"}
,{"stream_name":"stdout","time":11524.725717747,"data":"(epoch: 19, iters: 2820, time: 0.236, data: 0.003) G_GAN: 9.397 G_LPIPS: 49.530 D_real: 0.000 D_fake: 0.000 \n"}
,{"stream_name":"stdout","time":11524.725721489,"data":"(epoch: 19, iters: 2840, time: 0.234, data: 0.003) G_GAN: 10.347 G_LPIPS: 50.562 D_real: 0.000 D_fake: 0.000 \n"}
,{"stream_name":"stdout","time":11524.725724779,"data":"(epoch: 19, iters: 2860, time: 0.186, data: 0.003) G_GAN: 11.763 G_LPIPS: 53.126 D_real: 0.000 D_fake: 0.000 \n"}
,{"stream_name":"stdout","time":11524.725728202,"data":"(epoch: 19, iters: 2880, time: 0.185, data: 0.003) G_GAN: 11.142 G_LPIPS: 53.829 D_real: 0.000 D_fake: 0.000 \n"}
,{"stream_name":"stdout","time":11524.725731392,"data":"(epoch: 19, iters: 2900, time: 0.186, data: 0.004) G_GAN: 10.516 G_LPIPS: 45.055 D_real: 0.000 D_fake: 0.000 \n"}
,{"stream_name":"stdout","time":11524.725734933,"data":"(epoch: 19, iters: 2920, time: 0.185, data: 0.003) G_GAN: 9.625 G_LPIPS: 47.143 D_real: 0.001 D_fake: 0.000 \n"}
,{"stream_name":"stdout","time":11524.725738706,"data":"(epoch: 19, iters: 2940, time: 0.184, data: 0.003) G_GAN: 11.094 G_LPIPS: 47.097 D_real: 0.000 D_fake: 0.000 \n"}
,{"stream_name":"stdout","time":11524.72574214,"data":"(epoch: 19, iters: 2960, time: 0.185, data: 0.003) G_GAN: 11.199 G_LPIPS: 48.241 D_real: 0.000 D_fake: 0.000 \n"}
,{"stream_name":"stdout","time":11524.72574544,"data":"(epoch: 19, iters: 2980, time: 0.239, data: 0.003) G_GAN: 10.022 G_LPIPS: 44.656 D_real: 0.000 D_fake: 0.000 \n"}
,{"stream_name":"stdout","time":11524.725749371,"data":"(epoch: 19, iters: 3000, time: 0.184, data: 0.003) G_GAN: 8.698 G_LPIPS: 45.619 D_real: 0.000 D_fake: 0.000 \n"}
,{"stream_name":"stdout","time":11758.840359991,"data":"(epoch: 19, iters: 3020, time: 0.186, data: 0.003) G_GAN: 10.670 G_LPIPS: 44.295 D_real: 0.000 D_fake: 0.000 \n"}
,{"stream_name":"stdout","time":11758.840405725,"data":"(epoch: 19, iters: 3040, time: 0.185, data: 0.003) G_GAN: 10.016 G_LPIPS: 45.816 D_real: 0.000 D_fake: 0.000 \n"}
,{"stream_name":"stdout","time":11758.840410212,"data":"(epoch: 19, iters: 3060, time: 0.185, data: 0.003) G_GAN: 10.079 G_LPIPS: 45.584 D_real: 0.002 D_fake: 0.000 \n"}
,{"stream_name":"stdout","time":11758.84041355,"data":"(epoch: 19, iters: 3080, time: 0.185, data: 0.004) G_GAN: 11.315 G_LPIPS: 47.665 D_real: 0.000 D_fake: 0.000 \n"}
,{"stream_name":"stdout","time":11758.840416799,"data":"(epoch: 19, iters: 3100, time: 0.185, data: 0.003) G_GAN: 9.639 G_LPIPS: 47.529 D_real: 0.000 D_fake: 0.000 \n"}
,{"stream_name":"stdout","time":11758.840431226,"data":"(epoch: 19, iters: 3120, time: 0.237, data: 0.003) G_GAN: 10.074 G_LPIPS: 48.452 D_real: 0.000 D_fake: 0.000 \n"}
,{"stream_name":"stdout","time":11758.840434095,"data":"(epoch: 19, iters: 3140, time: 0.185, data: 0.003) G_GAN: 10.688 G_LPIPS: 48.509 D_real: 0.000 D_fake: 0.000 \n"}
,{"stream_name":"stdout","time":11758.84043646,"data":"(epoch: 19, iters: 3160, time: 0.186, data: 0.003) G_GAN: 10.474 G_LPIPS: 46.111 D_real: 0.000 D_fake: 0.000 \n"}
,{"stream_name":"stdout","time":11758.840438738,"data":"(epoch: 19, iters: 3180, time: 0.188, data: 0.003) G_GAN: 9.721 G_LPIPS: 48.257 D_real: 0.000 D_fake: 0.000 \n"}
,{"stream_name":"stdout","time":11758.840441016,"data":"(epoch: 19, iters: 3200, time: 0.185, data: 0.003) G_GAN: 11.642 G_LPIPS: 54.255 D_real: 0.000 D_fake: 0.000 \n"}
,{"stream_name":"stdout","time":11758.840443369,"data":"(epoch: 19, iters: 3220, time: 0.184, data: 0.003) G_GAN: 11.673 G_LPIPS: 54.602 D_real: 0.000 D_fake: 0.000 \n"}
,{"stream_name":"stdout","time":11758.840445651,"data":"(epoch: 19, iters: 3240, time: 0.185, data: 0.003) G_GAN: 10.549 G_LPIPS: 48.368 D_real: 0.000 D_fake: 0.000 \n"}
,{"stream_name":"stdout","time":11758.840447978,"data":"(epoch: 19, iters: 3260, time: 0.185, data: 0.003) G_GAN: 10.461 G_LPIPS: 47.823 D_real: 0.000 D_fake: 0.000 \n"}
,{"stream_name":"stdout","time":11758.84045025,"data":"(epoch: 19, iters: 3280, time: 0.236, data: 0.003) G_GAN: 9.607 G_LPIPS: 44.866 D_real: 0.000 D_fake: 0.000 \n"}
,{"stream_name":"stdout","time":11758.840452632,"data":"(epoch: 19, iters: 3300, time: 0.185, data: 0.003) G_GAN: 10.252 G_LPIPS: 49.478 D_real: 0.000 D_fake: 0.000 \n"}
,{"stream_name":"stdout","time":11758.840454901,"data":"(epoch: 19, iters: 3320, time: 0.192, data: 0.004) G_GAN: 10.396 G_LPIPS: 50.479 D_real: 0.000 D_fake: 0.000 \n"}
,{"stream_name":"stdout","time":11758.840457186,"data":"(epoch: 19, iters: 3340, time: 0.185, data: 0.003) G_GAN: 10.547 G_LPIPS: 49.331 D_real: 0.000 D_fake: 0.000 \n"}
,{"stream_name":"stdout","time":11758.840459445,"data":"(epoch: 19, iters: 3360, time: 0.185, data: 0.003) G_GAN: 10.724 G_LPIPS: 47.979 D_real: 0.000 D_fake: 0.000 \n"}
,{"stream_name":"stdout","time":11758.840461789,"data":"(epoch: 19, iters: 3380, time: 0.187, data: 0.003) G_GAN: 10.999 G_LPIPS: 51.792 D_real: 0.000 D_fake: 0.000 \n"}
,{"stream_name":"stdout","time":11758.840464972,"data":"(epoch: 19, iters: 3400, time: 0.185, data: 0.004) G_GAN: 11.011 G_LPIPS: 48.679 D_real: 0.000 D_fake: 0.000 \n"}
,{"stream_name":"stdout","time":11758.840467313,"data":"(epoch: 19, iters: 3420, time: 0.236, data: 0.003) G_GAN: 9.246 G_LPIPS: 50.635 D_real: 0.000 D_fake: 0.000 \n"}
,{"stream_name":"stdout","time":11758.84046958,"data":"(epoch: 19, iters: 3440, time: 0.186, data: 0.003) G_GAN: 12.009 G_LPIPS: 57.120 D_real: 0.000 D_fake: 0.000 \n"}
,{"stream_name":"stdout","time":11758.840471966,"data":"(epoch: 19, iters: 3460, time: 0.187, data: 0.003) G_GAN: 10.913 G_LPIPS: 50.367 D_real: 0.000 D_fake: 0.000 \n"}
,{"stream_name":"stdout","time":11758.840474231,"data":"(epoch: 19, iters: 3480, time: 0.185, data: 0.003) G_GAN: 11.687 G_LPIPS: 53.612 D_real: 0.000 D_fake: 0.000 \n"}
,{"stream_name":"stdout","time":11758.840476498,"data":"(epoch: 19, iters: 3500, time: 0.184, data: 0.004) G_GAN: 11.135 G_LPIPS: 51.778 D_real: 0.000 D_fake: 0.000 \n"}
,{"stream_name":"stdout","time":11758.840478761,"data":"(epoch: 19, iters: 3520, time: 0.184, data: 0.003) G_GAN: 11.432 G_LPIPS: 50.554 D_real: 0.000 D_fake: 0.000 \n"}
,{"stream_name":"stdout","time":11758.840481028,"data":"(epoch: 19, iters: 3540, time: 0.185, data: 0.003) G_GAN: 10.159 G_LPIPS: 50.359 D_real: 0.000 D_fake: 0.000 \n"}
,{"stream_name":"stdout","time":11758.840483278,"data":"(epoch: 19, iters: 3560, time: 0.258, data: 0.003) G_GAN: 10.838 G_LPIPS: 48.857 D_real: 0.000 D_fake: 0.000 \n"}
,{"stream_name":"stdout","time":11758.840487883,"data":"(epoch: 19, iters: 3580, time: 0.186, data: 0.003) G_GAN: 10.542 G_LPIPS: 46.807 D_real: 0.000 D_fake: 0.000 \n"}
,{"stream_name":"stdout","time":11758.840490297,"data":"(epoch: 19, iters: 3600, time: 0.186, data: 0.003) G_GAN: 9.956 G_LPIPS: 47.457 D_real: 0.000 D_fake: 0.000 \n"}
,{"stream_name":"stdout","time":11758.840492757,"data":"(epoch: 19, iters: 3620, time: 0.186, data: 0.003) G_GAN: 10.537 G_LPIPS: 49.962 D_real: 0.000 D_fake: 0.000 \n"}
,{"stream_name":"stdout","time":11758.84049501,"data":"(epoch: 19, iters: 3640, time: 0.192, data: 0.003) G_GAN: 11.298 G_LPIPS: 50.778 D_real: 0.000 D_fake: 0.000 \n"}
,{"stream_name":"stdout","time":11758.840497286,"data":"(epoch: 19, iters: 3660, time: 0.185, data: 0.003) G_GAN: 9.168 G_LPIPS: 52.365 D_real: 0.000 D_fake: 0.000 \n"}
,{"stream_name":"stdout","time":11758.840499567,"data":"(epoch: 19, iters: 3680, time: 0.196, data: 0.003) G_GAN: 10.733 G_LPIPS: 50.601 D_real: 0.000 D_fake: 0.000 \n"}
,{"stream_name":"stdout","time":11758.840501838,"data":"(epoch: 19, iters: 3700, time: 0.220, data: 0.003) G_GAN: 11.479 G_LPIPS: 48.061 D_real: 0.000 D_fake: 0.000 \n"}
,{"stream_name":"stdout","time":11758.840504105,"data":"(epoch: 19, iters: 3720, time: 0.236, data: 0.003) G_GAN: 11.410 G_LPIPS: 51.678 D_real: 0.000 D_fake: 0.000 \n"}
,{"stream_name":"stdout","time":11758.840506362,"data":"(epoch: 19, iters: 3740, time: 0.186, data: 0.003) G_GAN: 11.702 G_LPIPS: 52.972 D_real: 0.000 D_fake: 0.000 \n"}
,{"stream_name":"stdout","time":11758.840508619,"data":"(epoch: 19, iters: 3760, time: 0.186, data: 0.003) G_GAN: 11.857 G_LPIPS: 53.274 D_real: 0.000 D_fake: 0.000 \n"}
,{"stream_name":"stdout","time":11758.840511152,"data":"(epoch: 19, iters: 3780, time: 0.186, data: 0.003) G_GAN: 9.416 G_LPIPS: 50.097 D_real: 0.000 D_fake: 0.000 \n"}
,{"stream_name":"stdout","time":11758.840513426,"data":"(epoch: 19, iters: 3800, time: 0.187, data: 0.003) G_GAN: 10.335 G_LPIPS: 48.627 D_real: 0.000 D_fake: 0.000 \n"}
,{"stream_name":"stdout","time":11758.840515691,"data":"(epoch: 19, iters: 3820, time: 0.185, data: 0.003) G_GAN: 10.885 G_LPIPS: 52.690 D_real: 0.000 D_fake: 0.000 \n"}
,{"stream_name":"stdout","time":11758.840518356,"data":"(epoch: 19, iters: 3840, time: 0.184, data: 0.003) G_GAN: 11.579 G_LPIPS: 51.968 D_real: 0.000 D_fake: 0.000 \n"}
,{"stream_name":"stdout","time":11758.840535115,"data":"(epoch: 19, iters: 3860, time: 0.186, data: 0.003) G_GAN: 9.785 G_LPIPS: 46.625 D_real: 0.000 D_fake: 0.000 \n"}
,{"stream_name":"stdout","time":11758.840539408,"data":"(epoch: 19, iters: 3880, time: 0.184, data: 0.003) G_GAN: 11.461 G_LPIPS: 47.451 D_real: 0.000 D_fake: 0.000 \n"}
,{"stream_name":"stdout","time":11758.840543056,"data":"(epoch: 19, iters: 3900, time: 0.234, data: 0.003) G_GAN: 10.353 G_LPIPS: 50.964 D_real: 0.000 D_fake: 0.000 \n"}
,{"stream_name":"stdout","time":11758.840546741,"data":"(epoch: 19, iters: 3920, time: 0.185, data: 0.003) G_GAN: 11.071 G_LPIPS: 51.216 D_real: 0.000 D_fake: 0.000 \n"}
,{"stream_name":"stdout","time":11758.840550481,"data":"(epoch: 19, iters: 3940, time: 0.187, data: 0.003) G_GAN: 8.919 G_LPIPS: 45.453 D_real: 0.000 D_fake: 0.000 \n"}
,{"stream_name":"stdout","time":11758.84055356,"data":"(epoch: 19, iters: 3960, time: 0.194, data: 0.003) G_GAN: 10.534 G_LPIPS: 53.901 D_real: 0.000 D_fake: 0.000 \n"}
,{"stream_name":"stdout","time":11758.840556641,"data":"(epoch: 19, iters: 3980, time: 0.186, data: 0.003) G_GAN: 10.221 G_LPIPS: 49.091 D_real: 0.000 D_fake: 0.000 \n"}
,{"stream_name":"stdout","time":11758.840559643,"data":"(epoch: 19, iters: 4000, time: 0.185, data: 0.003) G_GAN: 8.819 G_LPIPS: 51.564 D_real: 0.000 D_fake: 0.000 \n"}
,{"stream_name":"stdout","time":11758.840562771,"data":"(epoch: 19, iters: 4020, time: 0.186, data: 0.003) G_GAN: 9.458 G_LPIPS: 46.157 D_real: 0.000 D_fake: 0.000 \n"}
,{"stream_name":"stdout","time":11758.840569506,"data":"(epoch: 19, iters: 4040, time: 0.186, data: 0.003) G_GAN: 11.600 G_LPIPS: 49.782 D_real: 0.000 D_fake: 0.000 \n"}
,{"stream_name":"stdout","time":11758.840572968,"data":"(epoch: 19, iters: 4060, time: 0.185, data: 0.003) G_GAN: 11.213 G_LPIPS: 49.151 D_real: 0.000 D_fake: 0.000 \n"}
,{"stream_name":"stdout","time":11758.840576404,"data":"(epoch: 19, iters: 4080, time: 0.236, data: 0.003) G_GAN: 11.024 G_LPIPS: 52.797 D_real: 0.000 D_fake: 0.000 \n"}
,{"stream_name":"stdout","time":11758.840580141,"data":"(epoch: 19, iters: 4100, time: 0.235, data: 0.003) G_GAN: 11.580 G_LPIPS: 49.769 D_real: 0.000 D_fake: 0.000 \n"}
,{"stream_name":"stdout","time":11758.840583371,"data":"(epoch: 19, iters: 4120, time: 0.188, data: 0.003) G_GAN: 10.244 G_LPIPS: 47.034 D_real: 0.000 D_fake: 0.000 \n"}
,{"stream_name":"stdout","time":11758.840587325,"data":"(epoch: 19, iters: 4140, time: 0.186, data: 0.003) G_GAN: 9.459 G_LPIPS: 49.877 D_real: 0.000 D_fake: 0.000 \n"}
,{"stream_name":"stdout","time":11758.840591075,"data":"(epoch: 19, iters: 4160, time: 0.184, data: 0.003) G_GAN: 10.396 G_LPIPS: 47.152 D_real: 0.000 D_fake: 0.000 \n"}
,{"stream_name":"stdout","time":11758.840594545,"data":"(epoch: 19, iters: 4180, time: 0.187, data: 0.003) G_GAN: 9.229 G_LPIPS: 46.330 D_real: 0.000 D_fake: 0.000 \n"}
,{"stream_name":"stdout","time":11758.840598332,"data":"(epoch: 19, iters: 4200, time: 0.186, data: 0.003) G_GAN: 9.384 G_LPIPS: 44.118 D_real: 0.000 D_fake: 0.000 \n"}
,{"stream_name":"stdout","time":11758.840601557,"data":"(epoch: 19, iters: 4220, time: 0.188, data: 0.003) G_GAN: 11.169 G_LPIPS: 49.211 D_real: 0.000 D_fake: 0.000 \n"}
,{"stream_name":"stdout","time":11758.840604716,"data":"(epoch: 19, iters: 4240, time: 0.186, data: 0.003) G_GAN: 10.296 G_LPIPS: 44.863 D_real: 0.000 D_fake: 0.000 \n"}
,{"stream_name":"stdout","time":11758.840608415,"data":"(epoch: 19, iters: 4260, time: 0.247, data: 0.003) G_GAN: 9.808 G_LPIPS: 48.657 D_real: 0.000 D_fake: 0.000 \n"}
,{"stream_name":"stdout","time":11758.840611932,"data":"(epoch: 19, iters: 4280, time: 0.240, data: 0.003) G_GAN: 10.868 G_LPIPS: 49.676 D_real: 0.000 D_fake: 0.000 \n"}
,{"stream_name":"stdout","time":11758.84061577,"data":"(epoch: 19, iters: 4300, time: 0.186, data: 0.003) G_GAN: 10.546 G_LPIPS: 52.258 D_real: 0.000 D_fake: 0.000 \n"}
,{"stream_name":"stdout","time":11758.840618773,"data":"(epoch: 19, iters: 4320, time: 0.187, data: 0.003) G_GAN: 10.282 G_LPIPS: 46.711 D_real: 0.000 D_fake: 0.000 \n"}
,{"stream_name":"stdout","time":11758.840621896,"data":"(epoch: 19, iters: 4340, time: 0.186, data: 0.003) G_GAN: 10.128 G_LPIPS: 51.411 D_real: 0.000 D_fake: 0.000 \n"}
,{"stream_name":"stdout","time":11758.84062527,"data":"(epoch: 19, iters: 4360, time: 0.187, data: 0.003) G_GAN: 11.431 G_LPIPS: 50.245 D_real: 0.000 D_fake: 0.000 \n"}
,{"stream_name":"stdout","time":11758.840628578,"data":"(epoch: 19, iters: 4380, time: 0.187, data: 0.003) G_GAN: 10.544 G_LPIPS: 48.629 D_real: 0.000 D_fake: 0.000 \n"}
,{"stream_name":"stdout","time":11758.84063166,"data":"(epoch: 19, iters: 4400, time: 0.187, data: 0.003) G_GAN: 9.852 G_LPIPS: 46.496 D_real: 0.000 D_fake: 0.000 \n"}
,{"stream_name":"stdout","time":11758.840634881,"data":"(epoch: 19, iters: 4420, time: 0.187, data: 0.003) G_GAN: 11.819 G_LPIPS: 52.249 D_real: 0.000 D_fake: 0.000 \n"}
,{"stream_name":"stdout","time":11758.840638149,"data":"(epoch: 19, iters: 4440, time: 0.188, data: 0.003) G_GAN: 8.585 G_LPIPS: 44.293 D_real: 0.000 D_fake: 0.000 \n"}
,{"stream_name":"stdout","time":11758.840641845,"data":"(epoch: 19, iters: 4460, time: 0.235, data: 0.003) G_GAN: 10.689 G_LPIPS: 48.104 D_real: 0.000 D_fake: 0.000 \n"}
,{"stream_name":"stdout","time":11758.84064936,"data":"(epoch: 19, iters: 4480, time: 0.187, data: 0.004) G_GAN: 9.840 G_LPIPS: 47.582 D_real: 0.000 D_fake: 0.000 \n"}
,{"stream_name":"stdout","time":11758.840653243,"data":"(epoch: 19, iters: 4500, time: 0.185, data: 0.003) G_GAN: 10.772 G_LPIPS: 48.942 D_real: 0.000 D_fake: 0.000 \n"}
,{"stream_name":"stdout","time":11927.935038801,"data":"(epoch: 19, iters: 4520, time: 0.186, data: 0.003) G_GAN: 10.134 G_LPIPS: 47.251 D_real: 0.000 D_fake: 0.000 \n"}
,{"stream_name":"stdout","time":11927.935119712,"data":"(epoch: 19, iters: 4540, time: 0.186, data: 0.003) G_GAN: 10.581 G_LPIPS: 48.272 D_real: 0.000 D_fake: 0.000 \n"}
,{"stream_name":"stdout","time":11927.93512944,"data":"(epoch: 19, iters: 4560, time: 0.185, data: 0.003) G_GAN: 8.448 G_LPIPS: 48.791 D_real: 0.000 D_fake: 0.000 \n"}
,{"stream_name":"stdout","time":11927.935134643,"data":"saving the latest model (epoch 19, total_iters 105000)\n"}
,{"stream_name":"stdout","time":11927.935139182,"data":"(epoch: 19, iters: 4580, time: 0.185, data: 0.003) G_GAN: 11.522 G_LPIPS: 53.070 D_real: 0.000 D_fake: 0.000 \n"}
,{"stream_name":"stdout","time":11927.935143774,"data":"(epoch: 19, iters: 4600, time: 0.187, data: 0.003) G_GAN: 11.334 G_LPIPS: 50.935 D_real: 0.000 D_fake: 0.000 \n"}
,{"stream_name":"stdout","time":11927.93514842,"data":"(epoch: 19, iters: 4620, time: 0.186, data: 0.003) G_GAN: 9.791 G_LPIPS: 45.328 D_real: 0.000 D_fake: 0.000 \n"}
,{"stream_name":"stdout","time":11927.935152985,"data":"(epoch: 19, iters: 4640, time: 0.235, data: 0.003) G_GAN: 10.009 G_LPIPS: 49.751 D_real: 0.000 D_fake: 0.000 \n"}
,{"stream_name":"stdout","time":11927.935160878,"data":"(epoch: 19, iters: 4660, time: 0.237, data: 0.003) G_GAN: 10.452 G_LPIPS: 45.328 D_real: 0.000 D_fake: 0.000 \n"}
,{"stream_name":"stdout","time":11927.935164217,"data":"(epoch: 19, iters: 4680, time: 0.185, data: 0.003) G_GAN: 11.468 G_LPIPS: 51.288 D_real: 0.000 D_fake: 0.000 \n"}
,{"stream_name":"stdout","time":11927.935167309,"data":"(epoch: 19, iters: 4700, time: 0.186, data: 0.003) G_GAN: 9.768 G_LPIPS: 48.538 D_real: 0.000 D_fake: 0.000 \n"}
,{"stream_name":"stdout","time":11927.935170656,"data":"(epoch: 19, iters: 4720, time: 0.187, data: 0.003) G_GAN: 10.529 G_LPIPS: 50.735 D_real: 0.000 D_fake: 0.000 \n"}
,{"stream_name":"stdout","time":11927.935173692,"data":"(epoch: 19, iters: 4740, time: 0.188, data: 0.003) G_GAN: 10.963 G_LPIPS: 51.250 D_real: 0.000 D_fake: 0.000 \n"}
,{"stream_name":"stdout","time":11927.935176792,"data":"(epoch: 19, iters: 4760, time: 0.187, data: 0.003) G_GAN: 11.195 G_LPIPS: 53.771 D_real: 0.000 D_fake: 0.000 \n"}
,{"stream_name":"stdout","time":11927.935179935,"data":"(epoch: 19, iters: 4780, time: 0.186, data: 0.003) G_GAN: 8.826 G_LPIPS: 49.081 D_real: 0.000 D_fake: 0.000 \n"}
,{"stream_name":"stdout","time":11927.935183013,"data":"(epoch: 19, iters: 4800, time: 0.187, data: 0.003) G_GAN: 10.564 G_LPIPS: 47.718 D_real: 0.000 D_fake: 0.000 \n"}
,{"stream_name":"stdout","time":11927.935186131,"data":"(epoch: 19, iters: 4820, time: 0.239, data: 0.003) G_GAN: 9.817 G_LPIPS: 53.996 D_real: 0.000 D_fake: 0.000 \n"}
,{"stream_name":"stdout","time":11927.935189084,"data":"(epoch: 19, iters: 4840, time: 0.197, data: 0.003) G_GAN: 10.681 G_LPIPS: 49.776 D_real: 0.000 D_fake: 0.000 \n"}
,{"stream_name":"stdout","time":11927.935192149,"data":"(epoch: 19, iters: 4860, time: 0.186, data: 0.003) G_GAN: 11.908 G_LPIPS: 50.401 D_real: 0.000 D_fake: 0.000 \n"}
,{"stream_name":"stdout","time":11927.935195808,"data":"(epoch: 19, iters: 4880, time: 0.186, data: 0.003) G_GAN: 10.284 G_LPIPS: 46.361 D_real: 0.000 D_fake: 0.000 \n"}
,{"stream_name":"stdout","time":11927.935213325,"data":"(epoch: 19, iters: 4900, time: 0.186, data: 0.003) G_GAN: 11.081 G_LPIPS: 52.549 D_real: 0.000 D_fake: 0.000 \n"}
,{"stream_name":"stdout","time":11927.935229335,"data":"(epoch: 19, iters: 4920, time: 0.186, data: 0.003) G_GAN: 10.701 G_LPIPS: 46.807 D_real: 0.000 D_fake: 0.000 \n"}
,{"stream_name":"stdout","time":11927.935233413,"data":"(epoch: 19, iters: 4940, time: 0.187, data: 0.003) G_GAN: 11.387 G_LPIPS: 51.100 D_real: 0.000 D_fake: 0.000 \n"}
,{"stream_name":"stdout","time":11927.935236932,"data":"(epoch: 19, iters: 4960, time: 0.187, data: 0.003) G_GAN: 11.322 G_LPIPS: 46.556 D_real: 0.000 D_fake: 0.000 \n"}
,{"stream_name":"stdout","time":11927.935240469,"data":"(epoch: 19, iters: 4980, time: 0.186, data: 0.003) G_GAN: 11.737 G_LPIPS: 51.508 D_real: 0.000 D_fake: 0.000 \n"}
,{"stream_name":"stdout","time":11927.93524395,"data":"(epoch: 19, iters: 5000, time: 0.187, data: 0.003) G_GAN: 10.813 G_LPIPS: 46.966 D_real: 0.000 D_fake: 0.000 \n"}
,{"stream_name":"stdout","time":11927.935247535,"data":"(epoch: 19, iters: 5020, time: 0.236, data: 0.003) G_GAN: 11.334 G_LPIPS: 47.890 D_real: 0.000 D_fake: 0.000 \n"}
,{"stream_name":"stdout","time":11927.935251163,"data":"(epoch: 19, iters: 5040, time: 0.242, data: 0.003) G_GAN: 10.785 G_LPIPS: 47.247 D_real: 0.000 D_fake: 0.000 \n"}
,{"stream_name":"stdout","time":11927.935254647,"data":"(epoch: 19, iters: 5060, time: 0.187, data: 0.003) G_GAN: 11.390 G_LPIPS: 50.276 D_real: 0.000 D_fake: 0.000 \n"}
,{"stream_name":"stdout","time":11927.9352583,"data":"(epoch: 19, iters: 5080, time: 0.187, data: 0.003) G_GAN: 10.537 G_LPIPS: 47.103 D_real: 0.000 D_fake: 0.000 \n"}
,{"stream_name":"stdout","time":11927.935261892,"data":"(epoch: 19, iters: 5100, time: 0.201, data: 0.003) G_GAN: 11.143 G_LPIPS: 49.630 D_real: 0.000 D_fake: 0.000 \n"}
,{"stream_name":"stdout","time":11927.935265464,"data":"(epoch: 19, iters: 5120, time: 0.187, data: 0.003) G_GAN: 9.757 G_LPIPS: 48.490 D_real: 0.000 D_fake: 0.000 \n"}
,{"stream_name":"stdout","time":11927.935269063,"data":"(epoch: 19, iters: 5140, time: 0.187, data: 0.003) G_GAN: 11.747 G_LPIPS: 53.546 D_real: 0.000 D_fake: 0.000 \n"}
,{"stream_name":"stdout","time":11927.935275392,"data":"(epoch: 19, iters: 5160, time: 0.187, data: 0.003) G_GAN: 9.702 G_LPIPS: 47.448 D_real: 0.000 D_fake: 0.000 \n"}
,{"stream_name":"stdout","time":11927.935277867,"data":"(epoch: 19, iters: 5180, time: 0.187, data: 0.003) G_GAN: 11.245 G_LPIPS: 50.748 D_real: 0.000 D_fake: 0.000 \n"}
,{"stream_name":"stdout","time":11927.935280169,"data":"(epoch: 19, iters: 5200, time: 0.189, data: 0.003) G_GAN: 10.400 G_LPIPS: 47.841 D_real: 0.000 D_fake: 0.000 \n"}
,{"stream_name":"stdout","time":11927.935282588,"data":"(epoch: 19, iters: 5220, time: 0.189, data: 0.003) G_GAN: 11.670 G_LPIPS: 49.917 D_real: 0.000 D_fake: 0.000 \n"}
,{"stream_name":"stdout","time":11927.935284875,"data":"(epoch: 19, iters: 5240, time: 0.238, data: 0.003) G_GAN: 9.981 G_LPIPS: 48.519 D_real: 0.000 D_fake: 0.000 \n"}
,{"stream_name":"stdout","time":11927.935287749,"data":"(epoch: 19, iters: 5260, time: 0.246, data: 0.003) G_GAN: 10.843 G_LPIPS: 49.569 D_real: 0.000 D_fake: 0.000 \n"}
,{"stream_name":"stdout","time":11927.935290725,"data":"(epoch: 19, iters: 5280, time: 0.187, data: 0.003) G_GAN: 11.646 G_LPIPS: 52.275 D_real: 0.000 D_fake: 0.000 \n"}
,{"stream_name":"stdout","time":11927.935303273,"data":"(epoch: 19, iters: 5300, time: 0.187, data: 0.003) G_GAN: 10.368 G_LPIPS: 48.714 D_real: 0.000 D_fake: 0.000 \n"}
,{"stream_name":"stdout","time":11927.93530786,"data":"(epoch: 19, iters: 5320, time: 0.187, data: 0.003) G_GAN: 10.347 G_LPIPS: 49.788 D_real: 0.000 D_fake: 0.000 \n"}
,{"stream_name":"stdout","time":11927.935312059,"data":"(epoch: 19, iters: 5340, time: 0.188, data: 0.003) G_GAN: 9.583 G_LPIPS: 49.084 D_real: 0.000 D_fake: 0.000 \n"}
,{"stream_name":"stdout","time":11927.935316306,"data":"(epoch: 19, iters: 5360, time: 0.188, data: 0.003) G_GAN: 11.550 G_LPIPS: 50.859 D_real: 0.000 D_fake: 0.000 \n"}
,{"stream_name":"stdout","time":11927.935324119,"data":"(epoch: 19, iters: 5380, time: 0.186, data: 0.003) G_GAN: 11.194 G_LPIPS: 47.180 D_real: 0.000 D_fake: 0.000 \n"}
,{"stream_name":"stdout","time":11927.935327728,"data":"(epoch: 19, iters: 5400, time: 0.188, data: 0.003) G_GAN: 11.011 G_LPIPS: 53.293 D_real: 0.000 D_fake: 0.000 \n"}
,{"stream_name":"stdout","time":11927.93533125,"data":"(epoch: 19, iters: 5420, time: 0.189, data: 0.003) G_GAN: 10.785 G_LPIPS: 47.643 D_real: 0.000 D_fake: 0.000 \n"}
,{"stream_name":"stdout","time":11927.93533469,"data":"(epoch: 19, iters: 5440, time: 0.237, data: 0.003) G_GAN: 11.446 G_LPIPS: 50.952 D_real: 0.000 D_fake: 0.000 \n"}
,{"stream_name":"stdout","time":11927.93533824,"data":"(epoch: 19, iters: 5460, time: 0.237, data: 0.003) G_GAN: 10.264 G_LPIPS: 49.461 D_real: 0.000 D_fake: 0.000 \n"}
,{"stream_name":"stdout","time":11927.935341769,"data":"(epoch: 19, iters: 5480, time: 0.187, data: 0.003) G_GAN: 11.105 G_LPIPS: 49.707 D_real: 0.000 D_fake: 0.000 \n"}
,{"stream_name":"stdout","time":11927.935345365,"data":"(epoch: 19, iters: 5500, time: 0.194, data: 0.003) G_GAN: 10.871 G_LPIPS: 45.799 D_real: 0.001 D_fake: 0.000 \n"}
,{"stream_name":"stdout","time":11927.935348922,"data":"(epoch: 19, iters: 5520, time: 0.187, data: 0.003) G_GAN: 10.463 G_LPIPS: 46.039 D_real: 0.000 D_fake: 0.000 \n"}
,{"stream_name":"stdout","time":11927.935352412,"data":"(epoch: 19, iters: 5540, time: 0.188, data: 0.003) G_GAN: 10.208 G_LPIPS: 45.911 D_real: 0.000 D_fake: 0.000 \n"}
,{"stream_name":"stdout","time":11927.935355896,"data":"(epoch: 19, iters: 5560, time: 0.209, data: 0.003) G_GAN: 11.197 G_LPIPS: 49.539 D_real: 0.000 D_fake: 0.000 \n"}
,{"stream_name":"stdout","time":11927.935367495,"data":"(epoch: 19, iters: 5580, time: 0.146, data: 0.003) G_GAN: 11.720 G_LPIPS: 50.487 D_real: 0.000 D_fake: 0.000 \n"}
,{"stream_name":"stdout","time":11927.935371306,"data":"saving the model at the end of epoch 19, iters 106020\n"}
,{"stream_name":"stdout","time":11927.935377697,"data":"End of epoch 19 / 20 \t Time Taken: 869 sec\n"}
,{"stream_name":"stdout","time":11927.935380699,"data":"learning rate 0.0000091 -\u003e 0.0000000\n"}
,{"stream_name":"stdout","time":12169.991818952,"data":"(epoch: 20, iters: 20, time: 0.189, data: 0.256) G_GAN: 11.760 G_LPIPS: 47.809 D_real: 0.000 D_fake: 0.000 \n"}
,{"stream_name":"stdout","time":12169.991867714,"data":"(epoch: 20, iters: 40, time: 0.188, data: 0.002) G_GAN: 9.406 G_LPIPS: 47.603 D_real: 0.000 D_fake: 0.000 \n"}
,{"stream_name":"stdout","time":12169.991873891,"data":"(epoch: 20, iters: 60, time: 0.240, data: 0.003) G_GAN: 11.602 G_LPIPS: 51.086 D_real: 0.000 D_fake: 0.000 \n"}
,{"stream_name":"stdout","time":12169.991878635,"data":"(epoch: 20, iters: 80, time: 0.247, data: 0.003) G_GAN: 8.975 G_LPIPS: 48.349 D_real: 0.000 D_fake: 0.000 \n"}
,{"stream_name":"stdout","time":12169.991883382,"data":"(epoch: 20, iters: 100, time: 0.188, data: 0.003) G_GAN: 11.436 G_LPIPS: 51.815 D_real: 0.000 D_fake: 0.000 \n"}
,{"stream_name":"stdout","time":12169.991887751,"data":"(epoch: 20, iters: 120, time: 0.187, data: 0.003) G_GAN: 11.202 G_LPIPS: 46.083 D_real: 0.000 D_fake: 0.000 \n"}
,{"stream_name":"stdout","time":12169.991892209,"data":"(epoch: 20, iters: 140, time: 0.188, data: 0.003) G_GAN: 10.493 G_LPIPS: 49.619 D_real: 0.000 D_fake: 0.000 \n"}
,{"stream_name":"stdout","time":12169.991897016,"data":"(epoch: 20, iters: 160, time: 0.186, data: 0.003) G_GAN: 11.307 G_LPIPS: 48.803 D_real: 0.000 D_fake: 0.000 \n"}
,{"stream_name":"stdout","time":12169.991901532,"data":"(epoch: 20, iters: 180, time: 0.189, data: 0.003) G_GAN: 10.674 G_LPIPS: 48.640 D_real: 0.000 D_fake: 0.000 \n"}
,{"stream_name":"stdout","time":12169.991905793,"data":"(epoch: 20, iters: 200, time: 0.188, data: 0.003) G_GAN: 10.304 G_LPIPS: 49.705 D_real: 0.000 D_fake: 0.000 \n"}
,{"stream_name":"stdout","time":12169.991924466,"data":"(epoch: 20, iters: 220, time: 0.192, data: 0.003) G_GAN: 10.063 G_LPIPS: 47.569 D_real: 0.000 D_fake: 0.000 \n"}
,{"stream_name":"stdout","time":12169.991928581,"data":"(epoch: 20, iters: 240, time: 0.188, data: 0.003) G_GAN: 11.348 G_LPIPS: 51.902 D_real: 0.000 D_fake: 0.000 \n"}
,{"stream_name":"stdout","time":12169.991932316,"data":"(epoch: 20, iters: 260, time: 0.188, data: 0.003) G_GAN: 8.824 G_LPIPS: 46.810 D_real: 0.000 D_fake: 0.000 \n"}
,{"stream_name":"stdout","time":12169.991936557,"data":"(epoch: 20, iters: 280, time: 0.240, data: 0.003) G_GAN: 9.906 G_LPIPS: 47.601 D_real: 0.000 D_fake: 0.000 \n"}
,{"stream_name":"stdout","time":12169.991940394,"data":"(epoch: 20, iters: 300, time: 0.238, data: 0.003) G_GAN: 10.570 G_LPIPS: 50.539 D_real: 0.000 D_fake: 0.000 \n"}
,{"stream_name":"stdout","time":12169.991944354,"data":"(epoch: 20, iters: 320, time: 0.195, data: 0.003) G_GAN: 11.568 G_LPIPS: 49.223 D_real: 0.000 D_fake: 0.000 \n"}
,{"stream_name":"stdout","time":12169.99194807,"data":"(epoch: 20, iters: 340, time: 0.188, data: 0.003) G_GAN: 8.636 G_LPIPS: 47.655 D_real: 0.000 D_fake: 0.000 \n"}
,{"stream_name":"stdout","time":12169.991951264,"data":"(epoch: 20, iters: 360, time: 0.187, data: 0.003) G_GAN: 9.893 G_LPIPS: 46.510 D_real: 0.000 D_fake: 0.000 \n"}
,{"stream_name":"stdout","time":12169.991957286,"data":"(epoch: 20, iters: 380, time: 0.210, data: 0.003) G_GAN: 11.107 G_LPIPS: 47.567 D_real: 0.000 D_fake: 0.000 \n"}
,{"stream_name":"stdout","time":12169.991961503,"data":"(epoch: 20, iters: 400, time: 0.191, data: 0.003) G_GAN: 10.811 G_LPIPS: 49.430 D_real: 0.000 D_fake: 0.000 \n"}
,{"stream_name":"stdout","time":12169.991965465,"data":"(epoch: 20, iters: 420, time: 0.189, data: 0.003) G_GAN: 10.727 G_LPIPS: 47.904 D_real: 0.000 D_fake: 0.000 \n"}
,{"stream_name":"stdout","time":12169.991969207,"data":"(epoch: 20, iters: 440, time: 0.187, data: 0.003) G_GAN: 10.308 G_LPIPS: 49.330 D_real: 0.000 D_fake: 0.000 \n"}
,{"stream_name":"stdout","time":12169.991972832,"data":"(epoch: 20, iters: 460, time: 0.187, data: 0.003) G_GAN: 11.341 G_LPIPS: 52.645 D_real: 0.000 D_fake: 0.000 \n"}
,{"stream_name":"stdout","time":12169.991976945,"data":"(epoch: 20, iters: 480, time: 0.237, data: 0.003) G_GAN: 10.804 G_LPIPS: 46.168 D_real: 0.000 D_fake: 0.000 \n"}
,{"stream_name":"stdout","time":12169.991980356,"data":"(epoch: 20, iters: 500, time: 0.188, data: 0.003) G_GAN: 9.545 G_LPIPS: 44.226 D_real: 0.000 D_fake: 0.000 \n"}
,{"stream_name":"stdout","time":12169.991983593,"data":"(epoch: 20, iters: 520, time: 0.192, data: 0.003) G_GAN: 11.118 G_LPIPS: 48.205 D_real: 0.000 D_fake: 0.000 \n"}
,{"stream_name":"stdout","time":12169.991987336,"data":"(epoch: 20, iters: 540, time: 0.188, data: 0.003) G_GAN: 11.827 G_LPIPS: 52.505 D_real: 0.000 D_fake: 0.000 \n"}
,{"stream_name":"stdout","time":12169.991990971,"data":"(epoch: 20, iters: 560, time: 0.188, data: 0.003) G_GAN: 9.868 G_LPIPS: 48.517 D_real: 0.000 D_fake: 0.000 \n"}
,{"stream_name":"stdout","time":12169.991997002,"data":"(epoch: 20, iters: 580, time: 0.188, data: 0.003) G_GAN: 9.891 G_LPIPS: 46.679 D_real: 0.000 D_fake: 0.000 \n"}
,{"stream_name":"stdout","time":12169.992001014,"data":"(epoch: 20, iters: 600, time: 0.187, data: 0.003) G_GAN: 10.130 G_LPIPS: 49.781 D_real: 0.000 D_fake: 0.000 \n"}
,{"stream_name":"stdout","time":12169.992004672,"data":"(epoch: 20, iters: 620, time: 0.187, data: 0.003) G_GAN: 11.594 G_LPIPS: 51.727 D_real: 0.000 D_fake: 0.000 \n"}
,{"stream_name":"stdout","time":12169.992008226,"data":"(epoch: 20, iters: 640, time: 0.188, data: 0.003) G_GAN: 9.935 G_LPIPS: 46.268 D_real: 0.000 D_fake: 0.000 \n"}
,{"stream_name":"stdout","time":12169.992013081,"data":"(epoch: 20, iters: 660, time: 0.238, data: 0.003) G_GAN: 9.630 G_LPIPS: 46.244 D_real: 0.000 D_fake: 0.000 \n"}
,{"stream_name":"stdout","time":12169.992025751,"data":"(epoch: 20, iters: 680, time: 0.239, data: 0.003) G_GAN: 11.816 G_LPIPS: 50.144 D_real: 0.000 D_fake: 0.000 \n"}
,{"stream_name":"stdout","time":12169.992028676,"data":"(epoch: 20, iters: 700, time: 0.188, data: 0.003) G_GAN: 8.540 G_LPIPS: 47.182 D_real: 0.000 D_fake: 0.000 \n"}
,{"stream_name":"stdout","time":12169.992031069,"data":"(epoch: 20, iters: 720, time: 0.188, data: 0.003) G_GAN: 11.308 G_LPIPS: 52.929 D_real: 0.000 D_fake: 0.000 \n"}
,{"stream_name":"stdout","time":12169.992033373,"data":"(epoch: 20, iters: 740, time: 0.188, data: 0.003) G_GAN: 10.128 G_LPIPS: 45.598 D_real: 0.000 D_fake: 0.000 \n"}
,{"stream_name":"stdout","time":12169.992036252,"data":"(epoch: 20, iters: 760, time: 0.189, data: 0.003) G_GAN: 11.089 G_LPIPS: 50.695 D_real: 0.000 D_fake: 0.000 \n"}
,{"stream_name":"stdout","time":12169.992038548,"data":"(epoch: 20, iters: 780, time: 0.188, data: 0.003) G_GAN: 11.321 G_LPIPS: 52.514 D_real: 0.000 D_fake: 0.000 \n"}
,{"stream_name":"stdout","time":12169.992040879,"data":"(epoch: 20, iters: 800, time: 0.188, data: 0.003) G_GAN: 11.217 G_LPIPS: 48.919 D_real: 0.000 D_fake: 0.000 \n"}
,{"stream_name":"stdout","time":12169.99204317,"data":"(epoch: 20, iters: 820, time: 0.188, data: 0.003) G_GAN: 11.059 G_LPIPS: 47.895 D_real: 0.000 D_fake: 0.000 \n"}
,{"stream_name":"stdout","time":12169.992045545,"data":"(epoch: 20, iters: 840, time: 0.188, data: 0.003) G_GAN: 11.189 G_LPIPS: 53.534 D_real: 0.000 D_fake: 0.000 \n"}
,{"stream_name":"stdout","time":12169.992047919,"data":"(epoch: 20, iters: 860, time: 0.242, data: 0.003) G_GAN: 10.882 G_LPIPS: 45.249 D_real: 0.000 D_fake: 0.000 \n"}
,{"stream_name":"stdout","time":12169.992050202,"data":"(epoch: 20, iters: 880, time: 0.238, data: 0.003) G_GAN: 10.369 G_LPIPS: 46.434 D_real: 0.000 D_fake: 0.000 \n"}
,{"stream_name":"stdout","time":12169.992052487,"data":"(epoch: 20, iters: 900, time: 0.196, data: 0.003) G_GAN: 10.765 G_LPIPS: 51.720 D_real: 0.000 D_fake: 0.000 \n"}
,{"stream_name":"stdout","time":12169.992054824,"data":"(epoch: 20, iters: 920, time: 0.189, data: 0.003) G_GAN: 10.368 G_LPIPS: 47.959 D_real: 0.000 D_fake: 0.000 \n"}
,{"stream_name":"stdout","time":12169.992057124,"data":"(epoch: 20, iters: 940, time: 0.189, data: 0.003) G_GAN: 11.530 G_LPIPS: 53.260 D_real: 0.000 D_fake: 0.000 \n"}
,{"stream_name":"stdout","time":12169.992059525,"data":"(epoch: 20, iters: 960, time: 0.190, data: 0.003) G_GAN: 9.266 G_LPIPS: 47.502 D_real: 0.000 D_fake: 0.000 \n"}
,{"stream_name":"stdout","time":12169.992061844,"data":"(epoch: 20, iters: 980, time: 0.188, data: 0.003) G_GAN: 9.900 G_LPIPS: 50.787 D_real: 0.000 D_fake: 0.000 \n"}
,{"stream_name":"stdout","time":12169.992064124,"data":"(epoch: 20, iters: 1000, time: 0.188, data: 0.003) G_GAN: 11.263 G_LPIPS: 50.538 D_real: 0.000 D_fake: 0.000 \n"}
,{"stream_name":"stdout","time":12169.992066404,"data":"(epoch: 20, iters: 1020, time: 0.187, data: 0.003) G_GAN: 11.446 G_LPIPS: 51.074 D_real: 0.000 D_fake: 0.000 \n"}
,{"stream_name":"stdout","time":12169.992068693,"data":"(epoch: 20, iters: 1040, time: 0.188, data: 0.003) G_GAN: 10.530 G_LPIPS: 46.975 D_real: 0.001 D_fake: 0.000 \n"}
,{"stream_name":"stdout","time":12169.99207097,"data":"(epoch: 20, iters: 1060, time: 0.238, data: 0.003) G_GAN: 10.964 G_LPIPS: 49.483 D_real: 0.000 D_fake: 0.000 \n"}
,{"stream_name":"stdout","time":12169.992073256,"data":"(epoch: 20, iters: 1080, time: 0.242, data: 0.003) G_GAN: 11.320 G_LPIPS: 48.461 D_real: 0.000 D_fake: 0.000 \n"}
,{"stream_name":"stdout","time":12169.992075542,"data":"(epoch: 20, iters: 1100, time: 0.190, data: 0.003) G_GAN: 11.067 G_LPIPS: 47.943 D_real: 0.000 D_fake: 0.000 \n"}
,{"stream_name":"stdout","time":12169.992077937,"data":"(epoch: 20, iters: 1120, time: 0.189, data: 0.003) G_GAN: 11.324 G_LPIPS: 49.378 D_real: 0.000 D_fake: 0.000 \n"}
,{"stream_name":"stdout","time":12169.992082971,"data":"(epoch: 20, iters: 1140, time: 0.188, data: 0.003) G_GAN: 9.312 G_LPIPS: 44.266 D_real: 0.000 D_fake: 0.000 \n"}
,{"stream_name":"stdout","time":12169.992085379,"data":"(epoch: 20, iters: 1160, time: 0.188, data: 0.003) G_GAN: 10.665 G_LPIPS: 48.423 D_real: 0.000 D_fake: 0.000 \n"}
,{"stream_name":"stdout","time":12169.992130067,"data":"(epoch: 20, iters: 1180, time: 0.189, data: 0.003) G_GAN: 10.629 G_LPIPS: 48.086 D_real: 0.000 D_fake: 0.000 \n"}
,{"stream_name":"stdout","time":12169.992134861,"data":"(epoch: 20, iters: 1200, time: 0.188, data: 0.003) G_GAN: 10.495 G_LPIPS: 52.671 D_real: 0.000 D_fake: 0.000 \n"}
,{"stream_name":"stdout","time":12169.992138417,"data":"(epoch: 20, iters: 1220, time: 0.188, data: 0.003) G_GAN: 10.899 G_LPIPS: 48.885 D_real: 0.000 D_fake: 0.000 \n"}
,{"stream_name":"stdout","time":12169.992142004,"data":"(epoch: 20, iters: 1240, time: 0.189, data: 0.003) G_GAN: 10.454 G_LPIPS: 48.737 D_real: 0.000 D_fake: 0.000 \n"}
,{"stream_name":"stdout","time":12169.992145153,"data":"(epoch: 20, iters: 1260, time: 0.236, data: 0.003) G_GAN: 11.086 G_LPIPS: 49.610 D_real: 0.000 D_fake: 0.000 \n"}
,{"stream_name":"stdout","time":12169.992149294,"data":"(epoch: 20, iters: 1280, time: 0.186, data: 0.003) G_GAN: 11.882 G_LPIPS: 53.529 D_real: 0.000 D_fake: 0.000 \n"}
,{"stream_name":"stdout","time":12169.992153507,"data":"(epoch: 20, iters: 1300, time: 0.189, data: 0.003) G_GAN: 11.614 G_LPIPS: 51.134 D_real: 0.000 D_fake: 0.000 \n"}
,{"stream_name":"stdout","time":12169.992157934,"data":"(epoch: 20, iters: 1320, time: 0.189, data: 0.003) G_GAN: 11.176 G_LPIPS: 48.601 D_real: 0.000 D_fake: 0.000 \n"}
,{"stream_name":"stdout","time":12169.992161773,"data":"(epoch: 20, iters: 1340, time: 0.195, data: 0.003) G_GAN: 10.997 G_LPIPS: 48.708 D_real: 0.000 D_fake: 0.000 \n"}
,{"stream_name":"stdout","time":12169.992165435,"data":"(epoch: 20, iters: 1360, time: 0.190, data: 0.003) G_GAN: 11.088 G_LPIPS: 47.422 D_real: 0.000 D_fake: 0.000 \n"}
,{"stream_name":"stdout","time":12169.992168834,"data":"(epoch: 20, iters: 1380, time: 0.187, data: 0.003) G_GAN: 11.981 G_LPIPS: 51.073 D_real: 0.000 D_fake: 0.000 \n"}
,{"stream_name":"stdout","time":12169.992172177,"data":"(epoch: 20, iters: 1400, time: 0.190, data: 0.003) G_GAN: 11.539 G_LPIPS: 52.658 D_real: 0.000 D_fake: 0.000 \n"}
,{"stream_name":"stdout","time":12169.992175883,"data":"(epoch: 20, iters: 1420, time: 0.194, data: 0.003) G_GAN: 10.356 G_LPIPS: 48.269 D_real: 0.000 D_fake: 0.000 \n"}
,{"stream_name":"stdout","time":12169.992180057,"data":"(epoch: 20, iters: 1440, time: 0.239, data: 0.003) G_GAN: 10.821 G_LPIPS: 45.503 D_real: 0.000 D_fake: 0.000 \n"}
,{"stream_name":"stdout","time":12169.992184441,"data":"(epoch: 20, iters: 1460, time: 0.240, data: 0.003) G_GAN: 11.166 G_LPIPS: 50.786 D_real: 0.000 D_fake: 0.000 \n"}
,{"stream_name":"stdout","time":12169.992187891,"data":"(epoch: 20, iters: 1480, time: 0.189, data: 0.003) G_GAN: 10.993 G_LPIPS: 52.649 D_real: 0.000 D_fake: 0.000 \n"}
,{"stream_name":"stdout","time":12169.992191216,"data":"(epoch: 20, iters: 1500, time: 0.190, data: 0.003) G_GAN: 9.066 G_LPIPS: 46.064 D_real: 0.000 D_fake: 0.000 \n"}
,{"stream_name":"stdout","time":12410.678975863,"data":"(epoch: 20, iters: 1520, time: 0.190, data: 0.003) G_GAN: 11.323 G_LPIPS: 52.062 D_real: 0.000 D_fake: 0.000 \n"}
,{"stream_name":"stdout","time":12410.679041541,"data":"(epoch: 20, iters: 1540, time: 0.200, data: 0.003) G_GAN: 10.758 G_LPIPS: 45.927 D_real: 0.061 D_fake: 0.000 \n"}
,{"stream_name":"stdout","time":12410.67905031,"data":"(epoch: 20, iters: 1560, time: 0.189, data: 0.004) G_GAN: 10.609 G_LPIPS: 46.231 D_real: 0.000 D_fake: 0.000 \n"}
,{"stream_name":"stdout","time":12410.67905411,"data":"(epoch: 20, iters: 1580, time: 0.188, data: 0.003) G_GAN: 10.134 G_LPIPS: 51.423 D_real: 0.000 D_fake: 0.000 \n"}
,{"stream_name":"stdout","time":12410.679068063,"data":"(epoch: 20, iters: 1600, time: 0.188, data: 0.003) G_GAN: 10.260 G_LPIPS: 43.377 D_real: 0.001 D_fake: 0.000 \n"}
,{"stream_name":"stdout","time":12410.679070712,"data":"(epoch: 20, iters: 1620, time: 0.189, data: 0.003) G_GAN: 11.577 G_LPIPS: 51.744 D_real: 0.000 D_fake: 0.000 \n"}
,{"stream_name":"stdout","time":12410.679073093,"data":"(epoch: 20, iters: 1640, time: 0.189, data: 0.003) G_GAN: 10.409 G_LPIPS: 48.122 D_real: 0.000 D_fake: 0.000 \n"}
,{"stream_name":"stdout","time":12410.679075467,"data":"(epoch: 20, iters: 1660, time: 0.239, data: 0.003) G_GAN: 10.194 G_LPIPS: 44.942 D_real: 0.000 D_fake: 0.000 \n"}
,{"stream_name":"stdout","time":12410.679077838,"data":"(epoch: 20, iters: 1680, time: 0.240, data: 0.003) G_GAN: 10.915 G_LPIPS: 50.121 D_real: 0.000 D_fake: 0.000 \n"}
,{"stream_name":"stdout","time":12410.679080475,"data":"(epoch: 20, iters: 1700, time: 0.189, data: 0.003) G_GAN: 10.447 G_LPIPS: 48.636 D_real: 0.000 D_fake: 0.000 \n"}
,{"stream_name":"stdout","time":12410.679114701,"data":"(epoch: 20, iters: 1720, time: 0.188, data: 0.003) G_GAN: 11.023 G_LPIPS: 51.411 D_real: 0.000 D_fake: 0.000 \n"}
,{"stream_name":"stdout","time":12410.679122508,"data":"(epoch: 20, iters: 1740, time: 0.188, data: 0.003) G_GAN: 10.128 G_LPIPS: 44.606 D_real: 0.000 D_fake: 0.000 \n"}
,{"stream_name":"stdout","time":12410.67912679,"data":"(epoch: 20, iters: 1760, time: 0.192, data: 0.003) G_GAN: 11.509 G_LPIPS: 50.368 D_real: 0.000 D_fake: 0.000 \n"}
,{"stream_name":"stdout","time":12410.679130367,"data":"(epoch: 20, iters: 1780, time: 0.189, data: 0.003) G_GAN: 11.727 G_LPIPS: 49.540 D_real: 0.000 D_fake: 0.000 \n"}
,{"stream_name":"stdout","time":12410.679133938,"data":"(epoch: 20, iters: 1800, time: 0.189, data: 0.003) G_GAN: 10.862 G_LPIPS: 48.752 D_real: 0.000 D_fake: 0.000 \n"}
,{"stream_name":"stdout","time":12410.679137485,"data":"(epoch: 20, iters: 1820, time: 0.189, data: 0.003) G_GAN: 10.772 G_LPIPS: 49.541 D_real: 0.000 D_fake: 0.000 \n"}
,{"stream_name":"stdout","time":12410.679140995,"data":"(epoch: 20, iters: 1840, time: 0.195, data: 0.003) G_GAN: 10.192 G_LPIPS: 43.409 D_real: 0.000 D_fake: 0.000 \n"}
,{"stream_name":"stdout","time":12410.679144617,"data":"(epoch: 20, iters: 1860, time: 0.239, data: 0.003) G_GAN: 11.315 G_LPIPS: 52.852 D_real: 0.000 D_fake: 0.000 \n"}
,{"stream_name":"stdout","time":12410.679148147,"data":"(epoch: 20, iters: 1880, time: 0.238, data: 0.003) G_GAN: 9.767 G_LPIPS: 47.515 D_real: 0.000 D_fake: 0.000 \n"}
,{"stream_name":"stdout","time":12410.679153249,"data":"(epoch: 20, iters: 1900, time: 0.243, data: 0.003) G_GAN: 10.288 G_LPIPS: 43.713 D_real: 0.000 D_fake: 0.000 \n"}
,{"stream_name":"stdout","time":12410.679156858,"data":"(epoch: 20, iters: 1920, time: 0.188, data: 0.003) G_GAN: 10.124 G_LPIPS: 45.299 D_real: 0.000 D_fake: 0.000 \n"}
,{"stream_name":"stdout","time":12410.679160593,"data":"(epoch: 20, iters: 1940, time: 0.189, data: 0.003) G_GAN: 10.102 G_LPIPS: 46.623 D_real: 0.000 D_fake: 0.000 \n"}
,{"stream_name":"stdout","time":12410.67916412,"data":"(epoch: 20, iters: 1960, time: 0.190, data: 0.003) G_GAN: 11.160 G_LPIPS: 48.144 D_real: 0.000 D_fake: 0.000 \n"}
,{"stream_name":"stdout","time":12410.679167793,"data":"(epoch: 20, iters: 1980, time: 0.212, data: 0.003) G_GAN: 9.964 G_LPIPS: 45.247 D_real: 0.000 D_fake: 0.000 \n"}
,{"stream_name":"stdout","time":12410.679173296,"data":"(epoch: 20, iters: 2000, time: 0.189, data: 0.003) G_GAN: 9.131 G_LPIPS: 44.620 D_real: 0.000 D_fake: 0.000 \n"}
,{"stream_name":"stdout","time":12410.679192065,"data":"(epoch: 20, iters: 2020, time: 0.188, data: 0.003) G_GAN: 9.916 G_LPIPS: 47.316 D_real: 0.000 D_fake: 0.000 \n"}
,{"stream_name":"stdout","time":12410.67920863,"data":"(epoch: 20, iters: 2040, time: 0.191, data: 0.003) G_GAN: 11.455 G_LPIPS: 52.049 D_real: 0.000 D_fake: 0.000 \n"}
,{"stream_name":"stdout","time":12410.679218063,"data":"(epoch: 20, iters: 2060, time: 0.190, data: 0.003) G_GAN: 10.188 G_LPIPS: 48.190 D_real: 0.000 D_fake: 0.000 \n"}
,{"stream_name":"stdout","time":12410.679222462,"data":"(epoch: 20, iters: 2080, time: 0.188, data: 0.003) G_GAN: 11.903 G_LPIPS: 50.800 D_real: 0.000 D_fake: 0.000 \n"}
,{"stream_name":"stdout","time":12410.679226333,"data":"(epoch: 20, iters: 2100, time: 0.237, data: 0.003) G_GAN: 10.564 G_LPIPS: 48.934 D_real: 0.000 D_fake: 0.000 \n"}
,{"stream_name":"stdout","time":12410.679229841,"data":"(epoch: 20, iters: 2120, time: 0.243, data: 0.003) G_GAN: 10.498 G_LPIPS: 47.522 D_real: 0.000 D_fake: 0.000 \n"}
,{"stream_name":"stdout","time":12410.679233322,"data":"(epoch: 20, iters: 2140, time: 0.189, data: 0.003) G_GAN: 11.864 G_LPIPS: 50.713 D_real: 0.000 D_fake: 0.000 \n"}
,{"stream_name":"stdout","time":12410.679236766,"data":"(epoch: 20, iters: 2160, time: 0.189, data: 0.003) G_GAN: 11.455 G_LPIPS: 53.772 D_real: 0.000 D_fake: 0.000 \n"}
,{"stream_name":"stdout","time":12410.67924026,"data":"(epoch: 20, iters: 2180, time: 0.189, data: 0.003) G_GAN: 8.850 G_LPIPS: 46.759 D_real: 0.000 D_fake: 0.000 \n"}
,{"stream_name":"stdout","time":12410.679243768,"data":"(epoch: 20, iters: 2200, time: 0.189, data: 0.003) G_GAN: 11.040 G_LPIPS: 50.291 D_real: 0.000 D_fake: 0.000 \n"}
,{"stream_name":"stdout","time":12410.679247351,"data":"(epoch: 20, iters: 2220, time: 0.191, data: 0.003) G_GAN: 10.648 G_LPIPS: 43.978 D_real: 0.000 D_fake: 0.000 \n"}
,{"stream_name":"stdout","time":12410.679250812,"data":"(epoch: 20, iters: 2240, time: 0.192, data: 0.003) G_GAN: 11.493 G_LPIPS: 52.431 D_real: 0.000 D_fake: 0.000 \n"}
,{"stream_name":"stdout","time":12410.679254326,"data":"(epoch: 20, iters: 2260, time: 0.194, data: 0.003) G_GAN: 10.856 G_LPIPS: 49.185 D_real: 0.000 D_fake: 0.000 \n"}
,{"stream_name":"stdout","time":12410.67925826,"data":"(epoch: 20, iters: 2280, time: 0.190, data: 0.004) G_GAN: 8.915 G_LPIPS: 46.221 D_real: 0.000 D_fake: 0.000 \n"}
,{"stream_name":"stdout","time":12410.67926175,"data":"(epoch: 20, iters: 2300, time: 0.246, data: 0.003) G_GAN: 10.461 G_LPIPS: 48.527 D_real: 0.000 D_fake: 0.000 \n"}
,{"stream_name":"stdout","time":12410.679265288,"data":"(epoch: 20, iters: 2320, time: 0.239, data: 0.003) G_GAN: 10.668 G_LPIPS: 51.680 D_real: 0.000 D_fake: 0.000 \n"}
,{"stream_name":"stdout","time":12410.679268835,"data":"(epoch: 20, iters: 2340, time: 0.248, data: 0.003) G_GAN: 11.363 G_LPIPS: 50.699 D_real: 0.000 D_fake: 0.000 \n"}
,{"stream_name":"stdout","time":12410.679273399,"data":"(epoch: 20, iters: 2360, time: 0.194, data: 0.003) G_GAN: 11.280 G_LPIPS: 50.548 D_real: 0.000 D_fake: 0.000 \n"}
,{"stream_name":"stdout","time":12410.679277266,"data":"(epoch: 20, iters: 2380, time: 0.192, data: 0.003) G_GAN: 10.945 G_LPIPS: 44.712 D_real: 0.000 D_fake: 0.000 \n"}
,{"stream_name":"stdout","time":12410.679280869,"data":"(epoch: 20, iters: 2400, time: 0.191, data: 0.003) G_GAN: 9.418 G_LPIPS: 45.450 D_real: 0.000 D_fake: 0.000 \n"}
,{"stream_name":"stdout","time":12410.679284551,"data":"(epoch: 20, iters: 2420, time: 0.190, data: 0.003) G_GAN: 8.993 G_LPIPS: 44.141 D_real: 0.000 D_fake: 0.000 \n"}
,{"stream_name":"stdout","time":12410.679288581,"data":"(epoch: 20, iters: 2440, time: 0.190, data: 0.003) G_GAN: 11.748 G_LPIPS: 52.474 D_real: 0.000 D_fake: 0.000 \n"}
,{"stream_name":"stdout","time":12410.679293246,"data":"(epoch: 20, iters: 2460, time: 0.189, data: 0.003) G_GAN: 10.694 G_LPIPS: 52.161 D_real: 0.000 D_fake: 0.000 \n"}
,{"stream_name":"stdout","time":12410.679296808,"data":"(epoch: 20, iters: 2480, time: 0.189, data: 0.003) G_GAN: 10.791 G_LPIPS: 44.773 D_real: 0.000 D_fake: 0.000 \n"}
,{"stream_name":"stdout","time":12410.679304919,"data":"(epoch: 20, iters: 2500, time: 0.189, data: 0.003) G_GAN: 10.580 G_LPIPS: 50.095 D_real: 0.000 D_fake: 0.000 \n"}
,{"stream_name":"stdout","time":12410.679307938,"data":"(epoch: 20, iters: 2520, time: 0.190, data: 0.003) G_GAN: 10.831 G_LPIPS: 51.968 D_real: 0.000 D_fake: 0.000 \n"}
,{"stream_name":"stdout","time":12410.679311347,"data":"(epoch: 20, iters: 2540, time: 0.189, data: 0.003) G_GAN: 10.766 G_LPIPS: 49.007 D_real: 0.000 D_fake: 0.000 \n"}
,{"stream_name":"stdout","time":12410.679314606,"data":"(epoch: 20, iters: 2560, time: 0.238, data: 0.003) G_GAN: 10.791 G_LPIPS: 49.666 D_real: 0.000 D_fake: 0.000 \n"}
,{"stream_name":"stdout","time":12410.679318117,"data":"(epoch: 20, iters: 2580, time: 0.241, data: 0.003) G_GAN: 11.349 G_LPIPS: 50.376 D_real: 0.000 D_fake: 0.000 \n"}
,{"stream_name":"stdout","time":12410.67932156,"data":"(epoch: 20, iters: 2600, time: 0.240, data: 0.003) G_GAN: 10.251 G_LPIPS: 47.591 D_real: 0.000 D_fake: 0.000 \n"}
,{"stream_name":"stdout","time":12410.679324951,"data":"(epoch: 20, iters: 2620, time: 0.190, data: 0.003) G_GAN: 11.516 G_LPIPS: 50.443 D_real: 0.000 D_fake: 0.000 \n"}
,{"stream_name":"stdout","time":12410.679328628,"data":"(epoch: 20, iters: 2640, time: 0.189, data: 0.003) G_GAN: 10.955 G_LPIPS: 48.562 D_real: 0.000 D_fake: 0.000 \n"}
,{"stream_name":"stdout","time":12410.679332261,"data":"(epoch: 20, iters: 2660, time: 0.191, data: 0.003) G_GAN: 11.181 G_LPIPS: 49.154 D_real: 0.000 D_fake: 0.000 \n"}
,{"stream_name":"stdout","time":12410.679335586,"data":"(epoch: 20, iters: 2680, time: 0.190, data: 0.003) G_GAN: 7.309 G_LPIPS: 42.706 D_real: 0.001 D_fake: 0.001 \n"}
,{"stream_name":"stdout","time":12410.679339084,"data":"(epoch: 20, iters: 2700, time: 0.190, data: 0.003) G_GAN: 9.638 G_LPIPS: 47.815 D_real: 0.000 D_fake: 0.000 \n"}
,{"stream_name":"stdout","time":12410.679349891,"data":"(epoch: 20, iters: 2720, time: 0.191, data: 0.003) G_GAN: 10.868 G_LPIPS: 49.481 D_real: 0.000 D_fake: 0.000 \n"}
,{"stream_name":"stdout","time":12410.679353441,"data":"(epoch: 20, iters: 2740, time: 0.189, data: 0.003) G_GAN: 10.972 G_LPIPS: 51.399 D_real: 0.000 D_fake: 0.000 \n"}
,{"stream_name":"stdout","time":12410.679356876,"data":"(epoch: 20, iters: 2760, time: 0.190, data: 0.003) G_GAN: 11.306 G_LPIPS: 50.952 D_real: 0.000 D_fake: 0.000 \n"}
,{"stream_name":"stdout","time":12410.679360111,"data":"(epoch: 20, iters: 2780, time: 0.190, data: 0.003) G_GAN: 11.865 G_LPIPS: 53.550 D_real: 0.000 D_fake: 0.000 \n"}
,{"stream_name":"stdout","time":12410.679363396,"data":"(epoch: 20, iters: 2800, time: 0.242, data: 0.003) G_GAN: 10.836 G_LPIPS: 46.641 D_real: 0.000 D_fake: 0.000 \n"}
,{"stream_name":"stdout","time":12410.6793669,"data":"(epoch: 20, iters: 2820, time: 0.239, data: 0.003) G_GAN: 11.638 G_LPIPS: 50.696 D_real: 0.000 D_fake: 0.000 \n"}
,{"stream_name":"stdout","time":12410.679370179,"data":"(epoch: 20, iters: 2840, time: 0.241, data: 0.003) G_GAN: 10.320 G_LPIPS: 49.432 D_real: 0.000 D_fake: 0.000 \n"}
,{"stream_name":"stdout","time":12410.679373725,"data":"(epoch: 20, iters: 2860, time: 0.191, data: 0.003) G_GAN: 10.392 G_LPIPS: 48.910 D_real: 0.000 D_fake: 0.000 \n"}
,{"stream_name":"stdout","time":12410.679377488,"data":"(epoch: 20, iters: 2880, time: 0.189, data: 0.003) G_GAN: 11.391 G_LPIPS: 53.423 D_real: 0.000 D_fake: 0.000 \n"}
,{"stream_name":"stdout","time":12410.679380697,"data":"(epoch: 20, iters: 2900, time: 0.197, data: 0.003) G_GAN: 10.787 G_LPIPS: 47.447 D_real: 0.000 D_fake: 0.000 \n"}
,{"stream_name":"stdout","time":12410.679384247,"data":"(epoch: 20, iters: 2920, time: 0.190, data: 0.003) G_GAN: 8.932 G_LPIPS: 44.275 D_real: 0.000 D_fake: 0.000 \n"}
,{"stream_name":"stdout","time":12410.679387743,"data":"(epoch: 20, iters: 2940, time: 0.190, data: 0.003) G_GAN: 10.399 G_LPIPS: 47.842 D_real: 0.000 D_fake: 0.000 \n"}
,{"stream_name":"stdout","time":12410.679395158,"data":"(epoch: 20, iters: 2960, time: 0.190, data: 0.003) G_GAN: 10.632 G_LPIPS: 50.575 D_real: 0.000 D_fake: 0.000 \n"}
,{"stream_name":"stdout","time":12410.679398488,"data":"(epoch: 20, iters: 2980, time: 0.192, data: 0.003) G_GAN: 11.678 G_LPIPS: 51.391 D_real: 0.000 D_fake: 0.000 \n"}
,{"stream_name":"stdout","time":12410.679401947,"data":"(epoch: 20, iters: 3000, time: 0.191, data: 0.003) G_GAN: 10.167 G_LPIPS: 48.975 D_real: 0.000 D_fake: 0.000 \n"}
,{"stream_name":"stdout","time":12654.606402926,"data":"(epoch: 20, iters: 3020, time: 0.189, data: 0.003) G_GAN: 9.258 G_LPIPS: 50.899 D_real: 0.000 D_fake: 0.000 \n"}
,{"stream_name":"stdout","time":12654.606441844,"data":"(epoch: 20, iters: 3040, time: 0.239, data: 0.003) G_GAN: 11.975 G_LPIPS: 52.187 D_real: 0.000 D_fake: 0.000 \n"}
,{"stream_name":"stdout","time":12654.606447561,"data":"(epoch: 20, iters: 3060, time: 0.242, data: 0.003) G_GAN: 10.750 G_LPIPS: 50.358 D_real: 0.000 D_fake: 0.000 \n"}
,{"stream_name":"stdout","time":12654.6064519,"data":"(epoch: 20, iters: 3080, time: 0.248, data: 0.003) G_GAN: 11.186 G_LPIPS: 50.664 D_real: 0.000 D_fake: 0.000 \n"}
,{"stream_name":"stdout","time":12654.606456369,"data":"(epoch: 20, iters: 3100, time: 0.190, data: 0.003) G_GAN: 11.937 G_LPIPS: 52.984 D_real: 0.000 D_fake: 0.000 \n"}
,{"stream_name":"stdout","time":12654.606461308,"data":"(epoch: 20, iters: 3120, time: 0.190, data: 0.003) G_GAN: 11.177 G_LPIPS: 48.151 D_real: 0.000 D_fake: 0.000 \n"}
,{"stream_name":"stdout","time":12654.606466099,"data":"(epoch: 20, iters: 3140, time: 0.189, data: 0.003) G_GAN: 11.836 G_LPIPS: 51.612 D_real: 0.000 D_fake: 0.000 \n"}
,{"stream_name":"stdout","time":12654.606471336,"data":"(epoch: 20, iters: 3160, time: 0.192, data: 0.003) G_GAN: 10.770 G_LPIPS: 47.156 D_real: 0.000 D_fake: 0.000 \n"}
,{"stream_name":"stdout","time":12654.606476089,"data":"(epoch: 20, iters: 3180, time: 0.193, data: 0.003) G_GAN: 10.408 G_LPIPS: 46.827 D_real: 0.000 D_fake: 0.000 \n"}
,{"stream_name":"stdout","time":12654.606480518,"data":"(epoch: 20, iters: 3200, time: 0.190, data: 0.003) G_GAN: 10.381 G_LPIPS: 49.808 D_real: 0.000 D_fake: 0.000 \n"}
,{"stream_name":"stdout","time":12654.606484594,"data":"(epoch: 20, iters: 3220, time: 0.189, data: 0.003) G_GAN: 11.112 G_LPIPS: 53.046 D_real: 0.000 D_fake: 0.000 \n"}
,{"stream_name":"stdout","time":12654.606489106,"data":"(epoch: 20, iters: 3240, time: 0.192, data: 0.003) G_GAN: 11.956 G_LPIPS: 49.845 D_real: 0.000 D_fake: 0.000 \n"}
,{"stream_name":"stdout","time":12654.606493728,"data":"(epoch: 20, iters: 3260, time: 0.191, data: 0.003) G_GAN: 11.628 G_LPIPS: 52.090 D_real: 0.000 D_fake: 0.000 \n"}
,{"stream_name":"stdout","time":12654.606498343,"data":"(epoch: 20, iters: 3280, time: 0.240, data: 0.003) G_GAN: 10.171 G_LPIPS: 48.900 D_real: 0.000 D_fake: 0.000 \n"}
,{"stream_name":"stdout","time":12654.606502706,"data":"(epoch: 20, iters: 3300, time: 0.241, data: 0.003) G_GAN: 11.205 G_LPIPS: 48.368 D_real: 0.000 D_fake: 0.000 \n"}
,{"stream_name":"stdout","time":12654.606507138,"data":"(epoch: 20, iters: 3320, time: 0.243, data: 0.003) G_GAN: 11.677 G_LPIPS: 51.368 D_real: 0.000 D_fake: 0.000 \n"}
,{"stream_name":"stdout","time":12654.606511843,"data":"(epoch: 20, iters: 3340, time: 0.189, data: 0.003) G_GAN: 9.765 G_LPIPS: 42.943 D_real: 0.000 D_fake: 0.000 \n"}
,{"stream_name":"stdout","time":12654.606516189,"data":"(epoch: 20, iters: 3360, time: 0.191, data: 0.003) G_GAN: 10.740 G_LPIPS: 46.502 D_real: 0.000 D_fake: 0.000 \n"}
,{"stream_name":"stdout","time":12654.606520493,"data":"(epoch: 20, iters: 3380, time: 0.191, data: 0.003) G_GAN: 10.286 G_LPIPS: 45.367 D_real: 0.000 D_fake: 0.000 \n"}
,{"stream_name":"stdout","time":12654.606526474,"data":"(epoch: 20, iters: 3400, time: 0.190, data: 0.003) G_GAN: 10.595 G_LPIPS: 47.174 D_real: 0.000 D_fake: 0.000 \n"}
,{"stream_name":"stdout","time":12654.606546251,"data":"(epoch: 20, iters: 3420, time: 0.191, data: 0.003) G_GAN: 10.493 G_LPIPS: 46.654 D_real: 0.000 D_fake: 0.000 \n"}
,{"stream_name":"stdout","time":12654.606550474,"data":"(epoch: 20, iters: 3440, time: 0.193, data: 0.003) G_GAN: 10.735 G_LPIPS: 47.024 D_real: 0.000 D_fake: 0.000 \n"}
,{"stream_name":"stdout","time":12654.606554219,"data":"(epoch: 20, iters: 3460, time: 0.187, data: 0.003) G_GAN: 11.536 G_LPIPS: 53.225 D_real: 0.000 D_fake: 0.000 \n"}
,{"stream_name":"stdout","time":12654.606558371,"data":"(epoch: 20, iters: 3480, time: 0.191, data: 0.003) G_GAN: 11.537 G_LPIPS: 52.069 D_real: 0.000 D_fake: 0.000 \n"}
,{"stream_name":"stdout","time":12654.606561996,"data":"(epoch: 20, iters: 3500, time: 0.190, data: 0.003) G_GAN: 11.873 G_LPIPS: 49.021 D_real: 0.000 D_fake: 0.000 \n"}
,{"stream_name":"stdout","time":12654.606566076,"data":"(epoch: 20, iters: 3520, time: 0.199, data: 0.003) G_GAN: 10.709 G_LPIPS: 50.845 D_real: 0.000 D_fake: 0.000 \n"}
,{"stream_name":"stdout","time":12654.606570028,"data":"(epoch: 20, iters: 3540, time: 0.241, data: 0.003) G_GAN: 11.219 G_LPIPS: 49.688 D_real: 0.000 D_fake: 0.000 \n"}
,{"stream_name":"stdout","time":12654.606573626,"data":"(epoch: 20, iters: 3560, time: 0.241, data: 0.003) G_GAN: 10.844 G_LPIPS: 50.147 D_real: 0.000 D_fake: 0.000 \n"}
,{"stream_name":"stdout","time":12654.606577531,"data":"(epoch: 20, iters: 3580, time: 0.247, data: 0.003) G_GAN: 10.202 G_LPIPS: 50.187 D_real: 0.000 D_fake: 0.000 \n"}
,{"stream_name":"stdout","time":12654.606581124,"data":"(epoch: 20, iters: 3600, time: 0.190, data: 0.003) G_GAN: 10.966 G_LPIPS: 49.178 D_real: 0.000 D_fake: 0.000 \n"}
,{"stream_name":"stdout","time":12654.606584561,"data":"(epoch: 20, iters: 3620, time: 0.189, data: 0.003) G_GAN: 11.250 G_LPIPS: 50.073 D_real: 0.000 D_fake: 0.000 \n"}
,{"stream_name":"stdout","time":12654.606589268,"data":"(epoch: 20, iters: 3640, time: 0.190, data: 0.003) G_GAN: 9.928 G_LPIPS: 47.029 D_real: 0.000 D_fake: 0.000 \n"}
,{"stream_name":"stdout","time":12654.606592591,"data":"(epoch: 20, iters: 3660, time: 0.191, data: 0.003) G_GAN: 11.787 G_LPIPS: 50.495 D_real: 0.000 D_fake: 0.000 \n"}
,{"stream_name":"stdout","time":12654.606595997,"data":"(epoch: 20, iters: 3680, time: 0.191, data: 0.003) G_GAN: 11.315 G_LPIPS: 49.005 D_real: 0.000 D_fake: 0.000 \n"}
,{"stream_name":"stdout","time":12654.606599383,"data":"(epoch: 20, iters: 3700, time: 0.191, data: 0.003) G_GAN: 11.158 G_LPIPS: 50.426 D_real: 0.000 D_fake: 0.000 \n"}
,{"stream_name":"stdout","time":12654.606603153,"data":"(epoch: 20, iters: 3720, time: 0.192, data: 0.003) G_GAN: 10.696 G_LPIPS: 47.851 D_real: 0.000 D_fake: 0.000 \n"}
,{"stream_name":"stdout","time":12654.606607,"data":"(epoch: 20, iters: 3740, time: 0.192, data: 0.003) G_GAN: 11.663 G_LPIPS: 51.244 D_real: 0.000 D_fake: 0.000 \n"}
,{"stream_name":"stdout","time":12654.606611005,"data":"(epoch: 20, iters: 3760, time: 0.191, data: 0.003) G_GAN: 10.533 G_LPIPS: 45.578 D_real: 0.000 D_fake: 0.000 \n"}
,{"stream_name":"stdout","time":12654.606615178,"data":"(epoch: 20, iters: 3780, time: 0.191, data: 0.003) G_GAN: 11.473 G_LPIPS: 51.540 D_real: 0.000 D_fake: 0.000 \n"}
,{"stream_name":"stdout","time":12654.606618735,"data":"(epoch: 20, iters: 3800, time: 0.192, data: 0.003) G_GAN: 11.321 G_LPIPS: 53.058 D_real: 0.000 D_fake: 0.000 \n"}
,{"stream_name":"stdout","time":12654.606623783,"data":"(epoch: 20, iters: 3820, time: 0.190, data: 0.003) G_GAN: 9.456 G_LPIPS: 48.126 D_real: 0.000 D_fake: 0.000 \n"}
,{"stream_name":"stdout","time":12654.606627038,"data":"(epoch: 20, iters: 3840, time: 0.243, data: 0.003) G_GAN: 9.998 G_LPIPS: 49.871 D_real: 0.000 D_fake: 0.000 \n"}
,{"stream_name":"stdout","time":12654.606634954,"data":"(epoch: 20, iters: 3860, time: 0.239, data: 0.003) G_GAN: 11.450 G_LPIPS: 50.688 D_real: 0.000 D_fake: 0.000 \n"}
,{"stream_name":"stdout","time":12654.606641911,"data":"(epoch: 20, iters: 3880, time: 0.241, data: 0.003) G_GAN: 10.667 G_LPIPS: 50.139 D_real: 0.000 D_fake: 0.000 \n"}
,{"stream_name":"stdout","time":12654.606644354,"data":"(epoch: 20, iters: 3900, time: 0.191, data: 0.003) G_GAN: 8.406 G_LPIPS: 45.726 D_real: 0.000 D_fake: 0.000 \n"}
,{"stream_name":"stdout","time":12654.606646764,"data":"(epoch: 20, iters: 3920, time: 0.191, data: 0.003) G_GAN: 11.301 G_LPIPS: 49.956 D_real: 0.000 D_fake: 0.000 \n"}
,{"stream_name":"stdout","time":12654.606649041,"data":"(epoch: 20, iters: 3940, time: 0.190, data: 0.003) G_GAN: 11.067 G_LPIPS: 43.838 D_real: 0.009 D_fake: 0.000 \n"}
,{"stream_name":"stdout","time":12654.606651436,"data":"(epoch: 20, iters: 3960, time: 0.192, data: 0.003) G_GAN: 10.528 G_LPIPS: 47.884 D_real: 0.000 D_fake: 0.000 \n"}
,{"stream_name":"stdout","time":12654.606653803,"data":"(epoch: 20, iters: 3980, time: 0.214, data: 0.003) G_GAN: 10.749 G_LPIPS: 48.555 D_real: 0.000 D_fake: 0.000 \n"}
,{"stream_name":"stdout","time":12654.606659836,"data":"saving the latest model (epoch 20, total_iters 110000)\n"}
,{"stream_name":"stdout","time":12654.606662497,"data":"(epoch: 20, iters: 4000, time: 0.190, data: 0.003) G_GAN: 10.229 G_LPIPS: 47.886 D_real: 0.000 D_fake: 0.000 \n"}
,{"stream_name":"stdout","time":12654.606664821,"data":"(epoch: 20, iters: 4020, time: 0.191, data: 0.003) G_GAN: 11.082 G_LPIPS: 49.489 D_real: 0.000 D_fake: 0.000 \n"}
,{"stream_name":"stdout","time":12654.606667185,"data":"(epoch: 20, iters: 4040, time: 0.193, data: 0.003) G_GAN: 10.776 G_LPIPS: 48.585 D_real: 0.000 D_fake: 0.000 \n"}
,{"stream_name":"stdout","time":12654.606669461,"data":"(epoch: 20, iters: 4060, time: 0.192, data: 0.003) G_GAN: 11.021 G_LPIPS: 50.955 D_real: 0.000 D_fake: 0.000 \n"}
,{"stream_name":"stdout","time":12654.606671739,"data":"(epoch: 20, iters: 4080, time: 0.191, data: 0.003) G_GAN: 11.142 G_LPIPS: 49.331 D_real: 0.000 D_fake: 0.000 \n"}
,{"stream_name":"stdout","time":12654.606674134,"data":"(epoch: 20, iters: 4100, time: 0.192, data: 0.003) G_GAN: 10.847 G_LPIPS: 47.349 D_real: 0.000 D_fake: 0.000 \n"}
,{"stream_name":"stdout","time":12654.606676496,"data":"(epoch: 20, iters: 4120, time: 0.242, data: 0.003) G_GAN: 10.267 G_LPIPS: 49.901 D_real: 0.000 D_fake: 0.000 \n"}
,{"stream_name":"stdout","time":12654.606679583,"data":"(epoch: 20, iters: 4140, time: 0.243, data: 0.003) G_GAN: 10.633 G_LPIPS: 49.621 D_real: 0.000 D_fake: 0.000 \n"}
,{"stream_name":"stdout","time":12654.606681873,"data":"(epoch: 20, iters: 4160, time: 0.195, data: 0.003) G_GAN: 9.702 G_LPIPS: 47.652 D_real: 0.000 D_fake: 0.000 \n"}
,{"stream_name":"stdout","time":12654.606684369,"data":"(epoch: 20, iters: 4180, time: 0.190, data: 0.003) G_GAN: 10.855 G_LPIPS: 46.749 D_real: 0.000 D_fake: 0.000 \n"}
,{"stream_name":"stdout","time":12654.606686736,"data":"(epoch: 20, iters: 4200, time: 0.192, data: 0.003) G_GAN: 11.199 G_LPIPS: 53.703 D_real: 0.000 D_fake: 0.000 \n"}
,{"stream_name":"stdout","time":12654.606689018,"data":"(epoch: 20, iters: 4220, time: 0.192, data: 0.003) G_GAN: 9.066 G_LPIPS: 45.672 D_real: 0.000 D_fake: 0.000 \n"}
,{"stream_name":"stdout","time":12654.6066913,"data":"(epoch: 20, iters: 4240, time: 0.191, data: 0.003) G_GAN: 11.823 G_LPIPS: 52.916 D_real: 0.000 D_fake: 0.000 \n"}
,{"stream_name":"stdout","time":12654.606693594,"data":"(epoch: 20, iters: 4260, time: 0.190, data: 0.003) G_GAN: 11.378 G_LPIPS: 49.857 D_real: 0.000 D_fake: 0.000 \n"}
,{"stream_name":"stdout","time":12654.606695866,"data":"(epoch: 20, iters: 4280, time: 0.191, data: 0.003) G_GAN: 10.752 G_LPIPS: 49.205 D_real: 0.000 D_fake: 0.000 \n"}
,{"stream_name":"stdout","time":12654.606698136,"data":"(epoch: 20, iters: 4300, time: 0.191, data: 0.003) G_GAN: 9.988 G_LPIPS: 48.440 D_real: 0.000 D_fake: 0.000 \n"}
,{"stream_name":"stdout","time":12654.606702458,"data":"(epoch: 20, iters: 4320, time: 0.191, data: 0.003) G_GAN: 9.890 G_LPIPS: 47.365 D_real: 0.000 D_fake: 0.000 \n"}
,{"stream_name":"stdout","time":12654.606704839,"data":"(epoch: 20, iters: 4340, time: 0.191, data: 0.003) G_GAN: 11.553 G_LPIPS: 52.050 D_real: 0.000 D_fake: 0.000 \n"}
,{"stream_name":"stdout","time":12654.60670712,"data":"(epoch: 20, iters: 4360, time: 0.200, data: 0.003) G_GAN: 11.140 G_LPIPS: 48.863 D_real: 0.000 D_fake: 0.000 \n"}
,{"stream_name":"stdout","time":12654.606709409,"data":"(epoch: 20, iters: 4380, time: 0.191, data: 0.003) G_GAN: 10.534 G_LPIPS: 48.717 D_real: 0.000 D_fake: 0.000 \n"}
,{"stream_name":"stdout","time":12654.60671169,"data":"(epoch: 20, iters: 4400, time: 0.241, data: 0.003) G_GAN: 10.041 G_LPIPS: 46.316 D_real: 0.000 D_fake: 0.000 \n"}
,{"stream_name":"stdout","time":12654.606714004,"data":"(epoch: 20, iters: 4420, time: 0.243, data: 0.003) G_GAN: 10.779 G_LPIPS: 49.570 D_real: 0.000 D_fake: 0.000 \n"}
,{"stream_name":"stdout","time":12654.606716291,"data":"(epoch: 20, iters: 4440, time: 0.241, data: 0.003) G_GAN: 11.666 G_LPIPS: 50.243 D_real: 0.000 D_fake: 0.000 \n"}
,{"stream_name":"stdout","time":12654.606718577,"data":"(epoch: 20, iters: 4460, time: 0.190, data: 0.003) G_GAN: 9.530 G_LPIPS: 51.058 D_real: 0.000 D_fake: 0.000 \n"}
,{"stream_name":"stdout","time":12654.606721049,"data":"(epoch: 20, iters: 4480, time: 0.191, data: 0.003) G_GAN: 10.365 G_LPIPS: 46.455 D_real: 0.000 D_fake: 0.000 \n"}
,{"stream_name":"stdout","time":12654.606723361,"data":"(epoch: 20, iters: 4500, time: 0.199, data: 0.003) G_GAN: 10.813 G_LPIPS: 49.831 D_real: 0.000 D_fake: 0.000 \n"}
,{"stream_name":"stdout","time":12828.401719004,"data":"(epoch: 20, iters: 4520, time: 0.190, data: 0.003) G_GAN: 11.485 G_LPIPS: 50.398 D_real: 0.000 D_fake: 0.000 \n"}
,{"stream_name":"stdout","time":12828.401761016,"data":"(epoch: 20, iters: 4540, time: 0.191, data: 0.003) G_GAN: 10.436 G_LPIPS: 43.329 D_real: 0.000 D_fake: 0.000 \n"}
,{"stream_name":"stdout","time":12828.401768158,"data":"(epoch: 20, iters: 4560, time: 0.198, data: 0.003) G_GAN: 10.770 G_LPIPS: 46.156 D_real: 0.000 D_fake: 0.000 \n"}
,{"stream_name":"stdout","time":12828.401773381,"data":"(epoch: 20, iters: 4580, time: 0.192, data: 0.003) G_GAN: 11.443 G_LPIPS: 49.349 D_real: 0.000 D_fake: 0.000 \n"}
,{"stream_name":"stdout","time":12828.401778854,"data":"(epoch: 20, iters: 4600, time: 0.191, data: 0.003) G_GAN: 10.165 G_LPIPS: 46.957 D_real: 0.000 D_fake: 0.000 \n"}
,{"stream_name":"stdout","time":12828.401783541,"data":"(epoch: 20, iters: 4620, time: 0.191, data: 0.003) G_GAN: 10.126 G_LPIPS: 44.163 D_real: 0.000 D_fake: 0.000 \n"}
,{"stream_name":"stdout","time":12828.401787789,"data":"(epoch: 20, iters: 4640, time: 0.194, data: 0.003) G_GAN: 11.199 G_LPIPS: 49.253 D_real: 0.000 D_fake: 0.000 \n"}
,{"stream_name":"stdout","time":12828.401796557,"data":"(epoch: 20, iters: 4660, time: 0.191, data: 0.003) G_GAN: 11.050 G_LPIPS: 50.400 D_real: 0.000 D_fake: 0.000 \n"}
,{"stream_name":"stdout","time":12828.401799974,"data":"(epoch: 20, iters: 4680, time: 0.192, data: 0.003) G_GAN: 10.120 G_LPIPS: 47.718 D_real: 0.001 D_fake: 0.000 \n"}
,{"stream_name":"stdout","time":12828.40180329,"data":"(epoch: 20, iters: 4700, time: 0.241, data: 0.004) G_GAN: 10.120 G_LPIPS: 51.479 D_real: 0.000 D_fake: 0.000 \n"}
,{"stream_name":"stdout","time":12828.401806461,"data":"(epoch: 20, iters: 4720, time: 0.241, data: 0.003) G_GAN: 9.932 G_LPIPS: 49.619 D_real: 0.000 D_fake: 0.000 \n"}
,{"stream_name":"stdout","time":12828.401809504,"data":"(epoch: 20, iters: 4740, time: 0.243, data: 0.003) G_GAN: 11.532 G_LPIPS: 52.615 D_real: 0.000 D_fake: 0.000 \n"}
,{"stream_name":"stdout","time":12828.401819859,"data":"(epoch: 20, iters: 4760, time: 0.190, data: 0.003) G_GAN: 10.172 G_LPIPS: 44.326 D_real: 0.000 D_fake: 0.000 \n"}
,{"stream_name":"stdout","time":12828.401822365,"data":"(epoch: 20, iters: 4780, time: 0.192, data: 0.003) G_GAN: 11.259 G_LPIPS: 52.142 D_real: 0.000 D_fake: 0.000 \n"}
,{"stream_name":"stdout","time":12828.401824765,"data":"(epoch: 20, iters: 4800, time: 0.193, data: 0.003) G_GAN: 9.789 G_LPIPS: 51.594 D_real: 0.000 D_fake: 0.000 \n"}
,{"stream_name":"stdout","time":12828.401827079,"data":"(epoch: 20, iters: 4820, time: 0.193, data: 0.003) G_GAN: 10.474 G_LPIPS: 47.582 D_real: 0.000 D_fake: 0.000 \n"}
,{"stream_name":"stdout","time":12828.401829547,"data":"(epoch: 20, iters: 4840, time: 0.192, data: 0.003) G_GAN: 10.933 G_LPIPS: 48.840 D_real: 0.000 D_fake: 0.000 \n"}
,{"stream_name":"stdout","time":12828.401832417,"data":"(epoch: 20, iters: 4860, time: 0.192, data: 0.003) G_GAN: 9.812 G_LPIPS: 46.679 D_real: 0.000 D_fake: 0.000 \n"}
,{"stream_name":"stdout","time":12828.401850162,"data":"(epoch: 20, iters: 4880, time: 0.192, data: 0.003) G_GAN: 10.784 G_LPIPS: 48.048 D_real: 0.000 D_fake: 0.000 \n"}
,{"stream_name":"stdout","time":12828.401856424,"data":"(epoch: 20, iters: 4900, time: 0.192, data: 0.003) G_GAN: 10.730 G_LPIPS: 50.699 D_real: 0.000 D_fake: 0.000 \n"}
,{"stream_name":"stdout","time":12828.401860571,"data":"(epoch: 20, iters: 4920, time: 0.192, data: 0.003) G_GAN: 10.654 G_LPIPS: 51.719 D_real: 0.000 D_fake: 0.000 \n"}
,{"stream_name":"stdout","time":12828.401864292,"data":"(epoch: 20, iters: 4940, time: 0.193, data: 0.003) G_GAN: 10.903 G_LPIPS: 49.488 D_real: 0.000 D_fake: 0.000 \n"}
,{"stream_name":"stdout","time":12828.401868487,"data":"(epoch: 20, iters: 4960, time: 0.191, data: 0.003) G_GAN: 11.250 G_LPIPS: 48.649 D_real: 0.000 D_fake: 0.000 \n"}
,{"stream_name":"stdout","time":12828.401872395,"data":"(epoch: 20, iters: 4980, time: 0.191, data: 0.003) G_GAN: 11.302 G_LPIPS: 48.706 D_real: 0.000 D_fake: 0.000 \n"}
,{"stream_name":"stdout","time":12828.401875933,"data":"(epoch: 20, iters: 5000, time: 0.246, data: 0.003) G_GAN: 9.638 G_LPIPS: 44.945 D_real: 0.000 D_fake: 0.000 \n"}
,{"stream_name":"stdout","time":12828.401879514,"data":"(epoch: 20, iters: 5020, time: 0.247, data: 0.003) G_GAN: 11.780 G_LPIPS: 51.300 D_real: 0.000 D_fake: 0.000 \n"}
,{"stream_name":"stdout","time":12828.401883257,"data":"(epoch: 20, iters: 5040, time: 0.241, data: 0.003) G_GAN: 10.581 G_LPIPS: 47.240 D_real: 0.000 D_fake: 0.000 \n"}
,{"stream_name":"stdout","time":12828.401889854,"data":"(epoch: 20, iters: 5060, time: 0.191, data: 0.003) G_GAN: 9.761 G_LPIPS: 44.965 D_real: 0.000 D_fake: 0.000 \n"}
,{"stream_name":"stdout","time":12828.401892626,"data":"(epoch: 20, iters: 5080, time: 0.191, data: 0.003) G_GAN: 10.850 G_LPIPS: 49.866 D_real: 0.000 D_fake: 0.000 \n"}
,{"stream_name":"stdout","time":12828.401895353,"data":"(epoch: 20, iters: 5100, time: 0.193, data: 0.003) G_GAN: 11.476 G_LPIPS: 48.505 D_real: 0.000 D_fake: 0.000 \n"}
,{"stream_name":"stdout","time":12828.401897692,"data":"(epoch: 20, iters: 5120, time: 0.193, data: 0.003) G_GAN: 11.266 G_LPIPS: 48.013 D_real: 0.000 D_fake: 0.000 \n"}
,{"stream_name":"stdout","time":12828.401900026,"data":"(epoch: 20, iters: 5140, time: 0.193, data: 0.004) G_GAN: 11.408 G_LPIPS: 51.281 D_real: 0.000 D_fake: 0.000 \n"}
,{"stream_name":"stdout","time":12828.401902308,"data":"(epoch: 20, iters: 5160, time: 0.192, data: 0.003) G_GAN: 10.930 G_LPIPS: 50.598 D_real: 0.000 D_fake: 0.000 \n"}
,{"stream_name":"stdout","time":12828.401904719,"data":"(epoch: 20, iters: 5180, time: 0.191, data: 0.003) G_GAN: 10.467 G_LPIPS: 48.676 D_real: 0.000 D_fake: 0.000 \n"}
,{"stream_name":"stdout","time":12828.401909589,"data":"(epoch: 20, iters: 5200, time: 0.191, data: 0.003) G_GAN: 10.465 G_LPIPS: 47.789 D_real: 0.000 D_fake: 0.000 \n"}
,{"stream_name":"stdout","time":12828.401916545,"data":"(epoch: 20, iters: 5220, time: 0.192, data: 0.003) G_GAN: 11.921 G_LPIPS: 53.368 D_real: 0.000 D_fake: 0.000 \n"}
,{"stream_name":"stdout","time":12828.401919055,"data":"(epoch: 20, iters: 5240, time: 0.191, data: 0.003) G_GAN: 11.161 G_LPIPS: 46.355 D_real: 0.000 D_fake: 0.000 \n"}
,{"stream_name":"stdout","time":12828.401921389,"data":"(epoch: 20, iters: 5260, time: 0.192, data: 0.003) G_GAN: 11.067 G_LPIPS: 48.088 D_real: 0.000 D_fake: 0.000 \n"}
,{"stream_name":"stdout","time":12828.401924254,"data":"(epoch: 20, iters: 5280, time: 0.192, data: 0.003) G_GAN: 9.431 G_LPIPS: 49.712 D_real: 0.000 D_fake: 0.000 \n"}
,{"stream_name":"stdout","time":12828.401926694,"data":"(epoch: 20, iters: 5300, time: 0.190, data: 0.003) G_GAN: 10.426 G_LPIPS: 48.546 D_real: 0.000 D_fake: 0.000 \n"}
,{"stream_name":"stdout","time":12828.401929014,"data":"(epoch: 20, iters: 5320, time: 0.244, data: 0.003) G_GAN: 10.913 G_LPIPS: 48.104 D_real: 0.000 D_fake: 0.000 \n"}
,{"stream_name":"stdout","time":12828.401931399,"data":"(epoch: 20, iters: 5340, time: 0.243, data: 0.003) G_GAN: 9.674 G_LPIPS: 47.307 D_real: 0.000 D_fake: 0.000 \n"}
,{"stream_name":"stdout","time":12828.401933701,"data":"(epoch: 20, iters: 5360, time: 0.248, data: 0.003) G_GAN: 11.246 G_LPIPS: 50.677 D_real: 0.000 D_fake: 0.000 \n"}
,{"stream_name":"stdout","time":12828.401936096,"data":"(epoch: 20, iters: 5380, time: 0.191, data: 0.003) G_GAN: 11.524 G_LPIPS: 51.664 D_real: 0.000 D_fake: 0.000 \n"}
,{"stream_name":"stdout","time":12828.401938381,"data":"(epoch: 20, iters: 5400, time: 0.192, data: 0.003) G_GAN: 10.550 G_LPIPS: 50.424 D_real: 0.000 D_fake: 0.000 \n"}
,{"stream_name":"stdout","time":12828.401940677,"data":"(epoch: 20, iters: 5420, time: 0.195, data: 0.003) G_GAN: 11.010 G_LPIPS: 47.840 D_real: 0.000 D_fake: 0.000 \n"}
,{"stream_name":"stdout","time":12828.401942979,"data":"(epoch: 20, iters: 5440, time: 0.192, data: 0.003) G_GAN: 11.757 G_LPIPS: 50.111 D_real: 0.000 D_fake: 0.000 \n"}
,{"stream_name":"stdout","time":12828.401945249,"data":"(epoch: 20, iters: 5460, time: 0.193, data: 0.003) G_GAN: 11.234 G_LPIPS: 50.013 D_real: 0.000 D_fake: 0.000 \n"}
,{"stream_name":"stdout","time":12828.401947542,"data":"(epoch: 20, iters: 5480, time: 0.197, data: 0.003) G_GAN: 11.660 G_LPIPS: 50.455 D_real: 0.000 D_fake: 0.000 \n"}
,{"stream_name":"stdout","time":12828.401949838,"data":"(epoch: 20, iters: 5500, time: 0.191, data: 0.003) G_GAN: 11.962 G_LPIPS: 53.358 D_real: 0.000 D_fake: 0.000 \n"}
,{"stream_name":"stdout","time":12828.401952169,"data":"(epoch: 20, iters: 5520, time: 0.193, data: 0.003) G_GAN: 8.597 G_LPIPS: 49.888 D_real: 0.000 D_fake: 0.000 \n"}
,{"stream_name":"stdout","time":12828.401954461,"data":"(epoch: 20, iters: 5540, time: 0.192, data: 0.003) G_GAN: 11.023 G_LPIPS: 50.086 D_real: 0.000 D_fake: 0.000 \n"}
,{"stream_name":"stdout","time":12828.401956752,"data":"(epoch: 20, iters: 5560, time: 0.191, data: 0.003) G_GAN: 11.206 G_LPIPS: 49.226 D_real: 0.000 D_fake: 0.000 \n"}
,{"stream_name":"stdout","time":12828.401959044,"data":"(epoch: 20, iters: 5580, time: 0.149, data: 0.003) G_GAN: 11.946 G_LPIPS: 55.777 D_real: 0.000 D_fake: 0.000 \n"}
,{"stream_name":"stdout","time":12828.401961354,"data":"saving the model at the end of epoch 20, iters 111600\n"}
,{"stream_name":"stdout","time":12828.401963623,"data":"End of epoch 20 / 20 \t Time Taken: 900 sec\n"}
,{"stream_name":"stdout","time":12830.318653377,"data":"C5 done; checkpoints in /kaggle/working/checkpoints/C5\n"}
,{"stream_name":"stderr","time":12833.73475054,"data":"/usr/local/lib/python3.12/dist-packages/mistune.py:435: SyntaxWarning: invalid escape sequence '\\|'\n"}
,{"stream_name":"stderr","time":12833.734789686,"data":"  cells[i][c] = re.sub('\\\\\\\\\\|', '|', cell)\n"}
,{"stream_name":"stderr","time":12833.998372228,"data":"/usr/local/lib/python3.12/dist-packages/nbconvert/filters/filter_links.py:36: SyntaxWarning: invalid escape sequence '\\_'\n"}
,{"stream_name":"stderr","time":12833.998398067,"data":"  text = re.sub(r'_', '\\_', text) # Escape underscores in display text\n"}
,{"stream_name":"stderr","time":12834.631250809,"data":"[NbConvertApp] Converting notebook __script__.ipynb to html\n"}
,{"stream_name":"stderr","time":12835.856649674,"data":"[NbConvertApp] Writing 334477 bytes to __results__.html\n"}
]